path,target_label,urdu_text,file_id,duration,rms,final_status,audio_status,target_id,true_context_text
audio/9_1_7_33.wav,Sad,کچھ بھی نہیں صرف اور صرف محرومی,9_1_7_33,4.405374149659864,0.0793340504169464,clean_ok,ok,3,[CURR] کچھ بھی نہیں صرف اور صرف محرومی
audio/8_1_6_17.wav,Neutral,چھوڑ ہی تو نہیں سکتی ڈیڈ,8_1_6_17,2.347142857142857,0.159312218427658,clean_ok,ok,0,[CURR] چھوڑ ہی تو نہیں سکتی ڈیڈ
audio/7_1_5_48.wav,Happy,میں نے لکھ کے دی اسے درخواست وہ بھی انگریزی میں,7_1_5_48,3.628163265306122,0.1462354511022567,clean_ok,ok,1,[CURR] میں نے لکھ کے دی اسے درخواست وہ بھی انگریزی میں
audio/5_0_6_08.wav,Neutral,اور مجھے پتہ ہوتا ہے کہ تمہاری ماں نے کون کون سی چیز کہاں کہاں رکھی ہوئی ہے,5_0_6_08,5.334172335600907,0.0729036778211593,clean_ok,ok,0,[CURR] اور مجھے پتہ ہوتا ہے کہ تمہاری ماں نے کون کون سی چیز کہاں کہاں رکھی ہوئی ہے
audio/9_1_7_11.wav,Sad,بس سمجھو اب تو یہی لکھا ہے قسمت میں,9_1_7_11,2.069115646258503,0.1824144870042801,clean_ok,ok,3,[CURR] بس سمجھو اب تو یہی لکھا ہے قسمت میں
audio/6_1_4_25.wav,Disgust,ہم اپنی ہر غلطی اس پہ کیوں ڈال دیتے ہیں,6_1_4_25,1.9504761904761905,0.1581705510616302,clean_ok,ok,5,[CURR] ہم اپنی ہر غلطی اس پہ کیوں ڈال دیتے ہیں
audio/4_0_4_35.wav,Disgust,اور ایسا نہیں تھا کہ میرے ابا میری فیس برداشت نہیں کر سکتے تھے پیسے تھے ان کے پاس,4_0_4_35,5.537210884353741,0.1587446182966232,clean_ok,ok,5,[CURR] اور ایسا نہیں تھا کہ میرے ابا میری فیس برداشت نہیں کر سکتے تھے پیسے تھے ان کے پاس
audio/8_1_2_06.wav,Fear,نہیں ہے مجھے ضرورت تم لوگوں کی,8_1_2_06,1.5943083900226758,0.1149027273058891,clean_ok,ok,4,[CURR] نہیں ہے مجھے ضرورت تم لوگوں کی
audio/2_0_5_46.wav,Happy,اسی چکر میں بعد میں مجھے,2_0_5_46,2.1072108843537416,0.1574062258005142,clean_ok,ok,1,[CURR] اسی چکر میں بعد میں مجھے
audio/1_0_7_38.wav,Sad,میں اظہار نہیں کر سکا لیکن بیٹی ہے وہ میری محبت کا نہ سہی عزت کا ہی پاس رکھ لیتی,1_0_7_38,7.453605442176871,0.0914935320615768,clean_ok,ok,3,[CURR] میں اظہار نہیں کر سکا لیکن بیٹی ہے وہ میری محبت کا نہ سہی عزت کا ہی پاس رکھ لیتی
audio/7_1_4_04.wav,Disgust,اپنی گاڑی ہٹائیے تاکہ میں پارک کر سکوں,7_1_4_04,1.98530612244898,0.1289993673563003,clean_ok,ok,5,[CURR] اپنی گاڑی ہٹائیے تاکہ میں پارک کر سکوں
audio/4_0_7_28.wav,Sad,کا ایک بیٹا دربدر کی ٹھوکریں کھا رہا عیسا,4_0_7_28,6.141678004535147,0.1437006890773773,clean_ok,ok,3,[CURR] کا ایک بیٹا دربدر کی ٹھوکریں کھا رہا عیسا
audio/7_1_4_37.wav,Disgust,آپ نہیں سمجھیں گی بھابھی,7_1_4_37,1.5208843537414969,0.1597756892442703,clean_ok,ok,5,[CURR] آپ نہیں سمجھیں گی بھابھی
audio/6_1_2_30.wav,Fear,مجھے اپنے ابو سے ملنا ہے لے کے چلو مجھے ان کے پاس,6_1_2_30,1.594625850340136,0.1945861428976059,clean_ok,ok,4,[CURR] مجھے اپنے ابو سے ملنا ہے لے کے چلو مجھے ان کے پاس
audio/6_1_1_06.wav,Angry,کیا بدتمیزی ہاتھ چھوڑو میرا کہا نا ہاتھ چھوڑو,6_1_1_06,2.493310657596372,0.1022811606526374,clean_ok,ok,2,[CURR] کیا بدتمیزی ہاتھ چھوڑو میرا کہا نا ہاتھ چھوڑو
audio/8_1_4_19.wav,Disgust,یہی عقیدت مانگی تھی اج جس کے تم وہ دعوے کرتے تھے,8_1_4_19,4.887414965986395,0.0686690062284469,clean_ok,ok,5,[CURR] یہی عقیدت مانگی تھی اج جس کے تم وہ دعوے کرتے تھے
audio/1_0_4_50.wav,Disgust,جاؤ تم لوگ بعد میں بات کروں گا تم سے نکمے کہیں کے,1_0_4_50,2.879274376417233,0.0841172933578491,clean_ok,ok,5,[CURR] جاؤ تم لوگ بعد میں بات کروں گا تم سے نکمے کہیں کے
audio/5_0_4_15.wav,Disgust,تم اپنا گناہ سماجی کاموں اور لوگوں کے کام اور لوگوں کی مدد کر کے چھپا لو گی,5_0_4_15,5.712108843537415,0.118376649916172,clean_ok,ok,5,[CURR] تم اپنا گناہ سماجی کاموں اور لوگوں کے کام اور لوگوں کی مدد کر کے چھپا لو گی
audio/1_0_7_24.wav,Sad,میاں بیوی میں محبت اور عزت تو ہوتی ہے,1_0_7_24,6.211337868480726,0.1272740811109542,clean_ok,ok,3,[CURR] میاں بیوی میں محبت اور عزت تو ہوتی ہے
audio/6_1_1_03.wav,Angry,میں نے کہا نا میں نے تمہاری کوئی بات نہیں سنی,6_1_1_03,1.9837414965986395,0.1547429263591766,clean_ok,ok,2,[CURR] میں نے کہا نا میں نے تمہاری کوئی بات نہیں سنی
audio/6_1_1_49.wav,Angry,مجھے ہاسٹل میں ڈال دیا اس کی خاطر,6_1_1_49,2.1340136054421768,0.169672429561615,clean_ok,ok,2,[CURR] مجھے ہاسٹل میں ڈال دیا اس کی خاطر
audio/3_0_3_40.wav,Boredum,صاف ہی کہو کہ حقیقتیں دیکھ کر ڈر گئی ہو,3_0_3_40,4.435011337868481,0.1259597390890121,clean_ok,ok,6,[CURR] صاف ہی کہو کہ حقیقتیں دیکھ کر ڈر گئی ہو
audio/2_0_6_44.wav,Neutral,اب اسے بھی جا کر سمجھا دیں کہ وہ وہاں ارام کریں,2_0_6_44,4.272380952380952,0.114254280924797,clean_ok,ok,0,[CURR] اب اسے بھی جا کر سمجھا دیں کہ وہ وہاں ارام کریں
audio/4_0_4_01.wav,Disgust,میں وہی کر رہا تھا جو ایک بھائی کو کرنا چاہیے,4_0_4_01,2.2407256235827666,0.165446862578392,clean_ok,ok,5,[CURR] میں وہی کر رہا تھا جو ایک بھائی کو کرنا چاہیے
audio/8_1_2_09.wav,Fear,زید کو فون کریں رخصتی کا وقت ہونے والا ہے,8_1_2_09,2.786394557823129,0.0985487475991249,clean_ok,ok,4,[CURR] زید کو فون کریں رخصتی کا وقت ہونے والا ہے
audio/7_1_7_32.wav,Sad,تم گولی کھاؤ میں پانی پلاتی ہوں,7_1_7_32,1.949931972789116,0.1341693997383117,clean_ok,ok,3,[CURR] تم گولی کھاؤ میں پانی پلاتی ہوں
audio/7_1_6_27.wav,Neutral,نہیں مطلب اتنی کوئی پریشانی کی بات بھی نہیں ہے ا,7_1_6_27,3.250793650793651,0.0856025964021682,clean_ok,ok,0,[CURR] نہیں مطلب اتنی کوئی پریشانی کی بات بھی نہیں ہے ا
audio/10_1_5_26.wav,Happy,آپ جیسی کامیابی نہیں ملنے والی مجھے,10_1_5_26,2.380045351473923,0.1249468401074409,clean_ok,ok,1,[CURR] آپ جیسی کامیابی نہیں ملنے والی مجھے
audio/8_1_5_22.wav,Happy,یہ شام میری سہیلی,8_1_5_22,1.811156462585034,0.1995860487222671,clean_ok,ok,1,[CURR] یہ شام میری سہیلی
audio/8_1_7_43.wav,Sad,لیکن میں آپ لوگوں سے بہت شرمندہ ہوں,8_1_7_43,2.622403628117914,0.1239206790924072,clean_ok,ok,3,[CURR] لیکن میں آپ لوگوں سے بہت شرمندہ ہوں
audio/6_1_2_37.wav,Fear,مجھے تو ایک ہی ڈر ہے,6_1_2_37,1.9759183673469387,0.1158392131328582,clean_ok,ok,4,[CURR] مجھے تو ایک ہی ڈر ہے
audio/2_0_1_21.wav,Angry,میں تم سے بات کر رہا ہوں جو پوچھا رہا ہوں جواب دو,2_0_1_21,2.7822902494331068,0.1467034518718719,clean_ok,ok,2,[CURR] میں تم سے بات کر رہا ہوں جو پوچھا رہا ہوں جواب دو
audio/2_0_1_18.wav,Angry,پولیس والے گیم کر رہے ہیں سمجھ کیوں نہیں اتی تمہیں,2_0_1_18,2.10140589569161,0.2573555409908294,clean_ok,ok,2,[CURR] پولیس والے گیم کر رہے ہیں سمجھ کیوں نہیں اتی تمہیں
audio/4_0_5_47.wav,Happy,جو اپ چھ چھ فون لے کر رکھتی ہیں,4_0_5_47,2.020136054421769,0.2268737554550171,clean_ok,ok,1,[CURR] جو اپ چھ چھ فون لے کر رکھتی ہیں
audio/3_0_6_26.wav,Neutral,میرے ان تصورات سے بالکل مختلف,3_0_6_26,2.69968253968254,0.0467631332576274,clean_ok,ok,0,[CURR] میرے ان تصورات سے بالکل مختلف
audio/3_0_5_48.wav,Happy,شرمندہ اپ لوگوں نے کرنا شروع کر دیا ہے,3_0_5_48,2.6354648526077096,0.2056870013475418,clean_ok,ok,1,[CURR] شرمندہ اپ لوگوں نے کرنا شروع کر دیا ہے
audio/4_0_6_26.wav,Neutral,تمہاری اور اس کی حفاظت اب موسی کی ذمہ داری ہے,4_0_6_26,4.190136054421768,0.1591741889715194,clean_ok,ok,0,[CURR] تمہاری اور اس کی حفاظت اب موسی کی ذمہ داری ہے
audio/3_0_6_46.wav,Neutral,ہاں یاد ایا اج وہ تمہارے شیخ صاحب اگئے تھے,3_0_6_46,5.352199546485261,0.0617885068058967,clean_ok,ok,0,[CURR] ہاں یاد ایا اج وہ تمہارے شیخ صاحب اگئے تھے
audio/8_1_2_41.wav,Fear,یہ جھوٹ بول رہی ہیں نا ایسا نہیں ہو سکتا زین,8_1_2_41,4.694013605442177,0.1055914089083671,clean_ok,ok,4,[CURR] یہ جھوٹ بول رہی ہیں نا ایسا نہیں ہو سکتا زین
audio/10_1_6_23.wav,Neutral,دُعا کیجئے گا,10_1_6_23,0.8243990929705215,0.1221350282430648,too_short,ok,0,[CURR] دُعا کیجئے گا
audio/2_0_1_43.wav,Angry,اور اج اگر اس کی ماں کو کچھ ہو جاتا تو,2_0_1_43,2.0825850340136056,0.1567162573337555,clean_ok,ok,2,[CURR] اور اج اگر اس کی ماں کو کچھ ہو جاتا تو
audio/5_0_7_05.wav,Sad,یہ الزام ہے کیسی عورت ہو تم,5_0_7_05,3.320453514739229,0.1631846725940704,clean_ok,ok,3,[CURR] یہ الزام ہے کیسی عورت ہو تم
audio/2_0_4_33.wav,Disgust,میں نہیں چاہتا میرا پیٹ خراب ہو جائے یہ لو,2_0_4_33,1.930204081632653,0.171208456158638,clean_ok,ok,5,[CURR] میں نہیں چاہتا میرا پیٹ خراب ہو جائے یہ لو
audio/10_1_5_42.wav,Happy,جو مانگو گی بغیر سوال کیے دیں گے,10_1_5_42,2.2647392290249435,0.1647462397813797,clean_ok,ok,1,[CURR] جو مانگو گی بغیر سوال کیے دیں گے
audio/7_1_4_12.wav,Disgust,تمہیں لگتا ہے یہ غنڈاگردی ہوتی ہے,7_1_4_12,1.8924263038548752,0.1412896513938903,clean_ok,ok,5,[CURR] تمہیں لگتا ہے یہ غنڈاگردی ہوتی ہے
audio/3_0_3_08.wav,Boredum,تعجب ہے میں اس سے ڈر رہا ہوں وہ مجھ سے ڈر رہے ہو,3_0_3_08,5.410249433106576,0.0994996502995491,clean_ok,ok,6,[CURR] تعجب ہے میں اس سے ڈر رہا ہوں وہ مجھ سے ڈر رہے ہو
audio/8_1_6_30.wav,Neutral,اس کے پاس جانا چاہتی ہوں میں معافی مانگنے کو بھی تیار ہوں اس سے,8_1_6_30,4.293832199546485,0.1413406282663345,clean_ok,ok,0,[CURR] اس کے پاس جانا چاہتی ہوں میں معافی مانگنے کو بھی تیار ہوں اس سے
audio/9_1_2_32.wav,Fear,وہ بتا رہی تھی کہ رابیل کی حالت بہت خراب ہے,9_1_2_32,3.509614512471656,0.1334634572267532,clean_ok,ok,4,[CURR] وہ بتا رہی تھی کہ رابیل کی حالت بہت خراب ہے
audio/7_1_2_28.wav,Fear,ہو نہ ہو مجھے وہ پسند ہی نہیں ہے,7_1_2_28,2.733673469387755,0.1841543316841125,clean_ok,ok,4,[CURR] ہو نہ ہو مجھے وہ پسند ہی نہیں ہے
audio/2_0_7_44.wav,Sad,شایان کے جانے کے بعد تو ایسا لگتا ہے جیسے میرا بازو کٹ گیا ہے,2_0_7_44,4.900680272108843,0.1266759186983108,clean_ok,ok,3,[CURR] شایان کے جانے کے بعد تو ایسا لگتا ہے جیسے میرا بازو کٹ گیا ہے
audio/7_1_2_05.wav,Fear,لیکن میں جھوٹ نہیں بول رہی,7_1_2_05,1.6950566893424035,0.1178787127137184,clean_ok,ok,4,[CURR] لیکن میں جھوٹ نہیں بول رہی
audio/3_0_1_24.wav,Angry,اس بدبخت کو گریبان سے پکڑ کر دروازے پر کھڑی رہو گی,3_0_1_24,4.229795918367347,0.0862635374069213,clean_ok,ok,2,[CURR] اس بدبخت کو گریبان سے پکڑ کر دروازے پر کھڑی رہو گی
audio/7_1_2_07.wav,Fear,نہیں ملاقات ہو سکی,7_1_2_07,1.3119274376417234,0.1166980490088462,clean_ok,ok,4,[CURR] نہیں ملاقات ہو سکی
audio/3_0_3_07.wav,Boredum,خیر وہ تو پتہ چل ہی گیا ہے,3_0_3_07,3.250793650793651,0.1768223494291305,clean_ok,ok,6,[CURR] خیر وہ تو پتہ چل ہی گیا ہے
audio/5_0_2_17.wav,Fear,کوئی نیا تماشہ کرنے سے پہلے یہ یاد رکھنا,5_0_2_17,3.1695238095238096,0.07040586322546,clean_ok,ok,4,[CURR] کوئی نیا تماشہ کرنے سے پہلے یہ یاد رکھنا
audio/7_1_3_24.wav,Boredum,احسان کبھی کسی کا لیا ہی نہیں اور,7_1_3_24,2.138095238095238,0.2538199722766876,clean_ok,ok,6,[CURR] احسان کبھی کسی کا لیا ہی نہیں اور
audio/5_0_1_14.wav,Angry,تو بڑی خود غرض ہے,5_0_1_14,1.2883673469387755,0.2112022638320922,clean_ok,ok,2,[CURR] تو بڑی خود غرض ہے
audio/1_0_1_22.wav,Angry,اس بار اسے جواب دینا پڑے گا,1_0_1_22,3.517823129251701,0.1303266882896423,clean_ok,ok,2,[CURR] اس بار اسے جواب دینا پڑے گا
audio/7_1_5_31.wav,Happy,ہاشم اتنی اسانی سے ان کو مائنس کر سکتے ہو اظہار,7_1_5_31,3.3728344671201813,0.1156087666749954,clean_ok,ok,1,[CURR] ہاشم اتنی اسانی سے ان کو مائنس کر سکتے ہو اظہار
audio/10_1_7_46.wav,Sad,سنبھلنے کا کوئی فائدہ نہیں,10_1_7_46,1.253015873015873,0.1493116170167923,clean_ok,ok,3,[CURR] سنبھلنے کا کوئی فائدہ نہیں
audio/7_1_2_09.wav,Fear,لڑائی انہوں نے شروع کی تھی,7_1_2_09,1.4280272108843537,0.146838366985321,clean_ok,ok,4,[CURR] لڑائی انہوں نے شروع کی تھی
audio/3_0_3_45.wav,Boredum,لیکن اس سے کیا فرق پڑتا ہے,3_0_3_45,1.98530612244898,0.1124117597937583,clean_ok,ok,6,[CURR] لیکن اس سے کیا فرق پڑتا ہے
audio/10_1_3_41.wav,Boredum,کوئی یاد آگیا,10_1_3_41,1.0033333333333334,0.0913372933864593,clean_ok,ok,6,[CURR] کوئی یاد آگیا
audio/6_1_1_37.wav,Angry,کیوں جھوٹ بول رہا ہے سب سے تو,6_1_1_37,1.2697732426303854,0.1533809304237365,clean_ok,ok,2,[CURR] کیوں جھوٹ بول رہا ہے سب سے تو
audio/1_0_5_50.wav,Happy,شکر ہے اللہ کا میں کبھی پکڑا نہیں گیا,1_0_5_50,2.078185941043084,0.1738795042037964,clean_ok,ok,1,[CURR] شکر ہے اللہ کا میں کبھی پکڑا نہیں گیا
audio/8_1_1_46.wav,Angry,اس کی ضرورت نہیں ہے باسم انکل کی وہ واپس نہیں ائے گا,8_1_1_46,2.899183673469388,0.1628192216157913,clean_ok,ok,2,[CURR] اس کی ضرورت نہیں ہے باسم انکل کی وہ واپس نہیں ائے گا
audio/4_0_5_39.wav,Happy,تشریف رکھیے,4_0_5_39,0.8266439909297052,0.2030705362558365,too_short,ok,1,[CURR] تشریف رکھیے
audio/3_0_4_28.wav,Disgust,مجھے عورتوں کی جاب سے چڑ ہے,3_0_4_28,3.813106575963719,0.0810891911387443,clean_ok,ok,5,[CURR] مجھے عورتوں کی جاب سے چڑ ہے
audio/6_1_4_43.wav,Disgust,تو اپنے دکھڑے لے کر بیٹھ جاتی ہے یا میری دکھتی رگ پر ہاتھ رکھ دیتی ہیں,6_1_4_43,3.3668934240362813,0.1829906702041626,clean_ok,ok,5,[CURR] تو اپنے دکھڑے لے کر بیٹھ جاتی ہے یا میری دکھتی رگ پر ہاتھ رکھ دیتی ہیں
audio/4_0_5_02.wav,Happy,جب ایسی لڑکی مل جائے گی تو بتا دیجیے گا میں کر لوں گا شادی,4_0_5_02,3.680362811791383,0.1081526279449462,clean_ok,ok,1,[CURR] جب ایسی لڑکی مل جائے گی تو بتا دیجیے گا میں کر لوں گا شادی
audio/7_1_1_10.wav,Angry,ایسے بڑوں سے ایسے ہی بات کی جاتی ہے بھابھی,7_1_1_10,2.0549659863945577,0.2320455312728881,clean_ok,ok,2,[CURR] ایسے بڑوں سے ایسے ہی بات کی جاتی ہے بھابھی
audio/9_1_5_28.wav,Happy,بہت پیاری بہت اچھی,9_1_5_28,1.6238548752834467,0.1099220216274261,clean_ok,ok,1,[CURR] بہت پیاری بہت اچھی
audio/10_1_6_35.wav,Neutral,تم تو مجھے جانتے ہو تمہی یہ بات کر رہے ہو,10_1_6_35,2.6122448979591835,0.1599684208631515,clean_ok,ok,0,[CURR] تم تو مجھے جانتے ہو تمہی یہ بات کر رہے ہو
audio/10_1_6_12.wav,Neutral,آپ کا زمانہ اور تھا,10_1_6_12,1.1711791383219954,0.1797898709774017,clean_ok,ok,0,[CURR] آپ کا زمانہ اور تھا
audio/9_1_4_45.wav,Disgust,چہیتی محبوبہ کی وجہ سے چھوڑ رہے ہو,9_1_4_45,1.8882539682539683,0.1852592527866363,clean_ok,ok,5,[CURR] چہیتی محبوبہ کی وجہ سے چھوڑ رہے ہو
audio/10_1_2_19.wav,Fear,تم نے مجھے بتایا کیوں نہیں,10_1_2_19,1.109591836734694,0.102146565914154,clean_ok,ok,4,[CURR] تم نے مجھے بتایا کیوں نہیں
audio/9_1_6_09.wav,Neutral,ہاں بس ذرا سی ہوش نہیں ہے اُسے,9_1_6_09,2.1273922902494333,0.1343596875667572,clean_ok,ok,0,[CURR] ہاں بس ذرا سی ہوش نہیں ہے اُسے
audio/5_0_1_41.wav,Angry,خاموش,5_0_1_41,1.003310657596372,0.190917432308197,clean_ok,ok,2,[CURR] خاموش
audio/5_0_4_06.wav,Disgust,ائے کیا مصیبت ہے,5_0_4_06,3.1029478458049886,0.2049126178026199,clean_ok,ok,5,[CURR] ائے کیا مصیبت ہے
audio/4_0_7_26.wav,Sad,بہت سستا سودا کیا ہے تم نے میرے بدلے,4_0_7_26,2.759705215419501,0.1503041386604309,clean_ok,ok,3,[CURR] بہت سستا سودا کیا ہے تم نے میرے بدلے
audio/5_0_7_48.wav,Sad,اس کا کوئی قرض ہے جسے جو اتر ہی نہیں رہا بڑا بوجھ ہے دل پر,5_0_7_48,6.919546485260771,0.0944290161132812,clean_ok,ok,3,[CURR] اس کا کوئی قرض ہے جسے جو اتر ہی نہیں رہا بڑا بوجھ ہے دل پر
audio/10_1_5_49.wav,Happy,واہ رے واہ,10_1_5_49,1.4705442176870749,0.1378337740898132,clean_ok,ok,1,[CURR] واہ رے واہ
audio/6_1_3_34.wav,Boredum,طبیعت ٹھیک ہے طبیعت کو کیا ہونا ہے میری,6_1_3_34,2.0770068027210886,0.1326577812433242,clean_ok,ok,6,[CURR] طبیعت ٹھیک ہے طبیعت کو کیا ہونا ہے میری
audio/7_1_1_38.wav,Angry,ہاں نہیں ملتے بھائی میرے مزاج کسی سے بھی,7_1_1_38,2.1710657596371883,0.2506872415542602,clean_ok,ok,2,[CURR] ہاں نہیں ملتے بھائی میرے مزاج کسی سے بھی
audio/2_0_6_41.wav,Neutral,اپ اسے جا کر بتا دیں,2_0_6_41,1.3523809523809525,0.1573821306228637,clean_ok,ok,0,[CURR] اپ اسے جا کر بتا دیں
audio/2_0_6_13.wav,Neutral,تمہیں کیا لگتا ہے تم نے ٹھیک کیا ہے,2_0_6_13,1.7531065759637188,0.1742435991764068,clean_ok,ok,0,[CURR] تمہیں کیا لگتا ہے تم نے ٹھیک کیا ہے
audio/4_0_2_25.wav,Fear,بقو مت پتہ نہیں کیا بکواس کرتے جا رہے ہو,4_0_2_25,2.775986394557823,0.1170211061835289,clean_ok,ok,4,[CURR] بقو مت پتہ نہیں کیا بکواس کرتے جا رہے ہو
audio/8_1_5_12.wav,Happy,مجھے ہمیشہ لگتا تھا اپ بس ائیں گے مجھے جھوٹی موٹی تسلیاں دیں گے اور چلے جائیں گے,8_1_5_12,4.00015873015873,0.211646094918251,clean_ok,ok,1,[CURR] مجھے ہمیشہ لگتا تھا اپ بس ائیں گے مجھے جھوٹی موٹی تسلیاں دیں گے اور چلے جائیں گے
audio/10_1_1_09.wav,Angry,تم نے ہر کسی کو حُسنِ جہاں سمجھ رکھا ہے,10_1_1_09,2.122766439909297,0.1509322822093963,clean_ok,ok,2,[CURR] تم نے ہر کسی کو حُسنِ جہاں سمجھ رکھا ہے
audio/7_1_5_13.wav,Happy,یہ سوال کرنے کے لیے لیا ہے,7_1_5_13,1.938866213151928,0.1949180960655212,clean_ok,ok,1,[CURR] یہ سوال کرنے کے لیے لیا ہے
audio/1_0_2_22.wav,Fear,مجھ سے نہیں ہوگا میں میں جہاں ارا اور گیتی کا سامنا نہیں کر سکتا,1_0_2_22,5.7817687074829935,0.0829187110066413,clean_ok,ok,4,[CURR] مجھ سے نہیں ہوگا میں میں جہاں ارا اور گیتی کا سامنا نہیں کر سکتا
audio/2_0_4_03.wav,Disgust,اتنی سی بات نہیں ہے,2_0_4_03,1.0769614512471657,0.1369462758302688,clean_ok,ok,5,[CURR] اتنی سی بات نہیں ہے
audio/8_1_3_48.wav,Boredum,مطلب,8_1_3_48,1.8118367346938773,0.1539791524410247,clean_ok,ok,6,[CURR] مطلب
audio/6_1_2_33.wav,Fear,کتنی دیر سے انتظار کر رہی تھی کہاں تھے تم,6_1_2_33,1.864580498866213,0.1634905785322189,clean_ok,ok,4,[CURR] کتنی دیر سے انتظار کر رہی تھی کہاں تھے تم
audio/10_1_3_15.wav,Boredum,ہاں کر رہی ہوں,10_1_3_15,1.5366213151927437,0.111391469836235,clean_ok,ok,6,[CURR] ہاں کر رہی ہوں
audio/5_0_1_05.wav,Angry,اس کی اس لیے میں نے اسے سامنے نکالا ہے,5_0_1_05,2.380045351473923,0.1610918045043945,clean_ok,ok,2,[CURR] اس کی اس لیے میں نے اسے سامنے نکالا ہے
audio/3_0_2_33.wav,Fear,مسجد اور نماز سے چمڑا رہا داڑھی منڈوا کر تو تمہارے ساتھ نہیں گیا,3_0_2_33,5.804988662131519,0.1682776063680648,clean_ok,ok,4,[CURR] مسجد اور نماز سے چمڑا رہا داڑھی منڈوا کر تو تمہارے ساتھ نہیں گیا
audio/3_0_4_46.wav,Disgust,کس سے بات کر لیں,3_0_4_46,1.7574829931972789,0.1540195494890213,clean_ok,ok,5,[CURR] کس سے بات کر لیں
audio/6_1_1_32.wav,Angry,میں نے سن لیا اب میں کیا کروں,6_1_1_32,1.8411791383219955,0.2740806639194488,clean_ok,ok,2,[CURR] میں نے سن لیا اب میں کیا کروں
audio/2_0_2_04.wav,Fear,اپ کا انتظار ہم کیوں کریں اپ کا انتظار تو مجرموں کو ہوتا نہیں,2_0_2_04,3.5937868480725625,0.1642716228961944,clean_ok,ok,4,[CURR] اپ کا انتظار ہم کیوں کریں اپ کا انتظار تو مجرموں کو ہوتا نہیں
audio/5_0_1_30.wav,Angry,اے صاحب دے رہے ہیں چل,5_0_1_30,1.8924263038548752,0.2145122736692428,clean_ok,ok,2,[CURR] اے صاحب دے رہے ہیں چل
audio/6_1_7_37.wav,Sad,ساری زندگی میں نے ایسی اذیت برداشت نہیں کی,6_1_7_37,2.793514739229025,0.0885798633098602,clean_ok,ok,3,[CURR] ساری زندگی میں نے ایسی اذیت برداشت نہیں کی
audio/1_0_3_09.wav,Boredum,میں نا اچھا باب بن سکا نہ اچھا شوہر,1_0_3_09,3.239183673469388,0.0756725594401359,clean_ok,ok,6,[CURR] میں نا اچھا باب بن سکا نہ اچھا شوہر
audio/4_0_7_02.wav,Sad,سودا لگتا ہے تو میں یہ کمتری بالا طری کا سودا,4_0_7_02,4.228684807256236,0.1227468252182006,clean_ok,ok,3,[CURR] سودا لگتا ہے تو میں یہ کمتری بالا طری کا سودا
audio/1_0_2_14.wav,Fear,بس منور فیصلہ ہو چکا,1_0_2_14,2.9373242630385485,0.1406633406877517,clean_ok,ok,4,[CURR] بس منور فیصلہ ہو چکا
audio/4_0_3_20.wav,Boredum,قدم خودبخود چلنے لگے جب ہوش آیا تو تمہاری دہلیز پر کھڑا تھا,4_0_3_20,4.144761904761904,0.1080304309725761,clean_ok,ok,6,[CURR] قدم خودبخود چلنے لگے جب ہوش آیا تو تمہاری دہلیز پر کھڑا تھا
audio/3_0_5_05.wav,Happy,ہاں ہاں لو بھائی گھنٹی تو ہم نے ٹھیک کر دی,3_0_5_05,4.713650793650793,0.0871216282248497,clean_ok,ok,1,[CURR] ہاں ہاں لو بھائی گھنٹی تو ہم نے ٹھیک کر دی
audio/7_1_6_39.wav,Neutral,بھابھی کو کوئی شک ہوگا تبھی تو انہوں نے کہا ہے,7_1_6_39,2.5541950113378684,0.2165554612874984,clean_ok,ok,0,[CURR] بھابھی کو کوئی شک ہوگا تبھی تو انہوں نے کہا ہے
audio/7_1_1_36.wav,Angry,وہ حیثیت چاہیے جو ایک بہو کی بیوی کا حق ہوتا ہے,7_1_1_36,4.175328798185941,0.1294149905443191,clean_ok,ok,2,[CURR] وہ حیثیت چاہیے جو ایک بہو کی بیوی کا حق ہوتا ہے
audio/6_1_5_25.wav,Happy,ہا ہا جی ہا ہا,6_1_5_25,2.095147392290249,0.0829454362392425,clean_ok,ok,1,[CURR] ہا ہا جی ہا ہا
audio/6_1_4_47.wav,Disgust,چلے ٹھیک ہے اپ نہ مانیں ہو سکتا ہے میں ہی غلط ہوں,6_1_4_47,3.652108843537415,0.1408882141113281,clean_ok,ok,5,[CURR] چلے ٹھیک ہے اپ نہ مانیں ہو سکتا ہے میں ہی غلط ہوں
audio/2_0_7_07.wav,Sad,زفرا تم اتنا سٹریس مت لو ابھی تمہیں وہاں جانا ہے,2_0_7_07,5.572789115646258,0.1332647502422332,clean_ok,ok,3,[CURR] زفرا تم اتنا سٹریس مت لو ابھی تمہیں وہاں جانا ہے
audio/3_0_7_20.wav,Sad,سنا ہے ماں اگر ڈر جائے تو عام لوگوں کو بھی ڈر ہی جانا چاہیے,3_0_7_20,8.879115646258503,0.1350153386592865,too_long,ok,3,[CURR] سنا ہے ماں اگر ڈر جائے تو عام لوگوں کو بھی ڈر ہی جانا چاہیے
audio/9_1_1_44.wav,Angry,ارے تو یہاں سے بات نہ کر مجھ سے,9_1_1_44,2.464421768707483,0.1982157975435257,clean_ok,ok,2,[CURR] ارے تو یہاں سے بات نہ کر مجھ سے
audio/7_1_5_24.wav,Happy,کی طرح کیوں ایسے,7_1_5_24,1.6205442176870748,0.1459899842739105,clean_ok,ok,1,[CURR] کی طرح کیوں ایسے
audio/10_1_3_20.wav,Boredum,اور اماں اماں جہانگیر کے عشق میں مبتلا ہے,10_1_3_20,4.749274376417233,0.1161439940333366,clean_ok,ok,6,[CURR] اور اماں اماں جہانگیر کے عشق میں مبتلا ہے
audio/10_1_2_10.wav,Fear,میں نے اپنی زندگی میں کسی کو بد دعا نہیں دی,10_1_2_10,1.991496598639456,0.1060050576925277,clean_ok,ok,4,[CURR] میں نے اپنی زندگی میں کسی کو بد دعا نہیں دی
audio/6_1_2_26.wav,Fear,کوئی اور راستہ نہیں ہے مطلب کسی اور طریقے سے سمجھا دیتے ہیں,6_1_2_26,3.986961451247165,0.1663067042827606,clean_ok,ok,4,[CURR] کوئی اور راستہ نہیں ہے مطلب کسی اور طریقے سے سمجھا دیتے ہیں
audio/8_1_3_40.wav,Boredum,اا یہ گاڑی چلے گی بھی,8_1_3_40,1.880816326530612,0.2024420648813247,clean_ok,ok,6,[CURR] اا یہ گاڑی چلے گی بھی
audio/7_1_4_22.wav,Disgust,بتایا تھا میں نے آپکو,7_1_4_22,1.3003174603174603,0.1648335605859756,clean_ok,ok,5,[CURR] بتایا تھا میں نے آپکو
audio/10_1_3_25.wav,Boredum,تمہارا خواب تھانہ وہاں جانا,10_1_3_25,1.5451473922902494,0.0958610996603965,clean_ok,ok,6,[CURR] تمہارا خواب تھانہ وہاں جانا
audio/5_0_2_06.wav,Fear,سب خیریت ہے نا نیچے اوازیں,5_0_2_06,3.883174603174603,0.0910715013742446,clean_ok,ok,4,[CURR] سب خیریت ہے نا نیچے اوازیں
audio/3_0_7_13.wav,Sad,چیک کر لیجیے ضرور کوئی نہ کوئی گڑبڑ ہوگی,3_0_7_13,3.591655328798186,0.0993770137429237,clean_ok,ok,3,[CURR] چیک کر لیجیے ضرور کوئی نہ کوئی گڑبڑ ہوگی
audio/3_0_4_02.wav,Disgust,اسے تیار ہونا کہتے ہیں,3_0_4_02,1.7070068027210883,0.1717237383127212,clean_ok,ok,5,[CURR] اسے تیار ہونا کہتے ہیں
audio/5_0_5_03.wav,Happy,سنیے اب تھوڑی دیر پہلے ہم دونوں کی شادی ہوئی ہے ہم اسی سلسلے میں حاضر ہوئے ہیں,5_0_5_03,5.189727891156463,0.1777083128690719,clean_ok,ok,1,[CURR] سنیے اب تھوڑی دیر پہلے ہم دونوں کی شادی ہوئی ہے ہم اسی سلسلے میں حاضر ہوئے ہیں
audio/8_1_4_38.wav,Disgust,اپ کے بھتیجے ہیں نا ابو,8_1_4_38,1.6137868480725623,0.1542981714010238,clean_ok,ok,5,[CURR] اپ کے بھتیجے ہیں نا ابو
audio/6_1_3_29.wav,Boredum,مجھے کیا ٹھیک لگ رہا ہے,6_1_3_29,1.704875283446712,0.1557705849409103,clean_ok,ok,6,[CURR] مجھے کیا ٹھیک لگ رہا ہے
audio/6_1_7_36.wav,Sad,ایک عرصے سے اُسکا ساتھ چاہئے تھا,6_1_7_36,2.8570068027210884,0.0834987312555313,clean_ok,ok,3,[CURR] ایک عرصے سے اُسکا ساتھ چاہئے تھا
audio/10_1_4_10.wav,Disgust,محبت میں انا نہیں خودداری ہوتی ہے اماں,10_1_4_10,2.525487528344671,0.0880893319845199,clean_ok,ok,5,[CURR] محبت میں انا نہیں خودداری ہوتی ہے اماں
audio/7_1_4_03.wav,Disgust,بلکہ میں نے ہی نہیں بڑے بھیا نے بھی بتایا تھا,7_1_4_03,2.48453514739229,0.1791724413633346,clean_ok,ok,5,[CURR] بلکہ میں نے ہی نہیں بڑے بھیا نے بھی بتایا تھا
audio/7_1_2_08.wav,Fear,اس وقت میرے بھیا کا مسئلہ نہیں ہے,7_1_2_08,2.48453514739229,0.1282765120267868,clean_ok,ok,4,[CURR] اس وقت میرے بھیا کا مسئلہ نہیں ہے
audio/5_0_7_03.wav,Sad,بس بیٹا زندگی کے دن گن رہا تھا,5_0_7_03,2.7980045351473923,0.1012763008475303,clean_ok,ok,3,[CURR] بس بیٹا زندگی کے دن گن رہا تھا
audio/2_0_3_41.wav,Boredum,وہ کہہ رہا تھا اگر تم واپس انا چاہو تو ایسا ہو سکتا ہے,2_0_3_41,3.897687074829932,0.1667291074991226,clean_ok,ok,6,[CURR] وہ کہہ رہا تھا اگر تم واپس انا چاہو تو ایسا ہو سکتا ہے
audio/5_0_4_38.wav,Disgust,مجھے کیا پتہ تھا منحوس ایس پی صاحب ا جائیں گے اور یہ چکر ہو جائے گا,5_0_4_38,3.610702947845805,0.1988476663827896,clean_ok,ok,5,[CURR] مجھے کیا پتہ تھا منحوس ایس پی صاحب ا جائیں گے اور یہ چکر ہو جائے گا
audio/6_1_7_07.wav,Sad,میں نے کہا آپکا شکریہ جو کچھ بھی آپ نے کیا ہے,6_1_7_07,3.0882539682539685,0.1250493973493576,clean_ok,ok,3,[CURR] میں نے کہا آپکا شکریہ جو کچھ بھی آپ نے کیا ہے
audio/3_0_2_15.wav,Fear,کیوں نہیں ہو سکتا اب کیوں رکاوٹ ہے ہمارے بیچ,3_0_2_15,5.302947845804988,0.1436274200677871,clean_ok,ok,4,[CURR] کیوں نہیں ہو سکتا اب کیوں رکاوٹ ہے ہمارے بیچ
audio/6_1_3_19.wav,Boredum,آمم میم گھر پر نہیں ہیں,6_1_3_19,3.157800453514739,0.1360847353935241,clean_ok,ok,6,[CURR] آمم میم گھر پر نہیں ہیں
audio/8_1_3_39.wav,Boredum,اپ مجھے سمجھ نہیں اتے ہیں,8_1_3_39,2.705124716553288,0.1848005503416061,clean_ok,ok,6,[CURR] اپ مجھے سمجھ نہیں اتے ہیں
audio/1_0_3_42.wav,Boredum,اگے تو صرف اندھیرا ہے اپا,1_0_3_42,2.3103854875283445,0.1438189446926117,clean_ok,ok,6,[CURR] اگے تو صرف اندھیرا ہے اپا
audio/8_1_5_08.wav,Happy,ایسا کیا لائے ہو,8_1_5_08,1.5325170068027212,0.1110398098826408,clean_ok,ok,1,[CURR] ایسا کیا لائے ہو
audio/6_1_2_39.wav,Fear,امی ابو کو پھر کچھ ہو رہا ہے,6_1_2_39,2.7589115646258504,0.1363035291433334,clean_ok,ok,4,[CURR] امی ابو کو پھر کچھ ہو رہا ہے
audio/9_1_5_30.wav,Happy,اب خدا کرے کہ ہمارا ملنا جو ہے یہ خوش ہے ثابت ہو,9_1_5_30,3.7382993197278913,0.0864722728729248,clean_ok,ok,1,[CURR] اب خدا کرے کہ ہمارا ملنا جو ہے یہ خوش ہے ثابت ہو
audio/7_1_2_41.wav,Fear,ہم نے ساتھ میں ڈھنگ سے وقت نہیں گزارا ہے,7_1_2_41,2.124625850340136,0.1244566664099693,clean_ok,ok,4,[CURR] ہم نے ساتھ میں ڈھنگ سے وقت نہیں گزارا ہے
audio/10_1_6_40.wav,Neutral,آپ بہت نیک انسان ہیں,10_1_6_40,1.555736961451247,0.1206596866250038,clean_ok,ok,0,[CURR] آپ بہت نیک انسان ہیں
audio/2_0_3_25.wav,Boredum,خاموش ہو گیا پیچھے ہٹ گیا لیکن پتہ نہیں کیا سمجھ لیا اس نے,2_0_3_25,4.216235827664399,0.1545584797859192,clean_ok,ok,6,[CURR] خاموش ہو گیا پیچھے ہٹ گیا لیکن پتہ نہیں کیا سمجھ لیا اس نے
audio/2_0_1_45.wav,Angry,منہ کے بل گرو گی منہ کے بل,2_0_1_45,1.6345351473922902,0.2067350149154663,clean_ok,ok,2,[CURR] منہ کے بل گرو گی منہ کے بل
audio/4_0_2_45.wav,Fear,اج اس اگ پر پہلی بارش کی بوند گری ہے مبارک ہو اپ کو,4_0_2_45,3.669319727891157,0.1419176906347274,clean_ok,ok,4,[CURR] اج اس اگ پر پہلی بارش کی بوند گری ہے مبارک ہو اپ کو
audio/5_0_3_17.wav,Boredum,آہ بڑی مہربانی آپکی,5_0_3_17,2.159455782312925,0.1098516508936882,clean_ok,ok,6,[CURR] آہ بڑی مہربانی آپکی
audio/5_0_2_44.wav,Fear,جیسا بھی ہے تو سیدھا سیدھا الزام ہی,5_0_2_44,3.5867800453514738,0.0680585727095604,clean_ok,ok,4,[CURR] جیسا بھی ہے تو سیدھا سیدھا الزام ہی
audio/1_0_7_03.wav,Sad,اور اس کی سزا میں نے تمہیں بھی دی,1_0_7_03,3.436553287981859,0.1237257570028305,clean_ok,ok,3,[CURR] اور اس کی سزا میں نے تمہیں بھی دی
audio/4_0_4_07.wav,Disgust,ہبچپن سے لے کر اج تک کی حفاظت کی ہے میں نے تمہاری,4_0_4_07,4.191201814058957,0.0933584794402122,clean_ok,ok,5,[CURR] ہبچپن سے لے کر اج تک کی حفاظت کی ہے میں نے تمہاری
audio/3_0_1_45.wav,Angry,جسے ماننے سے کوئی انکار نہیں کر سکتا,3_0_1_45,2.716734693877551,0.1275600343942642,clean_ok,ok,2,[CURR] جسے ماننے سے کوئی انکار نہیں کر سکتا
audio/5_0_1_38.wav,Angry,او بھائی او میاں او پپو,5_0_1_38,4.595351473922903,0.133131518959999,clean_ok,ok,2,[CURR] او بھائی او میاں او پپو
audio/2_0_2_23.wav,Fear,اچھا تو میں تھوڑی دیر افس چکر لگا کے اتا ہوں,2_0_2_23,4.463786848072562,0.1529079228639602,clean_ok,ok,4,[CURR] اچھا تو میں تھوڑی دیر افس چکر لگا کے اتا ہوں
audio/1_0_6_29.wav,Neutral,تم مجھے لے کر جاؤ گے تمہیں کوئی اعتراض تو نہیں ہے,1_0_6_29,4.481451247165533,0.1032350361347198,clean_ok,ok,0,[CURR] تم مجھے لے کر جاؤ گے تمہیں کوئی اعتراض تو نہیں ہے
audio/6_1_5_45.wav,Happy,ایک بات تو بتا,6_1_5_45,1.1145578231292517,0.0952198430895805,clean_ok,ok,1,[CURR] ایک بات تو بتا
audio/8_1_4_37.wav,Disgust,اچھا چھوڑیے یہ سب کچھ,8_1_4_37,1.3467573696145123,0.1415532529354095,clean_ok,ok,5,[CURR] اچھا چھوڑیے یہ سب کچھ
audio/3_0_7_19.wav,Sad,انکھ جھپک جائے یا یہ کمبخت دل ہی ذرا زور سے دھڑک جائے,3_0_7_19,6.553219954648526,0.1577614396810531,clean_ok,ok,3,[CURR] انکھ جھپک جائے یا یہ کمبخت دل ہی ذرا زور سے دھڑک جائے
audio/8_1_2_29.wav,Fear,تمہارے ہاگے ہاتھ جوڑتی ہوں عمیر چھوڑ دو یہ زد خدا کے لیے چھوڑ دو,8_1_2_29,5.087301587301587,0.1256842762231826,clean_ok,ok,4,[CURR] تمہارے ہاگے ہاتھ جوڑتی ہوں عمیر چھوڑ دو یہ زد خدا کے لیے چھوڑ دو
audio/10_1_4_22.wav,Disgust,اپ مجھے ناکامی سے ڈرا رہے ہیں,10_1_4_22,1.786077097505669,0.103057250380516,clean_ok,ok,5,[CURR] اپ مجھے ناکامی سے ڈرا رہے ہیں
audio/4_0_2_35.wav,Fear,نہیں میڈم خدا کا واسطہ ہے یہ سب مت کیجئے گا میرے ساتھ,4_0_2_35,3.030204081632653,0.0626229047775268,clean_ok,ok,4,[CURR] نہیں میڈم خدا کا واسطہ ہے یہ سب مت کیجئے گا میرے ساتھ
audio/8_1_4_07.wav,Disgust,تم اس قابل نہیں ہو کہ تمہیں گھر کی کوئی بات بتائی جائے,8_1_4_07,2.531360544217687,0.0946786105632782,clean_ok,ok,5,[CURR] تم اس قابل نہیں ہو کہ تمہیں گھر کی کوئی بات بتائی جائے
audio/2_0_7_32.wav,Sad,سوچا نہیں کہ مجھ پر کیا گزرے گی,2_0_7_32,2.2407256235827666,0.1176364421844482,clean_ok,ok,3,[CURR] سوچا نہیں کہ مجھ پر کیا گزرے گی
audio/9_1_2_43.wav,Fear,یہ لڑکی انتہائی منہ پھٹ اور بدتمیز ہے,9_1_2_43,2.787074829931973,0.1143097728490829,clean_ok,ok,4,[CURR] یہ لڑکی انتہائی منہ پھٹ اور بدتمیز ہے
audio/10_1_5_02.wav,Happy,اور اقصیٰ تو کہہ رہی تھی داؤد سے کہہ کے مجھے پروموٹ بھی کروائے گی,10_1_5_02,3.116031746031746,0.0648030042648315,clean_ok,ok,1,[CURR] اور اقصیٰ تو کہہ رہی تھی داؤد سے کہہ کے مجھے پروموٹ بھی کروائے گی
audio/10_1_3_18.wav,Boredum,اب گھنٹوں اس کی مثالیں دیتے رہیں گے,10_1_3_18,2.544580498866213,0.1245241984724998,clean_ok,ok,6,[CURR] اب گھنٹوں اس کی مثالیں دیتے رہیں گے
audio/9_1_5_42.wav,Happy,اگئی بسم اللہ,9_1_5_42,3.476281179138322,0.1866877228021621,clean_ok,ok,1,[CURR] اگئی بسم اللہ
audio/3_0_1_50.wav,Angry,اس شہزادہ کو گھر سے باہر کی سختیوں کا کیا پتا,3_0_1_50,5.340589569160998,0.1198066398501396,clean_ok,ok,2,[CURR] اس شہزادہ کو گھر سے باہر کی سختیوں کا کیا پتا
audio/4_0_1_34.wav,Angry,اتنی اسانی سے نہیں اگر اسے مارنا ہی ہوتا تو کیا یہ مشکل تھا میرے لیے ایک سیکنڈ میں اس کو,4_0_1_34,6.530566893424036,0.1255557388067245,clean_ok,ok,2,[CURR] اتنی اسانی سے نہیں اگر اسے مارنا ہی ہوتا تو کیا یہ مشکل تھا میرے لیے ایک سیکنڈ میں اس کو
audio/3_0_2_17.wav,Fear,زندگی تو تم نے میری تباہ کر دی اب اب عمر کا بقیہ حصہ تمہیں میں پا کر کھو دینے کی اذیت میں گزار دوں یہی چاہتی ہو تم,3_0_2_17,12.421972789115646,0.1474367082118988,too_long,ok,4,[CURR] زندگی تو تم نے میری تباہ کر دی اب اب عمر کا بقیہ حصہ تمہیں میں پا کر کھو دینے کی اذیت میں گزار دوں یہی چاہتی ہو تم
audio/6_1_3_36.wav,Boredum,مجھے کیا پتا کیا کہنا ہے,6_1_3_36,2.041655328798186,0.1610815674066543,clean_ok,ok,6,[CURR] مجھے کیا پتا کیا کہنا ہے
audio/2_0_3_21.wav,Boredum,میرا مطلب ہے کہ مرد ان حالات میں جلدی لپیٹ میں ا جاتے ہیں,2_0_3_21,3.486485260770975,0.1429833024740219,clean_ok,ok,6,[CURR] میرا مطلب ہے کہ مرد ان حالات میں جلدی لپیٹ میں ا جاتے ہیں
audio/7_1_2_43.wav,Fear,ان کی بات مانوں یا نہ مانوں تمہیں کیا,7_1_2_43,3.4829931972789114,0.1184224337339401,clean_ok,ok,4,[CURR] ان کی بات مانوں یا نہ مانوں تمہیں کیا
audio/9_1_4_19.wav,Disgust,ارے پرا ہٹا,9_1_4_19,0.9712698412698412,0.1698130220174789,too_short,ok,5,[CURR] ارے پرا ہٹا
audio/5_0_7_20.wav,Sad,کلثوم لوگوں کو خدا کا خوف ہی نہیں رہا,5_0_7_20,3.926054421768708,0.0788170993328094,clean_ok,ok,3,[CURR] کلثوم لوگوں کو خدا کا خوف ہی نہیں رہا
audio/7_1_7_45.wav,Sad,تو میرے پاس کیا رہ جائے گا,7_1_7_45,1.5129251700680273,0.1441228687763214,clean_ok,ok,3,[CURR] تو میرے پاس کیا رہ جائے گا
audio/3_0_6_04.wav,Neutral,اس طرح سے بچے سیکھ جاتے ہیں,3_0_6_04,2.414875283446712,0.0503311045467853,clean_ok,ok,0,[CURR] اس طرح سے بچے سیکھ جاتے ہیں
audio/4_0_3_22.wav,Boredum,جذبوں میں سوداگری کہاں چلتی ہے زُہرہ,4_0_3_22,2.914104308390023,0.1017524600028991,clean_ok,ok,6,[CURR] جذبوں میں سوداگری کہاں چلتی ہے زُہرہ
audio/10_1_2_38.wav,Fear,عمران بھائی یہ زبردستی میرے کمرے میں گھس ایا ہے,10_1_2_38,2.2888208616780044,0.1328341662883758,clean_ok,ok,4,[CURR] عمران بھائی یہ زبردستی میرے کمرے میں گھس ایا ہے
audio/3_0_5_35.wav,Happy,میں تو بکرا عید والا جوڑا پہنوں گا,3_0_5_35,4.85297052154195,0.0660406723618507,clean_ok,ok,1,[CURR] میں تو بکرا عید والا جوڑا پہنوں گا
audio/8_1_4_49.wav,Disgust,تمہارا یہ جو ایٹیٹیوڈ ہے نا میرے ساتھ نہیں چلے گا,8_1_4_49,2.948934240362812,0.1594589352607727,clean_ok,ok,5,[CURR] تمہارا یہ جو ایٹیٹیوڈ ہے نا میرے ساتھ نہیں چلے گا
audio/7_1_4_45.wav,Disgust,اُسے اپنی پابندیوں میں نا سر سے لیکر پیر تک باندھ دیا ہے,7_1_4_45,3.0170975056689344,0.2046779096126556,clean_ok,ok,5,[CURR] اُسے اپنی پابندیوں میں نا سر سے لیکر پیر تک باندھ دیا ہے
audio/6_1_7_14.wav,Sad,امی اللّٰہ سے دعا کریں سب ٹھیک ہو جائے گا,6_1_7_14,2.245215419501134,0.1674076169729232,clean_ok,ok,3,[CURR] امی اللّٰہ سے دعا کریں سب ٹھیک ہو جائے گا
audio/3_0_5_29.wav,Happy,ہا ہا اچھا اس کو کسی نے انگریزی کا طنہ دے دیا ہونا,3_0_5_29,1.7625850340136051,0.0734036192297935,clean_ok,ok,1,[CURR] ہا ہا اچھا اس کو کسی نے انگریزی کا طنہ دے دیا ہونا
audio/9_1_4_35.wav,Disgust,یہی سکھایا ہے تمہارے ماں باپ نے,9_1_4_35,2.210498866213152,0.0916014909744262,clean_ok,ok,5,[CURR] یہی سکھایا ہے تمہارے ماں باپ نے
audio/8_1_4_41.wav,Disgust,جب تک وہ نہیں ائے گا میں کہیں نہیں جاؤں گی,8_1_4_41,2.5193650793650795,0.1148324608802795,clean_ok,ok,5,[CURR] جب تک وہ نہیں ائے گا میں کہیں نہیں جاؤں گی
audio/1_0_3_11.wav,Boredum,گیتی کیوں بہت یاد ارہی ہے,1_0_3_11,2.345215419501134,0.0784723460674285,clean_ok,ok,6,[CURR] گیتی کیوں بہت یاد ارہی ہے
audio/8_1_1_14.wav,Angry,طلاق دی ہے اپ کے بیٹے نے مجھے طلاق دی ہے,8_1_1_14,4.262607709750567,0.133798599243164,clean_ok,ok,2,[CURR] طلاق دی ہے اپ کے بیٹے نے مجھے طلاق دی ہے
audio/8_1_3_09.wav,Boredum,ہاں نہیں اب یو ہی بس اپ سے ملنے ایا ہوگا,8_1_3_09,4.781950113378684,0.1448941677808761,clean_ok,ok,6,[CURR] ہاں نہیں اب یو ہی بس اپ سے ملنے ایا ہوگا
audio/9_1_7_24.wav,Sad,گھر میں اس وقت مہمان جمع ہیں اور میں اوپر جاکے آرام کروں,9_1_7_24,3.807528344671202,0.088476151227951,clean_ok,ok,3,[CURR] گھر میں اس وقت مہمان جمع ہیں اور میں اوپر جاکے آرام کروں
audio/6_1_7_04.wav,Sad,تو غلط سوچ رہی ہے ایسا کچھ نہیں ہوگا تو چپ کر نا,6_1_7_04,4.876190476190477,0.0807270109653472,clean_ok,ok,3,[CURR] تو غلط سوچ رہی ہے ایسا کچھ نہیں ہوگا تو چپ کر نا
audio/10_1_6_24.wav,Neutral,تمہارا علاج بھی ہو جائے گا,10_1_6_24,1.3431746031746032,0.1487836241722107,clean_ok,ok,0,[CURR] تمہارا علاج بھی ہو جائے گا
audio/1_0_7_33.wav,Sad,سمجھ جائے گی جو اس کا ہے ہی نہیں اسے کھو دینا بہتر ہے,1_0_7_33,5.294149659863946,0.0714186057448387,clean_ok,ok,3,[CURR] سمجھ جائے گی جو اس کا ہے ہی نہیں اسے کھو دینا بہتر ہے
audio/10_1_2_22.wav,Fear,میرا باپ کیسے قاتل ہو سکتا ہے,10_1_2_22,1.930181405895692,0.107535220682621,clean_ok,ok,4,[CURR] میرا باپ کیسے قاتل ہو سکتا ہے
audio/8_1_2_04.wav,Fear,اب جاؤ اور جا کر اپنی خوشیوں کے شادیانے بجاؤ,8_1_2_04,3.516122448979592,0.1486252099275589,clean_ok,ok,4,[CURR] اب جاؤ اور جا کر اپنی خوشیوں کے شادیانے بجاؤ
audio/9_1_4_06.wav,Disgust,تم کیا کر رہی ہو,9_1_4_06,0.9580272108843536,0.2748020887374878,too_short,ok,5,[CURR] تم کیا کر رہی ہو
audio/2_0_3_45.wav,Boredum,میں نے غلط نہیں کیا خالہ,2_0_3_45,2.2640136054421767,0.110120914876461,clean_ok,ok,6,[CURR] میں نے غلط نہیں کیا خالہ
audio/4_0_2_27.wav,Fear,صرف میرے نام کو کیسے داغدار کر سکتی ہے زوہرا بتاؤ,4_0_2_27,4.156371882086168,0.1103833243250846,clean_ok,ok,4,[CURR] صرف میرے نام کو کیسے داغدار کر سکتی ہے زوہرا بتاؤ
audio/9_1_1_34.wav,Angry,میرے منہ پہ پٹاخ سے جواب دے دیا تو نے,9_1_1_34,2.324036281179138,0.1984371095895767,clean_ok,ok,2,[CURR] میرے منہ پہ پٹاخ سے جواب دے دیا تو نے
audio/3_0_5_01.wav,Happy,بندہ بننا تو بہت کچھ چاہتا ہے بنتا وہی ہے جو خدا چاہتا ہے,3_0_5_01,5.352199546485261,0.1219212338328361,clean_ok,ok,1,[CURR] بندہ بننا تو بہت کچھ چاہتا ہے بنتا وہی ہے جو خدا چاہتا ہے
audio/7_1_7_25.wav,Sad,کہ تم جھوٹ بولو نہ مجھ سے نہ فیملی سے اور کسی سے بھی نہیں,7_1_7_25,4.899410430839002,0.1274351775646209,clean_ok,ok,3,[CURR] کہ تم جھوٹ بولو نہ مجھ سے نہ فیملی سے اور کسی سے بھی نہیں
audio/9_1_1_45.wav,Angry,سب تو نے کیا ہے میں جانتی ہوں اچھے طریقے سے,9_1_1_45,2.6203854875283445,0.2324833124876022,clean_ok,ok,2,[CURR] سب تو نے کیا ہے میں جانتی ہوں اچھے طریقے سے
audio/4_0_7_27.wav,Sad,اج میں اتنا ہی بدنام ہوں جتنا تم چاہتی تھی,4_0_7_27,3.839637188208617,0.1539254784584045,clean_ok,ok,3,[CURR] اج میں اتنا ہی بدنام ہوں جتنا تم چاہتی تھی
audio/4_0_2_19.wav,Fear,ایک الجھن ہے اسے دور کرنے کے لیے جا رہا ہوں,4_0_2_19,3.1811337868480725,0.0909986570477485,clean_ok,ok,4,[CURR] ایک الجھن ہے اسے دور کرنے کے لیے جا رہا ہوں
audio/3_0_6_21.wav,Neutral,دل کا ہی تو سارا مسئلہ ہے ڈاکٹر صاحب اور اپ پتہ نہیں کیا چیک کر رہے ہیں,3_0_6_21,4.704353741496599,0.1220199540257453,clean_ok,ok,0,[CURR] دل کا ہی تو سارا مسئلہ ہے ڈاکٹر صاحب اور اپ پتہ نہیں کیا چیک کر رہے ہیں
audio/9_1_2_44.wav,Fear,مجھے یہ امید تھی تم سے,9_1_2_44,1.3964625850340135,0.1266748756170272,clean_ok,ok,4,[CURR] مجھے یہ امید تھی تم سے
audio/1_0_7_42.wav,Sad,میرے گھر کی دیواریں ہلا دی تھی,1_0_7_42,1.9967120181405893,0.1192966699600219,clean_ok,ok,3,[CURR] میرے گھر کی دیواریں ہلا دی تھی
audio/8_1_7_41.wav,Sad,ماموں مجھے معاف کر دیں,8_1_7_41,2.0536961451247167,0.1331389397382736,clean_ok,ok,3,[CURR] ماموں مجھے معاف کر دیں
audio/6_1_6_45.wav,Neutral,کسی نے میرا اتنا خیال نہیں رکھا,6_1_6_45,2.2009523809523808,0.1175529435276985,clean_ok,ok,0,[CURR] کسی نے میرا اتنا خیال نہیں رکھا
audio/3_0_7_14.wav,Sad,سامان باندھ لو کوچ کا وقت اگیا ہے,3_0_7_14,6.056507936507937,0.0585622787475585,clean_ok,ok,3,[CURR] سامان باندھ لو کوچ کا وقت اگیا ہے
audio/10_1_7_08.wav,Sad,بال بال قرضے میں ہے,10_1_7_08,2.320453514739229,0.164916455745697,clean_ok,ok,3,[CURR] بال بال قرضے میں ہے
audio/7_1_3_34.wav,Boredum,اماں کو تو ہار چڑھتی ہے اپ سے,7_1_3_34,2.5545351473922904,0.170243889093399,clean_ok,ok,6,[CURR] اماں کو تو ہار چڑھتی ہے اپ سے
audio/10_1_7_04.wav,Sad,لوگوں سے ہوں,10_1_7_04,1.068344671201814,0.1485909074544906,clean_ok,ok,3,[CURR] لوگوں سے ہوں
audio/3_0_1_22.wav,Angry,کمینے پکڑے گئے تم دیکھو میں اگیا ہوں,3_0_1_22,4.762925170068027,0.1556756049394607,clean_ok,ok,2,[CURR] کمینے پکڑے گئے تم دیکھو میں اگیا ہوں
audio/2_0_7_40.wav,Sad,منت کی امی کی ڈیتھ ہو گئی ہے,2_0_7_40,2.3273242630385487,0.146733209490776,clean_ok,ok,3,[CURR] منت کی امی کی ڈیتھ ہو گئی ہے
audio/7_1_2_44.wav,Fear,اٹھو کہیں لگی کیا کر رہے ہیں اپ,7_1_2_44,2.2397732426303856,0.1627249270677566,clean_ok,ok,4,[CURR] اٹھو کہیں لگی کیا کر رہے ہیں اپ
audio/7_1_4_01.wav,Disgust,یا تو پڑھ پڑھ کے سڑ گیا ہوتا ہے,7_1_4_01,2.674829931972789,0.1718757301568985,clean_ok,ok,5,[CURR] یا تو پڑھ پڑھ کے سڑ گیا ہوتا ہے
audio/5_0_2_20.wav,Fear,یارا جی دعا کریں کہ وہ لڑکی بچ جائے,5_0_2_20,2.5309750566893423,0.1124590635299682,clean_ok,ok,4,[CURR] یارا جی دعا کریں کہ وہ لڑکی بچ جائے
audio/2_0_4_42.wav,Disgust,میں ایسی عورت کو گھر میں برداشت نہیں کر سکتا جو گھر کی بنیادیں ہلا دے,2_0_4_42,2.892403628117914,0.1358002126216888,clean_ok,ok,5,[CURR] میں ایسی عورت کو گھر میں برداشت نہیں کر سکتا جو گھر کی بنیادیں ہلا دے
audio/10_1_7_30.wav,Sad,میرا باپ میری ماں کا قاتل ہے,10_1_7_30,4.819614512471655,0.0567863546311855,clean_ok,ok,3,[CURR] میرا باپ میری ماں کا قاتل ہے
audio/6_1_7_28.wav,Sad,فالج ہوا ہے نا اُنہیں,6_1_7_28,1.3756009070294783,0.0836754962801933,clean_ok,ok,3,[CURR] فالج ہوا ہے نا اُنہیں
audio/2_0_4_16.wav,Disgust,کہتے ہوئے اچھا تو نہیں لگتا لیکن قیمتی تحفے تحائف دیے جا رہے تھے اسے,2_0_4_16,3.505873015873016,0.1278682500123977,clean_ok,ok,5,[CURR] کہتے ہوئے اچھا تو نہیں لگتا لیکن قیمتی تحفے تحائف دیے جا رہے تھے اسے
audio/4_0_4_06.wav,Disgust,چھوڑوں گا نہیں انہیں چن چن کے ماروں گا بتا رہا ہوں میں,4_0_4_06,2.589024943310658,0.1180281043052673,clean_ok,ok,5,[CURR] چھوڑوں گا نہیں انہیں چن چن کے ماروں گا بتا رہا ہوں میں
audio/6_1_3_42.wav,Boredum,نہیں نا امی,6_1_3_42,2.122063492063492,0.1912048906087875,clean_ok,ok,6,[CURR] نہیں نا امی
audio/6_1_3_43.wav,Boredum,نہیں شام ہو جائے گی واپس کون لے کر آئے گا,6_1_3_43,2.522448979591837,0.1477736979722976,clean_ok,ok,6,[CURR] نہیں شام ہو جائے گی واپس کون لے کر آئے گا
audio/3_0_1_30.wav,Angry,کتنی بار تم سے پوچھا,3_0_1_30,1.685646258503401,0.0786146596074104,clean_ok,ok,2,[CURR] کتنی بار تم سے پوچھا
audio/6_1_4_02.wav,Disgust,امی گھر پہ نہیں ائیں گے تو بتا دوں گی کہ اپ کا فون ایا تھا,6_1_4_02,2.2987755102040817,0.0943542942404747,clean_ok,ok,5,[CURR] امی گھر پہ نہیں ائیں گے تو بتا دوں گی کہ اپ کا فون ایا تھا
audio/8_1_5_29.wav,Happy,پھر انے کا وعدہ کیا تو میں بھی تب ہی مانی,8_1_5_29,3.4829931972789114,0.1355358362197876,clean_ok,ok,1,[CURR] پھر انے کا وعدہ کیا تو میں بھی تب ہی مانی
audio/5_0_5_23.wav,Happy,بڑا مزے کا ہے کہاں سے لیتے ہیں اپ,5_0_5_23,2.321995464852608,0.1295315474271774,clean_ok,ok,1,[CURR] بڑا مزے کا ہے کہاں سے لیتے ہیں اپ
audio/8_1_4_50.wav,Disgust,بیوی ہی ہوں,8_1_4_50,1.6370068027210884,0.2095133811235427,clean_ok,ok,5,[CURR] بیوی ہی ہوں
audio/10_1_6_19.wav,Neutral,دیکھو یہاں پہ تو میرا ایک بھی ایوارڈ نہیں ہے,10_1_6_19,2.5795918367346937,0.1365131288766861,clean_ok,ok,0,[CURR] دیکھو یہاں پہ تو میرا ایک بھی ایوارڈ نہیں ہے
audio/7_1_6_20.wav,Neutral,تمہاری بہن پولیس بلانے کے بعد کر رہی ہے میری,7_1_6_20,2.549092970521542,0.1783445626497268,clean_ok,ok,0,[CURR] تمہاری بہن پولیس بلانے کے بعد کر رہی ہے میری
audio/3_0_1_08.wav,Angry,گورے کہہ جو دیا ہے تم سے,3_0_1_08,1.5987981859410432,0.1983813345432281,clean_ok,ok,2,[CURR] گورے کہہ جو دیا ہے تم سے
audio/6_1_4_21.wav,Disgust,تو امی وہ روز ار ٹپکتا ہے اب اس کی وجہ سے گھر سے نکلنا چھوڑ دوں,6_1_4_21,3.250793650793651,0.1638327687978744,clean_ok,ok,5,[CURR] تو امی وہ روز ار ٹپکتا ہے اب اس کی وجہ سے گھر سے نکلنا چھوڑ دوں
audio/6_1_5_08.wav,Happy,یہ ہوئی نا بات,6_1_5_08,1.195827664399093,0.1023506298661232,clean_ok,ok,1,[CURR] یہ ہوئی نا بات
audio/3_0_2_34.wav,Fear,بس بہت ہو گئی بہت ہو گئی خدا کی نوکری,3_0_2_34,4.551111111111111,0.1443063169717788,clean_ok,ok,4,[CURR] بس بہت ہو گئی بہت ہو گئی خدا کی نوکری
audio/10_1_6_08.wav,Neutral,بھئی بس ایک ضروری کال کرنے باہر چلی آئی تھی,10_1_6_08,2.200045351473923,0.1186799630522728,clean_ok,ok,0,[CURR] بھئی بس ایک ضروری کال کرنے باہر چلی آئی تھی
audio/3_0_3_36.wav,Boredum,شیخ صاحب دو دن سے فجر پڑھنے نہیں ائے,3_0_3_36,3.3411337868480726,0.1151605248451232,clean_ok,ok,6,[CURR] شیخ صاحب دو دن سے فجر پڑھنے نہیں ائے
audio/2_0_3_22.wav,Boredum,اب بھابھی اصل میں ہوا یہ کہ,2_0_3_22,2.5761904761904764,0.1831786930561065,clean_ok,ok,6,[CURR] اب بھابھی اصل میں ہوا یہ کہ
audio/6_1_7_40.wav,Sad,روتی رہتی ہوں کہ شاید وہ کبھی میری سسکی کوئی آہ سن لے مگر,6_1_7_40,4.121541950113379,0.1183945462107658,clean_ok,ok,3,[CURR] روتی رہتی ہوں کہ شاید وہ کبھی میری سسکی کوئی آہ سن لے مگر
audio/10_1_4_35.wav,Disgust,کتنا کھٹا رنگ پہنا ہوا ہے میں نے,10_1_4_35,1.4168253968253968,0.1710565090179443,clean_ok,ok,5,[CURR] کتنا کھٹا رنگ پہنا ہوا ہے میں نے
audio/1_0_4_18.wav,Disgust,رکھ دو نا نہیں پینا مجھے,1_0_4_18,1.5905668934240362,0.1605843752622604,clean_ok,ok,5,[CURR] رکھ دو نا نہیں پینا مجھے
audio/10_1_5_14.wav,Happy,بس پھر ایک بار تم مجھے ہیروئن بن جانے دو,10_1_5_14,3.517823129251701,0.1185820996761322,clean_ok,ok,1,[CURR] بس پھر ایک بار تم مجھے ہیروئن بن جانے دو
audio/6_1_3_30.wav,Boredum,میں نے کیا کِیا ہے امی,6_1_3_30,0.800657596371882,0.2053514719009399,too_short,ok,6,[CURR] میں نے کیا کِیا ہے امی
audio/5_0_5_33.wav,Happy,میں بہت خبیس ادمی ہوں,5_0_5_33,3.099863945578232,0.1506168991327285,clean_ok,ok,1,[CURR] میں بہت خبیس ادمی ہوں
audio/3_0_5_41.wav,Happy,جب میں پیدا ہوا تھا تو مجھے کہنے لگے سبحان اللہ,3_0_5_41,4.632380952380952,0.117859274148941,clean_ok,ok,1,[CURR] جب میں پیدا ہوا تھا تو مجھے کہنے لگے سبحان اللہ
audio/8_1_5_47.wav,Happy,کیونکہ شبنم زیادہ دیر پھول پر ٹھہر نہیں سکتی,8_1_5_47,2.879274376417233,0.1399559676647186,clean_ok,ok,1,[CURR] کیونکہ شبنم زیادہ دیر پھول پر ٹھہر نہیں سکتی
audio/7_1_1_43.wav,Angry,کبھی انکھیں بند کر کے کچرہ پھینکا ہے تم نے گھر سے باہر,7_1_1_43,2.380045351473923,0.2469429522752761,clean_ok,ok,2,[CURR] کبھی انکھیں بند کر کے کچرہ پھینکا ہے تم نے گھر سے باہر
audio/3_0_6_35.wav,Neutral,ورنہ اطاعت کے لیے کچھ کم نہ تھے کروںبیاں,3_0_6_35,3.622312925170068,0.0236120969057083,clean_ok,ok,0,[CURR] ورنہ اطاعت کے لیے کچھ کم نہ تھے کروںبیاں
audio/8_1_4_42.wav,Disgust,یہ غلط ہے,8_1_4_42,1.3119274376417234,0.1038156524300575,clean_ok,ok,5,[CURR] یہ غلط ہے
audio/10_1_1_16.wav,Angry,اور نہ ہی مجھے ایک گالی اور دیجیئے گا,10_1_1_16,2.230612244897959,0.1229252442717552,clean_ok,ok,2,[CURR] اور نہ ہی مجھے ایک گالی اور دیجیئے گا
audio/10_1_5_18.wav,Happy,مچھلی مٹن بہت کھا لیا,10_1_5_18,1.9272562358276644,0.1061838567256927,clean_ok,ok,1,[CURR] مچھلی مٹن بہت کھا لیا
audio/3_0_7_04.wav,Sad,پلیز پلیز مجھے پریشان نہ کرو,3_0_7_04,3.006984126984127,0.0213501863181591,clean_ok,ok,3,[CURR] پلیز پلیز مجھے پریشان نہ کرو
audio/9_1_4_26.wav,Disgust,تو کیوں چھپاتی کیوں نہ بتاتی انہیں,9_1_4_26,1.89687074829932,0.1539693027734756,clean_ok,ok,5,[CURR] تو کیوں چھپاتی کیوں نہ بتاتی انہیں
audio/4_0_6_17.wav,Neutral,کوئی معقول وجہ بتا دو اسب نسب خاندان پیسہ دولت سب کچھ تو ہے میرے پاس,4_0_6_17,4.847619047619047,0.1480942517518997,clean_ok,ok,0,[CURR] کوئی معقول وجہ بتا دو اسب نسب خاندان پیسہ دولت سب کچھ تو ہے میرے پاس
audio/9_1_6_08.wav,Neutral,میرا بیٹا پاگل نہیں ہے,9_1_6_08,1.6457596371882086,0.1640435308218002,clean_ok,ok,0,[CURR] میرا بیٹا پاگل نہیں ہے
audio/1_0_1_30.wav,Angry,ورنہ میں ایسا فیصلہ کردوں گا تمہیں ہمیشہ کے لیے گھر چھوڑ جانا پڑے گا,1_0_1_30,4.675963718820862,0.1802748292684555,clean_ok,ok,2,[CURR] ورنہ میں ایسا فیصلہ کردوں گا تمہیں ہمیشہ کے لیے گھر چھوڑ جانا پڑے گا
audio/8_1_4_08.wav,Disgust,ڈیڈ ائندہ مجھ سے زور سے بات نہ کیجیے گا مجھے بالکل پسند نہیں ہے,8_1_4_08,3.7416099773242633,0.1068594232201576,clean_ok,ok,5,[CURR] ڈیڈ ائندہ مجھ سے زور سے بات نہ کیجیے گا مجھے بالکل پسند نہیں ہے
audio/7_1_7_26.wav,Sad,مجبور نہیں ہے وہ بزدل ہے,7_1_7_26,3.28061224489796,0.1236591637134552,clean_ok,ok,3,[CURR] مجبور نہیں ہے وہ بزدل ہے
audio/1_0_7_32.wav,Sad,میں ساری زندگی تمہارا شکر گزار رہوں گا,1_0_7_32,2.5774149659863945,0.0824426859617233,clean_ok,ok,3,[CURR] میں ساری زندگی تمہارا شکر گزار رہوں گا
audio/1_0_5_39.wav,Happy,دیکھا دیکھا میری بیٹی میری مجبوری کو کیسے سمجھتی ہے,1_0_5_39,3.575873015873016,0.1444024741649627,clean_ok,ok,1,[CURR] دیکھا دیکھا میری بیٹی میری مجبوری کو کیسے سمجھتی ہے
audio/9_1_7_12.wav,Sad,اُسے کسی کی بددُعا کا اثر ہے,9_1_7_12,1.8545124716553287,0.1623849123716354,clean_ok,ok,3,[CURR] اُسے کسی کی بددُعا کا اثر ہے
audio/3_0_5_08.wav,Happy,یار شکی بھائی ساری مخلوق اللہ کی بنائی ہوئی ہے میں نے تو ویسے ہی مثال دی تھی,3_0_5_08,4.562721088435374,0.1108236014842987,clean_ok,ok,1,[CURR] یار شکی بھائی ساری مخلوق اللہ کی بنائی ہوئی ہے میں نے تو ویسے ہی مثال دی تھی
audio/4_0_5_05.wav,Happy,خود کو مجرم مت کہو شکریہ شکریہ تمہارا,4_0_5_05,4.296689342403628,0.1369849890470504,clean_ok,ok,1,[CURR] خود کو مجرم مت کہو شکریہ شکریہ تمہارا
audio/4_0_5_27.wav,Happy,لفظ تو ہزاروں ہیں میرے پاس لیکن کہنے کی ترتیب نہیں بنا پا رہا,4_0_5_27,4.311111111111111,0.0793171375989914,clean_ok,ok,1,[CURR] لفظ تو ہزاروں ہیں میرے پاس لیکن کہنے کی ترتیب نہیں بنا پا رہا
audio/9_1_2_08.wav,Fear,یہ کون زہر بھر رہا ہے,9_1_2_08,1.64015873015873,0.1918193846940994,clean_ok,ok,4,[CURR] یہ کون زہر بھر رہا ہے
audio/10_1_5_38.wav,Happy,آپ قدر دان ہیں اس لیئے,10_1_5_38,1.4735147392290249,0.1589082181453704,clean_ok,ok,1,[CURR] آپ قدر دان ہیں اس لیئے
audio/7_1_5_17.wav,Happy,ابھی منگنی ہوئی کہاں ہے ابھی تو صرف ایک کہاں ہوئی ہے,7_1_5_17,3.622312925170068,0.1481711119413375,clean_ok,ok,1,[CURR] ابھی منگنی ہوئی کہاں ہے ابھی تو صرف ایک کہاں ہوئی ہے
audio/8_1_4_04.wav,Disgust,تمہیں پتہ ہے انڈے پراٹھے کی بو سے مجھے الٹی اتی ہے,8_1_4_04,2.414875283446712,0.1844638288021087,clean_ok,ok,5,[CURR] تمہیں پتہ ہے انڈے پراٹھے کی بو سے مجھے الٹی اتی ہے
audio/8_1_3_13.wav,Boredum,تم بھی عجیب ہو,8_1_3_13,1.3583673469387756,0.1950700730085373,clean_ok,ok,6,[CURR] تم بھی عجیب ہو
audio/5_0_3_19.wav,Boredum,ہوووں دبئی میں آپ کے مطابق,5_0_3_19,4.237641723356009,0.1092590019106864,clean_ok,ok,6,[CURR] ہوووں دبئی میں آپ کے مطابق
audio/2_0_4_38.wav,Disgust,اتنی محبت اتنا پیار اتنا عیش و ارام کس چیز کی کمی تھی,2_0_4_38,3.926326530612245,0.2083475291728973,clean_ok,ok,5,[CURR] اتنی محبت اتنا پیار اتنا عیش و ارام کس چیز کی کمی تھی
audio/10_1_6_33.wav,Neutral,احسان کا بوجھ تو خیر ساری زندگی تمہارے سامنے جھکائے رکھے گا,10_1_6_33,4.724331065759637,0.1247043833136558,clean_ok,ok,0,[CURR] احسان کا بوجھ تو خیر ساری زندگی تمہارے سامنے جھکائے رکھے گا
audio/1_0_3_22.wav,Boredum,اللہ کرے کہ ایسا ہی ہو,1_0_3_22,2.2639455782312927,0.1017553731799125,clean_ok,ok,6,[CURR] اللہ کرے کہ ایسا ہی ہو
audio/10_1_6_46.wav,Neutral,میرا نصیب لینا چاہو تو کبھی بھی مانگ لینا ہاتھ جوڑ کر دے دوں گی,10_1_6_46,4.063492063492063,0.1260603815317154,clean_ok,ok,0,[CURR] میرا نصیب لینا چاہو تو کبھی بھی مانگ لینا ہاتھ جوڑ کر دے دوں گی
audio/5_0_5_34.wav,Happy,اپ پریشان نہ ہو,5_0_5_34,1.7066666666666668,0.1545712202787399,clean_ok,ok,1,[CURR] اپ پریشان نہ ہو
audio/5_0_3_03.wav,Boredum,میاں جی واعظ علیہ,5_0_3_03,4.458231292517007,0.2318522185087204,clean_ok,ok,6,[CURR] میاں جی واعظ علیہ
audio/1_0_5_17.wav,Happy,پھر اج تو تمہیں خوش ہونا چاہیے,1_0_5_17,1.8924263038548752,0.1529015004634857,clean_ok,ok,1,[CURR] پھر اج تو تمہیں خوش ہونا چاہیے
audio/2_0_4_36.wav,Disgust,تم فکر نہیں کرو دیکھ لوں گا اسے بھی,2_0_4_36,1.5848979591836734,0.2386538535356521,clean_ok,ok,5,[CURR] تم فکر نہیں کرو دیکھ لوں گا اسے بھی
audio/4_0_6_15.wav,Neutral,شادی کروں گا تو دیندار باپردہ عورت سے,4_0_6_15,3.282426303854875,0.1416668593883514,clean_ok,ok,0,[CURR] شادی کروں گا تو دیندار باپردہ عورت سے
audio/2_0_6_03.wav,Neutral,اس عمر میں لڑکیاں جذباتی ہو جاتی ہیں کسی ویک مومنٹ میں اس نے یہ قدم اٹھایا ہوگا,2_0_6_03,6.292607709750567,0.1560842543840408,clean_ok,ok,0,[CURR] اس عمر میں لڑکیاں جذباتی ہو جاتی ہیں کسی ویک مومنٹ میں اس نے یہ قدم اٹھایا ہوگا
audio/2_0_5_01.wav,Happy,اؤ اؤ میں تو کلاس لینے کے موڈ میں تھا سب کی,2_0_5_01,3.5526530612244898,0.1071259379386901,clean_ok,ok,1,[CURR] اؤ اؤ میں تو کلاس لینے کے موڈ میں تھا سب کی
audio/4_0_3_04.wav,Boredum,ایسے ہی بس طبیعت بوجھل سی ہے,4_0_3_04,2.9010204081632653,0.1450081020593643,clean_ok,ok,6,[CURR] ایسے ہی بس طبیعت بوجھل سی ہے
audio/5_0_3_41.wav,Boredum,سر بلائیں گے ضرور بلائیں گے کیوں نہیں بلائیں گے,5_0_3_41,3.900952380952381,0.1882870197296142,clean_ok,ok,6,[CURR] سر بلائیں گے ضرور بلائیں گے کیوں نہیں بلائیں گے
audio/4_0_1_14.wav,Angry,زندہ چھوڑ دو ان بغیرتوں کو,4_0_1_14,1.8575963718820865,0.2784369587898254,clean_ok,ok,2,[CURR] زندہ چھوڑ دو ان بغیرتوں کو
audio/9_1_5_12.wav,Happy,اللہ نصیب بھی اچھا کرے,9_1_5_12,1.556190476190476,0.144611194729805,clean_ok,ok,1,[CURR] اللہ نصیب بھی اچھا کرے
audio/10_1_4_50.wav,Disgust,تمہیں یہی سب کچھ چاہیے نا مجھ سے,10_1_4_50,1.9808616780045352,0.1165883913636207,clean_ok,ok,5,[CURR] تمہیں یہی سب کچھ چاہیے نا مجھ سے
audio/10_1_5_16.wav,Happy,اب بھی وہی کھاتی ہوں ابا,10_1_5_16,2.5193650793650795,0.1104688793420791,clean_ok,ok,1,[CURR] اب بھی وہی کھاتی ہوں ابا
audio/8_1_7_17.wav,Sad,کسی اور کا آپ پر کوئی حق نہیں ہے,8_1_7_17,2.408548752834467,0.1023313403129577,clean_ok,ok,3,[CURR] کسی اور کا آپ پر کوئی حق نہیں ہے
audio/4_0_6_29.wav,Neutral,شریف نیک صلاۃ کی پابند رشتوں کا خیال رکھنے والی,4_0_6_29,4.892471655328798,0.1399063766002655,clean_ok,ok,0,[CURR] شریف نیک صلاۃ کی پابند رشتوں کا خیال رکھنے والی
audio/4_0_4_40.wav,Disgust,اس سے پہلے مزید دم گھٹنے لگے چادر پہ پڑی ہوئی گرد کو جھاڑ دیں,4_0_4_40,3.921995464852608,0.1429571360349655,clean_ok,ok,5,[CURR] اس سے پہلے مزید دم گھٹنے لگے چادر پہ پڑی ہوئی گرد کو جھاڑ دیں
audio/3_0_1_23.wav,Angry,تمہاری ماں عارفہ کو بھی ساتھ لے کے ایا ہوں افضل,3_0_1_23,5.415804988662131,0.1575203686952591,clean_ok,ok,2,[CURR] تمہاری ماں عارفہ کو بھی ساتھ لے کے ایا ہوں افضل
audio/6_1_5_01.wav,Happy,کیا ہے اچھا میں فون تو سن لوں ٹھہر جا,6_1_5_01,4.144761904761904,0.0724485516548156,clean_ok,ok,1,[CURR] کیا ہے اچھا میں فون تو سن لوں ٹھہر جا
audio/1_0_6_13.wav,Neutral,سب کچھ تو سنبھال لیا ہے تم نے مجھے کافی تسلی ہو گئی ہے,1_0_6_13,4.249251700680272,0.1003468036651611,clean_ok,ok,0,[CURR] سب کچھ تو سنبھال لیا ہے تم نے مجھے کافی تسلی ہو گئی ہے
audio/1_0_2_04.wav,Fear,اسی مہینے ظفر اور گیتی کا نکاح کر دیتے ہیں,1_0_2_04,2.066575963718821,0.1611562818288803,clean_ok,ok,4,[CURR] اسی مہینے ظفر اور گیتی کا نکاح کر دیتے ہیں
audio/8_1_4_31.wav,Disgust,تمہارے بھی تو سارے کام کرتی ہوں تو مکھن نہیں لگاتی مجھے,8_1_4_31,3.842902494331066,0.1628483533859253,clean_ok,ok,5,[CURR] تمہارے بھی تو سارے کام کرتی ہوں تو مکھن نہیں لگاتی مجھے
audio/6_1_1_10.wav,Angry,اس سے اپ کا کوئی مطلب نہیں ہونا چاہیے,6_1_1_10,1.5950566893424036,0.1347535997629165,clean_ok,ok,2,[CURR] اس سے اپ کا کوئی مطلب نہیں ہونا چاہیے
audio/1_0_6_17.wav,Neutral,کسی کے جانے سے زندگی رک نہیں جاتی,1_0_6_17,2.345215419501134,0.0886914432048797,clean_ok,ok,0,[CURR] کسی کے جانے سے زندگی رک نہیں جاتی
audio/8_1_5_23.wav,Happy,کوثر قضا کی سیڑھی اتر کر مجھ سے ملنے اتی ہے,8_1_5_23,3.575873015873016,0.1835778057575225,clean_ok,ok,1,[CURR] کوثر قضا کی سیڑھی اتر کر مجھ سے ملنے اتی ہے
audio/1_0_4_17.wav,Disgust,تمہیں کیا لگتا ہے کہ میں غصے میں ہوں,1_0_4_17,1.7066666666666668,0.1870893537998199,clean_ok,ok,5,[CURR] تمہیں کیا لگتا ہے کہ میں غصے میں ہوں
audio/8_1_7_14.wav,Sad,خدا کے لیے ایسی بات مت کیجیئے گا,8_1_7_14,2.1240816326530614,0.0915926396846771,clean_ok,ok,3,[CURR] خدا کے لیے ایسی بات مت کیجیئے گا
audio/9_1_4_01.wav,Disgust,اور حقیقت یہی ہے کہ اس لڑکی نے اس گھر میں اور ہمارے دل میں کوئی جگہ نہیں بنائی,9_1_4_01,5.26390022675737,0.095415249466896,clean_ok,ok,5,[CURR] اور حقیقت یہی ہے کہ اس لڑکی نے اس گھر میں اور ہمارے دل میں کوئی جگہ نہیں بنائی
audio/5_0_6_29.wav,Neutral,ویسے بھی بیٹا اب اپ کو اپنے گھر چلے جانا چاہیے,5_0_6_29,2.449705215419501,0.1269515603780746,clean_ok,ok,0,[CURR] ویسے بھی بیٹا اب اپ کو اپنے گھر چلے جانا چاہیے
audio/7_1_6_02.wav,Neutral,نہیں ابھی دیکھیے گا عادل بھائی مجھے پک کرنے ائیں گے,7_1_6_02,2.275555555555556,0.1327103078365326,clean_ok,ok,0,[CURR] نہیں ابھی دیکھیے گا عادل بھائی مجھے پک کرنے ائیں گے
audio/10_1_5_27.wav,Happy,مجھے تو ابھی بھی یقین نہیں آرہا,10_1_5_27,1.9977777777777777,0.1785283386707306,clean_ok,ok,1,[CURR] مجھے تو ابھی بھی یقین نہیں آرہا
audio/3_0_4_19.wav,Disgust,یہ تو تم چڑ کر کہہ رہی ہو,3_0_4_19,2.647074829931973,0.0813997238874435,clean_ok,ok,5,[CURR] یہ تو تم چڑ کر کہہ رہی ہو
audio/3_0_6_45.wav,Neutral,باقی سب سن لیا ہے میں نے صرف اخری لائن دوبارہ بولو,3_0_6_45,5.723718820861678,0.0871326848864555,clean_ok,ok,0,[CURR] باقی سب سن لیا ہے میں نے صرف اخری لائن دوبارہ بولو
audio/6_1_4_19.wav,Disgust,کھری کھری سنا دو اور بھی کام ہے مجھے فون بند کرو,6_1_4_19,2.7631746031746034,0.1054702326655387,clean_ok,ok,5,[CURR] کھری کھری سنا دو اور بھی کام ہے مجھے فون بند کرو
audio/1_0_4_20.wav,Disgust,اپ اس وقت یہ بات کرنے کا مقصد,1_0_4_20,2.681904761904762,0.1306734681129455,clean_ok,ok,5,[CURR] اپ اس وقت یہ بات کرنے کا مقصد
audio/4_0_2_22.wav,Fear,میں زندگی میں پہلی بار ایسا الجھا ہوں یار اگر میں نے تجھے دل کی بات بتا دی ہے تو مجھے مزید الجھانا مت,4_0_2_22,6.130068027210885,0.1043360754847526,clean_ok,ok,4,[CURR] میں زندگی میں پہلی بار ایسا الجھا ہوں یار اگر میں نے تجھے دل کی بات بتا دی ہے تو مجھے مزید الجھانا مت
audio/1_0_5_12.wav,Happy,ھممم کچھ اچھا سا بناؤ تم,1_0_5_12,2.403265306122449,0.1338825523853302,clean_ok,ok,1,[CURR] ھممم کچھ اچھا سا بناؤ تم
audio/9_1_3_13.wav,Boredum,تم تو جانتی ہو میرے پاؤں میں بندھی ہوئی زنجیریں,9_1_3_13,3.104580498866213,0.1761934161186218,clean_ok,ok,6,[CURR] تم تو جانتی ہو میرے پاؤں میں بندھی ہوئی زنجیریں
audio/9_1_2_45.wav,Fear,اٹھو ہوش کرو,9_1_2_45,1.2814512471655328,0.1493555903434753,clean_ok,ok,4,[CURR] اٹھو ہوش کرو
audio/3_0_6_23.wav,Neutral,کراچی جانے میں کیا ہے کل چلے جاتے ہے,3_0_6_23,3.619002267573696,0.0795635506510734,clean_ok,ok,0,[CURR] کراچی جانے میں کیا ہے کل چلے جاتے ہے
audio/3_0_4_43.wav,Disgust,استغفراللہ وہ کوئی بھولتا ہے کیا,3_0_4_43,3.201746031746032,0.1663118153810501,clean_ok,ok,5,[CURR] استغفراللہ وہ کوئی بھولتا ہے کیا
audio/8_1_1_43.wav,Angry,یہ گلاس تمہارے منہ پر بھی ٹوٹ سکتا تھا,8_1_1_43,2.5774149659863945,0.1846675276756286,clean_ok,ok,2,[CURR] یہ گلاس تمہارے منہ پر بھی ٹوٹ سکتا تھا
audio/4_0_3_05.wav,Boredum,چل بس چھوڑ یار,4_0_3_05,0.9437414965986396,0.1372733861207962,too_short,ok,6,[CURR] چل بس چھوڑ یار
audio/2_0_5_24.wav,Happy,یہاں تو سیٹنگ ہوتی نظر ارہی ہے,2_0_5_24,1.9531065759637187,0.1406559199094772,clean_ok,ok,1,[CURR] یہاں تو سیٹنگ ہوتی نظر ارہی ہے
audio/5_0_5_24.wav,Happy,تھینک یو سر بڑی مہربانی شکریہ سر,5_0_5_24,3.761632653061224,0.1061348915100097,clean_ok,ok,1,[CURR] تھینک یو سر بڑی مہربانی شکریہ سر
audio/9_1_6_25.wav,Neutral,کہ یہ روایت تو بیس سال پہلے ٹوٹ چُکی,9_1_6_25,2.4695691609977324,0.2009963095188141,clean_ok,ok,0,[CURR] کہ یہ روایت تو بیس سال پہلے ٹوٹ چُکی
audio/3_0_6_09.wav,Neutral,جی فرمائیےکس سے ملنا ہے,3_0_6_09,2.3568253968253967,0.0254111140966415,clean_ok,ok,0,[CURR] جی فرمائیےکس سے ملنا ہے
audio/8_1_3_45.wav,Boredum,اب کیوں مت پوچھیے گا,8_1_3_45,2.7298412698412697,0.1313346475362777,clean_ok,ok,6,[CURR] اب کیوں مت پوچھیے گا
audio/4_0_2_49.wav,Fear,جانتا ہوں میں جانتا ہوں مشکل ہوتا ہے اپنے منہ پر تھپڑ مارنا,4_0_2_49,4.56485260770975,0.159924566745758,clean_ok,ok,4,[CURR] جانتا ہوں میں جانتا ہوں مشکل ہوتا ہے اپنے منہ پر تھپڑ مارنا
audio/5_0_4_43.wav,Disgust,ہیلو کام کی تو بات کر رہا ہوں میں,5_0_4_43,1.8459863945578232,0.1108789816498756,clean_ok,ok,5,[CURR] ہیلو کام کی تو بات کر رہا ہوں میں
audio/7_1_6_21.wav,Neutral,کان لگا کے باتیں کیا سن رہے ہو,7_1_6_21,1.8627891156462584,0.1971394121646881,clean_ok,ok,0,[CURR] کان لگا کے باتیں کیا سن رہے ہو
audio/9_1_4_25.wav,Disgust,اپنی بیٹی کا قصور باتیں سنا کر چلی گئی مجھے,9_1_4_25,2.820907029478458,0.1474780291318893,clean_ok,ok,5,[CURR] اپنی بیٹی کا قصور باتیں سنا کر چلی گئی مجھے
audio/8_1_3_12.wav,Boredum,تمہیں تکلیف ہو رہی ہے اور میں سو جاؤں,8_1_3_12,1.915646258503401,0.2282749563455581,clean_ok,ok,6,[CURR] تمہیں تکلیف ہو رہی ہے اور میں سو جاؤں
audio/10_1_5_25.wav,Happy,قُرآنِ پاک کا نسخہ,10_1_5_25,1.502312925170068,0.1587840318679809,clean_ok,ok,1,[CURR] قُرآنِ پاک کا نسخہ
audio/5_0_2_47.wav,Fear,یہ یہ سر جھوٹ بول رہا ہے حضور یہ بالکل جھوٹ بول رہا ہے خوامخواہ الزام لگا رہا ہے,5_0_2_47,5.333378684807256,0.0953647270798683,clean_ok,ok,4,[CURR] یہ یہ سر جھوٹ بول رہا ہے حضور یہ بالکل جھوٹ بول رہا ہے خوامخواہ الزام لگا رہا ہے
audio/7_1_4_42.wav,Disgust,کیا رشتہ نبھا ئے گا یار,7_1_4_42,1.5810204081632653,0.1497527211904525,clean_ok,ok,5,[CURR] کیا رشتہ نبھا ئے گا یار
audio/8_1_7_12.wav,Sad,تاکہ بابا کی روح کو تسلی مل سکے,8_1_7_12,5.323310657596372,0.0719031393527984,clean_ok,ok,3,[CURR] تاکہ بابا کی روح کو تسلی مل سکے
audio/6_1_2_25.wav,Fear,پتہ بڑا برا لگ رہا ہے مجھے لگتا ہے میں اسے دھوکہ دے رہی ہوں اپنی دوست کو,6_1_2_25,5.688888888888889,0.1155436784029007,clean_ok,ok,4,[CURR] پتہ بڑا برا لگ رہا ہے مجھے لگتا ہے میں اسے دھوکہ دے رہی ہوں اپنی دوست کو
audio/2_0_4_17.wav,Disgust,سلے میں کیا ملا ذلت,2_0_4_17,1.5525850340136054,0.1355499923229217,clean_ok,ok,5,[CURR] سلے میں کیا ملا ذلت
audio/9_1_6_36.wav,Neutral,کہو کیسے یاد کیا,9_1_6_36,1.1017687074829932,0.1175936162471771,clean_ok,ok,0,[CURR] کہو کیسے یاد کیا
audio/8_1_3_01.wav,Boredum,کہہ ہی رہے ہو تو دیکھ ہی لیتے ہیں کیا گفٹ لائے ہو,8_1_3_01,5.479909297052155,0.1377695053815841,clean_ok,ok,6,[CURR] کہہ ہی رہے ہو تو دیکھ ہی لیتے ہیں کیا گفٹ لائے ہو
audio/3_0_4_13.wav,Disgust,اسے اپنے ساتھ باندھ کر رکھا کیجیے,3_0_4_13,2.031746031746032,0.1556032449007034,clean_ok,ok,5,[CURR] اسے اپنے ساتھ باندھ کر رکھا کیجیے
audio/6_1_2_43.wav,Fear,تو رو رہی ہے ایسا کیا ہوا اخر بول نہ,6_1_2_43,2.8955102040816327,0.1780667603015899,clean_ok,ok,4,[CURR] تو رو رہی ہے ایسا کیا ہوا اخر بول نہ
audio/8_1_3_15.wav,Boredum,مجھے لگتا ہے چوٹ کا اسر تمہارے دماغ پہ ہو گیا ہے,8_1_3_15,2.693514739229025,0.1839188635349273,clean_ok,ok,6,[CURR] مجھے لگتا ہے چوٹ کا اسر تمہارے دماغ پہ ہو گیا ہے
audio/9_1_5_39.wav,Happy,بالکل پاس رہی دل کے پاس بالکل قریب,9_1_5_39,3.026235827664399,0.1000960767269134,clean_ok,ok,1,[CURR] بالکل پاس رہی دل کے پاس بالکل قریب
audio/2_0_4_13.wav,Disgust,اس کی وجہ سے ہمیں جو ذلت اٹھانی پڑی مزید اٹھانی پڑے گی اور یہ ناقابل برداشت ہے,2_0_4_13,4.285827664399093,0.1778239607810974,clean_ok,ok,5,[CURR] اس کی وجہ سے ہمیں جو ذلت اٹھانی پڑی مزید اٹھانی پڑے گی اور یہ ناقابل برداشت ہے
audio/1_0_1_46.wav,Angry,دو دن ہو گئے ہیں میں نے تم سے کہا تھا تمام کمپنیوں کی لسٹ بنا کر مجھے دو,1_0_1_46,3.773242630385488,0.1763240694999694,clean_ok,ok,2,[CURR] دو دن ہو گئے ہیں میں نے تم سے کہا تھا تمام کمپنیوں کی لسٹ بنا کر مجھے دو
audio/10_1_5_12.wav,Happy,ہوں جلدی ہی ہے,10_1_5_12,1.9349659863945576,0.1539927721023559,clean_ok,ok,1,[CURR] ہوں جلدی ہی ہے
audio/8_1_3_33.wav,Boredum,مجھے جانا ہے,8_1_3_33,1.3351473922902497,0.2461055964231491,clean_ok,ok,6,[CURR] مجھے جانا ہے
audio/4_0_1_37.wav,Angry,زندگی میں پہلی بار میں نے کسی پر بھروسہ کیا وہ توڑ دیا اپ نے,4_0_1_37,4.597551020408163,0.1681167632341385,clean_ok,ok,2,[CURR] زندگی میں پہلی بار میں نے کسی پر بھروسہ کیا وہ توڑ دیا اپ نے
audio/3_0_7_39.wav,Sad,پچھتاوے کی جو چٹان اج میرے دل پر اچانک گری ہے,3_0_7_39,8.14015873015873,0.0251788962632417,too_long,ok,3,[CURR] پچھتاوے کی جو چٹان اج میرے دل پر اچانک گری ہے
audio/4_0_2_37.wav,Fear,کام دلائے گا تو تیرے گھر رہوں گا ورنہ چلا جاؤں گا بتا رہا ہوں,4_0_2_37,3.28562358276644,0.2045066207647323,clean_ok,ok,4,[CURR] کام دلائے گا تو تیرے گھر رہوں گا ورنہ چلا جاؤں گا بتا رہا ہوں
audio/2_0_6_30.wav,Neutral,پولیس کے ارڈر ہم نے لیس کیے ہیں اب اپ فالو کرتے رہیں,2_0_6_30,3.9372108843537417,0.1243745386600494,clean_ok,ok,0,[CURR] پولیس کے ارڈر ہم نے لیس کیے ہیں اب اپ فالو کرتے رہیں
audio/4_0_3_41.wav,Boredum,موبائل چھپایا ہے کپلوں میں,4_0_3_41,1.9040362811791385,0.1209308430552482,clean_ok,ok,6,[CURR] موبائل چھپایا ہے کپلوں میں
audio/4_0_5_40.wav,Happy,ان تمام خوبصورت چہروں کی طرف سے,4_0_5_40,2.3336054421768706,0.1192045956850051,clean_ok,ok,1,[CURR] ان تمام خوبصورت چہروں کی طرف سے
audio/9_1_2_11.wav,Fear,اور کتنی نظر رکھوں کیا کروں جوان اولاد کو تالے تو نہیں لگائے جاتے نا,9_1_2_11,4.829818594104308,0.173093780875206,clean_ok,ok,4,[CURR] اور کتنی نظر رکھوں کیا کروں جوان اولاد کو تالے تو نہیں لگائے جاتے نا
audio/10_1_5_34.wav,Happy,میں نے پہچان لیا,10_1_5_34,0.9218367346938776,0.1816837191581726,too_short,ok,1,[CURR] میں نے پہچان لیا
audio/5_0_7_30.wav,Sad,بیٹا جو بات میں کہنے جا رہا ہوں تو میں سن کے تکلیف تو ہوگی,5_0_7_30,3.7848526077097504,0.0799162536859512,clean_ok,ok,3,[CURR] بیٹا جو بات میں کہنے جا رہا ہوں تو میں سن کے تکلیف تو ہوگی
audio/4_0_4_33.wav,Disgust,کہاں سے خبر لائیں گے کیسی باتیں کرتا ہے تو,4_0_4_33,2.902947845804989,0.1621135473251342,clean_ok,ok,5,[CURR] کہاں سے خبر لائیں گے کیسی باتیں کرتا ہے تو
audio/3_0_1_04.wav,Angry,جاؤ اپنے اس جھوٹ کو سچ مان کر اب اس کے ساتھ زندگی گزارو,3_0_1_04,6.791836734693877,0.2073611766099929,clean_ok,ok,2,[CURR] جاؤ اپنے اس جھوٹ کو سچ مان کر اب اس کے ساتھ زندگی گزارو
audio/10_1_1_45.wav,Angry,شادی کسی اور سے نہیں ہوگی,10_1_1_45,1.1426530612244898,0.1952707916498184,clean_ok,ok,2,[CURR] شادی کسی اور سے نہیں ہوگی
audio/4_0_5_23.wav,Happy,دراصل مال جی خود بھی انا چاہ رہی تھی اپ کی طرف,4_0_5_23,4.099637188208617,0.070828728377819,clean_ok,ok,1,[CURR] دراصل مال جی خود بھی انا چاہ رہی تھی اپ کی طرف
audio/7_1_1_29.wav,Angry,تو کوئی بہت مردانگی والا کام کر رہے تھے,7_1_1_29,2.161700680272109,0.1385194808244705,clean_ok,ok,2,[CURR] تو کوئی بہت مردانگی والا کام کر رہے تھے
audio/8_1_2_05.wav,Fear,نہیں جانا مجھے تمہارے ساتھ کہیں,8_1_2_05,1.9431065759637187,0.1627744436264038,clean_ok,ok,4,[CURR] نہیں جانا مجھے تمہارے ساتھ کہیں
audio/1_0_5_49.wav,Happy,ایک بات ہے کہ ہم میں صبر ہے,1_0_5_49,1.9040362811791385,0.1369308233261108,clean_ok,ok,1,[CURR] ایک بات ہے کہ ہم میں صبر ہے
audio/7_1_1_34.wav,Angry,تمہارے دل میں جگہ نہیں چاہیے,7_1_1_34,2.072857142857143,0.1686085760593414,clean_ok,ok,2,[CURR] تمہارے دل میں جگہ نہیں چاہیے
audio/2_0_7_45.wav,Sad,اپنا سامان پیک کر لو,2_0_7_45,1.7763265306122449,0.1319455057382583,clean_ok,ok,3,[CURR] اپنا سامان پیک کر لو
audio/9_1_5_43.wav,Happy,بسم اللہ مما کے پاس جاؤ گی بسم اللہ یہ لو جی,9_1_5_43,5.08671201814059,0.1803834438323974,clean_ok,ok,1,[CURR] بسم اللہ مما کے پاس جاؤ گی بسم اللہ یہ لو جی
audio/8_1_5_34.wav,Happy,بابا نے کہا ہے اج میں تم دونوں کو گھرداری سکھاؤں گی,8_1_5_34,3.715192743764173,0.1762816905975341,clean_ok,ok,1,[CURR] بابا نے کہا ہے اج میں تم دونوں کو گھرداری سکھاؤں گی
audio/10_1_3_40.wav,Boredum,لگا لیتے ہیں آپ کو کیا ہے,10_1_3_40,1.4142857142857144,0.0630328059196472,clean_ok,ok,6,[CURR] لگا لیتے ہیں آپ کو کیا ہے
audio/7_1_6_07.wav,Neutral,کیا میں پوچھ سکتی ہوں کہ اپ نے فون کیوں کیا ہے,7_1_6_07,1.880816326530612,0.1630946695804596,clean_ok,ok,0,[CURR] کیا میں پوچھ سکتی ہوں کہ اپ نے فون کیوں کیا ہے
audio/5_0_6_27.wav,Neutral,دو دفعہ ہمارے گھر میں ائے کچھ کھائے پیے بغیر ہی چلے گئے,5_0_6_27,2.879274376417233,0.1109241694211959,clean_ok,ok,0,[CURR] دو دفعہ ہمارے گھر میں ائے کچھ کھائے پیے بغیر ہی چلے گئے
audio/6_1_4_46.wav,Disgust,اتنی بکواس ان کی نہ کوئی سر نہ کوئی پیر,6_1_4_46,3.599092970521542,0.1572132110595703,clean_ok,ok,5,[CURR] اتنی بکواس ان کی نہ کوئی سر نہ کوئی پیر
audio/7_1_7_09.wav,Sad,مجھے بس بہت بُرا لگ رہا ہے,7_1_7_09,1.880816326530612,0.1642801761627197,clean_ok,ok,3,[CURR] مجھے بس بہت بُرا لگ رہا ہے
audio/1_0_5_38.wav,Happy,میں یوں کروں گا نا کہ کچھ عرصے کے لیے بزنس فون پر مینج کر لوں گا,1_0_5_38,6.025578231292517,0.1405909359455108,clean_ok,ok,1,[CURR] میں یوں کروں گا نا کہ کچھ عرصے کے لیے بزنس فون پر مینج کر لوں گا
audio/10_1_7_26.wav,Sad,امی میں بھٹک گئی تھی,10_1_7_26,2.4042857142857144,0.1371567398309707,clean_ok,ok,3,[CURR] امی میں بھٹک گئی تھی
audio/7_1_1_20.wav,Angry,اور بند کرو یہ ڈرامے بازی مجھے پتہ ہے تمہیں کوئی فریکچر نہیں ہوا,7_1_1_20,3.1695238095238096,0.1338126361370086,clean_ok,ok,2,[CURR] اور بند کرو یہ ڈرامے بازی مجھے پتہ ہے تمہیں کوئی فریکچر نہیں ہوا
audio/2_0_1_13.wav,Angry,ہزار ہزار روپے کی رشوت لینے والا اج لاکھوں کی ڈیل کر رہا ہے وہ بھی مجھ سے,2_0_1_13,4.013537414965986,0.1974172741174698,clean_ok,ok,2,[CURR] ہزار ہزار روپے کی رشوت لینے والا اج لاکھوں کی ڈیل کر رہا ہے وہ بھی مجھ سے
audio/1_0_4_34.wav,Disgust,اگر اس کی جگہ یہ جرم کسی اور نے کیا ہوتا نا تو اب تک اس کا پرچہ کٹ گیا ہوتا تو اس کو سزا مل گئی ہوتی,1_0_4_34,5.804988662131519,0.1503091007471084,clean_ok,ok,5,[CURR] اگر اس کی جگہ یہ جرم کسی اور نے کیا ہوتا نا تو اب تک اس کا پرچہ کٹ گیا ہوتا تو اس کو سزا مل گئی ہوتی
audio/7_1_4_32.wav,Disgust,تمہارا یہ رُعب نا مجھ پر نہیں چلنے والا,7_1_4_32,2.113015873015873,0.1062349826097488,clean_ok,ok,5,[CURR] تمہارا یہ رُعب نا مجھ پر نہیں چلنے والا
audio/8_1_2_21.wav,Fear,جو کچھ میرے ساتھ ہو رہا ہے نا اپ نہیں سمجھیں گے میرا سر پھٹ رہا ہے,8_1_2_21,3.63063492063492,0.1429614275693893,clean_ok,ok,4,[CURR] جو کچھ میرے ساتھ ہو رہا ہے نا اپ نہیں سمجھیں گے میرا سر پھٹ رہا ہے
audio/5_0_5_42.wav,Happy,اس رات اپ نے اس خوبصورت پارٹی اور ارینج کی ہے اپ کو پتہ ہے اپ کا بھائی فنکار ادمی,5_0_5_42,4.709614512471656,0.1496104151010513,clean_ok,ok,1,[CURR] اس رات اپ نے اس خوبصورت پارٹی اور ارینج کی ہے اپ کو پتہ ہے اپ کا بھائی فنکار ادمی
audio/4_0_2_30.wav,Fear,کیوں نہیں ہوئی نفرت یہ سب کیا ہے یہ کیا ہو رہا ہے میرے ساتھ,4_0_2_30,3.982222222222222,0.1234313547611236,clean_ok,ok,4,[CURR] کیوں نہیں ہوئی نفرت یہ سب کیا ہے یہ کیا ہو رہا ہے میرے ساتھ
audio/2_0_5_38.wav,Happy,اوئے چودری نزاکت,2_0_5_38,1.15140589569161,0.1894957423210144,clean_ok,ok,1,[CURR] اوئے چودری نزاکت
audio/1_0_2_12.wav,Fear,میں جلد از جلد ا ذلت کو گھر سے باہر پھینکنا چاہتا ہوں,1_0_2_12,3.7500226757369615,0.1517291069030761,clean_ok,ok,4,[CURR] میں جلد از جلد ا ذلت کو گھر سے باہر پھینکنا چاہتا ہوں
audio/5_0_5_48.wav,Happy,ویسے بھی نہ کہیں نا یاد تو کرتی ہے نا اس لیے تو مجھے بلایا ہے,5_0_5_48,6.7057142857142855,0.1052175536751747,clean_ok,ok,1,[CURR] ویسے بھی نہ کہیں نا یاد تو کرتی ہے نا اس لیے تو مجھے بلایا ہے
audio/6_1_6_23.wav,Neutral,اتنی اچھی لگتی ہوں تو ہمیشہ ہمیشہ کے لیئے اپنے پاس کیوں نہیں رکھ لیتے,6_1_6_23,3.3436734693877552,0.098204880952835,clean_ok,ok,0,[CURR] اتنی اچھی لگتی ہوں تو ہمیشہ ہمیشہ کے لیئے اپنے پاس کیوں نہیں رکھ لیتے
audio/7_1_1_07.wav,Angry,پولیس کو بلاؤں اب میں,7_1_1_07,0.972063492063492,0.1936248391866684,too_short,ok,2,[CURR] پولیس کو بلاؤں اب میں
audio/5_0_7_31.wav,Sad,تمہیں دینے کے لیے میرے پاس کچھ بھی نہیں ہے,5_0_7_31,2.8328344671201813,0.0731987580657005,clean_ok,ok,3,[CURR] تمہیں دینے کے لیے میرے پاس کچھ بھی نہیں ہے
audio/6_1_6_49.wav,Neutral,تو اُن کا وقت پہ اور خود پہ اختیار نہیں ہوتا,6_1_6_49,2.449705215419501,0.1439221352338791,clean_ok,ok,0,[CURR] تو اُن کا وقت پہ اور خود پہ اختیار نہیں ہوتا
audio/4_0_5_20.wav,Happy,ایسا بھی نہیں کہا میں نے,4_0_5_20,1.286734693877551,0.0966373234987258,clean_ok,ok,1,[CURR] ایسا بھی نہیں کہا میں نے
audio/5_0_5_06.wav,Happy,وہ بچہ تو بہت شرارتی تھا,5_0_5_06,1.8366439909297048,0.1200636550784111,clean_ok,ok,1,[CURR] وہ بچہ تو بہت شرارتی تھا
audio/5_0_4_18.wav,Disgust,واہ واہ واہ واہ اپ نے تو میدان صاف کروا دیا سر,5_0_4_18,4.667210884353741,0.1129331812262535,clean_ok,ok,5,[CURR] واہ واہ واہ واہ اپ نے تو میدان صاف کروا دیا سر
audio/7_1_3_12.wav,Boredum,بس مجھے اندازہ تھا,7_1_3_12,1.6996145124716553,0.1316397786140442,clean_ok,ok,6,[CURR] بس مجھے اندازہ تھا
audio/3_0_3_25.wav,Boredum,میں نے سوچا کہ,3_0_3_25,1.650702947845805,0.0941929817199707,clean_ok,ok,6,[CURR] میں نے سوچا کہ
audio/4_0_7_33.wav,Sad,سانس لینا تو میری اماں کے لیے بھی مشکل ہو گیا تھا منشی صاحب,4_0_7_33,3.178185941043084,0.1352543532848358,clean_ok,ok,3,[CURR] سانس لینا تو میری اماں کے لیے بھی مشکل ہو گیا تھا منشی صاحب
audio/2_0_5_30.wav,Happy,بہت شوق تھا بہت شدید,2_0_5_30,1.331201814058957,0.1292750686407089,clean_ok,ok,1,[CURR] بہت شوق تھا بہت شدید
audio/8_1_1_16.wav,Angry,چھوڑوں گی نہیں جان سے مار دوں گی میں اس کو,8_1_1_16,3.7118367346938776,0.133653312921524,clean_ok,ok,2,[CURR] چھوڑوں گی نہیں جان سے مار دوں گی میں اس کو
audio/5_0_3_39.wav,Boredum,چا چا جی ذرا سمجھنے کی کوشش کرو,5_0_3_39,4.21453514739229,0.1412088572978973,clean_ok,ok,6,[CURR] چا چا جی ذرا سمجھنے کی کوشش کرو
audio/1_0_5_36.wav,Happy,بھائی میں یہ سوچ رہا ہوں کہ ہم اؤٹنگ پلان کریں اور ٹرپ رکھتے ہیں کوئی لاہور کا,1_0_5_36,7.035646258503402,0.187492623925209,clean_ok,ok,1,[CURR] بھائی میں یہ سوچ رہا ہوں کہ ہم اؤٹنگ پلان کریں اور ٹرپ رکھتے ہیں کوئی لاہور کا
audio/5_0_6_05.wav,Neutral,وہ اپنا سب کچھ کسانوں پر خرچ کر چکا ہے,5_0_6_05,2.8676643990929707,0.1616837233304977,clean_ok,ok,0,[CURR] وہ اپنا سب کچھ کسانوں پر خرچ کر چکا ہے
audio/3_0_5_20.wav,Happy,دیکھنے میں شکم بہت اچھا لگ رہا ہے,3_0_5_20,3.657142857142857,0.1256770640611648,clean_ok,ok,1,[CURR] دیکھنے میں شکم بہت اچھا لگ رہا ہے
audio/3_0_1_05.wav,Angry,بس کرو دماغ چاٹ لیا ہے تم نے شکی بھائی شکی بھائی کے گن گا کر,3_0_1_05,4.213242630385488,0.112319529056549,clean_ok,ok,2,[CURR] بس کرو دماغ چاٹ لیا ہے تم نے شکی بھائی شکی بھائی کے گن گا کر
audio/10_1_3_08.wav,Boredum,پھر مومنہ بن کے رہ جاتی,10_1_3_08,1.6121315192743764,0.0978150740265846,clean_ok,ok,6,[CURR] پھر مومنہ بن کے رہ جاتی
audio/9_1_3_37.wav,Boredum,نہیں رابیل یہ درد نہیں ہے یہ,9_1_3_37,5.584761904761905,0.086152084171772,clean_ok,ok,6,[CURR] نہیں رابیل یہ درد نہیں ہے یہ
audio/1_0_5_04.wav,Happy,اپ کے ہاتھوں کی لسی کی تو بات ہی کچھ اور ہے,1_0_5_04,2.879274376417233,0.1287898421287536,clean_ok,ok,1,[CURR] اپ کے ہاتھوں کی لسی کی تو بات ہی کچھ اور ہے
audio/6_1_3_04.wav,Boredum,ایسا کچھ نہیں ہے یار,6_1_3_04,1.2625396825396826,0.1869600117206573,clean_ok,ok,6,[CURR] ایسا کچھ نہیں ہے یار
audio/7_1_1_48.wav,Angry,اپنی بیٹی کو اپنی اولاد کو بد دعا دیتی ہو اجڑنے کی,7_1_1_48,3.3703401360544216,0.1711900234222412,clean_ok,ok,2,[CURR] اپنی بیٹی کو اپنی اولاد کو بد دعا دیتی ہو اجڑنے کی
audio/3_0_7_18.wav,Sad,اج ذرا تھم کے رہیں تیش میں ا کر اسے تھپڑ وغیرہ نہ مار دینا,3_0_7_18,8.141065759637188,0.0571782663464546,too_long,ok,3,[CURR] اج ذرا تھم کے رہیں تیش میں ا کر اسے تھپڑ وغیرہ نہ مار دینا
audio/8_1_5_26.wav,Happy,چند لمحوں میں ڈھیر سی باتیں کچھ جانی انجانی,8_1_5_26,3.5874829931972787,0.1644016802310943,clean_ok,ok,1,[CURR] چند لمحوں میں ڈھیر سی باتیں کچھ جانی انجانی
audio/1_0_6_25.wav,Neutral,میں ہر رشتوں کو اس کے مقام پر دیکھنا چاہتا ہوں اپا,1_0_6_25,2.786394557823129,0.1287661492824554,clean_ok,ok,0,[CURR] میں ہر رشتوں کو اس کے مقام پر دیکھنا چاہتا ہوں اپا
audio/4_0_6_35.wav,Neutral,پڑھنا لکھنا میرا شوق تھا صاحب جو میں کر رہا ہوں وہ میں ہوں,4_0_6_35,3.623015873015873,0.1527044177055359,clean_ok,ok,0,[CURR] پڑھنا لکھنا میرا شوق تھا صاحب جو میں کر رہا ہوں وہ میں ہوں
audio/4_0_1_32.wav,Angry,پتہ کیجیے اپنے صاحب کا منہ کے بل گرا ہے اپ کا صاحب,4_0_1_32,4.435011337868481,0.2140996605157852,clean_ok,ok,2,[CURR] پتہ کیجیے اپنے صاحب کا منہ کے بل گرا ہے اپ کا صاحب
audio/5_0_6_16.wav,Neutral,بس بیگم صاحبہ زمانہ بدل گیا,5_0_6_16,2.567551020408163,0.1222471669316291,clean_ok,ok,0,[CURR] بس بیگم صاحبہ زمانہ بدل گیا
audio/1_0_2_21.wav,Fear,نہیں نہیں نفیسا یہ یہ مجھ سے نہیں ہوگا,1_0_2_21,4.96907029478458,0.0904461741447448,clean_ok,ok,4,[CURR] نہیں نہیں نفیسا یہ یہ مجھ سے نہیں ہوگا
audio/10_1_6_21.wav,Neutral,خُدا حافظ کرنے آئی ہوں,10_1_6_21,1.3020861678004536,0.11094930768013,clean_ok,ok,0,[CURR] خُدا حافظ کرنے آئی ہوں
audio/6_1_1_26.wav,Angry,مجھے اپنے باپ سے بڑھ کر کوئی کوئی عزیز نہیں ہے سمجھے تم,6_1_1_26,2.3252834467120183,0.2314674258232116,clean_ok,ok,2,[CURR] مجھے اپنے باپ سے بڑھ کر کوئی کوئی عزیز نہیں ہے سمجھے تم
audio/1_0_3_12.wav,Boredum,نہیں نہیں اس کی ضرورت نہیں ہے,1_0_3_12,3.1579138321995464,0.1129868403077125,clean_ok,ok,6,[CURR] نہیں نہیں اس کی ضرورت نہیں ہے
audio/1_0_3_37.wav,Boredum,اور اب نا یہ تو کیوں کر کے ساتھ دل بھی ویران ہو گیا ہے میرا,1_0_3_37,5.410249433106576,0.0867725387215614,clean_ok,ok,6,[CURR] اور اب نا یہ تو کیوں کر کے ساتھ دل بھی ویران ہو گیا ہے میرا
audio/10_1_7_50.wav,Sad,ایسا لگتا ہے جیسے میری زندگی کا مقصد ہی ختم ہوگیا ہے,10_1_7_50,3.509297052154195,0.0987768620252609,clean_ok,ok,3,[CURR] ایسا لگتا ہے جیسے میری زندگی کا مقصد ہی ختم ہوگیا ہے
audio/5_0_3_32.wav,Boredum,اے ہاں بلکل بلکل بلکل بلکل بلکل,5_0_3_32,3.0418140589569163,0.1472256183624267,clean_ok,ok,6,[CURR] اے ہاں بلکل بلکل بلکل بلکل بلکل
audio/5_0_7_07.wav,Sad,اس عورت نے میری زندگی برباد کر دی ہے,5_0_7_07,3.1579138321995464,0.1819123029708862,clean_ok,ok,3,[CURR] اس عورت نے میری زندگی برباد کر دی ہے
audio/5_0_1_48.wav,Angry,فریب ہے دھوکا ہے,5_0_1_48,1.1149659863945578,0.2664773762226105,clean_ok,ok,2,[CURR] فریب ہے دھوکا ہے
audio/6_1_7_26.wav,Sad,میری طبیعت کچھ ٹھیک نہیں ہے آج,6_1_7_26,1.8778231292517007,0.1701340675354004,clean_ok,ok,3,[CURR] میری طبیعت کچھ ٹھیک نہیں ہے آج
audio/2_0_6_42.wav,Neutral,میں وہی کروں گا جو میرا دل چاہے گا,2_0_6_42,1.7707936507936508,0.1779287755489349,clean_ok,ok,0,[CURR] میں وہی کروں گا جو میرا دل چاہے گا
audio/2_0_7_06.wav,Sad,ہاسپٹل سے فون ایا تھا وجی کا نایاب کی ڈیتھ ہو گئی ہے,2_0_7_06,4.481451247165533,0.1076707914471626,clean_ok,ok,3,[CURR] ہاسپٹل سے فون ایا تھا وجی کا نایاب کی ڈیتھ ہو گئی ہے
audio/9_1_6_38.wav,Neutral,تم اُسے جا کے لے کر آؤ چلو شاباش چلو جاؤ,9_1_6_38,2.374716553287982,0.1138542965054512,clean_ok,ok,0,[CURR] تم اُسے جا کے لے کر آؤ چلو شاباش چلو جاؤ
audio/5_0_4_21.wav,Disgust,ڈاکٹرز کے مطابق اس کے جسم گردن اور بازو اور ہاتھ پر زخم کے نشان ہیں,5_0_4_21,5.630839002267574,0.1450674682855606,clean_ok,ok,5,[CURR] ڈاکٹرز کے مطابق اس کے جسم گردن اور بازو اور ہاتھ پر زخم کے نشان ہیں
audio/4_0_4_44.wav,Disgust,نسون نکیہا سمجھ سے باہر,4_0_4_44,2.917641723356009,0.1267510205507278,clean_ok,ok,5,[CURR] نسون نکیہا سمجھ سے باہر
audio/8_1_6_23.wav,Neutral,میری فعل میرج کے پیچھے میں اکیلے خود ذمہ دار ہوں,8_1_6_23,3.3274149659863945,0.1966117769479751,clean_ok,ok,0,[CURR] میری فعل میرج کے پیچھے میں اکیلے خود ذمہ دار ہوں
audio/4_0_7_45.wav,Sad,میں اس ہار کو قبول کرتا ہوں قید کو قبول کرتا ہوں موت کو قبول کرتا ہوں,4_0_7_45,5.979138321995465,0.120043359696865,clean_ok,ok,3,[CURR] میں اس ہار کو قبول کرتا ہوں قید کو قبول کرتا ہوں موت کو قبول کرتا ہوں
audio/2_0_6_06.wav,Neutral,یہاں میرا اور بھائی بھابھی کا کمرہ ہے,2_0_6_06,2.046984126984127,0.1970990896224975,clean_ok,ok,0,[CURR] یہاں میرا اور بھائی بھابھی کا کمرہ ہے
audio/2_0_6_04.wav,Neutral,اس کے باپ یہاں ایا تھا شریف اور سیدھا ادمی ہے اسے پریشان نہ کریں نہ تنگ کریں اسے,2_0_6_04,6.664126984126984,0.1274971961975097,clean_ok,ok,0,[CURR] اس کے باپ یہاں ایا تھا شریف اور سیدھا ادمی ہے اسے پریشان نہ کریں نہ تنگ کریں اسے
audio/7_1_7_50.wav,Sad,مجھے ایسا لگ رہا تھا جیسے,7_1_7_50,1.2560544217687075,0.118526242673397,clean_ok,ok,3,[CURR] مجھے ایسا لگ رہا تھا جیسے
audio/6_1_6_31.wav,Neutral,اور دوسرا مجھے اس سے اچھا موقع نظر نہیں آرہا تھا,6_1_6_31,2.490136054421769,0.1752604991197586,clean_ok,ok,0,[CURR] اور دوسرا مجھے اس سے اچھا موقع نظر نہیں آرہا تھا
audio/9_1_3_29.wav,Boredum,کوئی بات نہیں وہ تھکے ہوئے ہیں صبح مل لیں گے,9_1_3_29,3.809478458049887,0.1126206740736961,clean_ok,ok,6,[CURR] کوئی بات نہیں وہ تھکے ہوئے ہیں صبح مل لیں گے
audio/1_0_4_37.wav,Disgust,کبھی تھانہ کچہری تمہیں جیل سے نکالنے کے لیے,1_0_4_37,3.831292517006802,0.0835586190223693,clean_ok,ok,5,[CURR] کبھی تھانہ کچہری تمہیں جیل سے نکالنے کے لیے
audio/3_0_3_03.wav,Boredum,میں اس بچے کا کیا کروں,3_0_3_03,3.619818594104309,0.1153429225087165,clean_ok,ok,6,[CURR] میں اس بچے کا کیا کروں
audio/9_1_6_05.wav,Neutral,جا کے اوپر سے جا کے بھولے کو اُٹھا چھت پہ سو رہا ہے,9_1_6_05,2.7222222222222223,0.1405594050884246,clean_ok,ok,0,[CURR] جا کے اوپر سے جا کے بھولے کو اُٹھا چھت پہ سو رہا ہے
audio/2_0_4_47.wav,Disgust,ابھی بس جو ہو گیا اسے بھول جاؤ خاموش رہو,2_0_4_47,2.201746031746032,0.1810285598039627,clean_ok,ok,5,[CURR] ابھی بس جو ہو گیا اسے بھول جاؤ خاموش رہو
audio/9_1_6_02.wav,Neutral,ہائے رضوانہ تم بھی کس کو کہہ رہی ہو,9_1_6_02,1.837482993197279,0.1775711178779602,clean_ok,ok,0,[CURR] ہائے رضوانہ تم بھی کس کو کہہ رہی ہو
audio/2_0_5_48.wav,Happy,پھر اس نے اٹھایا,2_0_5_48,1.1551927437641722,0.077456884086132,clean_ok,ok,1,[CURR] پھر اس نے اٹھایا
audio/10_1_4_31.wav,Disgust,اللہ کے گھر میں بیٹھ کے کیوں فضول افواہ پھیلا رہے ہو پہلے مجھے اس بات کا جواب دو,10_1_4_31,3.4713832199546486,0.0987249687314033,clean_ok,ok,5,[CURR] اللہ کے گھر میں بیٹھ کے کیوں فضول افواہ پھیلا رہے ہو پہلے مجھے اس بات کا جواب دو
audio/3_0_4_29.wav,Disgust,اج کل بچوں کو درس دیتا ہوں تو یوں لگتا ہے کہ وہ میرا منہ تک رہے ہیں,3_0_4_29,6.757006802721088,0.1071222871541976,clean_ok,ok,5,[CURR] اج کل بچوں کو درس دیتا ہوں تو یوں لگتا ہے کہ وہ میرا منہ تک رہے ہیں
audio/2_0_3_06.wav,Boredum,وہ جو تم میرے لیے کافی بنا رہی تھی وہی لے کر اؤ صبح سے میں نے کچھ نہیں کھایا,2_0_3_06,3.667936507936508,0.1023648753762245,clean_ok,ok,6,[CURR] وہ جو تم میرے لیے کافی بنا رہی تھی وہی لے کر اؤ صبح سے میں نے کچھ نہیں کھایا
audio/7_1_4_28.wav,Disgust,میرے لیئے یہ بہت بڑی بات ہے,7_1_4_28,2.612222222222222,0.1393830478191375,clean_ok,ok,5,[CURR] میرے لیئے یہ بہت بڑی بات ہے
audio/5_0_7_38.wav,Sad,مجھے بالکل اچھا نہیں لگتا تمہیں میری خاطر حلکان ہوتا ہوا دیکھ کر,5_0_7_38,5.468299319727891,0.0795276761054992,clean_ok,ok,3,[CURR] مجھے بالکل اچھا نہیں لگتا تمہیں میری خاطر حلکان ہوتا ہوا دیکھ کر
audio/10_1_3_35.wav,Boredum,ما شکرا,10_1_3_35,0.7204308390022676,0.1211414262652397,too_short,ok,6,[CURR] ما شکرا
audio/3_0_3_50.wav,Boredum,دل کی نہ سہی تڑپنے کی دوا تو دے دیجیے,3_0_3_50,5.169160997732426,0.1254496425390243,clean_ok,ok,6,[CURR] دل کی نہ سہی تڑپنے کی دوا تو دے دیجیے
audio/8_1_1_25.wav,Angry,میں اسے جان سے مار دوں گی سامنے ا جائے نا میری دوست اسے جان سے مار دوں گی,8_1_1_25,4.625238095238095,0.1691367924213409,clean_ok,ok,2,[CURR] میں اسے جان سے مار دوں گی سامنے ا جائے نا میری دوست اسے جان سے مار دوں گی
audio/5_0_5_25.wav,Happy,واہ یار پپیتا تو بڑا مزے کا تھا,5_0_5_25,2.6238548752834467,0.1780355274677276,clean_ok,ok,1,[CURR] واہ یار پپیتا تو بڑا مزے کا تھا
audio/9_1_6_33.wav,Neutral,اُن کو چائے وائے پوچھی ہے کچھ جو پھول لگانے آئے ہوئے ہیں اُوپر,9_1_6_33,2.6975963718820863,0.12307770550251,clean_ok,ok,0,[CURR] اُن کو چائے وائے پوچھی ہے کچھ جو پھول لگانے آئے ہوئے ہیں اُوپر
audio/7_1_3_14.wav,Boredum,اچھا ہوا گھس جاؤ تم میرے خواب میں اماں,7_1_3_14,6.392335600907029,0.2512301504611969,clean_ok,ok,6,[CURR] اچھا ہوا گھس جاؤ تم میرے خواب میں اماں
audio/1_0_4_28.wav,Disgust,میرا اپنا مطلب ایا تو میں بدر کو گیتی کا شوہر اور اپنا داماد تسلیم کرلوں,1_0_4_28,5.642448979591837,0.1124623045325279,clean_ok,ok,5,[CURR] میرا اپنا مطلب ایا تو میں بدر کو گیتی کا شوہر اور اپنا داماد تسلیم کرلوں
audio/7_1_4_09.wav,Disgust,کیا تماشا ہے یار,7_1_4_09,1.9328344671201807,0.1543806940317154,clean_ok,ok,5,[CURR] کیا تماشا ہے یار
audio/2_0_3_38.wav,Boredum,نوازستان میں کم از کم اداسی تو تھی یہاں تو ایک عجیب سا خالی پن ہے,2_0_3_38,3.791746031746032,0.1823314130306244,clean_ok,ok,6,[CURR] نوازستان میں کم از کم اداسی تو تھی یہاں تو ایک عجیب سا خالی پن ہے
audio/10_1_5_36.wav,Happy,آپ تو ہمیشہ یاد رہتے ہیں,10_1_5_36,1.7235600907029478,0.1137851253151893,clean_ok,ok,1,[CURR] آپ تو ہمیشہ یاد رہتے ہیں
audio/4_0_7_07.wav,Sad,اگر عشق یک طرفہ ہونا تو خود ہی اپنے اپ کے لیے رکاوٹ بن جاتا ہے,4_0_7_07,5.785124716553288,0.11116324365139,clean_ok,ok,3,[CURR] اگر عشق یک طرفہ ہونا تو خود ہی اپنے اپ کے لیے رکاوٹ بن جاتا ہے
audio/10_1_7_02.wav,Sad,امی فیصلہ نہیں کر سکتیں اپنے بارے میں,10_1_7_02,2.311179138321996,0.1717549860477447,clean_ok,ok,3,[CURR] امی فیصلہ نہیں کر سکتیں اپنے بارے میں
audio/4_0_5_29.wav,Happy,میں کتنا خوش ہوں اتنا خوش ہوں اتنا خوش ہوں کہ بتا نہیں سکتا,4_0_5_29,4.251065759637188,0.067861832678318,clean_ok,ok,1,[CURR] میں کتنا خوش ہوں اتنا خوش ہوں اتنا خوش ہوں کہ بتا نہیں سکتا
audio/9_1_6_34.wav,Neutral,پاؤں اوپر کر لیجیۓ نا,9_1_6_34,1.06297052154195,0.1403687447309494,clean_ok,ok,0,[CURR] پاؤں اوپر کر لیجیۓ نا
audio/7_1_2_16.wav,Fear,یہ ہمیشہ ایسے ہی اپنی مرضی چلاتے ہیں مجھ پر,7_1_2_16,2.391655328798186,0.0723878145217895,clean_ok,ok,4,[CURR] یہ ہمیشہ ایسے ہی اپنی مرضی چلاتے ہیں مجھ پر
audio/5_0_7_33.wav,Sad,اس نے اپنے ہاتھوں سے ساری سجاوٹ کی,5_0_7_33,2.8212244897959184,0.086604043841362,clean_ok,ok,3,[CURR] اس نے اپنے ہاتھوں سے ساری سجاوٹ کی
audio/10_1_5_46.wav,Happy,یہی بات ہے,10_1_5_46,0.7862585034013605,0.2099365890026092,too_short,ok,1,[CURR] یہی بات ہے
audio/1_0_4_26.wav,Disgust,اپا کہا نا وہ بزی ہے فارغ ہوگا تو ا جائے گا,1_0_4_26,3.099863945578232,0.1182672530412674,clean_ok,ok,5,[CURR] اپا کہا نا وہ بزی ہے فارغ ہوگا تو ا جائے گا
audio/3_0_1_28.wav,Angry,میں سوچ بھی نہیں سکتا تھا کہ تم اس اس کیچڑ میں پاؤں رکھو گی,3_0_1_28,4.9472108843537415,0.1263768374919891,clean_ok,ok,2,[CURR] میں سوچ بھی نہیں سکتا تھا کہ تم اس اس کیچڑ میں پاؤں رکھو گی
audio/3_0_7_41.wav,Sad,کہ میں ندامت اور پشیمانیوں میں لے ہاتھوں سے ان کرچیوں کو سمیٹنا بھی چاہوں تو شاید ساری زندگی نہ کر سکو,3_0_7_41,14.63344671201814,0.0279491282999515,too_long,ok,3,[CURR] کہ میں ندامت اور پشیمانیوں میں لے ہاتھوں سے ان کرچیوں کو سمیٹنا بھی چاہوں تو شاید ساری زندگی نہ کر سکو
audio/6_1_3_14.wav,Boredum,ہوش تو آلینے دے یار,6_1_3_14,1.953673469387755,0.1476695239543914,clean_ok,ok,6,[CURR] ہوش تو آلینے دے یار
audio/1_0_1_44.wav,Angry,اور تو نے کون سا تھوڑی دیر میں جا کر سارا کورس حفظ کر لینا ہے,1_0_1_44,3.4946031746031747,0.1998520344495773,clean_ok,ok,2,[CURR] اور تو نے کون سا تھوڑی دیر میں جا کر سارا کورس حفظ کر لینا ہے
audio/9_1_7_13.wav,Sad,آجکل تو اچھے اچھے لوگوں کو رشتے نہیں ملتے,9_1_7_13,2.272018140589569,0.1271730959415435,clean_ok,ok,3,[CURR] آجکل تو اچھے اچھے لوگوں کو رشتے نہیں ملتے
audio/4_0_6_16.wav,Neutral,میں اپ سے کہہ رہا ہوں نا کہ مجھے اپ سے کچھ پوچھنا ہے میری نیت خراب نہیں ہے,4_0_6_16,4.098571428571429,0.1353316009044647,clean_ok,ok,0,[CURR] میں اپ سے کہہ رہا ہوں نا کہ مجھے اپ سے کچھ پوچھنا ہے میری نیت خراب نہیں ہے
audio/2_0_3_14.wav,Boredum,ا کر زیادہ میں مذاق کے موڈ میں نہیں ہوں,2_0_3_14,1.9152154195011333,0.1905908286571502,clean_ok,ok,6,[CURR] ا کر زیادہ میں مذاق کے موڈ میں نہیں ہوں
audio/7_1_2_34.wav,Fear,تم نے مجھے بتایا کیوں نہیں,7_1_2_34,1.56734693877551,0.1550602912902832,clean_ok,ok,4,[CURR] تم نے مجھے بتایا کیوں نہیں
audio/10_1_2_35.wav,Fear,اس کا سوال ہی پیدا نہیں ہوتا,10_1_2_35,1.6291156462585037,0.1210830435156822,clean_ok,ok,4,[CURR] اس کا سوال ہی پیدا نہیں ہوتا
audio/10_1_5_48.wav,Happy,کتنی فرمانبرداری سے کبوتروں کو دانہ ڈال رہا ہے,10_1_5_48,2.9612244897959186,0.1688388884067535,clean_ok,ok,1,[CURR] کتنی فرمانبرداری سے کبوتروں کو دانہ ڈال رہا ہے
audio/5_0_3_47.wav,Boredum,اوررر وہ مجھے کچھ فایدہ چاہیے,5_0_3_47,3.337278911564626,0.1047429889440536,clean_ok,ok,6,[CURR] اوررر وہ مجھے کچھ فایدہ چاہیے
audio/6_1_7_46.wav,Sad,گلی کا روڑا بن گئی ہوں میں,6_1_7_46,2.4380952380952383,0.1256770640611648,clean_ok,ok,3,[CURR] گلی کا روڑا بن گئی ہوں میں
audio/1_0_7_15.wav,Sad,اس سے پہلے کہ زندگی مجھ سے روٹھ جائے,1_0_7_15,3.610702947845805,0.1233559250831604,clean_ok,ok,3,[CURR] اس سے پہلے کہ زندگی مجھ سے روٹھ جائے
audio/8_1_2_19.wav,Fear,اگر اس بھائی کے چہلم تک نکاح نہیں کروایا نا تو وہ مجھے ڈیورس دے دے گا,8_1_2_19,4.150408163265306,0.1558949798345565,clean_ok,ok,4,[CURR] اگر اس بھائی کے چہلم تک نکاح نہیں کروایا نا تو وہ مجھے ڈیورس دے دے گا
audio/10_1_7_47.wav,Sad,بھوک مر گئی ہے میری,10_1_7_47,1.44140589569161,0.1640642583370208,clean_ok,ok,3,[CURR] بھوک مر گئی ہے میری
audio/1_0_3_23.wav,Boredum,کافی دکھی لگ رہا تھا بیچارا,1_0_3_23,2.449705215419501,0.1230698302388191,clean_ok,ok,6,[CURR] کافی دکھی لگ رہا تھا بیچارا
audio/3_0_1_46.wav,Angry,دو دن گھر سے باہر رہے گا ہوش ٹھکانے ا جائیں گے صاحبزادے کے,3_0_1_46,4.620770975056689,0.1222681552171707,clean_ok,ok,2,[CURR] دو دن گھر سے باہر رہے گا ہوش ٹھکانے ا جائیں گے صاحبزادے کے
audio/8_1_7_15.wav,Sad,اپنے بھی خفا ہیں مجھ سے بیگانے بھی ناخوش,8_1_7_15,5.165963718820862,0.0885114595293998,clean_ok,ok,3,[CURR] اپنے بھی خفا ہیں مجھ سے بیگانے بھی ناخوش
audio/10_1_1_43.wav,Angry,سُنا آپ نے,10_1_1_43,0.7660770975056689,0.1601513624191284,too_short,ok,2,[CURR] سُنا آپ نے
audio/1_0_1_20.wav,Angry,میرے ہی گھر میں مجھے اسلحہ دیکھا کر دھمکی دیتے ہو تم,1_0_1_20,3.2275736961451247,0.2129569202661514,clean_ok,ok,2,[CURR] میرے ہی گھر میں مجھے اسلحہ دیکھا کر دھمکی دیتے ہو تم
audio/6_1_1_16.wav,Angry,میرے میں اور برداشت نہیں ہے میں اپ کو برداشت نہیں کر سکتی جائیں یہاں سے,6_1_1_16,2.513151927437642,0.1508545279502868,clean_ok,ok,2,[CURR] میرے میں اور برداشت نہیں ہے میں اپ کو برداشت نہیں کر سکتی جائیں یہاں سے
audio/1_0_4_08.wav,Disgust,ھو میری بھی کیا زندگی ہے ایک عورت ملی اور وہ بھی دھوکہ دے کے چلی گئی,1_0_4_08,4.388571428571429,0.1258399933576584,clean_ok,ok,5,[CURR] ھو میری بھی کیا زندگی ہے ایک عورت ملی اور وہ بھی دھوکہ دے کے چلی گئی
audio/8_1_6_35.wav,Neutral,کیونکہ اپ نے اپنی بیٹی کی شاید تربیت ہی نہیں کی ہے,8_1_6_35,2.6016326530612246,0.1435847878456115,clean_ok,ok,0,[CURR] کیونکہ اپ نے اپنی بیٹی کی شاید تربیت ہی نہیں کی ہے
audio/5_0_2_15.wav,Fear,تم پتلی ہونا چاہتی ہوگی مگر اس فن کا ماہر میں ہوں,5_0_2_15,4.46984126984127,0.0706832632422447,clean_ok,ok,4,[CURR] تم پتلی ہونا چاہتی ہوگی مگر اس فن کا ماہر میں ہوں
audio/8_1_7_24.wav,Sad,میں ٹھیک ہوں یہاں اکیلی,8_1_7_24,2.531609977324263,0.0919404402375221,clean_ok,ok,3,[CURR] میں ٹھیک ہوں یہاں اکیلی
audio/6_1_2_08.wav,Fear,کہا نا صبح بتاؤں گی ابھی کیسے بتا دوں,6_1_2_08,2.1448979591836737,0.0856524780392646,clean_ok,ok,4,[CURR] کہا نا صبح بتاؤں گی ابھی کیسے بتا دوں
audio/5_0_6_50.wav,Neutral,ارے بھائی وہ کل میں تو بتانا ہی بھول گیا کہ کل اس لڑکے نے ا کر خود بیان دیا ہے,5_0_6_50,4.876190476190477,0.1519088894128799,clean_ok,ok,0,[CURR] ارے بھائی وہ کل میں تو بتانا ہی بھول گیا کہ کل اس لڑکے نے ا کر خود بیان دیا ہے
audio/9_1_5_15.wav,Happy,کیا حال ہے خیر سے پہنچ گئے,9_1_5_15,1.7096825396825397,0.1634163409471511,clean_ok,ok,1,[CURR] کیا حال ہے خیر سے پہنچ گئے
audio/7_1_1_14.wav,Angry,نہیں اپ لوگوں نے میرے ساتھ مذاق کیا ہے,7_1_1_14,2.020136054421769,0.1643677502870559,clean_ok,ok,2,[CURR] نہیں اپ لوگوں نے میرے ساتھ مذاق کیا ہے
audio/5_0_6_41.wav,Neutral,سر لڑکی نے بیان خود دیا ہے جی,5_0_6_41,2.4961451247165534,0.1481651216745376,clean_ok,ok,0,[CURR] سر لڑکی نے بیان خود دیا ہے جی
audio/4_0_1_16.wav,Angry,اپ کی قسم کوئی ٹال نہیں سکتا ہاتھ باندھ دیے نا موسی کے اپ نے چھوڑ دو انہیں بخش دوں,4_0_1_16,5.712108843537415,0.2109120339155197,clean_ok,ok,2,[CURR] اپ کی قسم کوئی ٹال نہیں سکتا ہاتھ باندھ دیے نا موسی کے اپ نے چھوڑ دو انہیں بخش دوں
audio/5_0_6_30.wav,Neutral,ویسے بھی ان بچیوں کا واحد سہارا ہے وہ,5_0_6_30,2.36843537414966,0.1223048120737075,clean_ok,ok,0,[CURR] ویسے بھی ان بچیوں کا واحد سہارا ہے وہ
audio/2_0_6_12.wav,Neutral,اپ ایک کام کریں میں اپ کو ایک گاڑی دے دیتا ہوں اپ اپنے پاس ہی رکھیں,2_0_6_12,4.841360544217687,0.1167016103863716,clean_ok,ok,0,[CURR] اپ ایک کام کریں میں اپ کو ایک گاڑی دے دیتا ہوں اپ اپنے پاس ہی رکھیں
audio/6_1_4_14.wav,Disgust,کیسے چپک کے بیٹھی تھی تمہارے ساتھ,6_1_4_14,1.7414965986394555,0.0983310118317604,clean_ok,ok,5,[CURR] کیسے چپک کے بیٹھی تھی تمہارے ساتھ
audio/4_0_3_49.wav,Boredum,میری کہانی میرے ماضی کے ساتھ جڑے ایک زخم کی ہے,4_0_3_49,3.8545124716553287,0.0907396748661995,clean_ok,ok,6,[CURR] میری کہانی میرے ماضی کے ساتھ جڑے ایک زخم کی ہے
audio/3_0_4_49.wav,Disgust,کہاں سے ایا ہو رات کے ساڑھے نو بجے,3_0_4_49,3.355283446712018,0.1394967287778854,clean_ok,ok,5,[CURR] کہاں سے ایا ہو رات کے ساڑھے نو بجے
audio/9_1_5_22.wav,Happy,تو پیارا سا تیار ہو کے جاتے ہیں,9_1_5_22,2.127120181405896,0.2320660650730133,clean_ok,ok,1,[CURR] تو پیارا سا تیار ہو کے جاتے ہیں
audio/3_0_7_47.wav,Sad,میری ماں نہیں ہے نا ورنہ میں بھی بری ہو جاتا,3_0_7_47,4.040272108843538,0.0352064929902553,clean_ok,ok,3,[CURR] میری ماں نہیں ہے نا ورنہ میں بھی بری ہو جاتا
audio/1_0_5_30.wav,Happy,ہا ہا ہا ہا ہا ہا خوش,1_0_5_30,2.9257142857142857,0.0770385712385177,clean_ok,ok,1,[CURR] ہا ہا ہا ہا ہا ہا خوش
audio/7_1_7_44.wav,Sad,تم چلے جاؤ گے,7_1_7_44,1.2970975056689342,0.1289799213409423,clean_ok,ok,3,[CURR] تم چلے جاؤ گے
audio/6_1_4_42.wav,Disgust,اگر میری اس کے ساتھ بنتی تو میرا اس کے ساتھ چکر ہوتا یہی مطلب ہے تیرا,6_1_4_42,2.995374149659864,0.1217651516199112,clean_ok,ok,5,[CURR] اگر میری اس کے ساتھ بنتی تو میرا اس کے ساتھ چکر ہوتا یہی مطلب ہے تیرا
audio/4_0_1_45.wav,Angry,کبھی یہ سوچا ہے کہ انسان انسان پیدا ہوتا ہے جانور کیسے بن گیا,4_0_1_45,3.622312925170068,0.2325062453746795,clean_ok,ok,2,[CURR] کبھی یہ سوچا ہے کہ انسان انسان پیدا ہوتا ہے جانور کیسے بن گیا
audio/6_1_1_34.wav,Angry,تو مجھے بچانے کے لیے مجھ سے زیادہ گر رہا ہے,6_1_1_34,2.060793650793651,0.1337389349937439,clean_ok,ok,2,[CURR] تو مجھے بچانے کے لیے مجھ سے زیادہ گر رہا ہے
audio/8_1_4_35.wav,Disgust,بابا اتنا پسینہ کیوں ا رہا ہے اپ کو,8_1_4_35,2.182675736961451,0.1626414656639099,clean_ok,ok,5,[CURR] بابا اتنا پسینہ کیوں ا رہا ہے اپ کو
audio/3_0_5_31.wav,Happy,اب چلو ناشتہ دے بھی دو,3_0_5_31,6.002358276643991,0.1072704792022705,clean_ok,ok,1,[CURR] اب چلو ناشتہ دے بھی دو
audio/5_0_1_34.wav,Angry,اوئے تو بعد میں بھی نہیں دیکھ سکتا تو جو اتنا اڑتا ہے نا اپنے بھائی پہ بیٹھا ہوا ہے نا,5_0_1_34,4.584829931972789,0.1571812480688095,clean_ok,ok,2,[CURR] اوئے تو بعد میں بھی نہیں دیکھ سکتا تو جو اتنا اڑتا ہے نا اپنے بھائی پہ بیٹھا ہوا ہے نا
audio/6_1_2_38.wav,Fear,اگر یہ ابھی نہیں ہوگا تو کبھی نہیں ہوگا اس صورتحال کو ابھی ختم ہونا چاہیے,6_1_2_38,3.710045351473923,0.2077756524085998,clean_ok,ok,4,[CURR] اگر یہ ابھی نہیں ہوگا تو کبھی نہیں ہوگا اس صورتحال کو ابھی ختم ہونا چاہیے
audio/10_1_2_25.wav,Fear,جب ابھی جب ابھی ایسے چیختے ہیں نا,10_1_2_25,3.73702947845805,0.0625887066125869,clean_ok,ok,4,[CURR] جب ابھی جب ابھی ایسے چیختے ہیں نا
audio/2_0_7_25.wav,Sad,کیا پتا طوفان تھامے تو کچھ بتائے ایک پرابلم ختم ہوتی ہے تو دوسری شروع ہو جاتی ہے,2_0_7_25,6.1184580498866215,0.1373956650495529,clean_ok,ok,3,[CURR] کیا پتا طوفان تھامے تو کچھ بتائے ایک پرابلم ختم ہوتی ہے تو دوسری شروع ہو جاتی ہے
audio/9_1_1_25.wav,Angry,اور تو چل یہاں سے دفع ہو,9_1_1_25,2.3996145124716555,0.1836066991090774,clean_ok,ok,2,[CURR] اور تو چل یہاں سے دفع ہو
audio/1_0_2_28.wav,Fear,اس نے مجھے اپنے گھر انے دیا,1_0_2_28,3.622312925170068,0.1027802899479866,clean_ok,ok,4,[CURR] اس نے مجھے اپنے گھر انے دیا
audio/8_1_1_29.wav,Angry,تمہیں سب کچھ پتہ تھا,8_1_1_29,2.078185941043084,0.1631170809268951,clean_ok,ok,2,[CURR] تمہیں سب کچھ پتہ تھا
audio/3_0_4_42.wav,Disgust,ہاں لے لو جم کے دم لے لو پھر بتا دینا کہ کہاں سے ائے ہو,3_0_4_42,7.256235827664399,0.099289022386074,clean_ok,ok,5,[CURR] ہاں لے لو جم کے دم لے لو پھر بتا دینا کہ کہاں سے ائے ہو
audio/8_1_5_27.wav,Happy,سورج ایک ایک کر کے اپنے دروازے بند کرتا رہے,8_1_5_27,3.13469387755102,0.1813264638185501,clean_ok,ok,1,[CURR] سورج ایک ایک کر کے اپنے دروازے بند کرتا رہے
audio/6_1_4_23.wav,Disgust,ساری عمر ایک جیسی اواز دیتا ہے چائے ٹائپ کرنے والی انگلیاں چاہے جتنی تیز کیوں نہ چلتی ہوں,6_1_4_23,3.7268027210884354,0.1662870347499847,clean_ok,ok,5,[CURR] ساری عمر ایک جیسی اواز دیتا ہے چائے ٹائپ کرنے والی انگلیاں چاہے جتنی تیز کیوں نہ چلتی ہوں
audio/1_0_3_28.wav,Boredum,نہیں میں کافی دیر سے ایا ہوں میں جا ہی رہا تھا,1_0_3_28,4.400181405895691,0.1148922368884086,clean_ok,ok,6,[CURR] نہیں میں کافی دیر سے ایا ہوں میں جا ہی رہا تھا
audio/2_0_1_06.wav,Angry,جس گھر میں کبھی پولیس نے قدم نہیں رکھا تھا وہ دو کوڑی کا انسپیکٹر ا کر ہمیں ذلیل کر رہا ہے دھمکا رہا ہے,2_0_1_06,5.7817687074829935,0.1425210088491439,clean_ok,ok,2,[CURR] جس گھر میں کبھی پولیس نے قدم نہیں رکھا تھا وہ دو کوڑی کا انسپیکٹر ا کر ہمیں ذلیل کر رہا ہے دھمکا رہا ہے
audio/3_0_2_05.wav,Fear,اب دیکھو فارعہ اپنے اپ کو تماشا نہ بناؤ نہیں بناؤ,3_0_2_05,4.245532879818594,0.0887639224529266,clean_ok,ok,4,[CURR] اب دیکھو فارعہ اپنے اپ کو تماشا نہ بناؤ نہیں بناؤ
audio/8_1_3_03.wav,Boredum,مممم میں کیا کروں گی ان سے بات کر کے,8_1_3_03,3.599501133786848,0.1651836633682251,clean_ok,ok,6,[CURR] مممم میں کیا کروں گی ان سے بات کر کے
audio/1_0_5_05.wav,Happy,اکیلی ائی ہو حسان نہیں ایا اؤ اؤ اؤ,1_0_5_05,2.7399546485260773,0.1602291613817215,clean_ok,ok,1,[CURR] اکیلی ائی ہو حسان نہیں ایا اؤ اؤ اؤ
audio/10_1_6_41.wav,Neutral,کام ختم ہونے سے پہلے ایک نیا کام,10_1_6_41,2.7980045351473923,0.1263873875141143,clean_ok,ok,0,[CURR] کام ختم ہونے سے پہلے ایک نیا کام
audio/5_0_7_44.wav,Sad,صحیح ہے میں غریب ہوں میری اولاد بھی نہیں ہے کوئی نہیں ہے,5_0_7_44,5.804988662131519,0.1917033940553665,clean_ok,ok,3,[CURR] صحیح ہے میں غریب ہوں میری اولاد بھی نہیں ہے کوئی نہیں ہے
audio/1_0_4_48.wav,Disgust,وہ تمہارے بارے اتنی بڑی بات کر رہا تھا تو کیا میں برداشت کر سکتا تھا,1_0_4_48,4.46984126984127,0.1282340139150619,clean_ok,ok,5,[CURR] وہ تمہارے بارے اتنی بڑی بات کر رہا تھا تو کیا میں برداشت کر سکتا تھا
audio/8_1_3_20.wav,Boredum,انہوں نے بتا تھا,8_1_3_20,1.0681179138321997,0.1970083564519882,clean_ok,ok,6,[CURR] انہوں نے بتا تھا
audio/10_1_6_26.wav,Neutral,مجھے شرمندہ کر رہے ہیں ماسٹر صاحب,10_1_6_26,1.965873015873016,0.1373486518859863,clean_ok,ok,0,[CURR] مجھے شرمندہ کر رہے ہیں ماسٹر صاحب
audio/6_1_5_05.wav,Happy,مجھے بھی تیرے ساتھ بائک پہ بیٹھنا ہے ویسے ہی,6_1_5_05,2.670294784580499,0.1087366119027137,clean_ok,ok,1,[CURR] مجھے بھی تیرے ساتھ بائک پہ بیٹھنا ہے ویسے ہی
audio/9_1_5_19.wav,Happy,اے اللہ تیرا شکر ہے,9_1_5_19,2.600680272108844,0.0887846127152443,clean_ok,ok,1,[CURR] اے اللہ تیرا شکر ہے
audio/2_0_1_42.wav,Angry,بکواس بند کرو اپنی مذاق نہیں ہے یہ,2_0_1_42,2.4940589569161,0.1425939053297042,clean_ok,ok,2,[CURR] بکواس بند کرو اپنی مذاق نہیں ہے یہ
audio/4_0_4_36.wav,Disgust,پھر سے دھوکا اخری موقع دیا تھا میں نے اپ کو,4_0_4_36,4.249251700680272,0.119091011583805,clean_ok,ok,5,[CURR] پھر سے دھوکا اخری موقع دیا تھا میں نے اپ کو
audio/7_1_3_37.wav,Boredum,کام بھی تو کوئی ڈھنگ کا ہونا اماں جی,7_1_3_37,2.406439909297052,0.2233016788959503,clean_ok,ok,6,[CURR] کام بھی تو کوئی ڈھنگ کا ہونا اماں جی
audio/7_1_5_01.wav,Happy,خود گاڑی لوں اپنے لیے,7_1_5_01,1.5789569160997732,0.1916775852441787,clean_ok,ok,1,[CURR] خود گاڑی لوں اپنے لیے
audio/8_1_6_34.wav,Neutral,پر اپ کے بارے میں بھی کہہ سکتی ہوں,8_1_6_34,1.4315192743764171,0.1302970796823501,clean_ok,ok,0,[CURR] پر اپ کے بارے میں بھی کہہ سکتی ہوں
audio/1_0_3_24.wav,Boredum,جانتا ہوں تمہیں بھی تمہارے والد کو بھی,1_0_3_24,4.179591836734694,0.0778311416506767,clean_ok,ok,6,[CURR] جانتا ہوں تمہیں بھی تمہارے والد کو بھی
audio/2_0_5_34.wav,Happy,دل کی حالت تو میں ہی جانتا تھا اس وقت,2_0_5_34,1.888095238095238,0.2595994174480438,clean_ok,ok,1,[CURR] دل کی حالت تو میں ہی جانتا تھا اس وقت
audio/8_1_1_08.wav,Angry,تمہاری اتنی ہمت,8_1_1_08,1.3467573696145123,0.1907496154308319,clean_ok,ok,2,[CURR] تمہاری اتنی ہمت
audio/3_0_1_31.wav,Angry,اگر تمہیں کوئی لڑکی پسند ہے تو بتاؤ,3_0_1_31,2.6305668934240365,0.0893585085868835,clean_ok,ok,2,[CURR] اگر تمہیں کوئی لڑکی پسند ہے تو بتاؤ
audio/5_0_2_01.wav,Fear,کچھ نہیں کر سکتا میں بیمار ہوں,5_0_2_01,2.36843537414966,0.1301035284996032,clean_ok,ok,4,[CURR] کچھ نہیں کر سکتا میں بیمار ہوں
audio/6_1_6_07.wav,Neutral,پرسوں کیا تھا اُسے فون,6_1_6_07,1.6021768707482993,0.0461677424609661,clean_ok,ok,0,[CURR] پرسوں کیا تھا اُسے فون
audio/2_0_1_24.wav,Angry,اپنی بہن کی دوست کے ساتھ سہیلی بھی وہ جس سے تمہارا,2_0_1_24,2.951065759637188,0.1544816195964813,clean_ok,ok,2,[CURR] اپنی بہن کی دوست کے ساتھ سہیلی بھی وہ جس سے تمہارا
audio/9_1_6_03.wav,Neutral,ہیں اُس کو بیٹھانے کی بجائے خود کہیں اُڑن چھو ہو جائے گا پھر نہ کہنا مجھے,9_1_6_03,3.6003401360544216,0.1914461106061935,clean_ok,ok,0,[CURR] ہیں اُس کو بیٹھانے کی بجائے خود کہیں اُڑن چھو ہو جائے گا پھر نہ کہنا مجھے
audio/7_1_6_31.wav,Neutral,کیا بات کرنی ہے جلدی بولو مجھے بہت نیند ا رہی ہے میں نے سونا ہے,7_1_6_31,3.28562358276644,0.153061956167221,clean_ok,ok,0,[CURR] کیا بات کرنی ہے جلدی بولو مجھے بہت نیند ا رہی ہے میں نے سونا ہے
audio/6_1_5_41.wav,Happy,ہنسا تو پھنسا,6_1_5_41,1.636984126984127,0.0771242156624794,clean_ok,ok,1,[CURR] ہنسا تو پھنسا
audio/4_0_7_06.wav,Sad,یہ میرے حصے کے زخم اور نیل مراد تیرے چہرے تیرے جسم پر دیکھیں تو دکھ ہوا مجھے,4_0_7_06,4.794852607709751,0.1563682556152343,clean_ok,ok,3,[CURR] یہ میرے حصے کے زخم اور نیل مراد تیرے چہرے تیرے جسم پر دیکھیں تو دکھ ہوا مجھے
audio/1_0_4_35.wav,Disgust,بھول جاؤ ان زمینوں کو ائندہ محتاط رہنا زبان دی ہے میں نے اسے,1_0_4_35,6.002358276643991,0.0768640711903572,clean_ok,ok,5,[CURR] بھول جاؤ ان زمینوں کو ائندہ محتاط رہنا زبان دی ہے میں نے اسے
audio/10_1_6_29.wav,Neutral,ہمارا پیار اتنا ہی تھا داستانوں والا پیار نہیں تھا ہمارا,10_1_6_29,3.357959183673469,0.1328763961791992,clean_ok,ok,0,[CURR] ہمارا پیار اتنا ہی تھا داستانوں والا پیار نہیں تھا ہمارا
audio/7_1_2_06.wav,Fear,بولے جا رہے ہو بولے جا رہے ہو مجھے کچھ کہنے کا موقع دو گے,7_1_2_06,3.2275736961451247,0.0927533134818077,clean_ok,ok,4,[CURR] بولے جا رہے ہو بولے جا رہے ہو مجھے کچھ کہنے کا موقع دو گے
audio/2_0_1_08.wav,Angry,اٹھو تم سے کہہ رہا ہوں اٹھو یہاں سے,2_0_1_08,2.233401360544218,0.1452033221721649,clean_ok,ok,2,[CURR] اٹھو تم سے کہہ رہا ہوں اٹھو یہاں سے
audio/10_1_7_45.wav,Sad,امی مجھ سے تو پڑھا ہی نہیں جاتا,10_1_7_45,2.281133786848073,0.1577862650156021,clean_ok,ok,3,[CURR] امی مجھ سے تو پڑھا ہی نہیں جاتا
audio/6_1_1_09.wav,Angry,کیا ہے دماغ پھر گیا ہے تمہارا بار بار کیوں تنگ کر رہے ہو,6_1_1_09,2.8328344671201813,0.1430044025182724,clean_ok,ok,2,[CURR] کیا ہے دماغ پھر گیا ہے تمہارا بار بار کیوں تنگ کر رہے ہو
audio/8_1_6_02.wav,Neutral,کبھی کبھی اپنے خوابوں کو بھی جی لیا کرو,8_1_6_02,2.043356009070295,0.1333625167608261,clean_ok,ok,0,[CURR] کبھی کبھی اپنے خوابوں کو بھی جی لیا کرو
audio/4_0_2_48.wav,Fear,سچ سننا چاہتی ہیں سننا چاہتی ہیں سچ,4_0_2_48,4.249251700680272,0.1431329995393753,clean_ok,ok,4,[CURR] سچ سننا چاہتی ہیں سننا چاہتی ہیں سچ
audio/10_1_3_05.wav,Boredum,ستارے تو ٹوٹ جاتے ہیں,10_1_3_05,1.429342403628118,0.0738123506307601,clean_ok,ok,6,[CURR] ستارے تو ٹوٹ جاتے ہیں
audio/8_1_1_18.wav,Angry,کیا ہو تم اور ایسا کیا کیا ہو کیا رہا ہے یہاں پہ,8_1_1_18,3.232879818594104,0.230053573846817,clean_ok,ok,2,[CURR] کیا ہو تم اور ایسا کیا کیا ہو کیا رہا ہے یہاں پہ
audio/3_0_4_20.wav,Disgust,اج بس تم دونوں ماں بیٹی افضل صاحب کی او بھگت میں لگی ہوئی ہے نا مجھے کسی نے ناشتہ ہی نہیں دیا,3_0_4_20,7.291065759637188,0.0986227542161941,clean_ok,ok,5,[CURR] اج بس تم دونوں ماں بیٹی افضل صاحب کی او بھگت میں لگی ہوئی ہے نا مجھے کسی نے ناشتہ ہی نہیں دیا
audio/1_0_6_06.wav,Neutral,اپا گھر کی بات ہے تیاری کیا کرنی ہے,1_0_6_06,3.1579138321995464,0.1228759735822677,clean_ok,ok,0,[CURR] اپا گھر کی بات ہے تیاری کیا کرنی ہے
audio/8_1_5_32.wav,Happy,جلدی گھر ائیے گا اپ,8_1_5_32,1.2654875283446712,0.2097900509834289,clean_ok,ok,1,[CURR] جلدی گھر ائیے گا اپ
audio/10_1_6_15.wav,Neutral,آپ نیک ہیں آپ جو چاہے کہ سکتے ہیں,10_1_6_15,3.6748979591836735,0.0989318192005157,clean_ok,ok,0,[CURR] آپ نیک ہیں آپ جو چاہے کہ سکتے ہیں
audio/5_0_1_01.wav,Angry,تو نے کاغذ پر نہیں اپنی قسمت کو اگ لگائی ہے,5_0_1_01,3.4481632653061225,0.1390849351882934,clean_ok,ok,2,[CURR] تو نے کاغذ پر نہیں اپنی قسمت کو اگ لگائی ہے
audio/5_0_3_45.wav,Boredum,ہائے یار و,5_0_3_45,1.799546485260771,0.1047316789627075,clean_ok,ok,6,[CURR] ہائے یار و
audio/2_0_1_15.wav,Angry,کیا ہو گیا تمہیں دفع ہو جا یہاں سے بہت برباد کر لیا میں نے,2_0_1_15,3.2275736961451247,0.2384283393621444,clean_ok,ok,2,[CURR] کیا ہو گیا تمہیں دفع ہو جا یہاں سے بہت برباد کر لیا میں نے
audio/7_1_5_14.wav,Happy,تمہیں کرکٹ کھیلتے ہوئے بھی دیکھ کہ انہیں بہت خوشی ہوتی ہے,7_1_5_14,3.2043537414965986,0.1233947873115539,clean_ok,ok,1,[CURR] تمہیں کرکٹ کھیلتے ہوئے بھی دیکھ کہ انہیں بہت خوشی ہوتی ہے
audio/8_1_2_45.wav,Fear,یہ میرے ساتھ ایسا نہیں کر سکتے,8_1_2_45,1.6701587301587302,0.1492200046777725,clean_ok,ok,4,[CURR] یہ میرے ساتھ ایسا نہیں کر سکتے
audio/5_0_6_01.wav,Neutral,چلو میں منشی کے کہنے پر ایک موکا اور دیتا ہوں,5_0_6_01,3.680362811791383,0.1799547374248504,clean_ok,ok,0,[CURR] چلو میں منشی کے کہنے پر ایک موکا اور دیتا ہوں
audio/5_0_5_22.wav,Happy,دراصل وہ بڑے مزے کا لگ رہا ہے,5_0_5_22,4.806530612244898,0.1089556515216827,clean_ok,ok,1,[CURR] دراصل وہ بڑے مزے کا لگ رہا ہے
audio/6_1_7_23.wav,Sad,بہت ہمت جمع کی لیکن دل نہیں مان رہا,6_1_7_23,4.286303854875284,0.1455925405025482,clean_ok,ok,3,[CURR] بہت ہمت جمع کی لیکن دل نہیں مان رہا
audio/2_0_3_40.wav,Boredum,بس ابھی صرف اس کیس کو سنبھالو,2_0_3_40,2.092267573696145,0.1618335396051406,clean_ok,ok,6,[CURR] بس ابھی صرف اس کیس کو سنبھالو
audio/6_1_5_12.wav,Happy,بیٹا تم سے نہیں ہوگا یہ ہم,6_1_5_12,3.3668934240362813,0.0983543843030929,clean_ok,ok,1,[CURR] بیٹا تم سے نہیں ہوگا یہ ہم
audio/4_0_5_16.wav,Happy,دوبارہ اچھا ہوگا,4_0_5_16,3.0733560090702947,0.097367487847805,clean_ok,ok,1,[CURR] دوبارہ اچھا ہوگا
audio/1_0_1_38.wav,Angry,ائندہ میری اجازت کے بغیر گھر سے باہر قدم رکھا نہ تو مجھ سے برا کوئی نہیں ہوگا دفع ہو جاؤ یہاں سے,1_0_1_38,5.944308390022676,0.2047484517097473,clean_ok,ok,2,[CURR] ائندہ میری اجازت کے بغیر گھر سے باہر قدم رکھا نہ تو مجھ سے برا کوئی نہیں ہوگا دفع ہو جاؤ یہاں سے
audio/2_0_5_23.wav,Happy,جواب مجھے پتہ چل گیا ہے,2_0_5_23,1.1466213151927438,0.1388429701328277,clean_ok,ok,1,[CURR] جواب مجھے پتہ چل گیا ہے
audio/2_0_3_26.wav,Boredum,کیا کیا دھمکا رہا,2_0_3_26,1.2005895691609978,0.15753935277462,clean_ok,ok,6,[CURR] کیا کیا دھمکا رہا
audio/7_1_5_16.wav,Happy,سنو انہوں نے اپنے گھر انوائٹ کر لیا ہے,7_1_5_16,2.2407256235827666,0.1693675369024276,clean_ok,ok,1,[CURR] سنو انہوں نے اپنے گھر انوائٹ کر لیا ہے
audio/10_1_5_29.wav,Happy,آپ نے بہت قیمتی تحفہ دیا ہے مجھے,10_1_5_29,2.48453514739229,0.1392093449831009,clean_ok,ok,1,[CURR] آپ نے بہت قیمتی تحفہ دیا ہے مجھے
audio/10_1_4_43.wav,Disgust,اتنے مسئلے ہونے کے باوجود میں تم سے ملتی ہوں,10_1_4_43,2.6120408163265307,0.1077963411808013,clean_ok,ok,5,[CURR] اتنے مسئلے ہونے کے باوجود میں تم سے ملتی ہوں
audio/1_0_2_05.wav,Fear,میں کسی بھی بڑی مشکل سے بچنا چاہتا ہوں,1_0_2_05,2.6238548752834467,0.1609649807214737,clean_ok,ok,4,[CURR] میں کسی بھی بڑی مشکل سے بچنا چاہتا ہوں
audio/6_1_6_13.wav,Neutral,اُسکے شوہر نے عمرے پہ جانا ہے تو آپ کیا کرنے جا رہی ہیں,6_1_6_13,2.403265306122449,0.1530774086713791,clean_ok,ok,0,[CURR] اُسکے شوہر نے عمرے پہ جانا ہے تو آپ کیا کرنے جا رہی ہیں
audio/9_1_1_19.wav,Angry,تمہارا وجود ہمیں بالکل برداشت نہیں ہے نکلو یہاں سے نکلو,9_1_1_19,3.092857142857143,0.1344852894544601,clean_ok,ok,2,[CURR] تمہارا وجود ہمیں بالکل برداشت نہیں ہے نکلو یہاں سے نکلو
audio/2_0_5_50.wav,Happy,بنا تو لیتے ہیں بھائی سب,2_0_5_50,1.356734693877551,0.1462353318929672,clean_ok,ok,1,[CURR] بنا تو لیتے ہیں بھائی سب
audio/9_1_1_07.wav,Angry,خبردار اسے جو ہاتھ لگایا,9_1_1_07,1.882312925170068,0.1091336384415626,clean_ok,ok,2,[CURR] خبردار اسے جو ہاتھ لگایا
audio/9_1_7_10.wav,Sad,نہ بھوک نہ پیاس نہ نیند,9_1_7_10,2.092743764172336,0.1881974637508392,clean_ok,ok,3,[CURR] نہ بھوک نہ پیاس نہ نیند
audio/4_0_2_41.wav,Fear,اور ہوتا بھی کیوں نہیں میرا باپ نوکر میرے باپ کا باپ نوکر,4_0_2_41,4.22108843537415,0.1162651255726814,clean_ok,ok,4,[CURR] اور ہوتا بھی کیوں نہیں میرا باپ نوکر میرے باپ کا باپ نوکر
audio/1_0_1_24.wav,Angry,جرات تو دیکھو اس کی ہمت دیکھو اس کی,1_0_1_24,1.915646258503401,0.1687064468860626,clean_ok,ok,2,[CURR] جرات تو دیکھو اس کی ہمت دیکھو اس کی
audio/3_0_3_34.wav,Boredum,عارفہ تو بتا رہی تھی کہ جب تم دفتر سے ائے تو کپکپا رہے تھے,3_0_3_34,4.527891156462585,0.1120732352137565,clean_ok,ok,6,[CURR] عارفہ تو بتا رہی تھی کہ جب تم دفتر سے ائے تو کپکپا رہے تھے
audio/7_1_4_29.wav,Disgust,جھوٹ پر جھوٹ بولے جا رہے ہو سب کی آنکھوں میں دُھول جھونک رہے ہو,7_1_4_29,4.295691609977324,0.1630610823631286,clean_ok,ok,5,[CURR] جھوٹ پر جھوٹ بولے جا رہے ہو سب کی آنکھوں میں دُھول جھونک رہے ہو
audio/6_1_6_03.wav,Neutral,وہ اب چچا کے پاس موبائل ہے نا کال اُن کو کر لی ہے,6_1_6_03,2.914104308390023,0.1155047863721847,clean_ok,ok,0,[CURR] وہ اب چچا کے پاس موبائل ہے نا کال اُن کو کر لی ہے
audio/1_0_6_22.wav,Neutral,میرا جہاں تک خیال ہے کہ وہ ملیشیا نہیں گیا کہیں اور گیا ہے,1_0_6_22,3.506213151927437,0.1545052677392959,clean_ok,ok,0,[CURR] میرا جہاں تک خیال ہے کہ وہ ملیشیا نہیں گیا کہیں اور گیا ہے
audio/10_1_7_40.wav,Sad,آپ کی اُداسیوں کا سبب کیا سُناؤں میں,10_1_7_40,2.749047619047619,0.1700872033834457,clean_ok,ok,3,[CURR] آپ کی اُداسیوں کا سبب کیا سُناؤں میں
audio/6_1_5_32.wav,Happy,ہاں بات تو ہے,6_1_5_32,2.116281179138322,0.0806831717491149,clean_ok,ok,1,[CURR] ہاں بات تو ہے
audio/6_1_4_12.wav,Disgust,منہ ہے اس کا مرغی والا مصالحہ لگا دوں گی,6_1_4_12,2.716734693877551,0.0448579713702201,clean_ok,ok,5,[CURR] منہ ہے اس کا مرغی والا مصالحہ لگا دوں گی
audio/3_0_5_17.wav,Happy,ارے یہ خط والے بات کا ذکر کہاں سے اگیا بھائی,3_0_5_17,4.133151927437642,0.0993474498391151,clean_ok,ok,1,[CURR] ارے یہ خط والے بات کا ذکر کہاں سے اگیا بھائی
audio/6_1_3_32.wav,Boredum,کچھ بھی کہ دینا اُس کو دل کیوں دُکھائیں اُسکا,6_1_3_32,2.9670068027210883,0.1505494862794876,clean_ok,ok,6,[CURR] کچھ بھی کہ دینا اُس کو دل کیوں دُکھائیں اُسکا
audio/1_0_6_11.wav,Neutral,جی اپا اپ بتائیں کہ اپ کیا چاہتی ہیں,1_0_6_11,4.388571428571429,0.1079514697194099,clean_ok,ok,0,[CURR] جی اپا اپ بتائیں کہ اپ کیا چاہتی ہیں
audio/5_0_3_30.wav,Boredum,او سر رہنے دیں,5_0_3_30,1.938866213151928,0.1467647850513458,clean_ok,ok,6,[CURR] او سر رہنے دیں
audio/7_1_4_30.wav,Disgust,بس کرو یہ ڈراما کب تک چلے گا یہ سب کچھ,7_1_4_30,3.0418140589569163,0.1082366630434989,clean_ok,ok,5,[CURR] بس کرو یہ ڈراما کب تک چلے گا یہ سب کچھ
audio/7_1_4_48.wav,Disgust,میں نے تو کسی سے نہیں پوچھا کہ کہاں گئی,7_1_4_48,2.5309750566893423,0.247045487165451,clean_ok,ok,5,[CURR] میں نے تو کسی سے نہیں پوچھا کہ کہاں گئی
audio/9_1_7_42.wav,Sad,اب میرا بیٹا خانہ بدوشوں کی طرح نجانے کہاں کہاں دھکے کھا رہا ہے,9_1_7_42,6.175079365079365,0.0708709061145782,clean_ok,ok,3,[CURR] اب میرا بیٹا خانہ بدوشوں کی طرح نجانے کہاں کہاں دھکے کھا رہا ہے
audio/8_1_3_29.wav,Boredum,مجھے ایک بات سمجھ نہیں ائی,8_1_3_29,2.147845804988662,0.1940184980630874,clean_ok,ok,6,[CURR] مجھے ایک بات سمجھ نہیں ائی
audio/6_1_5_18.wav,Happy,میں خود ہی کھا لیتی ہوں اسے,6_1_5_18,1.9040362811791385,0.1210550814867019,clean_ok,ok,1,[CURR] میں خود ہی کھا لیتی ہوں اسے
audio/1_0_3_27.wav,Boredum,گیتی کیسی ہے,1_0_3_27,1.7182766439909296,0.0933259949088096,clean_ok,ok,6,[CURR] گیتی کیسی ہے
audio/1_0_3_20.wav,Boredum,نہیں ٹھیک ہوں میں,1_0_3_20,2.275555555555556,0.1405391991138458,clean_ok,ok,6,[CURR] نہیں ٹھیک ہوں میں
audio/4_0_2_14.wav,Fear,کچھ لمحہ دیر کر دیتا تو بغیر ڈولی کے رخصت ہو جاتی ہے یہ,4_0_2_14,4.092517006802721,0.1360688358545303,clean_ok,ok,4,[CURR] کچھ لمحہ دیر کر دیتا تو بغیر ڈولی کے رخصت ہو جاتی ہے یہ
audio/2_0_6_11.wav,Neutral,ہاں تو تم ہاسپٹل والوں کو صاف صاف بتا دو ان سے کہو جو بھی خرچے کی بات ہو تم سے کریں کسی اور سے نہ کریں,2_0_6_11,6.130068027210885,0.1694358438253402,clean_ok,ok,0,[CURR] ہاں تو تم ہاسپٹل والوں کو صاف صاف بتا دو ان سے کہو جو بھی خرچے کی بات ہو تم سے کریں کسی اور سے نہ کریں
audio/3_0_7_05.wav,Sad,یاد رکھنا زندگی بار بار چانس نہیں دیتی,3_0_7_05,3.657142857142857,0.0444068983197212,clean_ok,ok,3,[CURR] یاد رکھنا زندگی بار بار چانس نہیں دیتی
audio/7_1_6_28.wav,Neutral,لیکن ہم کیوں باہر ملیں گے,7_1_6_28,1.7414965986394555,0.1543585807085037,clean_ok,ok,0,[CURR] لیکن ہم کیوں باہر ملیں گے
audio/8_1_3_36.wav,Boredum,اپ نے دارالام میں میری بات کی,8_1_3_36,2.461315192743764,0.1588526964187622,clean_ok,ok,6,[CURR] اپ نے دارالام میں میری بات کی
audio/6_1_5_24.wav,Happy,کیوں میں نے مذاق میں کہا ہے,6_1_5_24,2.095147392290249,0.0894168838858604,clean_ok,ok,1,[CURR] کیوں میں نے مذاق میں کہا ہے
audio/9_1_6_06.wav,Neutral,اور وہاں ایک پیاری سی پری کو کنگن پسند آگئے زبردستی لے گئ,9_1_6_06,3.752517006802721,0.1407241076231002,clean_ok,ok,0,[CURR] اور وہاں ایک پیاری سی پری کو کنگن پسند آگئے زبردستی لے گئ
audio/3_0_2_49.wav,Fear,لیکن یہ بھی یاد رکھنا ہے ایسا بار بار ہوگا نہیں,3_0_2_49,3.801065759637188,0.2336725145578384,clean_ok,ok,4,[CURR] لیکن یہ بھی یاد رکھنا ہے ایسا بار بار ہوگا نہیں
audio/1_0_5_29.wav,Happy,یہ بتاؤ چائے پیو گی یا کافی,1_0_5_29,2.5309750566893423,0.1616038382053375,clean_ok,ok,1,[CURR] یہ بتاؤ چائے پیو گی یا کافی
audio/7_1_2_04.wav,Fear,میں ابھی بھابھی کو یہی بتا رہی تھی کہ مجھے انے میں دیر کیوں ہو گئی,7_1_2_04,5.050340136054421,0.1025201380252838,clean_ok,ok,4,[CURR] میں ابھی بھابھی کو یہی بتا رہی تھی کہ مجھے انے میں دیر کیوں ہو گئی
audio/10_1_3_34.wav,Boredum,نہ وہ رہا نہ کوئی خواب,10_1_3_34,2.1836961451247165,0.1114375442266464,clean_ok,ok,6,[CURR] نہ وہ رہا نہ کوئی خواب
audio/7_1_4_27.wav,Disgust,کیونکہ تم تو ٹھہرے ایک پکے جھوٹے,7_1_4_27,2.1942857142857144,0.1506845951080322,clean_ok,ok,5,[CURR] کیونکہ تم تو ٹھہرے ایک پکے جھوٹے
audio/5_0_6_40.wav,Neutral,اپ بس مجھے ایک نام بتانا پسند کریں گی,5_0_6_40,2.4380952380952383,0.1297671496868133,clean_ok,ok,0,[CURR] اپ بس مجھے ایک نام بتانا پسند کریں گی
audio/6_1_6_27.wav,Neutral,جب کبھی بھی ہم باہر جاتے تھے آپ تو جگہ ڈھونڈ رہے ہوتے تھے بیٹھنے کے لیے,6_1_6_27,3.7417913832199545,0.0781590119004249,clean_ok,ok,0,[CURR] جب کبھی بھی ہم باہر جاتے تھے آپ تو جگہ ڈھونڈ رہے ہوتے تھے بیٹھنے کے لیے
audio/5_0_1_04.wav,Angry,تب نہیں سمجھ ائی جب وہ میری پیٹھ پر مار رہا تھا,5_0_1_04,4.2260317460317465,0.2289471328258514,clean_ok,ok,2,[CURR] تب نہیں سمجھ ائی جب وہ میری پیٹھ پر مار رہا تھا
audio/9_1_6_28.wav,Neutral,اور بیٹا یہ لڑکے تو ہوتے ہی ایسے ہیں,9_1_6_28,2.0525850340136054,0.138949379324913,clean_ok,ok,0,[CURR] اور بیٹا یہ لڑکے تو ہوتے ہی ایسے ہیں
audio/10_1_2_28.wav,Fear,ابو میں معافی مانگتی ہوں مجھے مار لیں امی کو مت مارے اپ کو خدا کا واسطہ,10_1_2_28,2.5619047619047617,0.1015004888176918,clean_ok,ok,4,[CURR] ابو میں معافی مانگتی ہوں مجھے مار لیں امی کو مت مارے اپ کو خدا کا واسطہ
audio/9_1_7_50.wav,Sad,کوئی درخت اپنی جڑوں کے بغیر کھڑا ہوسکتا ہے,9_1_7_50,3.093764172335601,0.1150410622358322,clean_ok,ok,3,[CURR] کوئی درخت اپنی جڑوں کے بغیر کھڑا ہوسکتا ہے
audio/5_0_1_35.wav,Angry,چل چلا جا کوئی کوئی اپنی اڑ میں نہیں کاٹی,5_0_1_35,2.359863945578231,0.1488298177719116,clean_ok,ok,2,[CURR] چل چلا جا کوئی کوئی اپنی اڑ میں نہیں کاٹی
audio/8_1_3_34.wav,Boredum,اپ کہہ رہے ہیں تو ایسا ہی ہوگا,8_1_3_34,2.809614512471655,0.1540723741054535,clean_ok,ok,6,[CURR] اپ کہہ رہے ہیں تو ایسا ہی ہوگا
audio/6_1_5_30.wav,Happy,بہت اچھا ہے,6_1_5_30,0.9100226757369616,0.0728458166122436,too_short,ok,1,[CURR] بہت اچھا ہے
audio/4_0_7_29.wav,Sad,ابا کا بازو ایک کٹا کھڑا ہے تیرے سامنے تو دوسرا بازو ہے,4_0_7_29,3.538140589569161,0.1476658284664154,clean_ok,ok,3,[CURR] ابا کا بازو ایک کٹا کھڑا ہے تیرے سامنے تو دوسرا بازو ہے
audio/3_0_2_03.wav,Fear,یہ سارا کچھ اتنا اسان نہیں ہے,3_0_2_03,2.647074829931973,0.1414057910442352,clean_ok,ok,4,[CURR] یہ سارا کچھ اتنا اسان نہیں ہے
audio/8_1_2_15.wav,Fear,ڈیڈ سب کی زندگیاں مکمل ہو رہی ہیں,8_1_2_15,2.39562358276644,0.1649109721183776,clean_ok,ok,4,[CURR] ڈیڈ سب کی زندگیاں مکمل ہو رہی ہیں
audio/7_1_6_48.wav,Neutral,اسے نے کہا تھا یہ اپنے کمرے میں جا کر ارام کرنا چاہتا ہے,7_1_6_48,4.109931972789116,0.1549703776836395,clean_ok,ok,0,[CURR] اسے نے کہا تھا یہ اپنے کمرے میں جا کر ارام کرنا چاہتا ہے
audio/7_1_6_14.wav,Neutral,تو بھابھی اپ نے ہی کہا تھا لڑکے والوں کا دوپٹہ اچھا لگے گا,7_1_6_14,3.2331972789115646,0.142553299665451,clean_ok,ok,0,[CURR] تو بھابھی اپ نے ہی کہا تھا لڑکے والوں کا دوپٹہ اچھا لگے گا
audio/2_0_2_17.wav,Fear,تم سے کس نے کہا تھا ٹریٹمنٹ کے لیے,2_0_2_17,1.4465986394557824,0.172588050365448,clean_ok,ok,4,[CURR] تم سے کس نے کہا تھا ٹریٹمنٹ کے لیے
audio/10_1_7_01.wav,Sad,کیا کروں معافی مانگوں اُس سے,10_1_7_01,1.9819727891156464,0.09674783796072,clean_ok,ok,3,[CURR] کیا کروں معافی مانگوں اُس سے
audio/9_1_7_47.wav,Sad,اگر تم اور اُجالا نہ ہوتے تو میں میں زندہ نہیں رہ سکتی تھی,9_1_7_47,6.910181405895692,0.0724144428968429,clean_ok,ok,3,[CURR] اگر تم اور اُجالا نہ ہوتے تو میں میں زندہ نہیں رہ سکتی تھی
audio/10_1_2_33.wav,Fear,اپ مجھے مروائیں گے کیا,10_1_2_33,1.210453514739229,0.1629353463649749,clean_ok,ok,4,[CURR] اپ مجھے مروائیں گے کیا
audio/1_0_5_16.wav,Happy,اماں اب میں ٹھیک ہوں نا کچھ نہیں ہوتا,1_0_5_16,2.36843537414966,0.185660570859909,clean_ok,ok,1,[CURR] اماں اب میں ٹھیک ہوں نا کچھ نہیں ہوتا
audio/5_0_3_43.wav,Boredum,ہم بھی نایاب ہے اور کہانی بھی بڑی نایاب ہے,5_0_3_43,4.365351473922902,0.1257338225841522,clean_ok,ok,6,[CURR] ہم بھی نایاب ہے اور کہانی بھی بڑی نایاب ہے
audio/9_1_7_48.wav,Sad,بہت شرمسار تھا اپنے پچھلے رویوں کی وجہ سے,9_1_7_48,4.206802721088436,0.1236131787300109,clean_ok,ok,3,[CURR] بہت شرمسار تھا اپنے پچھلے رویوں کی وجہ سے
audio/5_0_4_39.wav,Disgust,کوئی افسر کو گھورتا ہے,5_0_4_39,1.7647165532879818,0.1699981838464737,clean_ok,ok,5,[CURR] کوئی افسر کو گھورتا ہے
audio/3_0_3_49.wav,Boredum,ڈھونڈ لے گا تو کیا کرے گا وہ,3_0_3_49,4.169092970521542,0.103420615196228,clean_ok,ok,6,[CURR] ڈھونڈ لے گا تو کیا کرے گا وہ
audio/9_1_7_09.wav,Sad,دل دھڑکائے رکھتا ہے میرا,9_1_7_09,1.890680272108844,0.1290441751480102,clean_ok,ok,3,[CURR] دل دھڑکائے رکھتا ہے میرا
audio/6_1_5_42.wav,Happy,میں صدقے جاؤں,6_1_5_42,1.5325170068027212,0.1574565321207046,clean_ok,ok,1,[CURR] میں صدقے جاؤں
audio/8_1_5_33.wav,Happy,چلو بچیوں اٹھ جاؤ,8_1_5_33,2.008526077097505,0.1568016409873962,clean_ok,ok,1,[CURR] چلو بچیوں اٹھ جاؤ
audio/4_0_7_43.wav,Sad,ہاں میں نے اذیت دی اپ کو پر وہ میں نے نہیں دی,4_0_7_43,4.08671201814059,0.1207432374358177,clean_ok,ok,3,[CURR] ہاں میں نے اذیت دی اپ کو پر وہ میں نے نہیں دی
audio/1_0_4_14.wav,Disgust,اب تجھے اس سے ملنے دوں میں اپنی عزت کو نیلام نہیں کر سکتا سمجھی,1_0_4_14,4.864580498866213,0.1568411886692047,clean_ok,ok,5,[CURR] اب تجھے اس سے ملنے دوں میں اپنی عزت کو نیلام نہیں کر سکتا سمجھی
audio/2_0_7_33.wav,Sad,کیوں سزا دے رہی ہو مجھے,2_0_7_33,1.811156462585034,0.1079365834593772,clean_ok,ok,3,[CURR] کیوں سزا دے رہی ہو مجھے
audio/7_1_1_08.wav,Angry,جہاں اپنی گاڑی پارک کرنے لگتی ہوں تم اپنی گاڑی لے کر ا جاتی ہو زبردستی,7_1_1_08,3.274013605442177,0.1283047050237655,clean_ok,ok,2,[CURR] جہاں اپنی گاڑی پارک کرنے لگتی ہوں تم اپنی گاڑی لے کر ا جاتی ہو زبردستی
audio/1_0_3_40.wav,Boredum,کچھ نہیں ہے بتانے کو کیا بتاؤں,1_0_3_40,2.2987755102040817,0.0891952142119407,clean_ok,ok,6,[CURR] کچھ نہیں ہے بتانے کو کیا بتاؤں
audio/4_0_6_14.wav,Neutral,ڈھونڈنے سے تو خدا بھی مل جاتا ہے اماں,4_0_6_14,1.5469614512471654,0.2095126211643219,clean_ok,ok,0,[CURR] ڈھونڈنے سے تو خدا بھی مل جاتا ہے اماں
audio/7_1_1_02.wav,Angry,ہٹو سامنے سے,7_1_1_02,1.0224489795918368,0.1468302458524704,clean_ok,ok,2,[CURR] ہٹو سامنے سے
audio/2_0_2_03.wav,Fear,رہ گئی بات نایاب کی تو نایاب میری چھوٹی بہن تھی,2_0_2_03,3.6364172335600906,0.1691614836454391,clean_ok,ok,4,[CURR] رہ گئی بات نایاب کی تو نایاب میری چھوٹی بہن تھی
audio/9_1_6_17.wav,Neutral,ارے کبھی کبھی تو ایسی سمجھداری کی باتیں کرتا ہے میں خود حیران ہو جاتی ہوں,9_1_6_17,3.722879818594104,0.1659570932388305,clean_ok,ok,0,[CURR] ارے کبھی کبھی تو ایسی سمجھداری کی باتیں کرتا ہے میں خود حیران ہو جاتی ہوں
audio/8_1_1_09.wav,Angry,ڈیڈ اپ جانتے ہیں اس نے کیا کہا ہے,8_1_1_09,2.210702947845805,0.2512312829494476,clean_ok,ok,2,[CURR] ڈیڈ اپ جانتے ہیں اس نے کیا کہا ہے
audio/2_0_3_31.wav,Boredum,میں حیا کا بھائی بات کر رہا ہوں,2_0_3_31,2.1945124716553286,0.123719610273838,clean_ok,ok,6,[CURR] میں حیا کا بھائی بات کر رہا ہوں
audio/8_1_1_40.wav,Angry,جاہل ادمی,8_1_1_40,1.5905668934240362,0.1949274241924286,clean_ok,ok,2,[CURR] جاہل ادمی
audio/3_0_3_39.wav,Boredum,اج کل کوئی خواب وغیرہ نہیں دیکھتی ہو تم,3_0_3_39,4.620770975056689,0.0753643363714218,clean_ok,ok,6,[CURR] اج کل کوئی خواب وغیرہ نہیں دیکھتی ہو تم
audio/6_1_7_11.wav,Sad,ابو کی طبیعت ٹھیک نہیں ہے ہاسپٹل میں کھڑے ہوئے ہیں,6_1_7_11,1.88297052154195,0.1510877460241317,clean_ok,ok,3,[CURR] ابو کی طبیعت ٹھیک نہیں ہے ہاسپٹل میں کھڑے ہوئے ہیں
audio/5_0_1_21.wav,Angry,اے پاگل ہو گیا ہے باہر ہی کھڑا رہ,5_0_1_21,2.2639455782312927,0.1999853253364563,clean_ok,ok,2,[CURR] اے پاگل ہو گیا ہے باہر ہی کھڑا رہ
audio/5_0_5_31.wav,Happy,بھائی سے لڑائی ہو جائے گی ہیں,5_0_5_31,2.728344671201814,0.1767355501651764,clean_ok,ok,1,[CURR] بھائی سے لڑائی ہو جائے گی ہیں
audio/10_1_5_11.wav,Happy,اچھا بس بھی کرو,10_1_5_11,1.759047619047619,0.091539017856121,clean_ok,ok,1,[CURR] اچھا بس بھی کرو
audio/4_0_1_31.wav,Angry,جو قیمت اپ نے جھکائی ہے نا وہ صرف اپ نے نہیں جھکائی میں نے بھی چھکائی ہے اور چھکا رہا ہوں اج تک,4_0_1_31,7.512086167800454,0.2093822807073593,clean_ok,ok,2,[CURR] جو قیمت اپ نے جھکائی ہے نا وہ صرف اپ نے نہیں جھکائی میں نے بھی چھکائی ہے اور چھکا رہا ہوں اج تک
audio/9_1_2_33.wav,Fear,تو بیٹا تم جا کر جو منا کر اسے گھر لے اؤ,9_1_2_33,2.3048526077097504,0.1438571959733963,clean_ok,ok,4,[CURR] تو بیٹا تم جا کر جو منا کر اسے گھر لے اؤ
audio/2_0_2_48.wav,Fear,تم یہاں کیا کر رہے ہو,2_0_2_48,1.0360544217687075,0.1060381233692169,clean_ok,ok,4,[CURR] تم یہاں کیا کر رہے ہو
audio/8_1_3_43.wav,Boredum,اپ کب تک مجھے اس سے بچاتے رہیں گے,8_1_3_43,2.681496598639456,0.1436196416616439,clean_ok,ok,6,[CURR] اپ کب تک مجھے اس سے بچاتے رہیں گے
audio/3_0_5_26.wav,Happy,بیٹھو نہ بیٹا بیٹھو,3_0_5_26,6.350657596371882,0.131520614027977,clean_ok,ok,1,[CURR] بیٹھو نہ بیٹا بیٹھو
audio/4_0_1_21.wav,Angry,سمجھ نہیں ا رہا تیری کیا بول رہا ہوں میں تجھ سے کہ ابا کو تمہاری ضرورت ہے ابا جو بیٹا مجھے میں دیکھنا تھا اگر تجھ میں دیکھ لیں گے تو کیا ہو جائے گا,4_0_1_21,8.04360544217687,0.1694566011428833,too_long,ok,2,[CURR] سمجھ نہیں ا رہا تیری کیا بول رہا ہوں میں تجھ سے کہ ابا کو تمہاری ضرورت ہے ابا جو بیٹا مجھے میں دیکھنا تھا اگر تجھ میں دیکھ لیں گے تو کیا ہو جائے گا
audio/3_0_5_46.wav,Happy,جاتے ہوئے کہہ گیا ہے کہ کسی دن بھابھی کو لے کر ائیے نا ہمارے گھر,3_0_5_46,2.40498866213152,0.075514055788517,clean_ok,ok,1,[CURR] جاتے ہوئے کہہ گیا ہے کہ کسی دن بھابھی کو لے کر ائیے نا ہمارے گھر
audio/7_1_7_16.wav,Sad,مراد نے کچھ بھی نہیں کیا ہے,7_1_7_16,1.7066666666666668,0.1435998529195785,clean_ok,ok,3,[CURR] مراد نے کچھ بھی نہیں کیا ہے
audio/3_0_2_37.wav,Fear,سمجھو تو مولوی سبحان اللہ مر گیا,3_0_2_37,3.982222222222222,0.1230693608522415,clean_ok,ok,4,[CURR] سمجھو تو مولوی سبحان اللہ مر گیا
audio/9_1_4_42.wav,Disgust,کب تک کمرے میں قید رہے گی,9_1_4_42,1.6112244897959185,0.1194804906845092,clean_ok,ok,5,[CURR] کب تک کمرے میں قید رہے گی
audio/8_1_1_07.wav,Angry,جو تمہیں کرنا چاہیے تھا نا وہ اس دن زید نے کیا,8_1_1_07,2.6354648526077096,0.1829367578029632,clean_ok,ok,2,[CURR] جو تمہیں کرنا چاہیے تھا نا وہ اس دن زید نے کیا
audio/3_0_2_38.wav,Fear,ماں کو بیٹے سے جدا کرنا میری ارزو نہیں ہے,3_0_2_38,3.541043083900227,0.1078557819128036,clean_ok,ok,4,[CURR] ماں کو بیٹے سے جدا کرنا میری ارزو نہیں ہے
audio/3_0_6_44.wav,Neutral,باپ کی پوچھتاش کو شک نہیں کہتے احتیاط کہتے ہیں,3_0_6_44,5.00390022675737,0.0406489148736,clean_ok,ok,0,[CURR] باپ کی پوچھتاش کو شک نہیں کہتے احتیاط کہتے ہیں
audio/6_1_2_44.wav,Fear,وہ ہمارے درمیان لڑائی کروانا چاہ رہا ہے,6_1_2_44,2.369138321995465,0.1310230493545532,clean_ok,ok,4,[CURR] وہ ہمارے درمیان لڑائی کروانا چاہ رہا ہے
audio/3_0_5_32.wav,Happy,کہ میرا افضل بڑا ادمی بن گیا ہے,3_0_5_32,2.1099773242630384,0.1105376407504081,clean_ok,ok,1,[CURR] کہ میرا افضل بڑا ادمی بن گیا ہے
audio/9_1_4_32.wav,Disgust,کچھ ہو گیا نا تو ہم ہی بھگتیں گے وہ تو سائیڈ پہ ہو جائیں گے,9_1_4_32,3.2755102040816326,0.1061882153153419,clean_ok,ok,5,[CURR] کچھ ہو گیا نا تو ہم ہی بھگتیں گے وہ تو سائیڈ پہ ہو جائیں گے
audio/8_1_3_18.wav,Boredum,لیکن کریں گے کس سے ان کی شادی,8_1_3_18,2.321995464852608,0.2260486036539077,clean_ok,ok,6,[CURR] لیکن کریں گے کس سے ان کی شادی
audio/8_1_1_38.wav,Angry,تیز چلاؤ گاڑی اواز نہیں ارہی ہے,8_1_1_38,2.252335600907029,0.1989669948816299,clean_ok,ok,2,[CURR] تیز چلاؤ گاڑی اواز نہیں ارہی ہے
audio/8_1_7_02.wav,Sad,حساب کتاب تو غیروں سے لیا جاتا ہے,8_1_7_02,3.1873696145124715,0.1141774281859397,clean_ok,ok,3,[CURR] حساب کتاب تو غیروں سے لیا جاتا ہے
audio/7_1_1_12.wav,Angry,مطلب میں کوئی بھیڑ بکری ہوں,7_1_1_12,1.683446712018141,0.1954863965511322,clean_ok,ok,2,[CURR] مطلب میں کوئی بھیڑ بکری ہوں
audio/8_1_7_07.wav,Sad,میرے وجود کو اُس کی چاہت سے کوئی غرض نہیں,8_1_7_07,2.7498866213151927,0.1298853754997253,clean_ok,ok,3,[CURR] میرے وجود کو اُس کی چاہت سے کوئی غرض نہیں
audio/1_0_5_28.wav,Happy,جو حکم سرکار,1_0_5_28,1.0681179138321997,0.1085593625903129,clean_ok,ok,1,[CURR] جو حکم سرکار
audio/2_0_2_28.wav,Fear,ایک حیا کو ملا اور ایک مجھے تمہارے کمرے میں تمہاری پھٹی ہوئی شیروانی کے بٹن پر اٹکا ہوا ملا,2_0_2_28,5.395578231292517,0.1518183648586273,clean_ok,ok,4,[CURR] ایک حیا کو ملا اور ایک مجھے تمہارے کمرے میں تمہاری پھٹی ہوئی شیروانی کے بٹن پر اٹکا ہوا ملا
audio/6_1_1_42.wav,Angry,کبھی دیکھا ہے تو نے غور سے خود کو,6_1_1_42,1.6471428571428572,0.1498706340789795,clean_ok,ok,2,[CURR] کبھی دیکھا ہے تو نے غور سے خود کو
audio/4_0_7_18.wav,Sad,میرا تمہارے علاوہ اور بیگم صاحبہ کے علاوہ اور کوئی نہیں ہے,4_0_7_18,6.002358276643991,0.1706681549549102,clean_ok,ok,3,[CURR] میرا تمہارے علاوہ اور بیگم صاحبہ کے علاوہ اور کوئی نہیں ہے
audio/1_0_1_19.wav,Angry,میری اجازت کے بغیر میری زمینوں میں گھسے اور میرے ہی بندوں کو پکڑ کے لے گئے تم,1_0_1_19,4.098321995464852,0.1816006600856781,clean_ok,ok,2,[CURR] میری اجازت کے بغیر میری زمینوں میں گھسے اور میرے ہی بندوں کو پکڑ کے لے گئے تم
audio/1_0_1_32.wav,Angry,سنا نہیں تم نے تم کہیں نہیں جا رہی ہو مر گئی ہے گیتی اس گھر کے لیے ہم سب کے لئے,1_0_1_32,4.957460317460318,0.2319896221160888,clean_ok,ok,2,[CURR] سنا نہیں تم نے تم کہیں نہیں جا رہی ہو مر گئی ہے گیتی اس گھر کے لیے ہم سب کے لئے
audio/8_1_7_21.wav,Sad,جہاں کوئی میرا اپنا نہیں کوئی رشتہ نہ ہو کچھ بھی نا ہو,8_1_7_21,6.311451247165533,0.0780292823910713,clean_ok,ok,3,[CURR] جہاں کوئی میرا اپنا نہیں کوئی رشتہ نہ ہو کچھ بھی نا ہو
audio/8_1_7_37.wav,Sad,یہاں کے گھر والے میرے نہیں رہے,8_1_7_37,2.385442176870748,0.1042185202240943,clean_ok,ok,3,[CURR] یہاں کے گھر والے میرے نہیں رہے
audio/4_0_5_50.wav,Happy,محبتیں لٹ گئی جوانی میں,4_0_5_50,1.56734693877551,0.2081583440303802,clean_ok,ok,1,[CURR] محبتیں لٹ گئی جوانی میں
audio/9_1_2_03.wav,Fear,وضو کرنے سے پہلے میں نے تو اپنے سرہانے رکھے تھے پھر کہاں گئے,9_1_2_03,3.982222222222222,0.1613763719797134,clean_ok,ok,4,[CURR] وضو کرنے سے پہلے میں نے تو اپنے سرہانے رکھے تھے پھر کہاں گئے
audio/7_1_5_50.wav,Happy,سچی میں اماں جی ایسا ہو سکتا ہے,7_1_5_50,2.711882086167801,0.1652998477220535,clean_ok,ok,1,[CURR] سچی میں اماں جی ایسا ہو سکتا ہے
audio/9_1_1_47.wav,Angry,ارے کیا اہستہ اہستہ چل رہی ہے تیز چلنا,9_1_1_47,2.589183673469388,0.3235791325569153,clean_ok,ok,2,[CURR] ارے کیا اہستہ اہستہ چل رہی ہے تیز چلنا
audio/5_0_4_19.wav,Disgust,بڑے افسوس کی بات ہے یارا جی,5_0_4_19,2.3336054421768706,0.1084267348051071,clean_ok,ok,5,[CURR] بڑے افسوس کی بات ہے یارا جی
audio/8_1_3_07.wav,Boredum,میں کیا سمجھاؤں اسے,8_1_3_07,2.491201814058957,0.1260806173086166,clean_ok,ok,6,[CURR] میں کیا سمجھاؤں اسے
audio/9_1_5_01.wav,Happy,پیارا ہے بہت,9_1_5_01,1.9620861678004533,0.133208230137825,clean_ok,ok,1,[CURR] پیارا ہے بہت
audio/10_1_4_44.wav,Disgust,تم کہنا کیا چاہتی,10_1_4_44,0.8438775510204082,0.1397197991609573,too_short,ok,5,[CURR] تم کہنا کیا چاہتی
audio/3_0_7_36.wav,Sad,میں تم سے معافی مانگنے نہیں ایا میں معافی نہیں مانگوں گا تم سے,3_0_7_36,6.446258503401361,0.0119854370132088,clean_ok,ok,3,[CURR] میں تم سے معافی مانگنے نہیں ایا میں معافی نہیں مانگوں گا تم سے
audio/2_0_5_10.wav,Happy,ہمیشہ کی طرح,2_0_5_10,1.1708843537414966,0.1509147882461547,clean_ok,ok,1,[CURR] ہمیشہ کی طرح
audio/4_0_2_01.wav,Fear,جانتے ہیں کیا کر رہی تھی یہ بھاگ کر نکاح کر رہی تھی کسی کے ساتھ,4_0_2_01,4.3769614512471655,0.1453996300697326,clean_ok,ok,4,[CURR] جانتے ہیں کیا کر رہی تھی یہ بھاگ کر نکاح کر رہی تھی کسی کے ساتھ
audio/1_0_1_39.wav,Angry,تم نے کس حیثیت میں اجازت دی ہے اسے,1_0_1_39,2.008526077097505,0.2404742538928985,clean_ok,ok,2,[CURR] تم نے کس حیثیت میں اجازت دی ہے اسے
audio/7_1_5_40.wav,Happy,سنا ہے مسٹر مرتے ہیں تیری بہن پر,7_1_5_40,3.541043083900227,0.1369113475084304,clean_ok,ok,1,[CURR] سنا ہے مسٹر مرتے ہیں تیری بہن پر
audio/7_1_2_14.wav,Fear,یہ بات بعد میں نہیں ہوگی یہ بات ابھی ہوگی,7_1_2_14,2.8676643990929707,0.0530093610286712,clean_ok,ok,4,[CURR] یہ بات بعد میں نہیں ہوگی یہ بات ابھی ہوگی
audio/4_0_7_21.wav,Sad,معافی چاہتا ہوں میڈم میں کچھ زیادہ ہی بول گیا تھا,4_0_7_21,2.099433106575964,0.1157538741827011,clean_ok,ok,3,[CURR] معافی چاہتا ہوں میڈم میں کچھ زیادہ ہی بول گیا تھا
audio/8_1_6_26.wav,Neutral,لیکن بس صرف اتنی سی ہے کہ ساری باتوں کی میں اکیلے خود گواہ ہوں,8_1_6_26,4.114399092970522,0.1755334883928299,clean_ok,ok,0,[CURR] لیکن بس صرف اتنی سی ہے کہ ساری باتوں کی میں اکیلے خود گواہ ہوں
audio/1_0_7_05.wav,Sad,میں جہاں ارا اور تم ہم اکٹھے رہتے,1_0_7_05,6.013968253968254,0.0895476415753364,clean_ok,ok,3,[CURR] میں جہاں ارا اور تم ہم اکٹھے رہتے
audio/7_1_7_10.wav,Sad,میری وجہ سے آپ لوگوں پر کتنا بوجھ پڑ گیا ہے,7_1_7_10,3.215963718820862,0.1351510435342788,clean_ok,ok,3,[CURR] میری وجہ سے آپ لوگوں پر کتنا بوجھ پڑ گیا ہے
audio/6_1_4_28.wav,Disgust,ایک تو میں تمہارے نانا نائی کی سٹوری سے نا بہت تنگ ہوں,6_1_4_28,2.762675736961451,0.1221529096364975,clean_ok,ok,5,[CURR] ایک تو میں تمہارے نانا نائی کی سٹوری سے نا بہت تنگ ہوں
audio/2_0_3_34.wav,Boredum,شایان سے ملاقات ہو گئی تمہاری,2_0_3_34,1.7227437641723355,0.1738989204168319,clean_ok,ok,6,[CURR] شایان سے ملاقات ہو گئی تمہاری
audio/9_1_7_34.wav,Sad,اُمید ہے کہ تم ضرور آؤگے,9_1_7_34,3.420362811791384,0.1026351600885391,clean_ok,ok,3,[CURR] اُمید ہے کہ تم ضرور آؤگے
audio/5_0_6_02.wav,Neutral,ایسا کرو تم سب الگ الگ اپنی زمینیں میرے اگے بیچ دو,5_0_6_02,5.224489795918367,0.1603483408689499,clean_ok,ok,0,[CURR] ایسا کرو تم سب الگ الگ اپنی زمینیں میرے اگے بیچ دو
audio/2_0_1_19.wav,Angry,اپنے فائدے کے کے لیے کر رہے ہیں وہ جا کر پولیس والوں سے پوچھا مجھ سے نہیں,2_0_1_19,3.2891609977324263,0.2210905253887176,clean_ok,ok,2,[CURR] اپنے فائدے کے کے لیے کر رہے ہیں وہ جا کر پولیس والوں سے پوچھا مجھ سے نہیں
audio/4_0_1_27.wav,Angry,دکھ ہوا ہے یار مجھے میری ذو,4_0_1_27,4.163945578231292,0.166702002286911,clean_ok,ok,2,[CURR] دکھ ہوا ہے یار مجھے میری ذو
audio/5_0_1_43.wav,Angry,گم ہو جا اس کے اندر,5_0_1_43,1.369795918367347,0.1403571367263794,clean_ok,ok,2,[CURR] گم ہو جا اس کے اندر
audio/6_1_6_18.wav,Neutral,لگتا ہے ابو آگئے ہیں مجھے لینے,6_1_6_18,2.2021315192743764,0.1121373325586319,clean_ok,ok,0,[CURR] لگتا ہے ابو آگئے ہیں مجھے لینے
audio/8_1_1_19.wav,Angry,میں کورٹ تک لے کے جاؤں گی میں تم دونوں کی زندگی کو عذاب بنا دوں گی,8_1_1_19,4.238548752834467,0.1332518309354782,clean_ok,ok,2,[CURR] میں کورٹ تک لے کے جاؤں گی میں تم دونوں کی زندگی کو عذاب بنا دوں گی
audio/2_0_2_10.wav,Fear,بس اب مزید بات مت کرو ہمیں یہاں نہیں رکنا چلو,2_0_2_10,2.7403854875283447,0.1242858618497848,clean_ok,ok,4,[CURR] بس اب مزید بات مت کرو ہمیں یہاں نہیں رکنا چلو
audio/5_0_2_25.wav,Fear,کون تھا وہ بولیں پلیز,5_0_2_25,4.082290249433107,0.1109699755907058,clean_ok,ok,4,[CURR] کون تھا وہ بولیں پلیز
audio/1_0_2_39.wav,Fear,اسی چیز کا تو فائدہ اٹھا رہا ہے وہ,1_0_2_39,1.9040362811791385,0.1176397427916526,clean_ok,ok,4,[CURR] اسی چیز کا تو فائدہ اٹھا رہا ہے وہ
audio/6_1_3_41.wav,Boredum,کچھ نہیں امی بس ایک خاموشی سی ہے اندر,6_1_3_41,5.725532879818594,0.1118883565068245,clean_ok,ok,6,[CURR] کچھ نہیں امی بس ایک خاموشی سی ہے اندر
audio/10_1_1_30.wav,Angry,میری اماں کو کچھ مت کہا کریں آپ,10_1_1_30,1.7256916099773243,0.0648804679512977,clean_ok,ok,2,[CURR] میری اماں کو کچھ مت کہا کریں آپ
audio/10_1_4_27.wav,Disgust,سڑیل,10_1_4_27,0.5561451247165533,0.1173715740442276,too_short,ok,5,[CURR] سڑیل
audio/10_1_7_27.wav,Sad,غلطی میری ہے,10_1_7_27,1.5207709750566891,0.1683427393436432,clean_ok,ok,3,[CURR] غلطی میری ہے
audio/6_1_6_08.wav,Neutral,جی آپ اُسے اِتنا معصوم نہ سمجھیں بڑا گُھنا ہے,6_1_6_08,3.645532879818594,0.0512568280100822,clean_ok,ok,0,[CURR] جی آپ اُسے اِتنا معصوم نہ سمجھیں بڑا گُھنا ہے
audio/1_0_4_21.wav,Disgust,اف اس میں کہاں مجھے تو نظر نہیں ارہے,1_0_4_21,2.124625850340136,0.1608799993991851,clean_ok,ok,5,[CURR] اف اس میں کہاں مجھے تو نظر نہیں ارہے
audio/7_1_7_38.wav,Sad,اُسکا پورا فیوچر برباد ہو جائے گا امی,7_1_7_38,2.809614512471655,0.1313263922929763,clean_ok,ok,3,[CURR] اُسکا پورا فیوچر برباد ہو جائے گا امی
audio/1_0_7_19.wav,Sad,ہاں اب وہ تیرا شوہر ہے اس کی عزت کرنا تیرا فرض ہے,1_0_7_19,4.167981859410431,0.118762157857418,clean_ok,ok,3,[CURR] ہاں اب وہ تیرا شوہر ہے اس کی عزت کرنا تیرا فرض ہے
audio/3_0_4_21.wav,Disgust,اور راجہ صاحب اپ اپنی پرابلم کی بات کریں,3_0_4_21,4.320204081632653,0.0953396335244178,clean_ok,ok,5,[CURR] اور راجہ صاحب اپ اپنی پرابلم کی بات کریں
audio/1_0_5_25.wav,Happy,اس سے بھی دیکھ لیتے ہیں بھائی کون ہے,1_0_5_25,2.90249433106576,0.0895119607448577,clean_ok,ok,1,[CURR] اس سے بھی دیکھ لیتے ہیں بھائی کون ہے
audio/10_1_2_14.wav,Fear,جس میں میں اور میرے جیسے,10_1_2_14,3.844625850340136,0.0814497247338295,clean_ok,ok,4,[CURR] جس میں میں اور میرے جیسے
audio/10_1_4_08.wav,Disgust,میرے اس کے درمیان جہانگیر نہیں نصیب ایا ہے اماں,10_1_4_08,2.873514739229025,0.0844772681593895,clean_ok,ok,5,[CURR] میرے اس کے درمیان جہانگیر نہیں نصیب ایا ہے اماں
audio/3_0_1_20.wav,Angry,خدا کا خوف کرو رقیہ بیگم کہاں کا ٹانکا کہاں جوڑ رہی ہو,3_0_1_20,4.294693877551021,0.1160866841673851,clean_ok,ok,2,[CURR] خدا کا خوف کرو رقیہ بیگم کہاں کا ٹانکا کہاں جوڑ رہی ہو
audio/4_0_6_32.wav,Neutral,بنگلے والے جب کسی سامان سے بور ہو جاتے ہیں یا خراب ہو جاتا ہے تو گھر سے باہر نکال دیتے ہیں,4_0_6_32,5.921133786848072,0.1548101007938385,clean_ok,ok,0,[CURR] بنگلے والے جب کسی سامان سے بور ہو جاتے ہیں یا خراب ہو جاتا ہے تو گھر سے باہر نکال دیتے ہیں
audio/6_1_3_48.wav,Boredum,ویسے ایک عورت کے طور پر نہیں لیتی,6_1_3_48,2.287936507936508,0.1580127626657486,clean_ok,ok,6,[CURR] ویسے ایک عورت کے طور پر نہیں لیتی
audio/7_1_3_05.wav,Boredum,کیسی طبیعت ہے اب اپی کی,7_1_3_05,1.938866213151928,0.1288254857063293,clean_ok,ok,6,[CURR] کیسی طبیعت ہے اب اپی کی
audio/10_1_1_14.wav,Angry,بس کر دیں بھائی بس کر دیں,10_1_1_14,1.4732879818594105,0.1483693122863769,clean_ok,ok,2,[CURR] بس کر دیں بھائی بس کر دیں
audio/6_1_6_37.wav,Neutral,تو یہ سب تمہیں اُس وقت یاد نہیں آیا تھا,6_1_6_37,2.204399092970521,0.1518168449401855,clean_ok,ok,0,[CURR] تو یہ سب تمہیں اُس وقت یاد نہیں آیا تھا
audio/3_0_7_09.wav,Sad,اس سے کہہ دو یہاں سے چلی جائے خود ہی چلی جائے,3_0_7_09,4.713650793650793,0.0367177687585353,clean_ok,ok,3,[CURR] اس سے کہہ دو یہاں سے چلی جائے خود ہی چلی جائے
audio/9_1_3_35.wav,Boredum,میں جو کچھ کیا ٹھیک کیا,9_1_3_35,3.487392290249433,0.0843893364071846,clean_ok,ok,6,[CURR] میں جو کچھ کیا ٹھیک کیا
audio/7_1_4_43.wav,Disgust,مجھے کوئی شوق بھی نہیں ہے اُنہیں جا ننے کا,7_1_4_43,1.866054421768708,0.1642186045646667,clean_ok,ok,5,[CURR] مجھے کوئی شوق بھی نہیں ہے اُنہیں جا ننے کا
audio/1_0_6_36.wav,Neutral,اور اس کے لیے تمہارے علاوہ میرے پاس کوئی ایسا آدمی نہیں ہے جس پر میں اعتبار کر سکوں,1_0_6_36,6.15328798185941,0.1353071928024292,clean_ok,ok,0,[CURR] اور اس کے لیے تمہارے علاوہ میرے پاس کوئی ایسا آدمی نہیں ہے جس پر میں اعتبار کر سکوں
audio/1_0_1_29.wav,Angry,مت نام نہ لیا کرو اس کا میرے سامنے,1_0_1_29,1.880816326530612,0.2194020301103592,clean_ok,ok,2,[CURR] مت نام نہ لیا کرو اس کا میرے سامنے
audio/6_1_1_11.wav,Angry,نعیم صاحب اس کے بارے میں پھر کبھی بات کریں چلیں ہم,6_1_1_11,2.355759637188209,0.2012284845113754,clean_ok,ok,2,[CURR] نعیم صاحب اس کے بارے میں پھر کبھی بات کریں چلیں ہم
audio/7_1_3_10.wav,Boredum,وہ ہے ہی نہیں ویسی جیسے میں نے سوچا تھا,7_1_3_10,2.567959183673469,0.1430893391370773,clean_ok,ok,6,[CURR] وہ ہے ہی نہیں ویسی جیسے میں نے سوچا تھا
audio/2_0_6_05.wav,Neutral,مجھے لگتا ہے کہ اپ میرے ساتھ تعاون کر رہے ہیں تو مجھے بھی کرنا چاہیے,2_0_6_05,6.072018140589569,0.1332223713397979,clean_ok,ok,0,[CURR] مجھے لگتا ہے کہ اپ میرے ساتھ تعاون کر رہے ہیں تو مجھے بھی کرنا چاہیے
audio/7_1_2_35.wav,Fear,مجھ سے ہی غلطی ہوئی تمہیں پہچاننے میں,7_1_2_35,1.7207936507936508,0.1788449734449386,clean_ok,ok,4,[CURR] مجھ سے ہی غلطی ہوئی تمہیں پہچاننے میں
audio/9_1_1_13.wav,Angry,اور تمہاری نشان کو کیا ہے ایک کوئلا گوبھی جلا ہوا,9_1_1_13,3.444172335600907,0.1675573140382766,clean_ok,ok,2,[CURR] اور تمہاری نشان کو کیا ہے ایک کوئلا گوبھی جلا ہوا
audio/9_1_1_09.wav,Angry,یہ کیا بری خبر لے کے اگیا صبح سویرے,9_1_1_09,2.0947619047619046,0.2491489201784134,clean_ok,ok,2,[CURR] یہ کیا بری خبر لے کے اگیا صبح سویرے
audio/10_1_3_50.wav,Boredum,ضرورت بھی بڑی بے شرم چیز ہے,10_1_3_50,4.133968253968254,0.0748822912573814,clean_ok,ok,6,[CURR] ضرورت بھی بڑی بے شرم چیز ہے
audio/4_0_6_24.wav,Neutral,جھوٹ بول کر نوکری حاصل کرنا رزق کمانا یہ موسی کو زیب نہیں دیتا میڈم,4_0_6_24,6.289909297052154,0.1027209609746933,clean_ok,ok,0,[CURR] جھوٹ بول کر نوکری حاصل کرنا رزق کمانا یہ موسی کو زیب نہیں دیتا میڈم
audio/10_1_3_23.wav,Boredum,پتہ نہیں,10_1_3_23,0.7149659863945578,0.0884582325816154,too_short,ok,6,[CURR] پتہ نہیں
audio/6_1_6_12.wav,Neutral,لیکن اپ کا ایک انداز بتاتا ہے کہ اپ کچھ کہنا چاہتی ہیں,6_1_6_12,2.4961451247165534,0.1488645523786544,clean_ok,ok,0,[CURR] لیکن اپ کا ایک انداز بتاتا ہے کہ اپ کچھ کہنا چاہتی ہیں
audio/6_1_2_42.wav,Fear,لیکن کیوں ایسا کیوں کر رہا ہے میرے ساتھ,6_1_2_42,2.5291836734693875,0.185405284166336,clean_ok,ok,4,[CURR] لیکن کیوں ایسا کیوں کر رہا ہے میرے ساتھ
audio/8_1_6_06.wav,Neutral,چلو کوئی تو ہے جو کچھ کچھ میری طرح سوچتا ہے,8_1_6_06,3.3137868480725623,0.1053459271788597,clean_ok,ok,0,[CURR] چلو کوئی تو ہے جو کچھ کچھ میری طرح سوچتا ہے
audio/1_0_1_37.wav,Angry,اس طرح منہ اٹھا کر ہوٹل چلی گئی ہے کوئی جاننے والا دیکھ لیتا تو کیا کہتا کس سے ملنے ائی ہے یہ یہاں پہ,1_0_1_37,5.572789115646258,0.2609216272830963,clean_ok,ok,2,[CURR] اس طرح منہ اٹھا کر ہوٹل چلی گئی ہے کوئی جاننے والا دیکھ لیتا تو کیا کہتا کس سے ملنے ائی ہے یہ یہاں پہ
audio/9_1_4_24.wav,Disgust,ہائ بڑی ائی شریف زادیاں,9_1_4_24,2.877074829931973,0.1427159905433654,clean_ok,ok,5,[CURR] ہائ بڑی ائی شریف زادیاں
audio/5_0_1_25.wav,Angry,اور خاص طور پر بڑے گھر میں اس کو ڈیرا جما کر بیٹھنے کی اجازت نہ دیتا,5_0_1_25,6.03718820861678,0.1900461018085479,clean_ok,ok,2,[CURR] اور خاص طور پر بڑے گھر میں اس کو ڈیرا جما کر بیٹھنے کی اجازت نہ دیتا
audio/5_0_7_40.wav,Sad,کسی کو ظالم بناتا ہے کسی کو مظلوم,5_0_7_40,3.0418140589569163,0.0884543433785438,clean_ok,ok,3,[CURR] کسی کو ظالم بناتا ہے کسی کو مظلوم
audio/3_0_3_18.wav,Boredum,شکیل بھائی کے ساتھ رہنے پر مجبور نہ ہو,3_0_3_18,3.08156462585034,0.1098437756299972,clean_ok,ok,6,[CURR] شکیل بھائی کے ساتھ رہنے پر مجبور نہ ہو
audio/3_0_3_28.wav,Boredum,اچھا ایسا ہے کہ میں ذرا جلدی میں ہوں,3_0_3_28,3.576031746031746,0.1399009078741073,clean_ok,ok,6,[CURR] اچھا ایسا ہے کہ میں ذرا جلدی میں ہوں
audio/2_0_5_41.wav,Happy,کوئی عمر کا تعلق نہیں ہے اس سے میرے بھائی,2_0_5_41,1.914807256235828,0.2367757111787796,clean_ok,ok,1,[CURR] کوئی عمر کا تعلق نہیں ہے اس سے میرے بھائی
audio/2_0_4_48.wav,Disgust,یہ صرف کاغذی رشتے ہوتے ہے لکھت پڑھت کے بس,2_0_4_48,2.798321995464853,0.1973383426666259,clean_ok,ok,5,[CURR] یہ صرف کاغذی رشتے ہوتے ہے لکھت پڑھت کے بس
audio/4_0_7_38.wav,Sad,میری انکھوں کے سامنے میری اماں کی عزت پر ہاتھ ڈالا,4_0_7_38,2.6122448979591835,0.1699795424938202,clean_ok,ok,3,[CURR] میری انکھوں کے سامنے میری اماں کی عزت پر ہاتھ ڈالا
audio/10_1_6_31.wav,Neutral,صحت مند ہوگئی ہوں,10_1_6_31,1.141020408163265,0.1726160794496536,clean_ok,ok,0,[CURR] صحت مند ہوگئی ہوں
audio/4_0_3_26.wav,Boredum,مجھ سے وہ کیوں مانگ رہی ہو جو میرے اختیار میں نہیں ہے,4_0_3_26,2.6439002267573697,0.1651150584220886,clean_ok,ok,6,[CURR] مجھ سے وہ کیوں مانگ رہی ہو جو میرے اختیار میں نہیں ہے
audio/8_1_6_37.wav,Neutral,اصف انکل یہ ایسے نہیں مانیں گے,8_1_6_37,2.029433106575964,0.1232426911592483,clean_ok,ok,0,[CURR] اصف انکل یہ ایسے نہیں مانیں گے
audio/3_0_5_24.wav,Happy,اور پورے 10 ہزار تنخواہ ہے,3_0_5_24,4.539501133786848,0.1315500885248184,clean_ok,ok,1,[CURR] اور پورے 10 ہزار تنخواہ ہے
audio/7_1_6_03.wav,Neutral,اگر بھیا نے ڈانٹا نا تو اپ جواب دے,7_1_6_03,2.113015873015873,0.1410765647888183,clean_ok,ok,0,[CURR] اگر بھیا نے ڈانٹا نا تو اپ جواب دے
audio/1_0_4_02.wav,Disgust,جو ادمی باپ کے پیسے جوئے میں اڑاے اس سے کیا امید رکھی جا سکتی ہے چلو راحیلہ صاحبزادے کو ارام کرنے دو,1_0_4_02,10.70689342403628,0.1144443526864051,too_long,ok,5,[CURR] جو ادمی باپ کے پیسے جوئے میں اڑاے اس سے کیا امید رکھی جا سکتی ہے چلو راحیلہ صاحبزادے کو ارام کرنے دو
audio/9_1_5_33.wav,Happy,دیکھو ارام سے شاپنگ کر اتے ہیں,9_1_5_33,1.800702947845805,0.0937967449426651,clean_ok,ok,1,[CURR] دیکھو ارام سے شاپنگ کر اتے ہیں
audio/3_0_4_07.wav,Disgust,لیکن کیا فائدہ تمہارے وہاں جانے کا,3_0_4_07,2.879274376417233,0.1710601150989532,clean_ok,ok,5,[CURR] لیکن کیا فائدہ تمہارے وہاں جانے کا
audio/1_0_3_15.wav,Boredum,بہت مایوسی ہوئی ہے مجھے,1_0_3_15,1.4034920634920636,0.1038419157266616,clean_ok,ok,6,[CURR] بہت مایوسی ہوئی ہے مجھے
audio/6_1_3_27.wav,Boredum,امی دنیا میں ہزار نوکریاں ہیں,6_1_3_27,2.1590249433106576,0.2356960475444793,clean_ok,ok,6,[CURR] امی دنیا میں ہزار نوکریاں ہیں
audio/5_0_6_17.wav,Neutral,یہ تم کو کم سنائی دیتا ہے بلو,5_0_6_17,1.9504761904761905,0.0792606845498085,clean_ok,ok,0,[CURR] یہ تم کو کم سنائی دیتا ہے بلو
audio/5_0_1_26.wav,Angry,اوئے میری ٹاپی کہاں ہے,5_0_1_26,1.5397278911564627,0.2755439281463623,clean_ok,ok,2,[CURR] اوئے میری ٹاپی کہاں ہے
audio/6_1_7_16.wav,Sad,آپ مجھے چھوڑ کے کبھی نہیں جائیں گے ہمیشہ میرے پاس رہیں گے,6_1_7_16,4.6945351473922905,0.1420502811670303,clean_ok,ok,3,[CURR] آپ مجھے چھوڑ کے کبھی نہیں جائیں گے ہمیشہ میرے پاس رہیں گے
audio/7_1_6_24.wav,Neutral,تم تو بہت جلدی گھبرا گئی,7_1_6_24,1.8067573696145125,0.1784545928239822,clean_ok,ok,0,[CURR] تم تو بہت جلدی گھبرا گئی
audio/10_1_2_31.wav,Fear,ابے خدا کے واسطے امی کو مت ماریں میں لے کے گئی تھی,10_1_2_31,2.444897959183673,0.0878211706876754,clean_ok,ok,4,[CURR] ابے خدا کے واسطے امی کو مت ماریں میں لے کے گئی تھی
audio/5_0_1_06.wav,Angry,اب کوئی افواہ تیزی سے نکلے,5_0_1_06,2.8908843537414968,0.1712914705276489,clean_ok,ok,2,[CURR] اب کوئی افواہ تیزی سے نکلے
audio/3_0_5_15.wav,Happy,وعلیکم السلام جیتی رہو,3_0_5_15,3.021020408163265,0.1045123040676117,clean_ok,ok,1,[CURR] وعلیکم السلام جیتی رہو
audio/7_1_7_07.wav,Sad,اگر اُنہیں اتنا مسٔلہ ہے تو میں یہ بھی نہیں بناتی اپنی شادی کے پہنا دیں,7_1_7_07,3.3901133786848074,0.1858164221048355,clean_ok,ok,3,[CURR] اگر اُنہیں اتنا مسٔلہ ہے تو میں یہ بھی نہیں بناتی اپنی شادی کے پہنا دیں
audio/1_0_3_36.wav,Boredum,اس کی اپنی پسند تھی مرضی اس کی,1_0_3_36,3.4597732426303853,0.0985609367489814,clean_ok,ok,6,[CURR] اس کی اپنی پسند تھی مرضی اس کی
audio/1_0_4_16.wav,Disgust,میرے پاس اتنا وقت نہیں ہے کہ میں تمہاری بیوی اور تمہاری بیٹیوں کے ارمانوں کا سوچوں,1_0_4_16,5.456689342403628,0.1610593050718307,clean_ok,ok,5,[CURR] میرے پاس اتنا وقت نہیں ہے کہ میں تمہاری بیوی اور تمہاری بیٹیوں کے ارمانوں کا سوچوں
audio/3_0_2_29.wav,Fear,میرے افضل کا خون پسینہ گرا ہے دیکھو,3_0_2_29,3.5874829931972787,0.2342196255922317,clean_ok,ok,4,[CURR] میرے افضل کا خون پسینہ گرا ہے دیکھو
audio/10_1_4_25.wav,Disgust,اور اگر کوئی غلطی ہو جائے اتنی باتیں سناتے ہیں بس,10_1_4_25,3.006984126984127,0.1161482110619545,clean_ok,ok,5,[CURR] اور اگر کوئی غلطی ہو جائے اتنی باتیں سناتے ہیں بس
audio/9_1_5_49.wav,Happy,چلو بھائی بس سو گیا اچھا بھائی اچھا بھائی اچھا اور نہیں پینا اچھا ٹھیک ہے,9_1_5_49,4.734512471655329,0.1083990409970283,clean_ok,ok,1,[CURR] چلو بھائی بس سو گیا اچھا بھائی اچھا بھائی اچھا اور نہیں پینا اچھا ٹھیک ہے
audio/5_0_7_49.wav,Sad,کچھ بھی ہو جائے گھر نہیں چھوڑنا بچے,5_0_7_49,3.808072562358277,0.0733504742383956,clean_ok,ok,3,[CURR] کچھ بھی ہو جائے گھر نہیں چھوڑنا بچے
audio/4_0_2_31.wav,Fear,جو طوفان انا تھا وہ تو کب سے ا چکا ہے,4_0_2_31,2.0773242630385487,0.1300429105758667,clean_ok,ok,4,[CURR] جو طوفان انا تھا وہ تو کب سے ا چکا ہے
audio/1_0_2_01.wav,Fear,دعا کرو کہ وہ کسی مشکل میں ہو تبھی اسے ہوش ائے گا,1_0_2_01,5.61922902494331,0.1108222231268882,clean_ok,ok,4,[CURR] دعا کرو کہ وہ کسی مشکل میں ہو تبھی اسے ہوش ائے گا
audio/7_1_2_33.wav,Fear,اگر مراد کے منہ میں زبان نہیں ہے لیکن میرے پاس تو ہے نا,7_1_2_33,3.3436734693877552,0.1587133109569549,clean_ok,ok,4,[CURR] اگر مراد کے منہ میں زبان نہیں ہے لیکن میرے پاس تو ہے نا
audio/7_1_4_18.wav,Disgust,یہ ساری کھچڑی اطہر کی پکائی ہوئی ہے نا,7_1_4_18,2.5193650793650795,0.1183590218424797,clean_ok,ok,5,[CURR] یہ ساری کھچڑی اطہر کی پکائی ہوئی ہے نا
audio/7_1_2_12.wav,Fear,ہاں میں نے یہ سب کچھ چھپایا ضرور ہے,7_1_2_12,2.9257142857142857,0.0566372089087963,clean_ok,ok,4,[CURR] ہاں میں نے یہ سب کچھ چھپایا ضرور ہے
audio/1_0_7_34.wav,Sad,اسی لیے میں نے یہ فیصلہ کیا,1_0_7_34,1.799546485260771,0.0914818346500396,clean_ok,ok,3,[CURR] اسی لیے میں نے یہ فیصلہ کیا
audio/4_0_2_29.wav,Fear,میرا دل رو رہا ہے میں تکلیف میں ہوں میں تڑپ رہا ہوں قدرت کے اس ستم ظریفی میں میرا دل تڑپ رہا ہے یہ کیا ہے,4_0_2_29,7.279455782312925,0.1362029910087585,clean_ok,ok,4,[CURR] میرا دل رو رہا ہے میں تکلیف میں ہوں میں تڑپ رہا ہوں قدرت کے اس ستم ظریفی میں میرا دل تڑپ رہا ہے یہ کیا ہے
audio/4_0_3_24.wav,Boredum,تمہارے گھر کی طرف آتے ہوئے راستے پہ میرے قدم کیسے اُٹھ گئے مجھے,4_0_3_24,4.562721088435374,0.1222395002841949,clean_ok,ok,6,[CURR] تمہارے گھر کی طرف آتے ہوئے راستے پہ میرے قدم کیسے اُٹھ گئے مجھے
audio/3_0_6_02.wav,Neutral,اج تمہارا فیئر ویل ہے,3_0_6_02,1.938866213151928,0.0405476130545139,clean_ok,ok,0,[CURR] اج تمہارا فیئر ویل ہے
audio/7_1_5_15.wav,Happy,کیا حال ہیں اپ کے,7_1_5_15,1.2886848072562358,0.1261556893587112,clean_ok,ok,1,[CURR] کیا حال ہیں اپ کے
audio/4_0_5_12.wav,Happy,سالوں سے اس سگنل سے گزرتا ہوں تو اواز دے کر کہتا ہے کہ مرید صاحب پھول لے لیجیے,4_0_5_12,4.945850340136055,0.1453083008527755,clean_ok,ok,1,[CURR] سالوں سے اس سگنل سے گزرتا ہوں تو اواز دے کر کہتا ہے کہ مرید صاحب پھول لے لیجیے
audio/3_0_6_38.wav,Neutral,عرفہ بتا رہی تھی کہ تم مجھ سے ڈر رہے تھے,3_0_6_38,4.144761904761904,0.0230904873460531,clean_ok,ok,0,[CURR] عرفہ بتا رہی تھی کہ تم مجھ سے ڈر رہے تھے
audio/4_0_7_15.wav,Sad,یار تیری منت کر رہا ہوں بھائی تو میرا چھوٹا بھائی ہے یار,4_0_7_15,3.718367346938776,0.1212158650159835,clean_ok,ok,3,[CURR] یار تیری منت کر رہا ہوں بھائی تو میرا چھوٹا بھائی ہے یار
audio/3_0_1_47.wav,Angry,گھر سے باہر کی دھوپ نے چھوا تک نہیں ہے,3_0_1_47,2.693514739229025,0.1131264492869377,clean_ok,ok,2,[CURR] گھر سے باہر کی دھوپ نے چھوا تک نہیں ہے
audio/10_1_4_46.wav,Disgust,گھر میں مجھے سب لوگ مارتے ہیں,10_1_4_46,1.8734240362811792,0.1096591725945472,clean_ok,ok,5,[CURR] گھر میں مجھے سب لوگ مارتے ہیں
audio/1_0_6_12.wav,Neutral,کافی بہتر محسوس کر رہا ہوں,1_0_6_12,1.683446712018141,0.097039483487606,clean_ok,ok,0,[CURR] کافی بہتر محسوس کر رہا ہوں
audio/4_0_2_20.wav,Fear,بات کر کے جا سکے ہم میئر میں,4_0_2_20,1.9040362811791385,0.0710276737809181,clean_ok,ok,4,[CURR] بات کر کے جا سکے ہم میئر میں
audio/5_0_6_20.wav,Neutral,لیکن میں تو یہ کام چھوڑ چکا ہوں,5_0_6_20,1.938866213151928,0.1235098093748092,clean_ok,ok,0,[CURR] لیکن میں تو یہ کام چھوڑ چکا ہوں
audio/6_1_5_31.wav,Happy,تو میری ماں کے ہاتھ خوبصورت ہوئیں گے نا,6_1_5_31,2.476077097505669,0.1860217750072479,clean_ok,ok,1,[CURR] تو میری ماں کے ہاتھ خوبصورت ہوئیں گے نا
audio/6_1_2_41.wav,Fear,مجھے بتائے تو صحیح اخر ہوا کیا ہے,6_1_2_41,2.197687074829932,0.1145613193511962,clean_ok,ok,4,[CURR] مجھے بتائے تو صحیح اخر ہوا کیا ہے
audio/3_0_5_10.wav,Happy,قسم سے بالکل فلمی پوز لگ رہا ہے,3_0_5_10,3.355283446712018,0.1280094683170318,clean_ok,ok,1,[CURR] قسم سے بالکل فلمی پوز لگ رہا ہے
audio/7_1_3_09.wav,Boredum,سب لوگ جو چلے گئے ہیں ناشتہ چھوڑ کر,7_1_3_09,3.085260770975057,0.1357072740793228,clean_ok,ok,6,[CURR] سب لوگ جو چلے گئے ہیں ناشتہ چھوڑ کر
audio/4_0_3_02.wav,Boredum,ویسے بھی سر میں درد ہے صبح سے,4_0_3_02,1.56734693877551,0.1232390254735946,clean_ok,ok,6,[CURR] ویسے بھی سر میں درد ہے صبح سے
audio/7_1_2_37.wav,Fear,بھابھی یہ گھر نہیں ہے یہ بازار ہے,7_1_2_37,2.9837641723356008,0.1605332195758819,clean_ok,ok,4,[CURR] بھابھی یہ گھر نہیں ہے یہ بازار ہے
audio/6_1_4_16.wav,Disgust,اور اسے دیکھو اس نے تمہیں پکڑا ہوا تھا جیسے تم بھاگے جا رہے ہو,6_1_4_16,2.9373242630385485,0.0888675972819328,clean_ok,ok,5,[CURR] اور اسے دیکھو اس نے تمہیں پکڑا ہوا تھا جیسے تم بھاگے جا رہے ہو
audio/5_0_3_44.wav,Boredum,ہاں بات تو بلکل ٹھیک ہے آپکی,5_0_3_44,2.48453514739229,0.1879113316535949,clean_ok,ok,6,[CURR] ہاں بات تو بلکل ٹھیک ہے آپکی
audio/5_0_3_24.wav,Boredum,سیدھا آپ کے گھر تشریف لے کے آگیا ہوں,5_0_3_24,3.320453514739229,0.1389800012111663,clean_ok,ok,6,[CURR] سیدھا آپ کے گھر تشریف لے کے آگیا ہوں
audio/3_0_2_26.wav,Fear,اگر تم میرے ساتھ ہوتی نا تو شرم سے زمین میں گڑ جاتا,3_0_2_26,3.831292517006802,0.1258204132318496,clean_ok,ok,4,[CURR] اگر تم میرے ساتھ ہوتی نا تو شرم سے زمین میں گڑ جاتا
audio/1_0_1_42.wav,Angry,کوئی بچی بچی نہیں ہے وہ کوئی ادب لحاظ ہونا چاہیے,1_0_1_42,3.715192743764173,0.1677033007144928,clean_ok,ok,2,[CURR] کوئی بچی بچی نہیں ہے وہ کوئی ادب لحاظ ہونا چاہیے
audio/1_0_4_05.wav,Disgust,یہ جو ہڈ ہرامی ہے نا سخت ناپسند ہے مجھے,1_0_4_05,3.7268027210884354,0.0865314453840255,clean_ok,ok,5,[CURR] یہ جو ہڈ ہرامی ہے نا سخت ناپسند ہے مجھے
audio/8_1_7_34.wav,Sad,اب مجھ میں اور ہمت نہیں ہے کہ میں کوئی بھی الزام اپنے سر لے سکوں,8_1_7_34,4.439138321995465,0.0956283584237098,clean_ok,ok,3,[CURR] اب مجھ میں اور ہمت نہیں ہے کہ میں کوئی بھی الزام اپنے سر لے سکوں
audio/10_1_2_42.wav,Fear,خدارا مجھے پاس کر دے,10_1_2_42,2.4475056689342405,0.0804410353302955,clean_ok,ok,4,[CURR] خدارا مجھے پاس کر دے
audio/4_0_7_42.wav,Sad,کون ہوں میں بدلے کی اگ کی گود میں پلتا ہوا ایک مظلوم,4_0_7_42,4.818140589569161,0.1320862472057342,clean_ok,ok,3,[CURR] کون ہوں میں بدلے کی اگ کی گود میں پلتا ہوا ایک مظلوم
audio/6_1_3_37.wav,Boredum,بول نا کیا ہوا ہے,6_1_3_37,2.4085034013605444,0.1218238547444343,clean_ok,ok,6,[CURR] بول نا کیا ہوا ہے
audio/5_0_2_12.wav,Fear,کیوں شوکت کو غصہ دلا رہی ہو معافی مانگو,5_0_2_12,2.403265306122449,0.2157825678586959,clean_ok,ok,4,[CURR] کیوں شوکت کو غصہ دلا رہی ہو معافی مانگو
audio/3_0_1_32.wav,Angry,حالانکہ تم اچھی طرح جانتے ہو,3_0_1_32,1.8575963718820865,0.147528201341629,clean_ok,ok,2,[CURR] حالانکہ تم اچھی طرح جانتے ہو
audio/8_1_5_02.wav,Happy,کچھ نیا ڈیزائن کیا ہے,8_1_5_02,1.7298866213151929,0.1702902466058731,clean_ok,ok,1,[CURR] کچھ نیا ڈیزائن کیا ہے
audio/2_0_6_16.wav,Neutral,ارے حیا تو بچی ہے اس کی باتوں کو چھوڑیں اپ,2_0_6_16,2.8594104308390023,0.1619334369897842,clean_ok,ok,0,[CURR] ارے حیا تو بچی ہے اس کی باتوں کو چھوڑیں اپ
audio/8_1_7_23.wav,Sad,تمہارا تو گھر ہے تمہارے اپنے ہیں تمہارے خونی رشتے,8_1_7_23,4.72920634920635,0.1222006157040596,clean_ok,ok,3,[CURR] تمہارا تو گھر ہے تمہارے اپنے ہیں تمہارے خونی رشتے
audio/7_1_5_49.wav,Happy,چڑی ماری تجھ سے اچھی ہے,7_1_5_49,2.184308390022676,0.1829152703285217,clean_ok,ok,1,[CURR] چڑی ماری تجھ سے اچھی ہے
audio/5_0_1_19.wav,Angry,ابھی نہیں,5_0_1_19,0.8707482993197279,0.1140040904283523,too_short,ok,2,[CURR] ابھی نہیں
audio/3_0_4_16.wav,Disgust,گاڑی چلانے والے اندھے ہو کر گاڑی چلاتے ہیں,3_0_4_16,2.995374149659864,0.1632327139377594,clean_ok,ok,5,[CURR] گاڑی چلانے والے اندھے ہو کر گاڑی چلاتے ہیں
audio/9_1_5_38.wav,Happy,خوبصورت کتنی ہے,9_1_5_38,1.666530612244898,0.1102659329771995,clean_ok,ok,1,[CURR] خوبصورت کتنی ہے
audio/9_1_6_14.wav,Neutral,چل دوسروں میں نقص نکالنے کی بجائے وُضو کر اُٹھ نماز پڑھ,9_1_6_14,2.748480725623583,0.1166305989027023,clean_ok,ok,0,[CURR] چل دوسروں میں نقص نکالنے کی بجائے وُضو کر اُٹھ نماز پڑھ
audio/10_1_1_48.wav,Angry,تم سب کو مار دے گا وہ,10_1_1_48,1.159954648526077,0.172306478023529,clean_ok,ok,2,[CURR] تم سب کو مار دے گا وہ
audio/1_0_1_07.wav,Angry,زبیر بس بس چلو یہاں سے,1_0_1_07,3.5030839002267573,0.1585414707660675,clean_ok,ok,2,[CURR] زبیر بس بس چلو یہاں سے
audio/9_1_3_34.wav,Boredum,بہت سنبھالا ہے مجھے,9_1_3_34,1.8929251700680272,0.1402574777603149,clean_ok,ok,6,[CURR] بہت سنبھالا ہے مجھے
audio/7_1_1_30.wav,Angry,میرے بھی پیر پکڑ کر مجھ سے معافی مانگو یا اس میں تمہیں شرم اتی ہے تو کوئی تمہاری مردان مردانگی کو ٹھیس,7_1_1_30,3.93843537414966,0.1660238355398178,clean_ok,ok,2,[CURR] میرے بھی پیر پکڑ کر مجھ سے معافی مانگو یا اس میں تمہیں شرم اتی ہے تو کوئی تمہاری مردان مردانگی کو ٹھیس
audio/5_0_6_13.wav,Neutral,میں ہی وہ ناچیز ہوں,5_0_6_13,1.230657596371882,0.1008520349860191,clean_ok,ok,0,[CURR] میں ہی وہ ناچیز ہوں
audio/7_1_6_18.wav,Neutral,اگر تم انکار نہیں کرو گی تو میں انکار کر دوں گی,7_1_6_18,2.9272562358276644,0.1547480672597885,clean_ok,ok,0,[CURR] اگر تم انکار نہیں کرو گی تو میں انکار کر دوں گی
audio/2_0_7_08.wav,Sad,مجھے تو خود نہیں پتہ تھا یہ تو ان لوگوں نے مجھے بعد میں بتایا,2_0_7_08,3.506213151927437,0.1705008000135421,clean_ok,ok,3,[CURR] مجھے تو خود نہیں پتہ تھا یہ تو ان لوگوں نے مجھے بعد میں بتایا
audio/2_0_3_35.wav,Boredum,ایسا کیوں سوچ رہی ہو شمع تمہیں کبھی کسی نے اجنبی نہیں سمجھا,2_0_3_35,3.0389795918367346,0.1691208034753799,clean_ok,ok,6,[CURR] ایسا کیوں سوچ رہی ہو شمع تمہیں کبھی کسی نے اجنبی نہیں سمجھا
audio/9_1_1_26.wav,Angry,صبح صبح کیسی منحوس خبر سنا دہی,9_1_1_26,2.451746031746032,0.1646013259887695,clean_ok,ok,2,[CURR] صبح صبح کیسی منحوس خبر سنا دہی
audio/9_1_7_43.wav,Sad,پتہ نہیں اُسے دیکھ بھی سکوں گی یا نہیں,9_1_7_43,4.93297052154195,0.0617166757583618,clean_ok,ok,3,[CURR] پتہ نہیں اُسے دیکھ بھی سکوں گی یا نہیں
audio/4_0_2_47.wav,Fear,کیوں کیا بھروسہ کیوں کیا بھروسہ,4_0_2_47,3.7500226757369615,0.0949041917920112,clean_ok,ok,4,[CURR] کیوں کیا بھروسہ کیوں کیا بھروسہ
audio/5_0_6_28.wav,Neutral,ویسے بھی میں بیٹیوں سے خدمت کرانے کے حق میں نہیں ہوں,5_0_6_28,3.2624036281179136,0.0886771976947784,clean_ok,ok,0,[CURR] ویسے بھی میں بیٹیوں سے خدمت کرانے کے حق میں نہیں ہوں
audio/9_1_7_28.wav,Sad,اس وقت سب بھول جاؤ,9_1_7_28,1.3681179138321995,0.1245855540037155,clean_ok,ok,3,[CURR] اس وقت سب بھول جاؤ
audio/2_0_6_25.wav,Neutral,تم لوگ گواہی دینے والوں کو تھانے نہیں بلاتے کیا,2_0_6_25,2.5322675736961453,0.1899959146976471,clean_ok,ok,0,[CURR] تم لوگ گواہی دینے والوں کو تھانے نہیں بلاتے کیا
audio/5_0_6_24.wav,Neutral,بلو جی برے لوگوں کے ساتھ اچھے لوگ بھی ہوتے ہیں,5_0_6_24,3.3846485260770973,0.1109099686145782,clean_ok,ok,0,[CURR] بلو جی برے لوگوں کے ساتھ اچھے لوگ بھی ہوتے ہیں
audio/6_1_2_07.wav,Fear,تجھے شرم نہیں اتی کیسے چپک کر بیٹھی ہو تم دونوں,6_1_2_07,2.507120181405896,0.0901210010051727,clean_ok,ok,4,[CURR] تجھے شرم نہیں اتی کیسے چپک کر بیٹھی ہو تم دونوں
audio/2_0_1_34.wav,Angry,میرے بھائی کے خلاف ایف ائی ار کٹوا کر تم اسی گھر میں واپس اگئی,2_0_1_34,4.0331519274376415,0.2286363691091537,clean_ok,ok,2,[CURR] میرے بھائی کے خلاف ایف ائی ار کٹوا کر تم اسی گھر میں واپس اگئی
audio/5_0_3_10.wav,Boredum,چھوڑو اِن باتوں کو,5_0_3_10,1.5092743764172336,0.0820043683052063,clean_ok,ok,6,[CURR] چھوڑو اِن باتوں کو
audio/3_0_1_13.wav,Angry,یہ لو پوری کر لو اپنی حسرتیں اپنی ارزوئیں,3_0_1_13,3.2005668934240363,0.0945023670792579,clean_ok,ok,2,[CURR] یہ لو پوری کر لو اپنی حسرتیں اپنی ارزوئیں
audio/2_0_5_21.wav,Happy,ہم لوگ کہیں باہر گھومنے چلتے ہیں,2_0_5_21,1.5024489795918368,0.1718363612890243,clean_ok,ok,1,[CURR] ہم لوگ کہیں باہر گھومنے چلتے ہیں
audio/4_0_1_39.wav,Angry,یہ موقع مرید نے خود اپ کے ہاتھ میں تھمایا تھا کیا لگا تھا اپ کو,4_0_1_39,6.257777777777778,0.1780344098806381,clean_ok,ok,2,[CURR] یہ موقع مرید نے خود اپ کے ہاتھ میں تھمایا تھا کیا لگا تھا اپ کو
audio/10_1_4_48.wav,Disgust,اخر میرا کیا قصور ہے بابا,10_1_4_48,1.953990929705216,0.1082649901509285,clean_ok,ok,5,[CURR] اخر میرا کیا قصور ہے بابا
audio/3_0_4_37.wav,Disgust,جس بدبخت نے اطلاع دی تھی,3_0_4_37,3.623582766439909,0.0761836543679237,clean_ok,ok,5,[CURR] جس بدبخت نے اطلاع دی تھی
audio/10_1_7_22.wav,Sad,دل اب بھی نہیں مانتا کہ تم نہیں ہو,10_1_7_22,2.1837414965986395,0.1695970296859741,clean_ok,ok,3,[CURR] دل اب بھی نہیں مانتا کہ تم نہیں ہو
audio/10_1_5_04.wav,Happy,تم ٹھیک ہوجاؤ پھر تمہیں لے کے چلوں گی لاہور,10_1_5_04,3.040657596371882,0.0837904438376426,clean_ok,ok,1,[CURR] تم ٹھیک ہوجاؤ پھر تمہیں لے کے چلوں گی لاہور
audio/5_0_4_42.wav,Disgust,چل بیٹھ جا تجھ سے کیا پوچھنا کیا کھائے گا اور کیا نہیں,5_0_4_42,2.589024943310658,0.0910641476511955,clean_ok,ok,5,[CURR] چل بیٹھ جا تجھ سے کیا پوچھنا کیا کھائے گا اور کیا نہیں
audio/9_1_4_28.wav,Disgust,کیا ہوا بنا رہے ہو بات ہی غلط ہے,9_1_4_28,1.8026077097505668,0.1626574248075485,clean_ok,ok,5,[CURR] کیا ہوا بنا رہے ہو بات ہی غلط ہے
audio/4_0_4_16.wav,Disgust,جو چیز تمہارے لیے رسوائی اور بدنامی کا باعث نہیں بن رہی,4_0_4_16,6.431927437641724,0.1411820501089096,clean_ok,ok,5,[CURR] جو چیز تمہارے لیے رسوائی اور بدنامی کا باعث نہیں بن رہی
audio/5_0_4_34.wav,Disgust,جانتے ہو یہ کون ہے یہ بھی یہی کہہ رہا تھا کہ نہیں چھوڑوں گا بدلہ لوں گا,5_0_4_34,4.6788208616780045,0.1935791373252868,clean_ok,ok,5,[CURR] جانتے ہو یہ کون ہے یہ بھی یہی کہہ رہا تھا کہ نہیں چھوڑوں گا بدلہ لوں گا
audio/2_0_4_43.wav,Disgust,اس کی لگائی ہوئی اگ یہ جو اس کے اور اس کے اسد کے درمیان اہستہ اہستہ سلگ رہی ہے,2_0_4_43,3.6870521541950114,0.118180863559246,clean_ok,ok,5,[CURR] اس کی لگائی ہوئی اگ یہ جو اس کے اور اس کے اسد کے درمیان اہستہ اہستہ سلگ رہی ہے
audio/10_1_3_22.wav,Boredum,مجھے بھی اپنی سمجھ نہیں اتی داؤد,10_1_3_22,1.8359410430839005,0.0982599705457687,clean_ok,ok,6,[CURR] مجھے بھی اپنی سمجھ نہیں اتی داؤد
audio/3_0_7_10.wav,Sad,اب اسے میری ضرورت نہیں ہے,3_0_7_10,3.738412698412698,0.0358632951974868,clean_ok,ok,3,[CURR] اب اسے میری ضرورت نہیں ہے
audio/4_0_3_14.wav,Boredum,اماں بھی نا بات کا بتنگڑ بنا دیتی ہیں,4_0_3_14,1.9475510204081632,0.094234824180603,clean_ok,ok,6,[CURR] اماں بھی نا بات کا بتنگڑ بنا دیتی ہیں
audio/7_1_6_30.wav,Neutral,اپ لوگوں نے ناشتہ کر لیا میرے بغیر,7_1_6_30,2.6354648526077096,0.161883994936943,clean_ok,ok,0,[CURR] اپ لوگوں نے ناشتہ کر لیا میرے بغیر
audio/2_0_2_27.wav,Fear,یہ کیا کرتے پھر رہے ہو تم,2_0_2_27,0.8882993197278911,0.1157132983207702,too_short,ok,4,[CURR] یہ کیا کرتے پھر رہے ہو تم
audio/10_1_2_39.wav,Fear,اگر انکھوں میں دھول جھونکنا ہوتا تو چیخ چیخ کر اپ لوگوں کو نہ بلاتی یہ جھوٹ بول رہا ہے بھائی,10_1_2_39,3.770068027210885,0.1332850009202957,clean_ok,ok,4,[CURR] اگر انکھوں میں دھول جھونکنا ہوتا تو چیخ چیخ کر اپ لوگوں کو نہ بلاتی یہ جھوٹ بول رہا ہے بھائی
audio/3_0_7_27.wav,Sad,کیا ہوا تمہیں کیا میری کہانی کے اس انجام سے تمہیں شدید صدمہ پہنچا ہے,3_0_7_27,8.243083900226758,0.0421295724809169,too_long,ok,3,[CURR] کیا ہوا تمہیں کیا میری کہانی کے اس انجام سے تمہیں شدید صدمہ پہنچا ہے
audio/10_1_1_49.wav,Angry,اتنی جلدی نہیں مروں گی میں,10_1_1_49,1.4009750566893424,0.1871671378612518,clean_ok,ok,2,[CURR] اتنی جلدی نہیں مروں گی میں
audio/4_0_2_12.wav,Fear,دماغ کام کر نہیں کر رہا تمہارا میں تمہیں یہ بتا رہا ہوں کہ ابا میری وجہ سے پہلے ہی بہت پریشان ہیں عیسی,4_0_2_12,5.95421768707483,0.1959551572799682,clean_ok,ok,4,[CURR] دماغ کام کر نہیں کر رہا تمہارا میں تمہیں یہ بتا رہا ہوں کہ ابا میری وجہ سے پہلے ہی بہت پریشان ہیں عیسی
audio/5_0_7_15.wav,Sad,جب یہ سامنے اتی ہے تو پرانے زخم تازہ ہو جاتے ہیں,5_0_7_15,4.779115646258504,0.0871214568614959,clean_ok,ok,3,[CURR] جب یہ سامنے اتی ہے تو پرانے زخم تازہ ہو جاتے ہیں
audio/9_1_6_27.wav,Neutral,تو آپ مت منہ لگائیں اُسے,9_1_6_27,2.082766439909297,0.1181954964995384,clean_ok,ok,0,[CURR] تو آپ مت منہ لگائیں اُسے
audio/7_1_5_10.wav,Happy,تو اپ ان سے بات کر لے نا جلدی سے ہیں,7_1_5_10,2.4434467120181407,0.1414465755224228,clean_ok,ok,1,[CURR] تو اپ ان سے بات کر لے نا جلدی سے ہیں
audio/10_1_3_48.wav,Boredum,تمہارے پیر میرے جوتوں میں نہیں ہے اسی لیے تو میں اندازہ نہیں ہے,10_1_3_48,3.320453514739229,0.1034460589289665,clean_ok,ok,6,[CURR] تمہارے پیر میرے جوتوں میں نہیں ہے اسی لیے تو میں اندازہ نہیں ہے
audio/1_0_5_31.wav,Happy,ویسے عجیب بات ہے خوش ہو کر بھی شکل سے خوش نہیں لگتی ہو تم,1_0_5_31,5.561179138321996,0.1245371177792549,clean_ok,ok,1,[CURR] ویسے عجیب بات ہے خوش ہو کر بھی شکل سے خوش نہیں لگتی ہو تم
audio/6_1_7_09.wav,Sad,نہیں میں اپنے رویئے سے شرمندہ ہوں,6_1_7_09,2.693605442176871,0.1817644834518432,clean_ok,ok,3,[CURR] نہیں میں اپنے رویئے سے شرمندہ ہوں
audio/6_1_7_42.wav,Sad,سمیع میں اتنی بے وُقعت ہوں,6_1_7_42,1.9272562358276644,0.1590660065412521,clean_ok,ok,3,[CURR] سمیع میں اتنی بے وُقعت ہوں
audio/8_1_2_27.wav,Fear,پرواہ ہے تو صرف اپنی تم کیا چاہتے ہو تمہارے ساتھ کیا ہوا تمہیں کسی اور کی کوئی پرواہ نہیں ہے,8_1_2_27,6.136213151927437,0.1362918466329574,clean_ok,ok,4,[CURR] پرواہ ہے تو صرف اپنی تم کیا چاہتے ہو تمہارے ساتھ کیا ہوا تمہیں کسی اور کی کوئی پرواہ نہیں ہے
audio/2_0_4_44.wav,Disgust,کھانا پینا چھوڑو گے تو کوئی کام پر توجہ دو گے نا,2_0_4_44,2.4843764172335603,0.2096894234418869,clean_ok,ok,5,[CURR] کھانا پینا چھوڑو گے تو کوئی کام پر توجہ دو گے نا
audio/7_1_6_34.wav,Neutral,اپ کی خوشی کے لیے میں جان بھی دے سکتی ہوں,7_1_6_34,2.6354648526077096,0.1354286223649978,clean_ok,ok,0,[CURR] اپ کی خوشی کے لیے میں جان بھی دے سکتی ہوں
audio/6_1_5_10.wav,Happy,ویسے انٹی کو گھر میں کم ہی دیکھا ہے,6_1_5_10,2.642562358276644,0.0843862369656562,clean_ok,ok,1,[CURR] ویسے انٹی کو گھر میں کم ہی دیکھا ہے
audio/4_0_5_09.wav,Happy,پر مرید یہاں نیچے اٹے سے الگ الگ شکلیں بناتا تھا,4_0_5_09,4.731882086167801,0.1817077249288559,clean_ok,ok,1,[CURR] پر مرید یہاں نیچے اٹے سے الگ الگ شکلیں بناتا تھا
audio/7_1_1_21.wav,Angry,میں جیسا سمجھتی تھی تم بالکل ویسے نہیں ہو,7_1_1_21,3.924172335600907,0.11135895550251,clean_ok,ok,2,[CURR] میں جیسا سمجھتی تھی تم بالکل ویسے نہیں ہو
audio/4_0_4_30.wav,Disgust,تمہیں میرے خاندان میرے نیک نامی میرے رواجوں سے چڑ تھی نا,4_0_4_30,3.900952380952381,0.2016952484846115,clean_ok,ok,5,[CURR] تمہیں میرے خاندان میرے نیک نامی میرے رواجوں سے چڑ تھی نا
audio/4_0_6_23.wav,Neutral,تو پھر میری طرف سے بھی انکار ہے میڈم,4_0_6_23,1.469251700680272,0.1377560496330261,clean_ok,ok,0,[CURR] تو پھر میری طرف سے بھی انکار ہے میڈم
audio/5_0_6_23.wav,Neutral,یہ بہت چھوٹی ہے وقت گزرتا ہوا پتہ ہی نہیں چلا,5_0_6_23,2.9373242630385485,0.0784396007657051,clean_ok,ok,0,[CURR] یہ بہت چھوٹی ہے وقت گزرتا ہوا پتہ ہی نہیں چلا
audio/2_0_4_06.wav,Disgust,پولیس کیس وہ تو میں بننے ہی نہیں دوں گا,2_0_4_06,2.249433106575964,0.176890879869461,clean_ok,ok,5,[CURR] پولیس کیس وہ تو میں بننے ہی نہیں دوں گا
audio/9_1_3_09.wav,Boredum,ہاں بس رضوانہ یہی سوچتی ہوں,9_1_3_09,2.1777777777777776,0.1280450224876403,clean_ok,ok,6,[CURR] ہاں بس رضوانہ یہی سوچتی ہوں
audio/3_0_7_34.wav,Sad,دیکھو ہم دونوں کو ہی سہارے کی ضرورت ہے,3_0_7_34,4.52984126984127,0.0186683349311351,clean_ok,ok,3,[CURR] دیکھو ہم دونوں کو ہی سہارے کی ضرورت ہے
audio/9_1_1_30.wav,Angry,تو سے پوچھا کسی نے تیری بیوی سے بات کر رہی ہیں تو کیوں بول رہا ہے بیچ میں,9_1_1_30,3.228684807256236,0.1353418976068496,clean_ok,ok,2,[CURR] تو سے پوچھا کسی نے تیری بیوی سے بات کر رہی ہیں تو کیوں بول رہا ہے بیچ میں
audio/6_1_3_21.wav,Boredum,امی کیا رکھا ہے اس گھر میں,6_1_3_21,1.5179818594104308,0.1815155744552612,clean_ok,ok,6,[CURR] امی کیا رکھا ہے اس گھر میں
audio/2_0_5_18.wav,Happy,یہ ساری باتیں تمہیں کیسے بتاتا,2_0_5_18,1.6764172335600906,0.1172654777765274,clean_ok,ok,1,[CURR] یہ ساری باتیں تمہیں کیسے بتاتا
audio/2_0_6_31.wav,Neutral,ٹھیک ہے یہ سارے اپ دیکھ لیں,2_0_6_31,3.272244897959184,0.1737227290868759,clean_ok,ok,0,[CURR] ٹھیک ہے یہ سارے اپ دیکھ لیں
audio/1_0_4_44.wav,Disgust,یہ صبح صبح تم کیا باتیں لے کر بیٹھ جاتی ہوں میرے ساتھ,1_0_4_44,2.786394557823129,0.1592778712511062,clean_ok,ok,5,[CURR] یہ صبح صبح تم کیا باتیں لے کر بیٹھ جاتی ہوں میرے ساتھ
audio/4_0_2_34.wav,Fear,یہ نام بدنامی عزت مرتبہ رتبہ ان سب سے میرا کوئی لینا دینا نہیں ہے,4_0_2_34,5.874648526077097,0.1769818812608719,clean_ok,ok,4,[CURR] یہ نام بدنامی عزت مرتبہ رتبہ ان سب سے میرا کوئی لینا دینا نہیں ہے
audio/6_1_6_32.wav,Neutral,کوئی بڑا فیصلہ کرنے والی ہوں میں,6_1_6_32,2.3268480725623584,0.0685897693037986,clean_ok,ok,0,[CURR] کوئی بڑا فیصلہ کرنے والی ہوں میں
audio/10_1_4_05.wav,Disgust,اور جس کا خمان اور خلاصہ ہے وہ کیا کر رہا ہے,10_1_4_05,1.952312925170068,0.0940136313438415,clean_ok,ok,5,[CURR] اور جس کا خمان اور خلاصہ ہے وہ کیا کر رہا ہے
audio/2_0_6_36.wav,Neutral,بختاور ہے سالہ تیری بیوی,2_0_6_36,3.1463038548752835,0.1525683104991912,clean_ok,ok,0,[CURR] بختاور ہے سالہ تیری بیوی
audio/9_1_4_46.wav,Disgust,سارے رشتے قانونی ترازو پر نہیں ماپے جاتے,9_1_4_46,3.1973469387755102,0.1077016741037368,clean_ok,ok,5,[CURR] سارے رشتے قانونی ترازو پر نہیں ماپے جاتے
audio/2_0_1_48.wav,Angry,جھوٹ مت بولنا مجھ سے ٹھیک ٹھیک بتاؤ مجھے یہ بچہ کس کا ہے,2_0_1_48,4.04875283446712,0.0873499289155006,clean_ok,ok,2,[CURR] جھوٹ مت بولنا مجھ سے ٹھیک ٹھیک بتاؤ مجھے یہ بچہ کس کا ہے
audio/4_0_2_16.wav,Fear,اور وہ لڑکا بالکل اس کے قابل نہیں ہے,4_0_2_16,2.031746031746032,0.1995226293802261,clean_ok,ok,4,[CURR] اور وہ لڑکا بالکل اس کے قابل نہیں ہے
audio/6_1_7_18.wav,Sad,کونسا بہانہ لگا کے جاؤں آج تک تو گئی نہیں اُس کے گھر,6_1_7_18,3.0795238095238093,0.1460115164518356,clean_ok,ok,3,[CURR] کونسا بہانہ لگا کے جاؤں آج تک تو گئی نہیں اُس کے گھر
audio/10_1_6_01.wav,Neutral,طبیعت کیسی ہے,10_1_6_01,0.9094784580498866,0.1334863901138305,too_short,ok,0,[CURR] طبیعت کیسی ہے
audio/4_0_5_37.wav,Happy,ایک دفعہ دیکھ لیں تھوڑی دیر,4_0_5_37,3.4939455782312927,0.0904673039913177,clean_ok,ok,1,[CURR] ایک دفعہ دیکھ لیں تھوڑی دیر
audio/6_1_2_40.wav,Fear,اچانک ان کی انگلیوں میں درد شروع ہو گیا اور پھر بے ہوش ہو گئے,6_1_2_40,2.833945578231293,0.2185928076505661,clean_ok,ok,4,[CURR] اچانک ان کی انگلیوں میں درد شروع ہو گیا اور پھر بے ہوش ہو گئے
audio/4_0_5_42.wav,Happy,اللہ کا بڑا بڑا کرم ہے کہ اپ کے ہونٹوں پر مسکراہٹ ہے,4_0_5_42,2.914104308390023,0.1135820150375366,clean_ok,ok,1,[CURR] اللہ کا بڑا بڑا کرم ہے کہ اپ کے ہونٹوں پر مسکراہٹ ہے
audio/4_0_4_34.wav,Disgust,مرید تو سمجھتا کیوں نہیں سمجھتا کیوں نہیں مالکوں کی برابری نہیں کرتے,4_0_4_34,5.3237868480725625,0.1499162018299102,clean_ok,ok,5,[CURR] مرید تو سمجھتا کیوں نہیں سمجھتا کیوں نہیں مالکوں کی برابری نہیں کرتے
audio/5_0_2_32.wav,Fear,اور نانا نا سر بالکل بالکل بھی نہیں,5_0_2_32,2.948934240362812,0.1755992621183395,clean_ok,ok,4,[CURR] اور نانا نا سر بالکل بالکل بھی نہیں
audio/8_1_1_17.wav,Angry,اج اس کی زندگی کا اخری دن ہوگا ڈیڈ,8_1_1_17,2.176190476190476,0.1445109397172927,clean_ok,ok,2,[CURR] اج اس کی زندگی کا اخری دن ہوگا ڈیڈ
audio/4_0_2_26.wav,Fear,پتہ ہی نہیں تمہارا دیا ہوا تانہ کل رات سے مجھے کاٹ رہا تھا,4_0_2_26,4.040272108843538,0.1192993819713592,clean_ok,ok,4,[CURR] پتہ ہی نہیں تمہارا دیا ہوا تانہ کل رات سے مجھے کاٹ رہا تھا
audio/4_0_6_44.wav,Neutral,میری یہ تیزی سے اٹھتے ہوئے قدم میری بے چینی کی نشانی نہیں ہے,4_0_6_44,2.961496598639456,0.2499553114175796,clean_ok,ok,0,[CURR] میری یہ تیزی سے اٹھتے ہوئے قدم میری بے چینی کی نشانی نہیں ہے
audio/10_1_1_02.wav,Angry,میرے قریب مت آنا,10_1_1_02,0.8842857142857142,0.0926702469587326,too_short,ok,2,[CURR] میرے قریب مت آنا
audio/8_1_6_18.wav,Neutral,اپ تو جانتے ہیں نا میری ضد اور انا کو,8_1_6_18,2.0433786848072564,0.1485034525394439,clean_ok,ok,0,[CURR] اپ تو جانتے ہیں نا میری ضد اور انا کو
audio/5_0_3_48.wav,Boredum,سر جی میرا ہر کام میں حصہ ہوتا ہے,5_0_3_48,5.582902494331066,0.0964789763092994,clean_ok,ok,6,[CURR] سر جی میرا ہر کام میں حصہ ہوتا ہے
audio/9_1_1_24.wav,Angry,عمروں سے ساری رات سوئی رہتی ہیں صبح انکھ نہیں کھلتی ان بغیر تو کی,9_1_1_24,4.203015873015873,0.1887056827545166,clean_ok,ok,2,[CURR] عمروں سے ساری رات سوئی رہتی ہیں صبح انکھ نہیں کھلتی ان بغیر تو کی
audio/9_1_6_15.wav,Neutral,لوگوں کو پتھر مارنے والا دیوانہ نہیں ہے,9_1_6_15,2.372290249433106,0.1845594495534896,clean_ok,ok,0,[CURR] لوگوں کو پتھر مارنے والا دیوانہ نہیں ہے
audio/5_0_5_19.wav,Happy,بڑے شریف ہیں تو,5_0_5_19,2.275555555555556,0.166503369808197,clean_ok,ok,1,[CURR] بڑے شریف ہیں تو
audio/9_1_2_13.wav,Fear,ارے کہاں جا رہی ہو ارے بیٹھو نا تم,9_1_2_13,2.509342403628118,0.139905646443367,clean_ok,ok,4,[CURR] ارے کہاں جا رہی ہو ارے بیٹھو نا تم
audio/6_1_4_45.wav,Disgust,کیا چھچھوری حرکتیں کر رہے ہو,6_1_4_45,1.474467120181406,0.0503825396299362,clean_ok,ok,5,[CURR] کیا چھچھوری حرکتیں کر رہے ہو
audio/7_1_1_27.wav,Angry,کیا کروں گا کیا مطلب ہے,7_1_1_27,1.989433106575964,0.1691803038120269,clean_ok,ok,2,[CURR] کیا کروں گا کیا مطلب ہے
audio/8_1_5_06.wav,Happy,مجھے خود کو اچھا لگنا ہے کسی اور کو نہیں,8_1_5_06,3.2624036281179136,0.1189919710159301,clean_ok,ok,1,[CURR] مجھے خود کو اچھا لگنا ہے کسی اور کو نہیں
audio/2_0_6_37.wav,Neutral,اج ہی ہم نے نکاح کیا ہے,2_0_6_37,1.382312925170068,0.1836212128400802,clean_ok,ok,0,[CURR] اج ہی ہم نے نکاح کیا ہے
audio/5_0_1_16.wav,Angry,ان کی لاش لے کر دردر میں جاتا رہا,5_0_1_16,2.914104308390023,0.1120302751660347,clean_ok,ok,2,[CURR] ان کی لاش لے کر دردر میں جاتا رہا
audio/3_0_6_18.wav,Neutral,جی باجی میں نے کنڈی تو لگا دی ہے یہ میں تالا بھی لے ایا,3_0_6_18,4.620770975056689,0.0112686725333333,clean_ok,ok,0,[CURR] جی باجی میں نے کنڈی تو لگا دی ہے یہ میں تالا بھی لے ایا
audio/4_0_5_21.wav,Happy,میں کیا کہا ہوں شکریہ سر,4_0_5_21,2.8740816326530614,0.0758661702275276,clean_ok,ok,1,[CURR] میں کیا کہا ہوں شکریہ سر
audio/5_0_6_10.wav,Neutral,ہم سب کی ڈورے اللہ تعالی کے ہاتھوں میں ہیں جسے چاہے چھوڑ دے جسے چاہے کھینچ دے,5_0_6_10,5.334172335600907,0.0916920602321624,clean_ok,ok,0,[CURR] ہم سب کی ڈورے اللہ تعالی کے ہاتھوں میں ہیں جسے چاہے چھوڑ دے جسے چاہے کھینچ دے
audio/6_1_6_44.wav,Neutral,یہ چھوٹا ہے تو پھر بڑا گھر کیسا ہوگا,6_1_6_44,2.5395464852607708,0.1652103215456009,clean_ok,ok,0,[CURR] یہ چھوٹا ہے تو پھر بڑا گھر کیسا ہوگا
audio/2_0_2_44.wav,Fear,جب کیس چل رہا ہوتا ہے نا تب کسی کو ملازمت سے نہیں نکالتے,2_0_2_44,3.3013151927437643,0.1685498207807541,clean_ok,ok,4,[CURR] جب کیس چل رہا ہوتا ہے نا تب کسی کو ملازمت سے نہیں نکالتے
audio/2_0_2_15.wav,Fear,جو بات کروں گا میں کروں گا مجھے پتہ ہے اس گھر کی عزت کو کیسے بچانا ہے,2_0_2_15,3.575555555555556,0.139413371682167,clean_ok,ok,4,[CURR] جو بات کروں گا میں کروں گا مجھے پتہ ہے اس گھر کی عزت کو کیسے بچانا ہے
audio/9_1_3_23.wav,Boredum,رابیل نے کوئی بات کی ہے تم سے,9_1_3_23,3.631791383219954,0.0863616839051246,clean_ok,ok,6,[CURR] رابیل نے کوئی بات کی ہے تم سے
audio/2_0_7_18.wav,Sad,انہوں نے نام لیا تھا بتایا تھا کہ منت شایان نے ایف ائی ار کٹائی,2_0_7_18,5.202607709750567,0.1427322477102279,clean_ok,ok,3,[CURR] انہوں نے نام لیا تھا بتایا تھا کہ منت شایان نے ایف ائی ار کٹائی
audio/3_0_1_14.wav,Angry,تم نے تم نے اس وقت ایک دولت مند آدمی سے شادی کی جس وقت میرے پاس کچھ نہیں تھا,3_0_1_14,6.692380952380953,0.146762803196907,clean_ok,ok,2,[CURR] تم نے تم نے اس وقت ایک دولت مند آدمی سے شادی کی جس وقت میرے پاس کچھ نہیں تھا
audio/1_0_1_49.wav,Angry,چل جا نکل جا میرا میٹر نہ گھما چل جا,1_0_1_49,3.099863945578232,0.1372433602809906,clean_ok,ok,2,[CURR] چل جا نکل جا میرا میٹر نہ گھما چل جا
audio/5_0_4_08.wav,Disgust,میں جا کر ابھی ان کا بندوبست کرتا ہوں اور دیکھتا ہوں کہ وہ پھر کیسے میری بیوی کو تنگ کرتے ہیں,5_0_4_08,3.7562131519274375,0.1536062955856323,clean_ok,ok,5,[CURR] میں جا کر ابھی ان کا بندوبست کرتا ہوں اور دیکھتا ہوں کہ وہ پھر کیسے میری بیوی کو تنگ کرتے ہیں
audio/6_1_5_15.wav,Happy,اچھا ادھر انا تو کیوں پریشان ہو جاتی ہے,6_1_5_15,3.2275736961451247,0.1312898695468902,clean_ok,ok,1,[CURR] اچھا ادھر انا تو کیوں پریشان ہو جاتی ہے
audio/2_0_7_38.wav,Sad,ہر وقت ہمیں مرنے کی دھمکیاں دیتا تھا اج ہمیں چھوڑ کر چلا گیا,2_0_7_38,4.777142857142858,0.1190880164504051,clean_ok,ok,3,[CURR] ہر وقت ہمیں مرنے کی دھمکیاں دیتا تھا اج ہمیں چھوڑ کر چلا گیا
audio/8_1_4_29.wav,Disgust,لیکن اگر بابا کی بات نہ مانی گئی تو برا ہونے کا اندیشہ ضرور ہے,8_1_4_29,3.4249433106575964,0.2263133525848388,clean_ok,ok,5,[CURR] لیکن اگر بابا کی بات نہ مانی گئی تو برا ہونے کا اندیشہ ضرور ہے
audio/8_1_6_15.wav,Neutral,اپنی حیثیت اور اوقات کے مطابق شادی کیا کرو,8_1_6_15,3.0512698412698414,0.1319045722484588,clean_ok,ok,0,[CURR] اپنی حیثیت اور اوقات کے مطابق شادی کیا کرو
audio/10_1_1_35.wav,Angry,خداکے لیئے مجھے معاف کر دیں,10_1_1_35,1.9204308390022675,0.0920858532190322,clean_ok,ok,2,[CURR] خداکے لیئے مجھے معاف کر دیں
audio/9_1_1_42.wav,Angry,ارے چپ کر جا,9_1_1_42,1.2261904761904765,0.1440404802560806,clean_ok,ok,2,[CURR] ارے چپ کر جا
audio/3_0_4_30.wav,Disgust,اور پوچھ رہے ہیں کس کے باپ ہو تم اور کیا بات کر رہے ہو,3_0_4_30,4.907891156462585,0.092490516602993,clean_ok,ok,5,[CURR] اور پوچھ رہے ہیں کس کے باپ ہو تم اور کیا بات کر رہے ہو
audio/7_1_3_48.wav,Boredum,زیادہ تو نہیں ہے نا,7_1_3_48,1.4396371882086167,0.2450328320264816,clean_ok,ok,6,[CURR] زیادہ تو نہیں ہے نا
audio/8_1_1_39.wav,Angry,بکواس بند کرو اپنی تمہاری اتنی اوقات کے مالکوں کا سامنے زبان چلاؤ,8_1_1_39,3.808072562358277,0.223414659500122,clean_ok,ok,2,[CURR] بکواس بند کرو اپنی تمہاری اتنی اوقات کے مالکوں کا سامنے زبان چلاؤ
audio/6_1_1_27.wav,Angry,اپ کو اس شخص ہمدردی ہوگی مجھے نہیں ہے,6_1_1_27,2.2041496598639454,0.1906447857618332,clean_ok,ok,2,[CURR] اپ کو اس شخص ہمدردی ہوگی مجھے نہیں ہے
audio/3_0_7_44.wav,Sad,پڑھ گیا نا کلیجے کو ہاتھ سمجھو یہی میری حالت بھی ہے,3_0_7_44,4.794920634920635,0.0194438565522432,clean_ok,ok,3,[CURR] پڑھ گیا نا کلیجے کو ہاتھ سمجھو یہی میری حالت بھی ہے
audio/2_0_7_48.wav,Sad,مجھے اس گھر سے کچھ نہیں چاہیے,2_0_7_48,2.008526077097505,0.1359824240207672,clean_ok,ok,3,[CURR] مجھے اس گھر سے کچھ نہیں چاہیے
audio/2_0_2_16.wav,Fear,اس وقت میرا مسئلہ عزت ہے جس سے مجھے بچانا ہے,2_0_2_16,3.056621315192744,0.1367194056510925,clean_ok,ok,4,[CURR] اس وقت میرا مسئلہ عزت ہے جس سے مجھے بچانا ہے
audio/10_1_4_09.wav,Disgust,اماں نہیں میں بات نہیں کروں گی,10_1_4_09,2.324467120181406,0.0698995292186737,clean_ok,ok,5,[CURR] اماں نہیں میں بات نہیں کروں گی
audio/9_1_1_43.wav,Angry,ہمارے بخش اولا کے کے خود ارام سے سو رہی ہے ہیں,9_1_1_43,3.4470748299319727,0.2233704477548599,clean_ok,ok,2,[CURR] ہمارے بخش اولا کے کے خود ارام سے سو رہی ہے ہیں
audio/10_1_3_29.wav,Boredum,اور میں روز اپ سے کہتی ہوں ہاں,10_1_3_29,2.159455782312925,0.0932273417711258,clean_ok,ok,6,[CURR] اور میں روز اپ سے کہتی ہوں ہاں
audio/4_0_4_46.wav,Disgust,اپ کے ساتھ جو ہوا ہے اس بات کی اتنی تکلیف ہوئی ہے مجھے کہ میں اپ کو بتا نہیں سکتا,4_0_4_46,5.805124716553288,0.1499668508768081,clean_ok,ok,5,[CURR] اپ کے ساتھ جو ہوا ہے اس بات کی اتنی تکلیف ہوئی ہے مجھے کہ میں اپ کو بتا نہیں سکتا
audio/6_1_3_47.wav,Boredum,اب میں ہر کسی کو اپنے قصّے کیوں سُناؤں,6_1_3_47,2.2221315192743765,0.1093212589621543,clean_ok,ok,6,[CURR] اب میں ہر کسی کو اپنے قصّے کیوں سُناؤں
audio/1_0_7_01.wav,Sad,بہت برا ہوں,1_0_7_01,3.4829931972789114,0.1321527510881424,clean_ok,ok,3,[CURR] بہت برا ہوں
audio/1_0_4_38.wav,Disgust,اب وہ جو جو تین بندہ کا الزام لگایا تم پر جو کچھ عرصہ پہلے غلام تھے تمہارے,1_0_4_38,6.919546485260771,0.0968027785420417,clean_ok,ok,5,[CURR] اب وہ جو جو تین بندہ کا الزام لگایا تم پر جو کچھ عرصہ پہلے غلام تھے تمہارے
audio/2_0_7_11.wav,Sad,ہاں بعض دفعہ ایسی غلطیاں ہو جاتی ہیں جنہیں مانتے ہوئے شرم اتی ہے,2_0_7_11,5.921088435374149,0.2130997627973556,clean_ok,ok,3,[CURR] ہاں بعض دفعہ ایسی غلطیاں ہو جاتی ہیں جنہیں مانتے ہوئے شرم اتی ہے
audio/8_1_6_40.wav,Neutral,میری خیر بسا بھی مت کیجئے گا,8_1_6_40,2.197573696145125,0.1329768300056457,clean_ok,ok,0,[CURR] میری خیر بسا بھی مت کیجئے گا
audio/8_1_3_38.wav,Boredum,اپ سمجھ کیوں نہیں رہے ہیں,8_1_3_38,1.6021768707482993,0.1768331974744796,clean_ok,ok,6,[CURR] اپ سمجھ کیوں نہیں رہے ہیں
audio/8_1_1_24.wav,Angry,اسے خبر بننے کا شوق ہے نا میں بناتی ہوں اسے خبر,8_1_1_24,2.996031746031746,0.2142183780670166,clean_ok,ok,2,[CURR] اسے خبر بننے کا شوق ہے نا میں بناتی ہوں اسے خبر
audio/1_0_6_21.wav,Neutral,بہرحال تم اپنی تفشیش جاری رکھو ڈھونڈو اسے,1_0_6_21,3.4946031746031747,0.1050115376710891,clean_ok,ok,0,[CURR] بہرحال تم اپنی تفشیش جاری رکھو ڈھونڈو اسے
audio/9_1_6_04.wav,Neutral,اچھا چل ٹھیک ہے جا لیکن سیدھا گھر آئیو واپس,9_1_6_04,2.760068027210884,0.1570603847503662,clean_ok,ok,0,[CURR] اچھا چل ٹھیک ہے جا لیکن سیدھا گھر آئیو واپس
audio/9_1_5_29.wav,Happy,دیر ائے درست ائے,9_1_5_29,1.287278911564626,0.1249549686908721,clean_ok,ok,1,[CURR] دیر ائے درست ائے
audio/7_1_2_15.wav,Fear,انہیں میرے سوال کا جواب دینا ہوگا,7_1_2_15,2.252335600907029,0.0709666758775711,clean_ok,ok,4,[CURR] انہیں میرے سوال کا جواب دینا ہوگا
audio/9_1_1_01.wav,Angry,چار دن میرے ہاتھ لگ جائے نہ یہ تیر کی طرح سیدھا کر دوں,9_1_1_01,3.761632653061224,0.1399087905883789,clean_ok,ok,2,[CURR] چار دن میرے ہاتھ لگ جائے نہ یہ تیر کی طرح سیدھا کر دوں
audio/8_1_7_39.wav,Sad,بس دعا کرو زین اللّٰہ مجھے اتنی ہمت دے,8_1_7_39,4.897278911564626,0.0775732845067977,clean_ok,ok,3,[CURR] بس دعا کرو زین اللّٰہ مجھے اتنی ہمت دے
audio/1_0_7_41.wav,Sad,ٹھیک کہہ رہے ہو تم بدر بیٹا ہے میرا,1_0_7_41,4.876190476190477,0.0846364125609397,clean_ok,ok,3,[CURR] ٹھیک کہہ رہے ہو تم بدر بیٹا ہے میرا
audio/1_0_7_22.wav,Sad,اللہ کی مرضی تھی بیٹا اور اللہ کے ہر کام میں بہتری ہوتی ہے,1_0_7_22,6.30421768707483,0.1418278962373733,clean_ok,ok,3,[CURR] اللہ کی مرضی تھی بیٹا اور اللہ کے ہر کام میں بہتری ہوتی ہے
audio/9_1_1_11.wav,Angry,تم بھی ذرا کان کھول کے سن لو,9_1_1_11,1.633061224489796,0.1183663159608841,clean_ok,ok,2,[CURR] تم بھی ذرا کان کھول کے سن لو
audio/10_1_3_31.wav,Boredum,آپ کی یاد آ رہی تھی اج,10_1_3_31,2.3103854875283445,0.101842924952507,clean_ok,ok,6,[CURR] آپ کی یاد آ رہی تھی اج
audio/10_1_4_07.wav,Disgust,اور اس کی ماں نے ہمارے خاندان کے بارے میں جان کے رشتے سے انکار کر دیا,10_1_4_07,3.492993197278912,0.0876699015498161,clean_ok,ok,5,[CURR] اور اس کی ماں نے ہمارے خاندان کے بارے میں جان کے رشتے سے انکار کر دیا
audio/10_1_7_37.wav,Sad,دو پیار کرنے والے ایک دوسرے سے الگ ہو,10_1_7_37,2.6002267573696147,0.1932732611894607,clean_ok,ok,3,[CURR] دو پیار کرنے والے ایک دوسرے سے الگ ہو
audio/4_0_6_38.wav,Neutral,ویسے ہی مذاقن منہ سے نکل گیا امید کرتا ہوں اپ نے برا نہیں مانا ہوگا,4_0_6_38,3.8998866213151926,0.1746600866317749,clean_ok,ok,0,[CURR] ویسے ہی مذاقن منہ سے نکل گیا امید کرتا ہوں اپ نے برا نہیں مانا ہوگا
audio/7_1_4_47.wav,Disgust,صرف زبان کا فرق ہے اور کچھ نہیں ہے,7_1_4_47,2.726235827664399,0.2114129215478897,clean_ok,ok,5,[CURR] صرف زبان کا فرق ہے اور کچھ نہیں ہے
audio/6_1_4_41.wav,Disgust,ایک لڑکے کے لیے رو رہی ہے پاگل ہو گئی ہے چپ کر نا,6_1_4_41,2.948934240362812,0.2275797575712204,clean_ok,ok,5,[CURR] ایک لڑکے کے لیے رو رہی ہے پاگل ہو گئی ہے چپ کر نا
audio/1_0_6_10.wav,Neutral,اپ کے اصرار پر دوپہر کا کھانا کھا لیا ہے وہی بہت ہے,1_0_6_10,3.1579138321995464,0.1429005265235901,clean_ok,ok,0,[CURR] اپ کے اصرار پر دوپہر کا کھانا کھا لیا ہے وہی بہت ہے
audio/3_0_4_39.wav,Disgust,خدا کی پناہ پہلے تو بارش کو ترس جاتے تھے,3_0_4_39,3.575873015873016,0.1295486688613891,clean_ok,ok,5,[CURR] خدا کی پناہ پہلے تو بارش کو ترس جاتے تھے
audio/6_1_7_49.wav,Sad,تُو بتا میں کیا کروں اب,6_1_7_49,2.5309750566893423,0.0842800661921501,clean_ok,ok,3,[CURR] تُو بتا میں کیا کروں اب
audio/3_0_5_22.wav,Happy,تم سے خوش ہو گیا ہے روبیر,3_0_5_22,2.1297732426303857,0.1164182350039482,clean_ok,ok,1,[CURR] تم سے خوش ہو گیا ہے روبیر
audio/7_1_2_36.wav,Fear,معافی غلطیوں کی ملتی ہے جھوٹ بولنے کی نہیں,7_1_2_36,3.93578231292517,0.142738401889801,clean_ok,ok,4,[CURR] معافی غلطیوں کی ملتی ہے جھوٹ بولنے کی نہیں
audio/6_1_2_27.wav,Fear,وہ نیند نہیں ا رہی مجھے,6_1_2_27,2.308253968253968,0.1747241765260696,clean_ok,ok,4,[CURR] وہ نیند نہیں ا رہی مجھے
audio/6_1_2_06.wav,Fear,ایسا لگتا ہے کسی نے بھاری پتھر اٹھا کر میرے سینے پر رکھ دیا ہو جیسے,6_1_2_06,2.900907029478458,0.4269754290580749,clean_ok,ok,4,[CURR] ایسا لگتا ہے کسی نے بھاری پتھر اٹھا کر میرے سینے پر رکھ دیا ہو جیسے
audio/5_0_3_02.wav,Boredum,آئے گا یہی آئے گا,5_0_3_02,2.8212244897959184,0.1178211495280265,clean_ok,ok,6,[CURR] آئے گا یہی آئے گا
audio/3_0_4_32.wav,Disgust,اس کے سامنے چل اور ڈٹ کر بتاؤ اس کے کرتوت,3_0_4_32,4.08671201814059,0.1322618424892425,clean_ok,ok,5,[CURR] اس کے سامنے چل اور ڈٹ کر بتاؤ اس کے کرتوت
audio/1_0_1_43.wav,Angry,بدتمیز ہو گئی ہے,1_0_1_43,1.18421768707483,0.2095084190368652,clean_ok,ok,2,[CURR] بدتمیز ہو گئی ہے
audio/6_1_2_05.wav,Fear,مجھے خود اپنا پتہ نہیں ہے کہ کب کس وقت کیا کر جاؤں میں,6_1_2_05,2.8256009070294783,0.131442978978157,clean_ok,ok,4,[CURR] مجھے خود اپنا پتہ نہیں ہے کہ کب کس وقت کیا کر جاؤں میں
audio/8_1_3_37.wav,Boredum,بس اس سے اگے مجھ سے کچھ مت پوچھیے گا,8_1_3_37,2.078185941043084,0.142277792096138,clean_ok,ok,6,[CURR] بس اس سے اگے مجھ سے کچھ مت پوچھیے گا
audio/5_0_4_48.wav,Disgust,سر یہ پارٹی میری وجہ سے ہے اور افسوس کی بات ہے کہ اپ نے مجھے دعوت پر انوائٹ ہی نہیں کیا,5_0_4_48,7.048798185941043,0.0913372561335563,clean_ok,ok,5,[CURR] سر یہ پارٹی میری وجہ سے ہے اور افسوس کی بات ہے کہ اپ نے مجھے دعوت پر انوائٹ ہی نہیں کیا
audio/9_1_6_39.wav,Neutral,کتنے اچھے لگ رہے ہو تم لوگ ایک ساتھ بیٹھے ہوئے,9_1_6_39,3.2151927437641725,0.1041919589042663,clean_ok,ok,0,[CURR] کتنے اچھے لگ رہے ہو تم لوگ ایک ساتھ بیٹھے ہوئے
audio/6_1_3_31.wav,Boredum,آممم صوبیہ میرا خیال ہے میں چلتی ہوں,6_1_3_31,1.7773696145124716,0.1849820464849472,clean_ok,ok,6,[CURR] آممم صوبیہ میرا خیال ہے میں چلتی ہوں
audio/2_0_5_33.wav,Happy,پھر دو تین کہ جب,2_0_5_33,1.894784580498866,0.2047410309314727,clean_ok,ok,1,[CURR] پھر دو تین کہ جب
audio/3_0_5_11.wav,Happy,تمہارے شکریہ میں محبت کم اور شکریہ زیادہ لگ رہا ہے,3_0_5_11,2.136235827664399,0.0973784402012825,clean_ok,ok,1,[CURR] تمہارے شکریہ میں محبت کم اور شکریہ زیادہ لگ رہا ہے
audio/3_0_2_39.wav,Fear,اس سے کہو یہ یہی رہے اور میرے سینے پر موم ڈلتا رہے,3_0_2_39,5.6656689342403626,0.1312061548233032,clean_ok,ok,4,[CURR] اس سے کہو یہ یہی رہے اور میرے سینے پر موم ڈلتا رہے
audio/2_0_4_10.wav,Disgust,تو پھر ٹھیک ہے جب ایف ائی ار کٹ جائے گی ہم اسی وقت انٹیروگیٹ ہوں گے,2_0_4_10,4.911519274376417,0.1486093997955322,clean_ok,ok,5,[CURR] تو پھر ٹھیک ہے جب ایف ائی ار کٹ جائے گی ہم اسی وقت انٹیروگیٹ ہوں گے
audio/1_0_7_47.wav,Sad,میری سختی نے تم دونوں کو مجھ سے دور کر دیا,1_0_7_47,4.051882086167801,0.1008781343698501,clean_ok,ok,3,[CURR] میری سختی نے تم دونوں کو مجھ سے دور کر دیا
audio/3_0_6_05.wav,Neutral,اک بار پھر سوچ لو,3_0_6_05,1.7647165532879818,0.0361703224480152,clean_ok,ok,0,[CURR] اک بار پھر سوچ لو
audio/3_0_3_35.wav,Boredum,دفتر میں تو سب ٹھیک ہے نا,3_0_3_35,2.380045351473923,0.140193372964859,clean_ok,ok,6,[CURR] دفتر میں تو سب ٹھیک ہے نا
audio/4_0_3_09.wav,Boredum,اور تخت پر اگر میرا ابّا بیٹھ جاتا,4_0_3_09,2.901473922902494,0.1405685245990753,clean_ok,ok,6,[CURR] اور تخت پر اگر میرا ابّا بیٹھ جاتا
audio/7_1_5_05.wav,Happy,سب بولیں گے کہ برانڈ نیو گاڑی لے کر ائی ہے,7_1_5_05,2.647074829931973,0.1224781721830368,clean_ok,ok,1,[CURR] سب بولیں گے کہ برانڈ نیو گاڑی لے کر ائی ہے
audio/8_1_3_23.wav,Boredum,وہ مجھے سمجھ نہیں ا رہا تھا میں کیا کروں,8_1_3_23,2.8560544217687074,0.1753849238157272,clean_ok,ok,6,[CURR] وہ مجھے سمجھ نہیں ا رہا تھا میں کیا کروں
audio/3_0_1_42.wav,Angry,ہمارے برسوں کے لاڈ پیار کا یہی صلہ,3_0_1_42,2.9605442176870747,0.1308649331331253,clean_ok,ok,2,[CURR] ہمارے برسوں کے لاڈ پیار کا یہی صلہ
audio/8_1_5_18.wav,Happy,تاکہ اپ سب لوگ کی مسکراہٹ ایک ساتھ دیکھ سکیں,8_1_5_18,3.182108843537415,0.1151264756917953,clean_ok,ok,1,[CURR] تاکہ اپ سب لوگ کی مسکراہٹ ایک ساتھ دیکھ سکیں
audio/4_0_5_49.wav,Happy,بڑا بلب کرکٹ میچ والا,4_0_5_49,1.822766439909297,0.1944371610879898,clean_ok,ok,1,[CURR] بڑا بلب کرکٹ میچ والا
audio/7_1_2_47.wav,Fear,بہتر ہے اپ اسی وقت یہاں سے تشریف لے جائیے اپ کی امی اپ کی راہ دیکھ رہی ہوں گی گھر پر,7_1_2_47,7.075056689342404,0.1176441684365272,clean_ok,ok,4,[CURR] بہتر ہے اپ اسی وقت یہاں سے تشریف لے جائیے اپ کی امی اپ کی راہ دیکھ رہی ہوں گی گھر پر
audio/2_0_4_09.wav,Disgust,پہلے تو یہ بتائیے کہ ہم کیا سوچیں ہماری انویسٹیگیشن ہو رہی ہے,2_0_4_09,3.4934467120181405,0.1346823126077652,clean_ok,ok,5,[CURR] پہلے تو یہ بتائیے کہ ہم کیا سوچیں ہماری انویسٹیگیشن ہو رہی ہے
audio/10_1_6_32.wav,Neutral,اپنے کندھوں کا بوجھ تھوڑا سا کم کرنا چاہتی تھی,10_1_6_32,3.078344671201814,0.0807285085320472,clean_ok,ok,0,[CURR] اپنے کندھوں کا بوجھ تھوڑا سا کم کرنا چاہتی تھی
audio/2_0_6_29.wav,Neutral,یہ دیکھیں یہ سارے سیمپلز ہیں,2_0_6_29,1.9773469387755105,0.147415280342102,clean_ok,ok,0,[CURR] یہ دیکھیں یہ سارے سیمپلز ہیں
audio/10_1_4_04.wav,Disgust,میں پچھتا نہیں رہی یہ سوچ رہی ہوں کہ مجھے جانا ہی نہیں چاہیے تھا,10_1_4_04,2.998480725623583,0.0942660495638847,clean_ok,ok,5,[CURR] میں پچھتا نہیں رہی یہ سوچ رہی ہوں کہ مجھے جانا ہی نہیں چاہیے تھا
audio/2_0_7_03.wav,Sad,رمضان صاحب دیکھیں ہم تو ہمیشہ سے اپ کے ساتھ,2_0_7_03,3.842902494331066,0.1227602586150169,clean_ok,ok,3,[CURR] رمضان صاحب دیکھیں ہم تو ہمیشہ سے اپ کے ساتھ
audio/3_0_2_02.wav,Fear,کسی نے کچھ کہا ہے تمہیں,3_0_2_02,2.345215419501134,0.1387680768966674,clean_ok,ok,4,[CURR] کسی نے کچھ کہا ہے تمہیں
audio/9_1_6_35.wav,Neutral,آکیسی ہو عدیلہ ٹھیک ہو,9_1_6_35,1.818888888888889,0.1168465316295623,clean_ok,ok,0,[CURR] آکیسی ہو عدیلہ ٹھیک ہو
audio/8_1_3_19.wav,Boredum,ا ا اااااا,8_1_3_19,1.0448979591836736,0.1707086265087127,clean_ok,ok,6,[CURR] ا ا اااااا
audio/2_0_1_40.wav,Angry,یہ انسان نہیں ہے چھوڑ دو,2_0_1_40,1.801609977324263,0.2516453266143799,clean_ok,ok,2,[CURR] یہ انسان نہیں ہے چھوڑ دو
audio/5_0_2_48.wav,Fear,ایک بات یاد رکھیے گا میں اتنی اسانی سے بھلائی جانے والا نہیں ہوں,5_0_2_48,6.67453514739229,0.0872174054384231,clean_ok,ok,4,[CURR] ایک بات یاد رکھیے گا میں اتنی اسانی سے بھلائی جانے والا نہیں ہوں
audio/3_0_7_08.wav,Sad,میں سوچ بھی نہیں سکتا تھا,3_0_7_08,2.345215419501134,0.0224069282412529,clean_ok,ok,3,[CURR] میں سوچ بھی نہیں سکتا تھا
audio/10_1_5_50.wav,Happy,کیا رُعب دار شخصیت ہے,10_1_5_50,1.7324036281179138,0.1563285142183303,clean_ok,ok,1,[CURR] کیا رُعب دار شخصیت ہے
audio/4_0_7_50.wav,Sad,اج اج پتہ نہیں کیوں روز زخمی ہو گئی ہے میری جیسے یہ باتیں ار پار ہو گئی ہیں مرید کے,4_0_7_50,6.503492063492064,0.1054952442646026,clean_ok,ok,3,[CURR] اج اج پتہ نہیں کیوں روز زخمی ہو گئی ہے میری جیسے یہ باتیں ار پار ہو گئی ہیں مرید کے
audio/3_0_6_22.wav,Neutral,تم نے تو خدا کو ہی اپنی طرف لگا رکھا ہے رقیہ بیگم,3_0_6_22,4.068140589569161,0.0565033592283725,clean_ok,ok,0,[CURR] تم نے تو خدا کو ہی اپنی طرف لگا رکھا ہے رقیہ بیگم
audio/1_0_7_27.wav,Sad,تمہیں کیا اندر انے کے لیے اجازت کی ضرورت ہے,1_0_7_27,4.365351473922902,0.0777146369218826,clean_ok,ok,3,[CURR] تمہیں کیا اندر انے کے لیے اجازت کی ضرورت ہے
audio/6_1_1_12.wav,Angry,میں نے کہا ہے نا مجھے اپ سے کوئی بات نہیں کرنی میرا ہاتھ کیوں پکڑا ہے چھوڑو میرا ہاتھ,6_1_1_12,3.038616780045352,0.1616322994232177,clean_ok,ok,2,[CURR] میں نے کہا ہے نا مجھے اپ سے کوئی بات نہیں کرنی میرا ہاتھ کیوں پکڑا ہے چھوڑو میرا ہاتھ
audio/7_1_7_47.wav,Sad,یہ میرے ساتھ یہ سب کچھ ہو چکا ہے,7_1_7_47,1.71578231292517,0.150723248720169,clean_ok,ok,3,[CURR] یہ میرے ساتھ یہ سب کچھ ہو چکا ہے
audio/9_1_5_10.wav,Happy,جلدی جلدی شہزادہ بن جا تیار ہو جا,9_1_5_10,2.354240362811791,0.1609048396348953,clean_ok,ok,1,[CURR] جلدی جلدی شہزادہ بن جا تیار ہو جا
audio/5_0_7_10.wav,Sad,پوچھو اس سے کہ کس کے ساتھ چکر چلایا ہوا ہے اس نے کس چیز کا بدلہ لے رہی ہے مجھ سے,5_0_7_10,4.539501133786848,0.16693976521492,clean_ok,ok,3,[CURR] پوچھو اس سے کہ کس کے ساتھ چکر چلایا ہوا ہے اس نے کس چیز کا بدلہ لے رہی ہے مجھ سے
audio/4_0_3_17.wav,Boredum,ہاں بس اچھی لگی مجھے,4_0_3_17,2.2580725623582767,0.1370007544755935,clean_ok,ok,6,[CURR] ہاں بس اچھی لگی مجھے
audio/3_0_7_23.wav,Sad,اس خوبصورت گھر میں میں اکیلا رہتا ہوں,3_0_7_23,4.435011337868481,0.0216893311589956,clean_ok,ok,3,[CURR] اس خوبصورت گھر میں میں اکیلا رہتا ہوں
audio/6_1_2_24.wav,Fear,اس رشتے کا انجام کیا ہوگا,6_1_2_24,2.147437641723356,0.154627650976181,clean_ok,ok,4,[CURR] اس رشتے کا انجام کیا ہوگا
audio/10_1_5_17.wav,Happy,توے کی روٹی بھگاڑے بینگن,10_1_5_17,2.113015873015873,0.1178669407963752,clean_ok,ok,1,[CURR] توے کی روٹی بھگاڑے بینگن
audio/7_1_5_39.wav,Happy,ہاں اور پتہ ہے,7_1_5_39,2.3103854875283445,0.1250002831220626,clean_ok,ok,1,[CURR] ہاں اور پتہ ہے
audio/7_1_1_28.wav,Angry,لیکن اب گھر میں تب ہی اؤں گی جب تم مجھے لینے اؤ گے,7_1_1_28,3.148866213151928,0.141591340303421,clean_ok,ok,2,[CURR] لیکن اب گھر میں تب ہی اؤں گی جب تم مجھے لینے اؤ گے
audio/3_0_6_50.wav,Neutral,اور یہ بھی جائز نہیں ہے کہ تم بے وقت شرع کو بیچ میں لے ائو,3_0_6_50,4.365351473922902,0.0487283170223236,clean_ok,ok,0,[CURR] اور یہ بھی جائز نہیں ہے کہ تم بے وقت شرع کو بیچ میں لے ائو
audio/7_1_1_35.wav,Angry,مجھے اس گھر میں عزت چاہیے,7_1_1_35,2.413401360544217,0.1206095293164253,clean_ok,ok,2,[CURR] مجھے اس گھر میں عزت چاہیے
audio/5_0_7_45.wav,Sad,بھیا بہت مارا ہے انہوں نے بڑا ہی مارا ہے,5_0_7_45,4.017052154195011,0.2949174046516418,clean_ok,ok,3,[CURR] بھیا بہت مارا ہے انہوں نے بڑا ہی مارا ہے
audio/1_0_5_08.wav,Happy,بس اب تھوڑی دیر کے لیے جاتا ہوں پھر واپس ا جاتا ہوں,1_0_5_08,2.472925170068028,0.2032560259103775,clean_ok,ok,1,[CURR] بس اب تھوڑی دیر کے لیے جاتا ہوں پھر واپس ا جاتا ہوں
audio/5_0_5_39.wav,Happy,ارے کیسی ہو بہت اچھی لگ رہی ہو کیا بات ہے,5_0_5_39,6.487392290249433,0.1319797486066818,clean_ok,ok,1,[CURR] ارے کیسی ہو بہت اچھی لگ رہی ہو کیا بات ہے
audio/9_1_2_37.wav,Fear,اس کی قدر کرو اس کا خیال رکھو,9_1_2_37,1.899863945578232,0.1228597164154052,clean_ok,ok,4,[CURR] اس کی قدر کرو اس کا خیال رکھو
audio/2_0_3_19.wav,Boredum,قانون تو معاف کر دیتا ہے لیکن انسان زندگی بھر اپنے اپ کو معاف نہیں کر سکتا,2_0_3_19,4.124625850340136,0.1742696017026901,clean_ok,ok,6,[CURR] قانون تو معاف کر دیتا ہے لیکن انسان زندگی بھر اپنے اپ کو معاف نہیں کر سکتا
audio/5_0_6_42.wav,Neutral,ویسے سر بہت بری بات ہے اتنے امیر ادمی ایک کپ چائے کا بھی نہیں پلایا,5_0_6_42,3.4713832199546486,0.1564089059829712,clean_ok,ok,0,[CURR] ویسے سر بہت بری بات ہے اتنے امیر ادمی ایک کپ چائے کا بھی نہیں پلایا
audio/1_0_7_48.wav,Sad,میں نے تمہاری زندگی کے بہت سے قیمتی سال اپنی نفرت سے ضائع کر دیے,1_0_7_48,5.7817687074829935,0.1036780625581741,clean_ok,ok,3,[CURR] میں نے تمہاری زندگی کے بہت سے قیمتی سال اپنی نفرت سے ضائع کر دیے
audio/4_0_7_37.wav,Sad,میرے ابا بھلے ادمی تھے اپ چھوٹی سی تھی جب وہ اس دنیا سے چلے گئے,4_0_7_37,3.57281179138322,0.1518207043409347,clean_ok,ok,3,[CURR] میرے ابا بھلے ادمی تھے اپ چھوٹی سی تھی جب وہ اس دنیا سے چلے گئے
audio/10_1_7_34.wav,Sad,میں نے کوئی گناہ نہیں کیا,10_1_7_34,1.8739002267573697,0.2147136777639389,clean_ok,ok,3,[CURR] میں نے کوئی گناہ نہیں کیا
audio/10_1_2_18.wav,Fear,مجھے یقین نہیں ا رہا,10_1_2_18,1.2229931972789116,0.0951742231845855,clean_ok,ok,4,[CURR] مجھے یقین نہیں ا رہا
audio/8_1_2_20.wav,Fear,تو اس وقت کسی پہ بھی بھروسہ نہیں ہے,8_1_2_20,1.5976417233560092,0.1132228523492813,clean_ok,ok,4,[CURR] تو اس وقت کسی پہ بھی بھروسہ نہیں ہے
audio/6_1_4_34.wav,Disgust,ابو نہیں ا رہے تھے تو اپ مجھے فون کر کے بتا دیتے ہیں میں خود ہی ا جاتی ہوں,6_1_4_34,3.413310657596372,0.1412079632282257,clean_ok,ok,5,[CURR] ابو نہیں ا رہے تھے تو اپ مجھے فون کر کے بتا دیتے ہیں میں خود ہی ا جاتی ہوں
audio/1_0_6_28.wav,Neutral,ٹھیک ہے تم نے بات کرنی ہے تو کر لو اس سے مجھے کوئی اعتراض نہیں ہے,1_0_6_28,4.527891156462585,0.1075151488184928,clean_ok,ok,0,[CURR] ٹھیک ہے تم نے بات کرنی ہے تو کر لو اس سے مجھے کوئی اعتراض نہیں ہے
audio/8_1_1_10.wav,Angry,ڈیڈ اپ اس کو سمجھا لیں,8_1_1_10,1.1892290249433106,0.2300086170434951,clean_ok,ok,2,[CURR] ڈیڈ اپ اس کو سمجھا لیں
audio/5_0_2_11.wav,Fear,کیا کیا یاسمین یہ کیا کہہ رہی ہے,5_0_2_11,4.713650793650793,0.065339520573616,clean_ok,ok,4,[CURR] کیا کیا یاسمین یہ کیا کہہ رہی ہے
audio/8_1_3_42.wav,Boredum,یہ دھوک میری تختی کا حصہ بن چکی ہے ڈاکٹر صاحب,8_1_3_42,3.454557823129252,0.1816543191671371,clean_ok,ok,6,[CURR] یہ دھوک میری تختی کا حصہ بن چکی ہے ڈاکٹر صاحب
audio/10_1_6_03.wav,Neutral,کوئی بڑا رول دیتے سلیم بھائی,10_1_6_03,1.8274603174603168,0.0987311601638794,clean_ok,ok,0,[CURR] کوئی بڑا رول دیتے سلیم بھائی
audio/4_0_3_33.wav,Boredum,میرا مطلب ہے کہ ٹھیک ہے چلی جانا,4_0_3_33,5.471700680272109,0.1158090829849243,clean_ok,ok,6,[CURR] میرا مطلب ہے کہ ٹھیک ہے چلی جانا
audio/5_0_1_36.wav,Angry,چل چلا جا منہ اگے کر کے دفع ہو جا دفع ہو,5_0_1_36,5.423764172335601,0.1188284382224083,clean_ok,ok,2,[CURR] چل چلا جا منہ اگے کر کے دفع ہو جا دفع ہو
audio/5_0_2_16.wav,Fear,لیکن تمہاری عافیت کی ڈور میرے ہاتھ میں ہے,5_0_2_16,3.66875283446712,0.0714510902762413,clean_ok,ok,4,[CURR] لیکن تمہاری عافیت کی ڈور میرے ہاتھ میں ہے
audio/5_0_3_14.wav,Boredum,چلو جی اب تو بہت سخت بھوک لگ رہی ہے,5_0_3_14,2.7980045351473923,0.1286357939243316,clean_ok,ok,6,[CURR] چلو جی اب تو بہت سخت بھوک لگ رہی ہے
audio/3_0_6_37.wav,Neutral,بندوں کو کس لیے پیدا کیا بندوں کو بندے کے درد کے لیے پیدا کیا ہے,3_0_6_37,4.748480725623582,0.0210350044071674,clean_ok,ok,0,[CURR] بندوں کو کس لیے پیدا کیا بندوں کو بندے کے درد کے لیے پیدا کیا ہے
audio/4_0_4_18.wav,Disgust,تم بھی مجھ سے وہی کہہ رہے ہو جو پورا زمانہ کہتا ہے تم تو سمجھتے ہو مراد علی,4_0_4_18,4.643990929705216,0.1407425105571746,clean_ok,ok,5,[CURR] تم بھی مجھ سے وہی کہہ رہے ہو جو پورا زمانہ کہتا ہے تم تو سمجھتے ہو مراد علی
audio/3_0_3_16.wav,Boredum,ابھی تو زندگی کا بڑا لمبا سفر باقی ہے بیگم صاحبہ,3_0_3_16,3.8617006802721088,0.1845704913139343,clean_ok,ok,6,[CURR] ابھی تو زندگی کا بڑا لمبا سفر باقی ہے بیگم صاحبہ
audio/4_0_7_36.wav,Sad,میں نے جب بھی اپنی ماں کو جائے نماز پہ کچھ مانگتے ہوئے سنا تو ایک ہی بات مانگتے ہوئے سنا کہ میرے مرید کے ہاتھوں کے کبھی کسی کو کوئی نقصان نہ پہنچے,4_0_7_36,7.325895691609977,0.1619685590267181,clean_ok,ok,3,[CURR] میں نے جب بھی اپنی ماں کو جائے نماز پہ کچھ مانگتے ہوئے سنا تو ایک ہی بات مانگتے ہوئے سنا کہ میرے مرید کے ہاتھوں کے کبھی کسی کو کوئی نقصان نہ پہنچے
audio/10_1_1_32.wav,Angry,دن رات کام کرتی ہوں نوکری کرتی ہوں,10_1_1_32,1.9924489795918368,0.0945911407470703,clean_ok,ok,2,[CURR] دن رات کام کرتی ہوں نوکری کرتی ہوں
audio/1_0_3_13.wav,Boredum,ہماری امید ہمارا بھروسہ لوگوں کو ہماری نظروں سے گرنے نہیں دیتا,1_0_3_13,6.060408163265306,0.1253421157598495,clean_ok,ok,6,[CURR] ہماری امید ہمارا بھروسہ لوگوں کو ہماری نظروں سے گرنے نہیں دیتا
audio/3_0_6_40.wav,Neutral,دروازے پر سے کان ہٹا لو اور اندر ا جاؤ,3_0_6_40,4.4117913832199545,0.0320009030401706,clean_ok,ok,0,[CURR] دروازے پر سے کان ہٹا لو اور اندر ا جاؤ
audio/8_1_5_44.wav,Happy,ایک مسیحہ ساجن بن کہ آیا ہے,8_1_5_44,4.028662131519274,0.1278529167175293,clean_ok,ok,1,[CURR] ایک مسیحہ ساجن بن کہ آیا ہے
audio/6_1_7_10.wav,Sad,پھر کبھی اس موضوع پر بات کروں گی ابو ٹھیک ہو جائیں,6_1_7_10,2.8908843537414968,0.1872116178274154,clean_ok,ok,3,[CURR] پھر کبھی اس موضوع پر بات کروں گی ابو ٹھیک ہو جائیں
audio/5_0_5_05.wav,Happy,میری ماں میں جا ہی رہا تھا پیک کرنے کے لیے,5_0_5_05,3.111473922902494,0.1439160704612732,clean_ok,ok,1,[CURR] میری ماں میں جا ہی رہا تھا پیک کرنے کے لیے
audio/6_1_6_43.wav,Neutral,اُن سے بات مت کیجیئے گا وہ نہیں برداشت کر پائیں گے,6_1_6_43,2.5818820861678,0.1269838660955429,clean_ok,ok,0,[CURR] اُن سے بات مت کیجیئے گا وہ نہیں برداشت کر پائیں گے
audio/1_0_4_41.wav,Disgust,اور تم تو جیسے ہر وقت اس کے کندھے کے ساتھ کندھا ملا کر بیٹھے رہتی ہو,1_0_4_41,4.3769614512471655,0.1501166224479675,clean_ok,ok,5,[CURR] اور تم تو جیسے ہر وقت اس کے کندھے کے ساتھ کندھا ملا کر بیٹھے رہتی ہو
audio/1_0_5_06.wav,Happy,جب زبان ساتھ دینے لگے تو ضرور کہنا مجھے اچھا لگے گا,1_0_5_06,4.295691609977324,0.14118193089962,clean_ok,ok,1,[CURR] جب زبان ساتھ دینے لگے تو ضرور کہنا مجھے اچھا لگے گا
audio/5_0_5_07.wav,Happy,بس میری بہن جیتی رہو,5_0_5_07,2.4268480725623585,0.0375201255083084,clean_ok,ok,1,[CURR] بس میری بہن جیتی رہو
audio/6_1_5_17.wav,Happy,زیادہ بنو مت,6_1_5_17,1.1377777777777778,0.0830696895718574,clean_ok,ok,1,[CURR] زیادہ بنو مت
audio/2_0_5_06.wav,Happy,مجھ سے پوچھنا چاہیے تھا یہ سوال تمہیں,2_0_5_06,2.113015873015873,0.1163639277219772,clean_ok,ok,1,[CURR] مجھ سے پوچھنا چاہیے تھا یہ سوال تمہیں
audio/1_0_2_07.wav,Fear,اس نے یہاں سے جا کر میری محبت اور تمہارے نصیب میں کانٹے بوئے ہیں,1_0_2_07,4.388571428571429,0.1652923971414566,clean_ok,ok,4,[CURR] اس نے یہاں سے جا کر میری محبت اور تمہارے نصیب میں کانٹے بوئے ہیں
audio/1_0_6_39.wav,Neutral,بلکہ تم یہاں پر کام کر کے مجھ پر احسان کر رہے ہو,1_0_6_39,3.773242630385488,0.1289199292659759,clean_ok,ok,0,[CURR] بلکہ تم یہاں پر کام کر کے مجھ پر احسان کر رہے ہو
audio/5_0_2_08.wav,Fear,میں میں,5_0_2_08,0.7836734693877551,0.1553694158792495,too_short,ok,4,[CURR] میں میں
audio/1_0_4_25.wav,Disgust,تو کیا کرتا کوئی تھا بھروسے والا,1_0_4_25,2.693514739229025,0.0954170003533363,clean_ok,ok,5,[CURR] تو کیا کرتا کوئی تھا بھروسے والا
audio/7_1_6_22.wav,Neutral,دروازہ بجاؤ اواز دو نا کسی کو,7_1_6_22,1.7647619047619048,0.1895110607147216,clean_ok,ok,0,[CURR] دروازہ بجاؤ اواز دو نا کسی کو
audio/2_0_3_16.wav,Boredum,کیا ضرورت ہے لفافے کی,2_0_3_16,1.4157369614512472,0.1623297333717346,clean_ok,ok,6,[CURR] کیا ضرورت ہے لفافے کی
audio/6_1_6_38.wav,Neutral,سر کام کے ساتھ تو یہ ہوتا ہی ہے پھر,6_1_6_38,2.98,0.1199705302715301,clean_ok,ok,0,[CURR] سر کام کے ساتھ تو یہ ہوتا ہی ہے پھر
audio/5_0_2_09.wav,Fear,دوسروں کی بیٹیوں کا سودا کرنے والے اپنی بیٹیوں کے لیے بہت محتاط رہتے ہیں,5_0_2_09,5.143219954648526,0.1101889386773109,clean_ok,ok,4,[CURR] دوسروں کی بیٹیوں کا سودا کرنے والے اپنی بیٹیوں کے لیے بہت محتاط رہتے ہیں
audio/4_0_7_32.wav,Sad,وہ تو اس لیے گئی تھی کہ اسے مجھ سے دور کرنے کی تدبیر کرے,4_0_7_32,2.422766439909297,0.1337964534759521,clean_ok,ok,3,[CURR] وہ تو اس لیے گئی تھی کہ اسے مجھ سے دور کرنے کی تدبیر کرے
audio/7_1_1_01.wav,Angry,کس قسم کے گنڈا گردی ہے,7_1_1_01,1.4426303854875284,0.1704248785972595,clean_ok,ok,2,[CURR] کس قسم کے گنڈا گردی ہے
audio/8_1_7_50.wav,Sad,ڈیڈ اُس نے اتنی بڑی بڑی باتیں کی تھیں میں یہ کروں گا میں وہ کروں گا سب جھوٹ سب دھوکہ,8_1_7_50,6.211360544217687,0.1629187911748886,clean_ok,ok,3,[CURR] ڈیڈ اُس نے اتنی بڑی بڑی باتیں کی تھیں میں یہ کروں گا میں وہ کروں گا سب جھوٹ سب دھوکہ
audio/4_0_1_04.wav,Angry,تماشا میں نہیں لگا رہا ابا تماشہ تو اپ کی اس لاڈلی بھتیجی نے لگایا ہے,4_0_1_04,4.46984126984127,0.196410983800888,clean_ok,ok,2,[CURR] تماشا میں نہیں لگا رہا ابا تماشہ تو اپ کی اس لاڈلی بھتیجی نے لگایا ہے
audio/3_0_5_07.wav,Happy,ذرا پرے پرے ہٹ کر تصویر بنواؤ یوں لگتا ہے جیسے ریچھ سے مکھیاں چمٹی ہوئی ہیں,3_0_5_07,3.657142857142857,0.1089835688471794,clean_ok,ok,1,[CURR] ذرا پرے پرے ہٹ کر تصویر بنواؤ یوں لگتا ہے جیسے ریچھ سے مکھیاں چمٹی ہوئی ہیں
audio/7_1_4_20.wav,Disgust,آپ مُجھ سے پُوچھ لیں میں بتا دیتی ہوں اُن کے اِرادے,7_1_4_20,2.670294784580499,0.1328520625829696,clean_ok,ok,5,[CURR] آپ مُجھ سے پُوچھ لیں میں بتا دیتی ہوں اُن کے اِرادے
audio/10_1_2_32.wav,Fear,پر کوئی اور فون اٹھا لیتا تو,10_1_2_32,1.5276643990929706,0.1473411619663238,clean_ok,ok,4,[CURR] پر کوئی اور فون اٹھا لیتا تو
audio/3_0_1_26.wav,Angry,ہو سکتا ہے اسی درد کو سہ کر یہ مسلمان ہو جائے,3_0_1_26,5.921088435374149,0.0749535411596298,clean_ok,ok,2,[CURR] ہو سکتا ہے اسی درد کو سہ کر یہ مسلمان ہو جائے
audio/10_1_4_16.wav,Disgust,تو پھر میں تم سے پیسے کیوں لوں,10_1_4_16,1.98530612244898,0.0736054033041,clean_ok,ok,5,[CURR] تو پھر میں تم سے پیسے کیوں لوں
audio/2_0_1_20.wav,Angry,مجھے یہ بتاؤ کہ 50 لاکھ روپے تم نے کس کو دیے ہیں,2_0_1_20,2.4261678004535145,0.161241665482521,clean_ok,ok,2,[CURR] مجھے یہ بتاؤ کہ 50 لاکھ روپے تم نے کس کو دیے ہیں
audio/4_0_3_30.wav,Boredum,اس لمحے کو کچھ مت کہو,4_0_3_30,1.2321315192743765,0.0586961060762405,clean_ok,ok,6,[CURR] اس لمحے کو کچھ مت کہو
audio/7_1_3_06.wav,Boredum,مجھے نہیں لگتا اج کل کے زمانے میں شادی نہ ہونا لڑکی کا کوئی مسئلہ ہو سکتا ہے,7_1_3_06,5.166439909297052,0.1292417496442794,clean_ok,ok,6,[CURR] مجھے نہیں لگتا اج کل کے زمانے میں شادی نہ ہونا لڑکی کا کوئی مسئلہ ہو سکتا ہے
audio/9_1_6_43.wav,Neutral,اپنے رشتے اپنے بچے اپنے سب پیار کرنے والے,9_1_6_43,3.165034013605442,0.1198284029960632,clean_ok,ok,0,[CURR] اپنے رشتے اپنے بچے اپنے سب پیار کرنے والے
audio/8_1_4_21.wav,Disgust,تمہارے ماں باپ تمہاری ذمہ داری ہے تمہیں ان کا خیال رکھنا چاہیے جتنا تم رکھ سکتی ہو,8_1_4_21,5.326938775510204,0.1129504591226577,clean_ok,ok,5,[CURR] تمہارے ماں باپ تمہاری ذمہ داری ہے تمہیں ان کا خیال رکھنا چاہیے جتنا تم رکھ سکتی ہو
audio/1_0_4_43.wav,Disgust,ارے بابا میں اتنا عرصہ باہر رہ کے ایا ہوں اور تم نے ابھی تک اس سے بات نہیں کی,1_0_4_43,4.005442176870749,0.1161528155207634,clean_ok,ok,5,[CURR] ارے بابا میں اتنا عرصہ باہر رہ کے ایا ہوں اور تم نے ابھی تک اس سے بات نہیں کی
audio/3_0_4_35.wav,Disgust,میں نے کہا تھا اسے بلا کر لاؤ,3_0_4_35,2.252335600907029,0.119103617966175,clean_ok,ok,5,[CURR] میں نے کہا تھا اسے بلا کر لاؤ
audio/5_0_3_33.wav,Boredum,آ با با جی یہ بات دراصل یہ ہے کہ یہ معاملہ بہت ہی نازک ہے,5_0_3_33,6.582857142857143,0.1322733908891677,clean_ok,ok,6,[CURR] آ با با جی یہ بات دراصل یہ ہے کہ یہ معاملہ بہت ہی نازک ہے
audio/2_0_2_09.wav,Fear,تو میں ابھی پتہ چل جائے گا دل مہر کون اس رشتے سے منہ چرا رہا ہے,2_0_2_09,3.3741496598639458,0.151778444647789,clean_ok,ok,4,[CURR] تو میں ابھی پتہ چل جائے گا دل مہر کون اس رشتے سے منہ چرا رہا ہے
audio/10_1_1_17.wav,Angry,لوگ کہتے ہیں کہ بھائی محافظ ہوتا ہے,10_1_1_17,1.7823809523809524,0.1152820587158203,clean_ok,ok,2,[CURR] لوگ کہتے ہیں کہ بھائی محافظ ہوتا ہے
audio/7_1_1_24.wav,Angry,تو پھر میں اس گھر میں واپس نہیں اؤں گی,7_1_1_24,2.205895691609977,0.1330671459436416,clean_ok,ok,2,[CURR] تو پھر میں اس گھر میں واپس نہیں اؤں گی
audio/4_0_1_05.wav,Angry,وہ تو میں وقت پر پہنچ گیا,4_0_1_05,1.683446712018141,0.1247517243027687,clean_ok,ok,2,[CURR] وہ تو میں وقت پر پہنچ گیا
audio/10_1_4_23.wav,Disgust,لیکن مجھے اپ کے ساتھ کام کرنے میں کوئی دلچسپی نہیں,10_1_4_23,2.8305442176870748,0.0688562244176864,clean_ok,ok,5,[CURR] لیکن مجھے اپ کے ساتھ کام کرنے میں کوئی دلچسپی نہیں
audio/5_0_6_48.wav,Neutral,اگر گرفتار کرنا ہی تھا تو سب سے پہلے راجہ جی کو کرتے ہیں,5_0_6_48,5.561179138321996,0.1326407641172409,clean_ok,ok,0,[CURR] اگر گرفتار کرنا ہی تھا تو سب سے پہلے راجہ جی کو کرتے ہیں
audio/8_1_5_39.wav,Happy,میں جانتی ہوں بابا مجھ سے کئی زیادہ اچھے ہیں,8_1_5_39,2.414875283446712,0.2205389142036438,clean_ok,ok,1,[CURR] میں جانتی ہوں بابا مجھ سے کئی زیادہ اچھے ہیں
audio/8_1_1_15.wav,Angry,میں نے زمین سے اٹھا کر اسمان پر بٹھا دیا تھا اس کو اس نے میرے ساتھ یہ کیا,8_1_1_15,4.023151927437642,0.1437013298273086,clean_ok,ok,2,[CURR] میں نے زمین سے اٹھا کر اسمان پر بٹھا دیا تھا اس کو اس نے میرے ساتھ یہ کیا
audio/2_0_6_38.wav,Neutral,خالہ میں نہیں سمجھتا کہ ہمیں ڈھنڈورا پیٹنے کی ضرورت ہے,2_0_6_38,2.8475963718820863,0.2089744210243225,clean_ok,ok,0,[CURR] خالہ میں نہیں سمجھتا کہ ہمیں ڈھنڈورا پیٹنے کی ضرورت ہے
audio/7_1_5_21.wav,Happy,اپ کے ساتھ وقت گزارنے میں مجھے سب سے زیادہ مزہ اتا ہے,7_1_5_21,3.378503401360544,0.1273910105228424,clean_ok,ok,1,[CURR] اپ کے ساتھ وقت گزارنے میں مجھے سب سے زیادہ مزہ اتا ہے
audio/1_0_4_39.wav,Disgust,انتظار تو تم نے اس رات بھی نہیں کیا جس رات عورتیں انتظار کرتی ہیں,1_0_4_39,4.214421768707483,0.1073145493865013,clean_ok,ok,5,[CURR] انتظار تو تم نے اس رات بھی نہیں کیا جس رات عورتیں انتظار کرتی ہیں
audio/5_0_6_47.wav,Neutral,جب اپ وہاں ائے تب اس نے کہا,5_0_6_47,2.658684807256236,0.0928553789854049,clean_ok,ok,0,[CURR] جب اپ وہاں ائے تب اس نے کہا
audio/6_1_7_06.wav,Sad,امی ایسا کریں آپ ایسا کریں نا میرا ایک اپر لے کر آئیں,6_1_7_06,2.906190476190476,0.1887047737836837,clean_ok,ok,3,[CURR] امی ایسا کریں آپ ایسا کریں نا میرا ایک اپر لے کر آئیں
audio/3_0_4_15.wav,Disgust,اپ کے یہ صاحبزادے میری گاڑی کے نیچے انے لگے تھے,3_0_4_15,4.3769614512471655,0.1506913006305694,clean_ok,ok,5,[CURR] اپ کے یہ صاحبزادے میری گاڑی کے نیچے انے لگے تھے
audio/1_0_7_44.wav,Sad,نہیں چاہتا کوئی اور حادثہ اس عمارت کو زمین بوس کر دے,1_0_7_44,5.839818594104308,0.0750235766172409,clean_ok,ok,3,[CURR] نہیں چاہتا کوئی اور حادثہ اس عمارت کو زمین بوس کر دے
audio/9_1_3_38.wav,Boredum,اجالا کو میرے پاس چھوڑ جاؤ میں دیکھ لوں گی اسے,9_1_3_38,4.162040816326531,0.0991018190979957,clean_ok,ok,6,[CURR] اجالا کو میرے پاس چھوڑ جاؤ میں دیکھ لوں گی اسے
audio/7_1_7_37.wav,Sad,منہ پہ مارنے آئے ہو,7_1_7_37,1.5877777777777775,0.1141550987958908,clean_ok,ok,3,[CURR] منہ پہ مارنے آئے ہو
audio/9_1_1_32.wav,Angry,سمجھا دے اسے,9_1_1_32,0.954965986394558,0.1864568442106247,too_short,ok,2,[CURR] سمجھا دے اسے
audio/2_0_5_07.wav,Happy,بہت مزے کا ہے,2_0_5_07,1.0042630385487528,0.1135220527648925,clean_ok,ok,1,[CURR] بہت مزے کا ہے
audio/7_1_7_34.wav,Sad,میں کچھ نہیں سوچ رہی,7_1_7_34,1.394421768707483,0.1364706754684448,clean_ok,ok,3,[CURR] میں کچھ نہیں سوچ رہی
audio/7_1_5_23.wav,Happy,خوشبو تو اچھی ہے,7_1_5_23,1.330702947845805,0.1519413143396377,clean_ok,ok,1,[CURR] خوشبو تو اچھی ہے
audio/3_0_5_34.wav,Happy,صرف خدا کو مانتے ہیں اپنے اپ کو نہیں مانتے,3_0_5_34,3.1695238095238096,0.1570487320423126,clean_ok,ok,1,[CURR] صرف خدا کو مانتے ہیں اپنے اپ کو نہیں مانتے
audio/5_0_2_35.wav,Fear,غریب ادمی ہے وہ تمہارے چھوٹے چھوٹے بچے ہیں,5_0_2_35,3.0650340136054424,0.1176748648285865,clean_ok,ok,4,[CURR] غریب ادمی ہے وہ تمہارے چھوٹے چھوٹے بچے ہیں
audio/2_0_6_14.wav,Neutral,اب کہاں کا ٹور ہے اپ کا,2_0_6_14,1.2243537414965986,0.1236178278923034,clean_ok,ok,0,[CURR] اب کہاں کا ٹور ہے اپ کا
audio/7_1_1_42.wav,Angry,ہاں کتنا چھچھورا سمجھتے ہیں سب لوگ تمہیں,7_1_1_42,3.053424036281179,0.1886105239391327,clean_ok,ok,2,[CURR] ہاں کتنا چھچھورا سمجھتے ہیں سب لوگ تمہیں
audio/2_0_5_02.wav,Happy,بس تمہاری محبت میں گھر لے گیا تھا,2_0_5_02,2.716734693877551,0.1122516393661499,clean_ok,ok,1,[CURR] بس تمہاری محبت میں گھر لے گیا تھا
audio/4_0_4_24.wav,Disgust,سمجھ کیوں نہیں رہا تو سارہ کا سارا انتظام دھرا کا دھرا رہ جائے گا,4_0_4_24,4.878344671201814,0.1775129288434982,clean_ok,ok,5,[CURR] سمجھ کیوں نہیں رہا تو سارہ کا سارا انتظام دھرا کا دھرا رہ جائے گا
audio/3_0_7_06.wav,Sad,مجھے یقین ہے جب تم واپس اؤ گے,3_0_7_06,2.844444444444445,0.0450824126601219,clean_ok,ok,3,[CURR] مجھے یقین ہے جب تم واپس اؤ گے
audio/6_1_4_40.wav,Disgust,تجھے کس نے کہا تھا کہ تو صبح صبح اس کے کمرے میں جا,6_1_4_40,2.321995464852608,0.1745806634426117,clean_ok,ok,5,[CURR] تجھے کس نے کہا تھا کہ تو صبح صبح اس کے کمرے میں جا
audio/10_1_2_41.wav,Fear,کیا عزت رہ گئی ہوگی میری ان کے سامنے,10_1_2_41,1.940997732426304,0.1286952793598175,clean_ok,ok,4,[CURR] کیا عزت رہ گئی ہوگی میری ان کے سامنے
audio/7_1_3_35.wav,Boredum,اور میری اس پڑھائی سے,7_1_3_35,1.749251700680272,0.1952304393053054,clean_ok,ok,6,[CURR] اور میری اس پڑھائی سے
audio/1_0_1_05.wav,Angry,اگر اسے بات کرنے کی تمیز نہیں ہے تو اسے اس گھر میں بھی رہنے کی کوئی ضرورت نہیں ہے,1_0_1_05,5.944285714285714,0.1604825556278228,clean_ok,ok,2,[CURR] اگر اسے بات کرنے کی تمیز نہیں ہے تو اسے اس گھر میں بھی رہنے کی کوئی ضرورت نہیں ہے
audio/3_0_5_18.wav,Happy,میں نوکری پر رکھ لوں گا ا جاؤ اجاؤ,3_0_5_18,3.6919727891156464,0.1396101862192154,clean_ok,ok,1,[CURR] میں نوکری پر رکھ لوں گا ا جاؤ اجاؤ
audio/9_1_5_45.wav,Happy,کسی چیز کی کوئی کمی نہ ہو میری پوتی کو بہت سے لوگ دیکھنے ا رہے ہیں,9_1_5_45,3.4096371882086167,0.1527035534381866,clean_ok,ok,1,[CURR] کسی چیز کی کوئی کمی نہ ہو میری پوتی کو بہت سے لوگ دیکھنے ا رہے ہیں
audio/9_1_4_11.wav,Disgust,اوئے اب تو سورج بھی اگ برس رہا ہوگا اس کے منہ پہ ہڈیاں بھنوائے گا اپنی,9_1_4_11,4.20281179138322,0.1535078585147857,clean_ok,ok,5,[CURR] اوئے اب تو سورج بھی اگ برس رہا ہوگا اس کے منہ پہ ہڈیاں بھنوائے گا اپنی
audio/10_1_3_33.wav,Boredum,میرے لیے تو انہوں نے کبھی کوئی خواب دیکھا ہی نہیں تھا,10_1_3_33,2.294421768707483,0.1368680447340011,clean_ok,ok,6,[CURR] میرے لیے تو انہوں نے کبھی کوئی خواب دیکھا ہی نہیں تھا
audio/5_0_4_47.wav,Disgust,مگر یہ بضد رہے کہنے لگے کہ نہیں میری بیٹی کو مارا گیا ہے,5_0_4_47,7.267120181405896,0.1185299530625343,clean_ok,ok,5,[CURR] مگر یہ بضد رہے کہنے لگے کہ نہیں میری بیٹی کو مارا گیا ہے
audio/10_1_7_25.wav,Sad,جہانگیر ختم ہو گیا,10_1_7_25,1.5013151927437642,0.1270841658115387,clean_ok,ok,3,[CURR] جہانگیر ختم ہو گیا
audio/9_1_7_25.wav,Sad,دیکھو بیٹا وہ تمہیں وارث دے رہی ہے,9_1_7_25,2.773061224489796,0.0955997928977012,clean_ok,ok,3,[CURR] دیکھو بیٹا وہ تمہیں وارث دے رہی ہے
audio/6_1_6_24.wav,Neutral,میرا خیال ہے کہ نام ہی ٹھیک ہے,6_1_6_24,1.6486167800453515,0.1302991658449173,clean_ok,ok,0,[CURR] میرا خیال ہے کہ نام ہی ٹھیک ہے
audio/4_0_3_15.wav,Boredum,میں نے اماں سے ایک سرسری سی بات کی تھی,4_0_3_15,1.6784807256235827,0.0887637659907341,clean_ok,ok,6,[CURR] میں نے اماں سے ایک سرسری سی بات کی تھی
audio/7_1_5_36.wav,Happy,بات تو تیری بھی ویسے غلط نہیں ہے,7_1_5_36,2.728344671201814,0.1164950132369995,clean_ok,ok,1,[CURR] بات تو تیری بھی ویسے غلط نہیں ہے
audio/5_0_5_50.wav,Happy,ہا ہا دیکھیے,5_0_5_50,2.0812244897959182,0.0811171531677246,clean_ok,ok,1,[CURR] ہا ہا دیکھیے
audio/8_1_6_11.wav,Neutral,اس کے ساتھ وقت گزارا,8_1_6_11,2.066575963718821,0.123378150165081,clean_ok,ok,0,[CURR] اس کے ساتھ وقت گزارا
audio/6_1_2_35.wav,Fear,بابر حالات بہت خراب ہو گئے ہیں,6_1_2_35,1.796235827664399,0.1222371682524681,clean_ok,ok,4,[CURR] بابر حالات بہت خراب ہو گئے ہیں
audio/7_1_4_26.wav,Disgust,جھوٹ بولنا ایک چھوٹی سی خطا تمہارے لیئے ہوگی,7_1_4_26,3.28562358276644,0.1540034413337707,clean_ok,ok,5,[CURR] جھوٹ بولنا ایک چھوٹی سی خطا تمہارے لیئے ہوگی
audio/5_0_6_36.wav,Neutral,اپ کی سہیلی ہے اللہ اس کو صحت دے,5_0_6_36,2.4380952380952383,0.0959523096680641,clean_ok,ok,0,[CURR] اپ کی سہیلی ہے اللہ اس کو صحت دے
audio/7_1_1_49.wav,Angry,اور تجھ جیسے لوگوں کو وہ دنیا دکھانی ہے,7_1_1_49,2.3879138321995463,0.1565060764551162,clean_ok,ok,2,[CURR] اور تجھ جیسے لوگوں کو وہ دنیا دکھانی ہے
audio/1_0_7_18.wav,Sad,یہ مت سوچنا میری جان کہ وہ اس گھر کا اور دفتر کا ملازم تھا,1_0_7_18,6.060408163265306,0.1139977797865867,clean_ok,ok,3,[CURR] یہ مت سوچنا میری جان کہ وہ اس گھر کا اور دفتر کا ملازم تھا
audio/5_0_3_26.wav,Boredum,ایف آئ آر غائب بیان غائب سمجھو کچھ ہوا ہی نہیں ہے,5_0_3_26,5.073560090702948,0.166423499584198,clean_ok,ok,6,[CURR] ایف آئ آر غائب بیان غائب سمجھو کچھ ہوا ہی نہیں ہے
audio/8_1_7_16.wav,Sad,کیا آپ کو میری آنکھوں میں سچائی نظر نہیں آتی,8_1_7_16,2.795328798185941,0.1209095194935798,clean_ok,ok,3,[CURR] کیا آپ کو میری آنکھوں میں سچائی نظر نہیں آتی
audio/10_1_7_29.wav,Sad,کسی نے نہیں بچایا,10_1_7_29,1.8249206349206348,0.1462925970554351,clean_ok,ok,3,[CURR] کسی نے نہیں بچایا
audio/8_1_3_46.wav,Boredum,دیکھیے مجھے جانا ہے,8_1_3_46,2.1741950113378685,0.17991304397583,clean_ok,ok,6,[CURR] دیکھیے مجھے جانا ہے
audio/2_0_6_22.wav,Neutral,میں خود سوچ رہا تھا اپ کو فون کر کے بتاؤں وجی گھر اگیا ہے,2_0_6_22,3.827097505668934,0.1827729046344757,clean_ok,ok,0,[CURR] میں خود سوچ رہا تھا اپ کو فون کر کے بتاؤں وجی گھر اگیا ہے
audio/3_0_2_41.wav,Fear,بس تم وہ کام نہ کرنا جسے کرتے ہوئے تمہیں شرم ہے,3_0_2_41,4.85297052154195,0.10967917740345,clean_ok,ok,4,[CURR] بس تم وہ کام نہ کرنا جسے کرتے ہوئے تمہیں شرم ہے
audio/9_1_2_01.wav,Fear,پورے گھر میں ڈھونڈ ڈھونڈ کر پاگل ہو گئی ہوں,9_1_2_01,2.1377097505668936,0.154615506529808,clean_ok,ok,4,[CURR] پورے گھر میں ڈھونڈ ڈھونڈ کر پاگل ہو گئی ہوں
audio/5_0_5_18.wav,Happy,ائے ہائے بڑا ہولے ہولے مسکرا رہا ہے تو,5_0_5_18,5.7817687074829935,0.1652985513210296,clean_ok,ok,1,[CURR] ائے ہائے بڑا ہولے ہولے مسکرا رہا ہے تو
audio/4_0_6_21.wav,Neutral,میرے جیل سے رہا ہونے کے بعد میرے ابا نے مجھے گھر انے کی اجازت نہیں دی اور میں پلٹ کر گیا نہیں,4_0_6_21,4.914285714285715,0.1402745544910431,clean_ok,ok,0,[CURR] میرے جیل سے رہا ہونے کے بعد میرے ابا نے مجھے گھر انے کی اجازت نہیں دی اور میں پلٹ کر گیا نہیں
audio/10_1_7_48.wav,Sad,پہلے ہی بہت روئی ہوں مزید رونا نہیں چاہتی,10_1_7_48,2.4909750566893423,0.1733217984437942,clean_ok,ok,3,[CURR] پہلے ہی بہت روئی ہوں مزید رونا نہیں چاہتی
audio/7_1_3_27.wav,Boredum,رکھ رہی ہوں واپس,7_1_3_27,0.938140589569161,0.192685842514038,too_short,ok,6,[CURR] رکھ رہی ہوں واپس
audio/10_1_2_27.wav,Fear,امی کو بھی ایسے ہی ڈر لگتا تھا,10_1_2_27,2.789433106575964,0.0636415928602218,clean_ok,ok,4,[CURR] امی کو بھی ایسے ہی ڈر لگتا تھا
audio/1_0_3_10.wav,Boredum,نیلم کو رخصت کرتے وقت دل بہت اداس تھا,1_0_3_10,5.038730158730159,0.0729586109519004,clean_ok,ok,6,[CURR] نیلم کو رخصت کرتے وقت دل بہت اداس تھا
audio/5_0_3_37.wav,Boredum,ہاں تو تم بھی پیسے بناؤنا,5_0_3_37,2.3568253968253967,0.1324830949306488,clean_ok,ok,6,[CURR] ہاں تو تم بھی پیسے بناؤنا
audio/7_1_4_11.wav,Disgust,میں تمہارا پیچھا کر رہی ہوں تم کب سے میری گاڑی کے پیچھے پڑی ہوئی ہو میں,7_1_4_11,3.680362811791383,0.107338435947895,clean_ok,ok,5,[CURR] میں تمہارا پیچھا کر رہی ہوں تم کب سے میری گاڑی کے پیچھے پڑی ہوئی ہو میں
audio/1_0_7_07.wav,Sad,کمبخت نفرت نے کچھ سوچنا ہی نہیں دیا,1_0_7_07,3.1811337868480725,0.1395939439535141,clean_ok,ok,3,[CURR] کمبخت نفرت نے کچھ سوچنا ہی نہیں دیا
audio/6_1_1_15.wav,Angry,پہلے بھی ان کے ساتھ جو کچھ ہوا ان کی ذمہ دار تم ہی ہو,6_1_1_15,2.1423356009070296,0.1281896978616714,clean_ok,ok,2,[CURR] پہلے بھی ان کے ساتھ جو کچھ ہوا ان کی ذمہ دار تم ہی ہو
audio/3_0_1_41.wav,Angry,یہ جو تم نے گھر میں ہنگامہ کیا توڑ پھوڑ کی,3_0_1_41,2.670294784580499,0.1141543015837669,clean_ok,ok,2,[CURR] یہ جو تم نے گھر میں ہنگامہ کیا توڑ پھوڑ کی
audio/1_0_5_11.wav,Happy,اج میں کوئی پرہیزی کھانا نہیں کھاؤں گا,1_0_5_11,2.020136054421769,0.1822719275951385,clean_ok,ok,1,[CURR] اج میں کوئی پرہیزی کھانا نہیں کھاؤں گا
audio/9_1_7_02.wav,Sad,میں ساری زندگی اولاد کو ترستی رہی,9_1_7_02,2.303560090702948,0.1612801700830459,clean_ok,ok,3,[CURR] میں ساری زندگی اولاد کو ترستی رہی
audio/4_0_5_13.wav,Happy,جانے لگا میں نے اواز دی کہ پھول تو دو,4_0_5_13,2.995374149659864,0.1927659958600998,clean_ok,ok,1,[CURR] جانے لگا میں نے اواز دی کہ پھول تو دو
audio/1_0_6_49.wav,Neutral,کیا کرتے کیا تھے وہ,1_0_6_49,2.62281179138322,0.0972154513001442,clean_ok,ok,0,[CURR] کیا کرتے کیا تھے وہ
audio/10_1_3_42.wav,Boredum,کرتی ہوں امی تھوڑی دیر میں,10_1_3_42,1.35,0.0630614012479782,clean_ok,ok,6,[CURR] کرتی ہوں امی تھوڑی دیر میں
audio/4_0_6_20.wav,Neutral,جاؤ قاضی صاحب اور مہمانوں کا گھر چھوڑ اؤ,4_0_6_20,3.0623809523809524,0.1106109842658042,clean_ok,ok,0,[CURR] جاؤ قاضی صاحب اور مہمانوں کا گھر چھوڑ اؤ
audio/10_1_1_25.wav,Angry,یہ گھر گاڑی پراپرٹی بزنس سب کچھ چھین جاتا,10_1_1_25,3.820113378684807,0.1117954701185226,clean_ok,ok,2,[CURR] یہ گھر گاڑی پراپرٹی بزنس سب کچھ چھین جاتا
audio/5_0_2_03.wav,Fear,با جی میرے ساتھ جلدی چلو تانیا وہاں بے ہوش ہو گئی ہے,5_0_2_03,3.284421768707483,0.2067085653543472,clean_ok,ok,4,[CURR] با جی میرے ساتھ جلدی چلو تانیا وہاں بے ہوش ہو گئی ہے
audio/10_1_3_32.wav,Boredum,اپ کی بھی اور حسن جہاں کی بھی,10_1_3_32,3.947392290249433,0.0851699337363243,clean_ok,ok,6,[CURR] اپ کی بھی اور حسن جہاں کی بھی
audio/3_0_3_17.wav,Boredum,ہاں کم از کم تمہیں اور تمہاری امی کو,3_0_3_17,2.5664172335600908,0.1725574880838394,clean_ok,ok,6,[CURR] ہاں کم از کم تمہیں اور تمہاری امی کو
audio/1_0_7_10.wav,Sad,نہیں بھولوں گا پیار تھا مجھ سے,1_0_7_10,3.2430385487528346,0.1372253596782684,clean_ok,ok,3,[CURR] نہیں بھولوں گا پیار تھا مجھ سے
audio/3_0_3_38.wav,Boredum,حلال کے پیسوں کا ہے,3_0_3_38,1.6562358276643991,0.1169609799981117,clean_ok,ok,6,[CURR] حلال کے پیسوں کا ہے
audio/8_1_2_25.wav,Fear,بس کر دو,8_1_2_25,1.3373696145124716,0.148515447974205,clean_ok,ok,4,[CURR] بس کر دو
audio/3_0_6_49.wav,Neutral,محبت میں سیاست بھی شرعا جائز نہیں ہے,3_0_6_49,3.4481632653061225,0.0692738965153694,clean_ok,ok,0,[CURR] محبت میں سیاست بھی شرعا جائز نہیں ہے
audio/10_1_3_06.wav,Boredum,مجھے بس پیسے چاہیے جس سے میں تمہارا ڈوبتا ستارہ بچا لوں,10_1_3_06,5.074331065759637,0.0703060328960418,clean_ok,ok,6,[CURR] مجھے بس پیسے چاہیے جس سے میں تمہارا ڈوبتا ستارہ بچا لوں
audio/6_1_1_08.wav,Angry,تم اس اذیت سے گزرتے ہیں نا تو تجھے پتہ چلتا,6_1_1_08,2.8669387755102043,0.1320814490318298,clean_ok,ok,2,[CURR] تم اس اذیت سے گزرتے ہیں نا تو تجھے پتہ چلتا
audio/1_0_7_43.wav,Sad,ایک حادثے نے میرے گھر کی دیواریں ہلا دی تھی,1_0_7_43,4.249251700680272,0.0933849439024925,clean_ok,ok,3,[CURR] ایک حادثے نے میرے گھر کی دیواریں ہلا دی تھی
audio/4_0_5_22.wav,Happy,انہیں بہت اچھا لگا اپ سے مل کے بہت متاثر ہوئی خاص کر اپ کے گھر والوں سے ملی تو بہت خوشی ہوئی انہیں,4_0_5_22,5.587052154195011,0.0930233523249626,clean_ok,ok,1,[CURR] انہیں بہت اچھا لگا اپ سے مل کے بہت متاثر ہوئی خاص کر اپ کے گھر والوں سے ملی تو بہت خوشی ہوئی انہیں
audio/9_1_2_50.wav,Fear,کیا کیا بک رہی ہے چل بھاگ یہاں سے چل جا,9_1_2_50,2.40281179138322,0.1092389672994613,clean_ok,ok,4,[CURR] کیا کیا بک رہی ہے چل بھاگ یہاں سے چل جا
audio/6_1_6_09.wav,Neutral,ہر کوئی قاضی صاحب جیسا تھوڑی ہوتا ہے,6_1_6_09,1.6718367346938776,0.0518301092088222,clean_ok,ok,0,[CURR] ہر کوئی قاضی صاحب جیسا تھوڑی ہوتا ہے
audio/1_0_7_26.wav,Sad,مگر اس سے تعلق میں بہت فرق پڑتا ہے بیٹا,1_0_7_26,3.320453514739229,0.1415045708417892,clean_ok,ok,3,[CURR] مگر اس سے تعلق میں بہت فرق پڑتا ہے بیٹا
audio/9_1_3_30.wav,Boredum,ہاں بولو,9_1_3_30,0.7741269841269841,0.1046616360545158,too_short,ok,6,[CURR] ہاں بولو
audio/7_1_5_28.wav,Happy,پیسہ کماؤں گی تو ائے گا تو کھانا,7_1_5_28,2.665578231292517,0.1913850009441375,clean_ok,ok,1,[CURR] پیسہ کماؤں گی تو ائے گا تو کھانا
audio/7_1_1_05.wav,Angry,کچھ بھی کرو تمہاری بہن ہے,7_1_1_05,1.497936507936508,0.18998783826828,clean_ok,ok,2,[CURR] کچھ بھی کرو تمہاری بہن ہے
audio/4_0_3_35.wav,Boredum,بخار جانتا ہے نا کہ مرید کی ماں آزاد نہیں ہے وہ اکیلا ہے,4_0_3_35,5.162607709750567,0.1301430910825729,clean_ok,ok,6,[CURR] بخار جانتا ہے نا کہ مرید کی ماں آزاد نہیں ہے وہ اکیلا ہے
audio/5_0_2_34.wav,Fear,ذرا سوچو ہیں بڑے اوکھے لوگ ہیں,5_0_2_34,3.7964625850340137,0.0896227732300758,clean_ok,ok,4,[CURR] ذرا سوچو ہیں بڑے اوکھے لوگ ہیں
audio/9_1_1_12.wav,Angry,رتی بھر بھی پرواہ نہیں مجھے تمہاری ائی سمجھ,9_1_1_12,3.076462585034013,0.1030808985233306,clean_ok,ok,2,[CURR] رتی بھر بھی پرواہ نہیں مجھے تمہاری ائی سمجھ
audio/4_0_6_11.wav,Neutral,یہ سارا دن کمرے میں گھس کر کیا کرتے رہتے ہو تم,4_0_6_11,2.1991156462585035,0.1444510072469711,clean_ok,ok,0,[CURR] یہ سارا دن کمرے میں گھس کر کیا کرتے رہتے ہو تم
audio/8_1_2_17.wav,Fear,مجھ میں کوئی کمی ہے,8_1_2_17,1.0466213151927437,0.2137897312641143,clean_ok,ok,4,[CURR] مجھ میں کوئی کمی ہے
audio/9_1_5_03.wav,Happy,میرے بچے کی شادی ہو گئی,9_1_5_03,2.145079365079365,0.1620470732450485,clean_ok,ok,1,[CURR] میرے بچے کی شادی ہو گئی
audio/4_0_1_36.wav,Angry,اپنے ماں کے قاتل کا چہرہ سب کے سامنے لاؤں گا پوری دنیا کے سامنے لاؤں گا میں,4_0_1_36,5.28734693877551,0.1827215254306793,clean_ok,ok,2,[CURR] اپنے ماں کے قاتل کا چہرہ سب کے سامنے لاؤں گا پوری دنیا کے سامنے لاؤں گا میں
audio/10_1_4_19.wav,Disgust,اس کی ہمت کیسی ہے مجھے یہ فل افر کرنے کی,10_1_4_19,2.564331065759637,0.0860527604818344,clean_ok,ok,5,[CURR] اس کی ہمت کیسی ہے مجھے یہ فل افر کرنے کی
audio/6_1_6_34.wav,Neutral,فارغ بیٹھنے سے تو بہتر ہے میں آگے بڑھوں,6_1_6_34,2.245215419501134,0.0914020761847496,clean_ok,ok,0,[CURR] فارغ بیٹھنے سے تو بہتر ہے میں آگے بڑھوں
audio/8_1_2_35.wav,Fear,برباد کر کے رکھ دی ہے تم نے میری زندگی,8_1_2_35,2.514036281179138,0.1451392322778701,clean_ok,ok,4,[CURR] برباد کر کے رکھ دی ہے تم نے میری زندگی
audio/9_1_1_31.wav,Angry,کیا بات ہے,9_1_1_31,0.8867573696145125,0.1074281483888626,too_short,ok,2,[CURR] کیا بات ہے
audio/6_1_4_48.wav,Disgust,ہائے ہائے ایک تو امی پتہ نہیں چابی کیوں بھول جاتی ہیں,6_1_4_48,3.350861678004536,0.1404192596673965,clean_ok,ok,5,[CURR] ہائے ہائے ایک تو امی پتہ نہیں چابی کیوں بھول جاتی ہیں
audio/4_0_6_01.wav,Neutral,ویسے ایک بات کہوں عیسی تیرا شکریہ یار,4_0_6_01,3.312312925170068,0.1118729785084724,clean_ok,ok,0,[CURR] ویسے ایک بات کہوں عیسی تیرا شکریہ یار
audio/1_0_2_16.wav,Fear,لیکن لوگوں کے تانے تو مجھے ہی سننے پڑتے نہ,1_0_2_16,2.7747845804988662,0.2150076776742935,clean_ok,ok,4,[CURR] لیکن لوگوں کے تانے تو مجھے ہی سننے پڑتے نہ
audio/4_0_6_18.wav,Neutral,تمہیں اپنے گھر کی عزت بنا رہا ہوں زوہرا,4_0_6_18,2.125646258503401,0.1955704241991043,clean_ok,ok,0,[CURR] تمہیں اپنے گھر کی عزت بنا رہا ہوں زوہرا
audio/1_0_6_43.wav,Neutral,بشیر صاحب کو ابھی کانٹریکٹ کی کاپی نہیں بھیجنی ہے,1_0_6_43,2.4961451247165534,0.1610309928655624,clean_ok,ok,0,[CURR] بشیر صاحب کو ابھی کانٹریکٹ کی کاپی نہیں بھیجنی ہے
audio/10_1_3_10.wav,Boredum,ہاں یاد ہے,10_1_3_10,0.8061904761904762,0.1124273687601089,too_short,ok,6,[CURR] ہاں یاد ہے
audio/6_1_1_07.wav,Angry,جو کچھ تم نے کیا ہے اس کے بعد معافی کے قابل تم سمجھتے ہو خود کو,6_1_1_07,3.7848526077097504,0.1215450912714004,clean_ok,ok,2,[CURR] جو کچھ تم نے کیا ہے اس کے بعد معافی کے قابل تم سمجھتے ہو خود کو
audio/2_0_3_43.wav,Boredum,ایسے فضول باتیں کرتا رہتا ہے,2_0_3_43,2.3448072562358275,0.1278790980577469,clean_ok,ok,6,[CURR] ایسے فضول باتیں کرتا رہتا ہے
audio/5_0_6_37.wav,Neutral,اتنا تفشیش تو ہمیں کرنا ہی ہوتا ہے,5_0_6_37,2.008526077097505,0.1198739483952522,clean_ok,ok,0,[CURR] اتنا تفشیش تو ہمیں کرنا ہی ہوتا ہے
audio/6_1_3_01.wav,Boredum,ہمم میں چادر لے لوں,6_1_3_01,3.103174603174604,0.0771295353770256,clean_ok,ok,6,[CURR] ہمم میں چادر لے لوں
audio/1_0_4_12.wav,Disgust,اب پڑھنے کی تو تم بات ہی نہ کرو نہ اور باقی جو تم نے کچھ کرنا ہو گا شادی کے بعد کرتی رہنا,1_0_4_12,5.804988662131519,0.1447112411260604,clean_ok,ok,5,[CURR] اب پڑھنے کی تو تم بات ہی نہ کرو نہ اور باقی جو تم نے کچھ کرنا ہو گا شادی کے بعد کرتی رہنا
audio/2_0_5_05.wav,Happy,کہا تھا نا میں نے,2_0_5_05,0.7813378684807256,0.1373447924852371,too_short,ok,1,[CURR] کہا تھا نا میں نے
audio/8_1_4_15.wav,Disgust,کب سے تمہاری بکواس برداشت کر رہے ہیں,8_1_4_15,2.212517006802721,0.1512517780065536,clean_ok,ok,5,[CURR] کب سے تمہاری بکواس برداشت کر رہے ہیں
audio/10_1_6_10.wav,Neutral,میری یہ ف فائل رہ گئی تھی یہاں پر,10_1_6_10,2.6968480725623585,0.1245053261518478,clean_ok,ok,0,[CURR] میری یہ ف فائل رہ گئی تھی یہاں پر
audio/3_0_2_22.wav,Fear,اج کی ملاقات تمہارے بندوں سے زیادہ ضروری ہے,3_0_2_22,3.993832199546485,0.2296527177095413,clean_ok,ok,4,[CURR] اج کی ملاقات تمہارے بندوں سے زیادہ ضروری ہے
audio/7_1_5_27.wav,Happy,ہم تو شادی پہ جائیں گے,7_1_5_27,1.7654421768707482,0.0488020442426204,clean_ok,ok,1,[CURR] ہم تو شادی پہ جائیں گے
audio/6_1_1_20.wav,Angry,میرا نا دماغ خراب ہو گیا ہے تو جا یہاں سے,6_1_1_20,2.781133786848073,0.1615490466356277,clean_ok,ok,2,[CURR] میرا نا دماغ خراب ہو گیا ہے تو جا یہاں سے
audio/2_0_6_28.wav,Neutral,تھوڑے دن منت کو وہاں رہنے دو بعد میں خود نکال کر لے اؤں گا,2_0_6_28,3.0972789115646258,0.1703131049871444,clean_ok,ok,0,[CURR] تھوڑے دن منت کو وہاں رہنے دو بعد میں خود نکال کر لے اؤں گا
audio/6_1_6_40.wav,Neutral,مجھ میں غلطی کرنے کا حوصلہ تو ہے کم از کم,6_1_6_40,2.857551020408163,0.1424526423215866,clean_ok,ok,0,[CURR] مجھ میں غلطی کرنے کا حوصلہ تو ہے کم از کم
audio/4_0_3_19.wav,Boredum,یہ محبت کی کہانیاں ادھوری کیوں رہ جا تی ہیں مراد,4_0_3_19,3.006984126984127,0.2333329319953918,clean_ok,ok,6,[CURR] یہ محبت کی کہانیاں ادھوری کیوں رہ جا تی ہیں مراد
audio/5_0_4_50.wav,Disgust,او بھائی اگر تجھے اتنی ہی جلدی ہے نا تو باہر جا کر کمپلین لکھوا دے,5_0_4_50,3.493197278911565,0.164252683520317,clean_ok,ok,5,[CURR] او بھائی اگر تجھے اتنی ہی جلدی ہے نا تو باہر جا کر کمپلین لکھوا دے
audio/2_0_4_22.wav,Disgust,ہمیں انویسٹیگیشن سے دور رکھا جائے ہم اپ کے خیر خواہ ہیں یہ تو کہہ سکتے تھے نہ,2_0_4_22,3.930113378684807,0.2053385078907013,clean_ok,ok,5,[CURR] ہمیں انویسٹیگیشن سے دور رکھا جائے ہم اپ کے خیر خواہ ہیں یہ تو کہہ سکتے تھے نہ
audio/8_1_4_13.wav,Disgust,تم نے پتہ نہیں کیوں کشمالہ کو اپنے سر پہ چڑھا کے رکھا ہوا ہے,8_1_4_13,2.8676643990929707,0.1493869572877884,clean_ok,ok,5,[CURR] تم نے پتہ نہیں کیوں کشمالہ کو اپنے سر پہ چڑھا کے رکھا ہوا ہے
audio/2_0_5_47.wav,Happy,میں نے کہا میں نہیں اٹھا رہا سڑک پر پڑا ہے,2_0_5_47,2.1420408163265305,0.1703460067510604,clean_ok,ok,1,[CURR] میں نے کہا میں نہیں اٹھا رہا سڑک پر پڑا ہے
audio/5_0_4_29.wav,Disgust,اس گھر کی بہو راضی ہو گئی ہیں,5_0_4_29,3.521020408163265,0.1418042927980423,clean_ok,ok,5,[CURR] اس گھر کی بہو راضی ہو گئی ہیں
audio/2_0_5_14.wav,Happy,کھانا تو وہ ایسا زبردست بناتا ہے,2_0_5_14,2.3485714285714288,0.120590254664421,clean_ok,ok,1,[CURR] کھانا تو وہ ایسا زبردست بناتا ہے
audio/1_0_3_34.wav,Boredum,وہ پاس ہوئی ہے انعام کے طور پر کچھ بھجوا دو,1_0_3_34,4.400181405895691,0.1215981543064117,clean_ok,ok,6,[CURR] وہ پاس ہوئی ہے انعام کے طور پر کچھ بھجوا دو
audio/1_0_2_06.wav,Fear,وہ اگر یہاں ہوتی نا تو میرے لہجے میں بھی اتنی تلخی نہ ہوتی,1_0_2_06,4.702040816326531,0.1430740058422088,clean_ok,ok,4,[CURR] وہ اگر یہاں ہوتی نا تو میرے لہجے میں بھی اتنی تلخی نہ ہوتی
audio/8_1_2_50.wav,Fear,مجھے بھوک نہیں لگ رہی ہے مجھے جانا ہے,8_1_2_50,2.8212244897959184,0.2083659470081329,clean_ok,ok,4,[CURR] مجھے بھوک نہیں لگ رہی ہے مجھے جانا ہے
audio/9_1_4_15.wav,Disgust,ایسے نہیں کہتے بری بات چاچا کو,9_1_4_15,2.164625850340136,0.1088438779115676,clean_ok,ok,5,[CURR] ایسے نہیں کہتے بری بات چاچا کو
audio/1_0_7_20.wav,Sad,میں جانتا ہوں تیری ماں فریحہ کے دیور کے ساتھ تیری شادی کرنا چاہتی تھی,1_0_7_20,6.710566893424036,0.1133458837866783,clean_ok,ok,3,[CURR] میں جانتا ہوں تیری ماں فریحہ کے دیور کے ساتھ تیری شادی کرنا چاہتی تھی
audio/4_0_5_33.wav,Happy,میں بیان نہیں کر سکتا کہ میں کتنا خوش ہوں,4_0_5_33,2.3607256235827663,0.0685866698622703,clean_ok,ok,1,[CURR] میں بیان نہیں کر سکتا کہ میں کتنا خوش ہوں
audio/4_0_2_32.wav,Fear,ساری کشتیاں جلا دی ہیں میں نے واپسی کا کوئی راستہ نہیں ہے میرے پاس زوہرا,4_0_2_32,3.2971655328798186,0.1280532330274582,clean_ok,ok,4,[CURR] ساری کشتیاں جلا دی ہیں میں نے واپسی کا کوئی راستہ نہیں ہے میرے پاس زوہرا
audio/1_0_4_10.wav,Disgust,اچھا نا میں بات کر رہا ہوں نا تم خاموش رہو,1_0_4_10,3.93578231292517,0.131364032626152,clean_ok,ok,5,[CURR] اچھا نا میں بات کر رہا ہوں نا تم خاموش رہو
audio/2_0_5_49.wav,Happy,یہ والا تیز ہے بھائی وہ میں نے چیک کیا تھا,2_0_5_49,2.159455782312925,0.1669027209281921,clean_ok,ok,1,[CURR] یہ والا تیز ہے بھائی وہ میں نے چیک کیا تھا
audio/8_1_1_22.wav,Angry,اپ یہ بتانے کے لیے یہاں پہ ائے ہیں کہ ہم کیس ہار گئے,8_1_1_22,2.338231292517007,0.2756719589233398,clean_ok,ok,2,[CURR] اپ یہ بتانے کے لیے یہاں پہ ائے ہیں کہ ہم کیس ہار گئے
audio/1_0_5_19.wav,Happy,اسی لیے تو جا رہا ہوں,1_0_5_19,1.5325170068027212,0.143433466553688,clean_ok,ok,1,[CURR] اسی لیے تو جا رہا ہوں
audio/9_1_2_24.wav,Fear,اور تم نے دیکھ لیا اپنے بھائی کے کرتوت,9_1_2_24,1.8498412698412696,0.1412768810987472,clean_ok,ok,4,[CURR] اور تم نے دیکھ لیا اپنے بھائی کے کرتوت
audio/5_0_6_35.wav,Neutral,کیونکہ ابھی تک ڈاکٹر کی رپورٹ بھی نہیں ائی ہے نہ,5_0_6_35,3.3436734693877552,0.1254563480615615,clean_ok,ok,0,[CURR] کیونکہ ابھی تک ڈاکٹر کی رپورٹ بھی نہیں ائی ہے نہ
audio/9_1_2_12.wav,Fear,مجھے تو یہی فکر ہے کہیں راستہ نہ بھٹک جائے کہیں,9_1_2_12,4.155260770975056,0.1470063626766204,clean_ok,ok,4,[CURR] مجھے تو یہی فکر ہے کہیں راستہ نہ بھٹک جائے کہیں
audio/4_0_1_03.wav,Angry,کوئی باہر نہیں ائے گا سنا تم لوگوں نے,4_0_1_03,2.227256235827664,0.2237787544727325,clean_ok,ok,2,[CURR] کوئی باہر نہیں ائے گا سنا تم لوگوں نے
audio/2_0_3_03.wav,Boredum,کیا مصیبت ہے صبح صبح تم ڈپریشن کی باتیں کیوں کر رہی ہو,2_0_3_03,3.7393650793650792,0.1779334247112274,clean_ok,ok,6,[CURR] کیا مصیبت ہے صبح صبح تم ڈپریشن کی باتیں کیوں کر رہی ہو
audio/9_1_6_30.wav,Neutral,ایسے معاملات میں ماں باپ پریشان ہو جاتے ہیں,9_1_6_30,2.0085714285714285,0.1668480485677719,clean_ok,ok,0,[CURR] ایسے معاملات میں ماں باپ پریشان ہو جاتے ہیں
audio/7_1_6_37.wav,Neutral,نہیں امی میں سمجھ چکی ہوں اپ کے اب کلچر کو,7_1_6_37,2.553151927437641,0.1293692290782928,clean_ok,ok,0,[CURR] نہیں امی میں سمجھ چکی ہوں اپ کے اب کلچر کو
audio/7_1_3_04.wav,Boredum,بس میرے دماغ میں نہیں رہا,7_1_3_04,1.9969160997732427,0.1320975571870803,clean_ok,ok,6,[CURR] بس میرے دماغ میں نہیں رہا
audio/6_1_5_19.wav,Happy,اچھا چل ٹھیک ہے,6_1_5_19,1.5789569160997732,0.0548190772533416,clean_ok,ok,1,[CURR] اچھا چل ٹھیک ہے
audio/9_1_3_17.wav,Boredum,بھلا ڈھلتی عمر کی ہی سہی,9_1_3_17,3.588639455782313,0.1748953461647033,clean_ok,ok,6,[CURR] بھلا ڈھلتی عمر کی ہی سہی
audio/1_0_1_10.wav,Angry,زبیر ملک بس تم نے اس کی بیوی کو اغوا کیا,1_0_1_10,4.272471655328798,0.0827284306287765,clean_ok,ok,2,[CURR] زبیر ملک بس تم نے اس کی بیوی کو اغوا کیا
audio/6_1_1_13.wav,Angry,تمہاری جرات کیسے ہوئی اس طرح ہم بات کرنے کی مجھ سے,6_1_1_13,1.80843537414966,0.1514040827751159,clean_ok,ok,2,[CURR] تمہاری جرات کیسے ہوئی اس طرح ہم بات کرنے کی مجھ سے
audio/7_1_3_33.wav,Boredum,سانس الٹنے لگتا ہے جی رکنے لگتا ہے,7_1_3_33,4.544444444444444,0.1546211242675781,clean_ok,ok,6,[CURR] سانس الٹنے لگتا ہے جی رکنے لگتا ہے
audio/8_1_6_13.wav,Neutral,اس کے بعد اس نے مجھ سے نکاح کیا,8_1_6_13,2.5774149659863945,0.1128666549921035,clean_ok,ok,0,[CURR] اس کے بعد اس نے مجھ سے نکاح کیا
audio/6_1_1_39.wav,Angry,خود کو بھی جلا دوں گی اور تجھے بھی,6_1_1_39,1.338866213151927,0.1843283772468567,clean_ok,ok,2,[CURR] خود کو بھی جلا دوں گی اور تجھے بھی
audio/5_0_1_24.wav,Angry,اگر ہوتی نہ تو میں کبھی بھی بڑے گھر کے لوگوں کے ساتھ اس کی دوستی نہ ہونے دیتا,5_0_1_24,4.632380952380952,0.1797133684158325,clean_ok,ok,2,[CURR] اگر ہوتی نہ تو میں کبھی بھی بڑے گھر کے لوگوں کے ساتھ اس کی دوستی نہ ہونے دیتا
audio/4_0_1_47.wav,Angry,چلاو گولی دیکھ کیا رہے ہو چلاو گولی,4_0_1_47,4.048072562358277,0.1367849707603454,clean_ok,ok,2,[CURR] چلاو گولی دیکھ کیا رہے ہو چلاو گولی
audio/10_1_5_09.wav,Happy,کیا مردانہ وجاہت ہے,10_1_5_09,1.7324263038548753,0.1764950603246688,clean_ok,ok,1,[CURR] کیا مردانہ وجاہت ہے
audio/10_1_3_04.wav,Boredum,سٹار بننا نہیں چاہتی,10_1_3_04,1.9992063492063488,0.0834186747670173,clean_ok,ok,6,[CURR] سٹار بننا نہیں چاہتی
audio/7_1_2_10.wav,Fear,نہیں بھابھی میں جھوٹ نہیں بول رہی قسم سے,7_1_2_10,2.90249433106576,0.0529825612902641,clean_ok,ok,4,[CURR] نہیں بھابھی میں جھوٹ نہیں بول رہی قسم سے
audio/3_0_5_03.wav,Happy,ضرورت نہیں ہے ہا ہا ہا ماں جی اس کی تو اشد ضرورت تھی,3_0_5_03,4.643990929705216,0.0899305343627929,clean_ok,ok,1,[CURR] ضرورت نہیں ہے ہا ہا ہا ماں جی اس کی تو اشد ضرورت تھی
audio/5_0_4_25.wav,Disgust,اور اپنی ذاتی گاڑی پر پیٹرول فوک ٹر,5_0_4_25,5.340589569160998,0.1235397458076477,clean_ok,ok,5,[CURR] اور اپنی ذاتی گاڑی پر پیٹرول فوک ٹر
audio/10_1_3_26.wav,Boredum,اتنے ہفتے گزر گئے جہانگیر,10_1_3_26,1.5880045351473924,0.0794605910778045,clean_ok,ok,6,[CURR] اتنے ہفتے گزر گئے جہانگیر
audio/8_1_5_25.wav,Happy,ہم دونوں نے مل کر نہ جانے کیا کرنے کی ٹھانی ہے,8_1_5_25,2.995374149659864,0.1730235517024994,clean_ok,ok,1,[CURR] ہم دونوں نے مل کر نہ جانے کیا کرنے کی ٹھانی ہے
audio/2_0_6_23.wav,Neutral,ہاں ہاں کیوں نہیں اپ ایسا کیوں نہیں کرتے کہ اپ ہمارے گھر ا جائیں,2_0_6_23,4.079750566893424,0.1623721718788147,clean_ok,ok,0,[CURR] ہاں ہاں کیوں نہیں اپ ایسا کیوں نہیں کرتے کہ اپ ہمارے گھر ا جائیں
audio/9_1_4_07.wav,Disgust,ہوا نے کی بھی نہیں ہے,9_1_4_07,1.2877551020408162,0.1385088562965393,clean_ok,ok,5,[CURR] ہوا نے کی بھی نہیں ہے
audio/9_1_4_10.wav,Disgust,یہ مجھ سے پلاسٹک کی بوتلوں میں پانی نہیں پیا جاتا ایسی گندی بدبو اتی ہے,9_1_4_10,5.12,0.1331286281347274,clean_ok,ok,5,[CURR] یہ مجھ سے پلاسٹک کی بوتلوں میں پانی نہیں پیا جاتا ایسی گندی بدبو اتی ہے
audio/3_0_3_32.wav,Boredum,ہیں لگ تو نہیں رہا,3_0_3_32,3.28562358276644,0.0875638574361801,clean_ok,ok,6,[CURR] ہیں لگ تو نہیں رہا
audio/4_0_7_48.wav,Sad,ٹھیک کہتی تھی اماں بالکل ٹھیک کہتی تھی کہ پانی ہمیشہ اس طرف جاتا ہے جو نچائی کی طرف ہوتی ہے نیچے,4_0_7_48,7.55485260770975,0.0843372270464897,clean_ok,ok,3,[CURR] ٹھیک کہتی تھی اماں بالکل ٹھیک کہتی تھی کہ پانی ہمیشہ اس طرف جاتا ہے جو نچائی کی طرف ہوتی ہے نیچے
audio/5_0_7_27.wav,Sad,یہ دنیا ہے یہاں جینا ہے,5_0_7_27,3.541043083900227,0.064747579395771,clean_ok,ok,3,[CURR] یہ دنیا ہے یہاں جینا ہے
audio/5_0_2_26.wav,Fear,یار یہ سائن ویجیٹل,5_0_2_26,2.565804988662132,0.126312255859375,clean_ok,ok,4,[CURR] یار یہ سائن ویجیٹل
audio/9_1_6_45.wav,Neutral,کہیں جانا ہی نہیں چاہتی مجھےتو گھر میں ہی سکوں ملتا ہے,9_1_6_45,2.8095238095238093,0.1314079910516739,clean_ok,ok,0,[CURR] کہیں جانا ہی نہیں چاہتی مجھےتو گھر میں ہی سکوں ملتا ہے
audio/3_0_6_13.wav,Neutral,چلو اؤ میں تمہیں گھر چھوڑ دوں,3_0_6_13,2.2987755102040817,0.0080035561695694,clean_ok,ok,0,[CURR] چلو اؤ میں تمہیں گھر چھوڑ دوں
audio/5_0_4_35.wav,Disgust,کیا کیا ہے ہم نے بچا تو سکے نہیں,5_0_4_35,3.0899773242630384,0.138602465391159,clean_ok,ok,5,[CURR] کیا کیا ہے ہم نے بچا تو سکے نہیں
audio/2_0_7_36.wav,Sad,میں نے تم سے وعدہ کیا تھا کہ میں منت کو کچھ نہیں ہونے دوں گا تم نے وعدہ توڑ دیا,2_0_7_36,5.119160997732426,0.1068990007042884,clean_ok,ok,3,[CURR] میں نے تم سے وعدہ کیا تھا کہ میں منت کو کچھ نہیں ہونے دوں گا تم نے وعدہ توڑ دیا
audio/3_0_7_28.wav,Sad,اج جو کچھ ہوا وہ پتہ نہیں کیا کچھ کہہ گیا میں تمہارے اور اپنے بارے میں,3_0_7_28,7.952834467120182,0.0301894377917051,clean_ok,ok,3,[CURR] اج جو کچھ ہوا وہ پتہ نہیں کیا کچھ کہہ گیا میں تمہارے اور اپنے بارے میں
audio/9_1_1_36.wav,Angry,بک بک کروا لو کام نہ کرے کوئی,9_1_1_36,1.887301587301588,0.2534297704696655,clean_ok,ok,2,[CURR] بک بک کروا لو کام نہ کرے کوئی
audio/8_1_4_14.wav,Disgust,ڈیڈ یہ اپ دونوں مجھے کیوں بلیم کر رہے ہیں,8_1_4_14,1.98530612244898,0.1988437622785568,clean_ok,ok,5,[CURR] ڈیڈ یہ اپ دونوں مجھے کیوں بلیم کر رہے ہیں
audio/2_0_6_01.wav,Neutral,ٹھیک ہے تم ملوا ہی دو میں کل ا رہا ہوں,2_0_6_01,1.869206349206349,0.1887459307909011,clean_ok,ok,0,[CURR] ٹھیک ہے تم ملوا ہی دو میں کل ا رہا ہوں
audio/10_1_1_41.wav,Angry,اُسکی شادی صرف مجھ سے ہوگی,10_1_1_41,1.9040362811791385,0.1169162318110466,clean_ok,ok,2,[CURR] اُسکی شادی صرف مجھ سے ہوگی
audio/10_1_7_49.wav,Sad,یہ سوال مت پوچھیے گا,10_1_7_49,1.1149886621315193,0.157369390130043,clean_ok,ok,3,[CURR] یہ سوال مت پوچھیے گا
audio/5_0_4_07.wav,Disgust,میں ابھی انہیں دیکھ کر اتا ہوں,5_0_4_07,1.6149886621315193,0.1665824651718139,clean_ok,ok,5,[CURR] میں ابھی انہیں دیکھ کر اتا ہوں
audio/6_1_5_50.wav,Happy,بس سب اچھا لگنے لگا ہے,6_1_5_50,1.18421768707483,0.1310296207666397,clean_ok,ok,1,[CURR] بس سب اچھا لگنے لگا ہے
audio/6_1_6_42.wav,Neutral,ویسے یہ آفس والوں نے جبہی چھٹی پر بھیج دیا اُنہیں,6_1_6_42,2.983968253968254,0.1301897168159485,clean_ok,ok,0,[CURR] ویسے یہ آفس والوں نے جبہی چھٹی پر بھیج دیا اُنہیں
audio/6_1_4_30.wav,Disgust,تو کیا رات یہیں گزارنے کا ارادہ کر رہے ہو,6_1_4_30,2.066575963718821,0.1197563037276268,clean_ok,ok,5,[CURR] تو کیا رات یہیں گزارنے کا ارادہ کر رہے ہو
audio/6_1_7_32.wav,Sad,میرے بس میں نہیں ہے سر,6_1_7_32,1.798843537414966,0.1780053824186325,clean_ok,ok,3,[CURR] میرے بس میں نہیں ہے سر
audio/2_0_3_29.wav,Boredum,پتہ نہیں ہے اب وہ یہاں ائے گی بھی یا نہیں,2_0_3_29,1.5325850340136054,0.1560368239879608,clean_ok,ok,6,[CURR] پتہ نہیں ہے اب وہ یہاں ائے گی بھی یا نہیں
audio/10_1_7_05.wav,Sad,سب اللّٰہ کے ہیں بس مومنہ اللّٰہ کی نہیں ہے,10_1_7_05,5.790748299319728,0.1041706353425979,clean_ok,ok,3,[CURR] سب اللّٰہ کے ہیں بس مومنہ اللّٰہ کی نہیں ہے
audio/8_1_1_41.wav,Angry,سمجھا کیا ہے تم نے مجھے جیل کرواؤں گی میں تمہیں,8_1_1_41,2.8676643990929707,0.2351454198360443,clean_ok,ok,2,[CURR] سمجھا کیا ہے تم نے مجھے جیل کرواؤں گی میں تمہیں
audio/4_0_7_20.wav,Sad,یہی میرا نصیب ہے یہی میری تقدیر ہے اور یہی میری سزا,4_0_7_20,4.075102040816327,0.0928603634238243,clean_ok,ok,3,[CURR] یہی میرا نصیب ہے یہی میری تقدیر ہے اور یہی میری سزا
audio/10_1_3_27.wav,Boredum,اماں اپ روز مجھ سے یہی سوال پوچھتی ہیں,10_1_3_27,2.2871655328798184,0.0992283746600151,clean_ok,ok,6,[CURR] اماں اپ روز مجھ سے یہی سوال پوچھتی ہیں
audio/2_0_7_05.wav,Sad,جب تک نایاب کا علاج چل رہا ہے کہاں اپ کو پریشان ہوتے پھریں گے بسو اور رکشوں کے چکر میں,2_0_7_05,5.863038548752835,0.112689658999443,clean_ok,ok,3,[CURR] جب تک نایاب کا علاج چل رہا ہے کہاں اپ کو پریشان ہوتے پھریں گے بسو اور رکشوں کے چکر میں
audio/8_1_1_02.wav,Angry,کیا کہنا چاہتے ہو ہاں,8_1_1_02,1.8924263038548752,0.1285619288682937,clean_ok,ok,2,[CURR] کیا کہنا چاہتے ہو ہاں
audio/1_0_3_21.wav,Boredum,اہ کیا کہہ سکتا ہوں میں,1_0_3_21,2.426485260770975,0.0845265164971351,clean_ok,ok,6,[CURR] اہ کیا کہہ سکتا ہوں میں
audio/5_0_4_33.wav,Disgust,ہاں بابا جی اس وقت باپ کا فرض نبھا رہا تھا نہ,5_0_4_33,4.121541950113379,0.1557862907648086,clean_ok,ok,5,[CURR] ہاں بابا جی اس وقت باپ کا فرض نبھا رہا تھا نہ
audio/5_0_5_36.wav,Happy,کیا حال چال ہیں,5_0_5_36,1.3467573696145123,0.1084798872470855,clean_ok,ok,1,[CURR] کیا حال چال ہیں
audio/8_1_7_29.wav,Sad,اس حادثے نے تو جیسے مجھے ذہنی طور پر معوف کر دیا ہو,8_1_7_29,5.150022675736961,0.1481602787971496,clean_ok,ok,3,[CURR] اس حادثے نے تو جیسے مجھے ذہنی طور پر معوف کر دیا ہو
audio/9_1_4_08.wav,Disgust,اب نہیں ائے گی ہاتھ کی صفائی دکھا گئی ہے اڑن چھو ہو گئی ہے اب نہیں ائے گی,9_1_4_08,4.08671201814059,0.1497674584388733,clean_ok,ok,5,[CURR] اب نہیں ائے گی ہاتھ کی صفائی دکھا گئی ہے اڑن چھو ہو گئی ہے اب نہیں ائے گی
audio/6_1_3_49.wav,Boredum,انسان کے بس میں تھوڑی ہوتا ہے اندر کی خاموشی کو توڑنا,6_1_3_49,3.643469387755102,0.1309243887662887,clean_ok,ok,6,[CURR] انسان کے بس میں تھوڑی ہوتا ہے اندر کی خاموشی کو توڑنا
audio/9_1_1_03.wav,Angry,اسے نہیں پتہ کہ کس رشتے سے کیسے بات کی جاتی ہے,9_1_1_03,2.5211337868480728,0.1089983209967613,clean_ok,ok,2,[CURR] اسے نہیں پتہ کہ کس رشتے سے کیسے بات کی جاتی ہے
audio/2_0_2_13.wav,Fear,یہ تو تم سمجھتی ہو یہ تو ہمیں اپنا دشمن سمجھتے ہیں اور ہمارے خلاف ایف ائی ار کٹوانے جا رہی ہے,2_0_2_13,4.436507936507937,0.1635331809520721,clean_ok,ok,4,[CURR] یہ تو تم سمجھتی ہو یہ تو ہمیں اپنا دشمن سمجھتے ہیں اور ہمارے خلاف ایف ائی ار کٹوانے جا رہی ہے
audio/4_0_6_47.wav,Neutral,ساری زندگی اپ نے بھی بڑی خدمت گزاری کروائی ہے مجھ سے,4_0_6_47,3.141315192743764,0.1862771809101104,clean_ok,ok,0,[CURR] ساری زندگی اپ نے بھی بڑی خدمت گزاری کروائی ہے مجھ سے
audio/2_0_4_04.wav,Disgust,جب جوان لڑکیوں کو گھر میں ملازم رکھتے ہو نا تو ان کی عزت کی ذمہ داری بھی لو یہ بھی کسی کی بیٹیاں ہیں,2_0_4_04,4.624126984126984,0.134581834077835,clean_ok,ok,5,[CURR] جب جوان لڑکیوں کو گھر میں ملازم رکھتے ہو نا تو ان کی عزت کی ذمہ داری بھی لو یہ بھی کسی کی بیٹیاں ہیں
audio/2_0_1_49.wav,Angry,مجھے بتاؤ گے نہیں تو جان سے مار ڈالوں گا تمہیں,2_0_1_49,2.156371882086168,0.1869890540838241,clean_ok,ok,2,[CURR] مجھے بتاؤ گے نہیں تو جان سے مار ڈالوں گا تمہیں
audio/5_0_5_38.wav,Happy,واہ واہ کیا بات ہے,5_0_5_38,2.182675736961451,0.1462163031101226,clean_ok,ok,1,[CURR] واہ واہ کیا بات ہے
audio/10_1_6_13.wav,Neutral,ہر چیز کی قیمت ہوتی ہے قدر نہیں,10_1_6_13,3.6480952380952383,0.1092491894960403,clean_ok,ok,0,[CURR] ہر چیز کی قیمت ہوتی ہے قدر نہیں
audio/6_1_4_32.wav,Disgust,کیوں بھائی,6_1_4_32,1.3931972789115643,0.1598227769136428,clean_ok,ok,5,[CURR] کیوں بھائی
audio/9_1_5_26.wav,Happy,یا اللہ تیرا شکر ہے,9_1_5_26,1.9116326530612244,0.1922577321529388,clean_ok,ok,1,[CURR] یا اللہ تیرا شکر ہے
audio/3_0_1_36.wav,Angry,اب پھر نام بھی بتایا ہے,3_0_1_36,3.355283446712018,0.0729999020695686,clean_ok,ok,2,[CURR] اب پھر نام بھی بتایا ہے
audio/7_1_2_20.wav,Fear,تو پھر اس میں میرا کیا قصور,7_1_2_20,1.7531065759637188,0.069888025522232,clean_ok,ok,4,[CURR] تو پھر اس میں میرا کیا قصور
audio/2_0_1_27.wav,Angry,ادھر اؤ باہر نکالو اسے,2_0_1_27,1.4825396825396826,0.2606428563594818,clean_ok,ok,2,[CURR] ادھر اؤ باہر نکالو اسے
audio/1_0_6_38.wav,Neutral,تمہیں جاب دیکھ کر میں تم پر احسان نہیں کر رہا,1_0_6_38,3.959002267573696,0.1410022377967834,clean_ok,ok,0,[CURR] تمہیں جاب دیکھ کر میں تم پر احسان نہیں کر رہا
audio/5_0_7_22.wav,Sad,میں کہتا ہوں کہ میری نہیں تو اپنی بیٹیوں کا تو سوچو,5_0_7_22,5.290272108843538,0.1044659093022346,clean_ok,ok,3,[CURR] میں کہتا ہوں کہ میری نہیں تو اپنی بیٹیوں کا تو سوچو
audio/6_1_6_46.wav,Neutral,اور بس ایک اچھے دوست ہیں صرف دوست,6_1_6_46,2.751179138321996,0.0923094004392623,clean_ok,ok,0,[CURR] اور بس ایک اچھے دوست ہیں صرف دوست
audio/2_0_1_23.wav,Angry,اپنے گھر میں اپنے گھر میں اپنی بہن کی منگنی والے دن,2_0_1_23,4.625555555555556,0.1131058782339096,clean_ok,ok,2,[CURR] اپنے گھر میں اپنے گھر میں اپنی بہن کی منگنی والے دن
audio/1_0_1_48.wav,Angry,تو بتا دینا اپنی بیٹی کو اس بار اس کا پاس ہونا بہت ضروری ہے,1_0_1_48,3.704603174603175,0.2027077972888946,clean_ok,ok,2,[CURR] تو بتا دینا اپنی بیٹی کو اس بار اس کا پاس ہونا بہت ضروری ہے
audio/4_0_5_44.wav,Happy,اللہ تعالیٰ اپ کی مدد کرے اس بات میں یہ تو بڑی خوبصورت بات ہے تالیاں ان کیلئے,4_0_5_44,3.4133333333333336,0.1939872205257415,clean_ok,ok,1,[CURR] اللہ تعالیٰ اپ کی مدد کرے اس بات میں یہ تو بڑی خوبصورت بات ہے تالیاں ان کیلئے
audio/7_1_5_25.wav,Happy,اچھا بتاؤ کیسا لگا تمہیں اپنا ویلکم پاکستان میں,7_1_5_25,3.1225170068027213,0.0853386893868446,clean_ok,ok,1,[CURR] اچھا بتاؤ کیسا لگا تمہیں اپنا ویلکم پاکستان میں
audio/1_0_7_11.wav,Sad,جب اپ کی زندگی میں کاش ا جائے نا تو انسان پچھتاوے کی اگ میں جلتا رہتا ہے,1_0_7_11,7.116916099773243,0.1136810854077339,clean_ok,ok,3,[CURR] جب اپ کی زندگی میں کاش ا جائے نا تو انسان پچھتاوے کی اگ میں جلتا رہتا ہے
audio/8_1_6_07.wav,Neutral,تم جانتے ہو نا اگر تم اج نہ اتے تو میں تمہیں جان سے مار دیتی,8_1_6_07,4.45421768707483,0.1336787939071655,clean_ok,ok,0,[CURR] تم جانتے ہو نا اگر تم اج نہ اتے تو میں تمہیں جان سے مار دیتی
audio/7_1_6_29.wav,Neutral,تمہیں مل کر بات کیا کرنی ہے مجھ سے,7_1_6_29,2.089795918367347,0.1390664130449295,clean_ok,ok,0,[CURR] تمہیں مل کر بات کیا کرنی ہے مجھ سے
audio/1_0_6_30.wav,Neutral,ملازم سمجھ کر نہیں بیٹا سمجھ کر لے کر جا رہا ہوں,1_0_6_30,4.075102040816327,0.0708055794239044,clean_ok,ok,0,[CURR] ملازم سمجھ کر نہیں بیٹا سمجھ کر لے کر جا رہا ہوں
audio/4_0_6_07.wav,Neutral,ایسی لڑکیاں پسند نہیں ہیں مجھے میں بس چاہتا ہوں کہ وہ الگ ہو,4_0_6_07,6.025578231292517,0.1202162355184555,clean_ok,ok,0,[CURR] ایسی لڑکیاں پسند نہیں ہیں مجھے میں بس چاہتا ہوں کہ وہ الگ ہو
audio/2_0_4_35.wav,Disgust,جب ایف ائی ار کٹ رہی تھی اس وقت کہاں تھی تم,2_0_4_35,1.8236281179138325,0.1865692734718322,clean_ok,ok,5,[CURR] جب ایف ائی ار کٹ رہی تھی اس وقت کہاں تھی تم
audio/9_1_3_49.wav,Boredum,ائے ہائے دھوپ نکل ائی,9_1_3_49,2.1221315192743764,0.1649868339300155,clean_ok,ok,6,[CURR] ائے ہائے دھوپ نکل ائی
audio/5_0_2_18.wav,Fear,تمہارے پرانے تماشوں کا تماشائی یہی ہے,5_0_2_18,4.167981859410431,0.0661545097827911,clean_ok,ok,4,[CURR] تمہارے پرانے تماشوں کا تماشائی یہی ہے
audio/2_0_6_48.wav,Neutral,سب چیزیں لاک کر کے جائیں گے,2_0_6_48,1.478299319727891,0.1751116663217544,clean_ok,ok,0,[CURR] سب چیزیں لاک کر کے جائیں گے
audio/2_0_6_32.wav,Neutral,تصویریں یہ سارے سیمپلز ہم نے بھیج دیے ہیں,2_0_6_32,2.4877777777777776,0.1169915795326232,clean_ok,ok,0,[CURR] تصویریں یہ سارے سیمپلز ہم نے بھیج دیے ہیں
audio/8_1_2_18.wav,Fear,وہی کی وہیں کھڑی ہو نا سب کے سب مجھ سے اگے چلے گئے ڈیڈ یہاں تک کہ زہد بھی چلا گیا چھوڑ کر,8_1_2_18,4.333492063492064,0.1834276914596557,clean_ok,ok,4,[CURR] وہی کی وہیں کھڑی ہو نا سب کے سب مجھ سے اگے چلے گئے ڈیڈ یہاں تک کہ زہد بھی چلا گیا چھوڑ کر
audio/10_1_5_39.wav,Happy,آپ کو میری شادی کہاں سے یاد آگئی,10_1_5_39,3.707006802721089,0.1337146311998367,clean_ok,ok,1,[CURR] آپ کو میری شادی کہاں سے یاد آگئی
audio/1_0_2_46.wav,Fear,کرنی چاہیے تھی میں نے بالکل ٹھیک کیا,1_0_2_46,3.01859410430839,0.0862856954336166,clean_ok,ok,4,[CURR] کرنی چاہیے تھی میں نے بالکل ٹھیک کیا
audio/10_1_4_47.wav,Disgust,سب کچھ سہ رہی ہوں تمہاری وجہ سے,10_1_4_47,2.0345804988662133,0.1165581047534942,clean_ok,ok,5,[CURR] سب کچھ سہ رہی ہوں تمہاری وجہ سے
audio/4_0_1_17.wav,Angry,جانتی ہو مجھے موسی نام ہے میرا,4_0_1_17,3.666780045351474,0.2257064580917358,clean_ok,ok,2,[CURR] جانتی ہو مجھے موسی نام ہے میرا
audio/1_0_2_30.wav,Fear,وہ ہم دونوں سے نالہ ہے وہ ہم دونوں کے ساتھ بیٹھنا ہی نہیں چاہتی کیونکہ ہم دونوں اس کو ٹائم ہی نہیں دیتے,1_0_2_30,6.8034467120181406,0.1303881853818893,clean_ok,ok,4,[CURR] وہ ہم دونوں سے نالہ ہے وہ ہم دونوں کے ساتھ بیٹھنا ہی نہیں چاہتی کیونکہ ہم دونوں اس کو ٹائم ہی نہیں دیتے
audio/10_1_7_03.wav,Sad,اللّٰہ سے مایوس نہیں ہوں دنیا سے ہوں,10_1_7_03,3.481201814058957,0.1448663473129272,clean_ok,ok,3,[CURR] اللّٰہ سے مایوس نہیں ہوں دنیا سے ہوں
audio/3_0_6_10.wav,Neutral,اچھا سنو تم وہ مس لبنا کا جو ارڈر ہے نا وہ جلدی پہنچا دو,3_0_6_10,4.690430839002268,0.0669251233339309,clean_ok,ok,0,[CURR] اچھا سنو تم وہ مس لبنا کا جو ارڈر ہے نا وہ جلدی پہنچا دو
audio/7_1_3_26.wav,Boredum,صابن ہے سونا نہیں ہے,7_1_3_26,1.96718820861678,0.1871361583471298,clean_ok,ok,6,[CURR] صابن ہے سونا نہیں ہے
audio/3_0_3_29.wav,Boredum,جب میں وہاں پہنچا تو میچ زوروں پر چل رہا تھا,3_0_3_29,4.643990929705216,0.1181429848074913,clean_ok,ok,6,[CURR] جب میں وہاں پہنچا تو میچ زوروں پر چل رہا تھا
audio/9_1_1_04.wav,Angry,اسے سمجھا دو ورنہ ایسا نہ ہو کہ اسے سمجھانا پڑے,9_1_1_04,3.378253968253968,0.091521605849266,clean_ok,ok,2,[CURR] اسے سمجھا دو ورنہ ایسا نہ ہو کہ اسے سمجھانا پڑے
audio/5_0_1_45.wav,Angry,کیا کرتا ہے,5_0_1_45,0.8296598639455782,0.1574334800243377,too_short,ok,2,[CURR] کیا کرتا ہے
audio/7_1_7_42.wav,Sad,اور میں سمجھ رہی تھی کہ میں تمہیں زبردستی اپنے ساتھ گھسیٹ,7_1_7_42,2.832267573696145,0.1366766989231109,clean_ok,ok,3,[CURR] اور میں سمجھ رہی تھی کہ میں تمہیں زبردستی اپنے ساتھ گھسیٹ
audio/4_0_1_02.wav,Angry,اندر جاؤ اندر چلو چلو,4_0_1_02,2.4059410430839003,0.1732711195945739,clean_ok,ok,2,[CURR] اندر جاؤ اندر چلو چلو
audio/8_1_7_05.wav,Sad,آپ کا اور میرا رشتہ اب ساس بہو کا نہیں رہا,8_1_7_05,5.562267573696145,0.0825308412313461,clean_ok,ok,3,[CURR] آپ کا اور میرا رشتہ اب ساس بہو کا نہیں رہا
audio/8_1_5_42.wav,Happy,سارے اچھے انسان ایسا ہی کچھ کرتے ہیں,8_1_5_42,1.9272562358276644,0.1658327728509903,clean_ok,ok,1,[CURR] سارے اچھے انسان ایسا ہی کچھ کرتے ہیں
audio/6_1_6_48.wav,Neutral,قریبی رشتے داروں کو بلاتے ہیں کافی ہے,6_1_6_48,1.883514739229025,0.1532164812088012,clean_ok,ok,0,[CURR] قریبی رشتے داروں کو بلاتے ہیں کافی ہے
audio/3_0_4_33.wav,Disgust,اور کہاں نا چل اس کے سامنے چل اور سارے ثبوت پیش کردے,3_0_4_33,4.481451247165533,0.1590873152017593,clean_ok,ok,5,[CURR] اور کہاں نا چل اس کے سامنے چل اور سارے ثبوت پیش کردے
audio/7_1_1_32.wav,Angry,اور تم نے مڑ کر خبر نہیں لی کہ میں ٹھیک ہوں یا نہیں,7_1_1_32,2.842766439909297,0.1715254038572311,clean_ok,ok,2,[CURR] اور تم نے مڑ کر خبر نہیں لی کہ میں ٹھیک ہوں یا نہیں
audio/7_1_6_16.wav,Neutral,اپ مجھے دیکھنے کے لیے ائے,7_1_6_16,1.7647619047619048,0.1452239453792572,clean_ok,ok,0,[CURR] اپ مجھے دیکھنے کے لیے ائے
audio/3_0_1_09.wav,Angry,اس سے اگے میں اور کوئی دلیل سننا نہیں چاہتا,3_0_1_09,2.29421768707483,0.2444707751274109,clean_ok,ok,2,[CURR] اس سے اگے میں اور کوئی دلیل سننا نہیں چاہتا
audio/9_1_3_46.wav,Boredum,میری بیٹیوں کی طرح خدمت کی ہے,9_1_3_46,2.6846938775510205,0.1375185549259185,clean_ok,ok,6,[CURR] میری بیٹیوں کی طرح خدمت کی ہے
audio/4_0_4_11.wav,Disgust,اچھا چلو اب بکو مت زیادہ باتیں کرنے کی ضرورت نہیں ہے,4_0_4_11,3.66875283446712,0.1152967140078544,clean_ok,ok,5,[CURR] اچھا چلو اب بکو مت زیادہ باتیں کرنے کی ضرورت نہیں ہے
audio/8_1_2_36.wav,Fear,میں کہیں نہیں جا رہی ہوں میری طبیعت ٹھیک نہیں ہے,8_1_2_36,3.146938775510204,0.1352080553770065,clean_ok,ok,4,[CURR] میں کہیں نہیں جا رہی ہوں میری طبیعت ٹھیک نہیں ہے
audio/2_0_1_47.wav,Angry,یہ ایسے خاموش ہونے والی نہیں ہے,2_0_1_47,1.4110204081632651,0.2737139165401459,clean_ok,ok,2,[CURR] یہ ایسے خاموش ہونے والی نہیں ہے
audio/6_1_5_22.wav,Happy,کھا لیں میاں مٹھو ناراض ہے مجھ سے کھا لو,6_1_5_22,2.959931972789116,0.1586715579032898,clean_ok,ok,1,[CURR] کھا لیں میاں مٹھو ناراض ہے مجھ سے کھا لو
audio/5_0_7_26.wav,Sad,اس سے اس کے علاوہ میں نے کچھ مانگا ہی نہیں,5_0_7_26,3.761632653061224,0.0819238796830177,clean_ok,ok,3,[CURR] اس سے اس کے علاوہ میں نے کچھ مانگا ہی نہیں
audio/4_0_6_06.wav,Neutral,اماں مجھے نہیں کرنی ابھی شادی,4_0_6_06,1.533469387755102,0.1574726849794387,clean_ok,ok,0,[CURR] اماں مجھے نہیں کرنی ابھی شادی
audio/7_1_7_36.wav,Sad,بات اب ختم ہو چکی ہے,7_1_7_36,2.147845804988662,0.1229651793837547,clean_ok,ok,3,[CURR] بات اب ختم ہو چکی ہے
audio/10_1_7_18.wav,Sad,کہاں کی مومن کہاں کا اجر,10_1_7_18,1.658684807256236,0.1522435396909713,clean_ok,ok,3,[CURR] کہاں کی مومن کہاں کا اجر
audio/10_1_1_12.wav,Angry,جب میری غلطی تھی سارے الزامات بھی سہے اور ماریں بھی سہیں آپ لوگوں کی,10_1_1_12,4.447891156462585,0.1191735938191413,clean_ok,ok,2,[CURR] جب میری غلطی تھی سارے الزامات بھی سہے اور ماریں بھی سہیں آپ لوگوں کی
audio/10_1_4_06.wav,Disgust,اماں وہ لایا تھا اپنی ماں کو,10_1_4_06,1.2093877551020409,0.0968719124794006,clean_ok,ok,5,[CURR] اماں وہ لایا تھا اپنی ماں کو
audio/9_1_7_08.wav,Sad,صبح بخار اُترتا ہے تو نکلتی ہوں,9_1_7_08,2.3187301587301588,0.0658804774284362,clean_ok,ok,3,[CURR] صبح بخار اُترتا ہے تو نکلتی ہوں
audio/3_0_4_17.wav,Disgust,تو کم از کم اپ اس گیٹ کو کنڈی تالا لگا کے ہی رکھا کریں,3_0_4_17,3.8545124716553287,0.1415469050407409,clean_ok,ok,5,[CURR] تو کم از کم اپ اس گیٹ کو کنڈی تالا لگا کے ہی رکھا کریں
audio/9_1_3_28.wav,Boredum,ہائے اللہ کرے ایسا ہی ہو,9_1_3_28,1.3319727891156463,0.1402515918016433,clean_ok,ok,6,[CURR] ہائے اللہ کرے ایسا ہی ہو
audio/10_1_5_07.wav,Happy,نہیں ابّا میں پھر بھی بس میں ہی آیا کروں گی,10_1_5_07,3.631201814058957,0.0743792653083801,clean_ok,ok,1,[CURR] نہیں ابّا میں پھر بھی بس میں ہی آیا کروں گی
audio/4_0_1_35.wav,Angry,اسے مرنا نہیں ہے اسے درد کاٹنا ہے اتنا درد اتنا درد اتنا درد کہ درد محسوس ہونا بند ہو جائے,4_0_1_35,8.63546485260771,0.0901321321725845,too_long,ok,2,[CURR] اسے مرنا نہیں ہے اسے درد کاٹنا ہے اتنا درد اتنا درد اتنا درد کہ درد محسوس ہونا بند ہو جائے
audio/3_0_7_22.wav,Sad,ایسے بھی میرے پاس جو کچھ تھا وہ تو پہلے ہی لوٹ چکا,3_0_7_22,4.527891156462585,0.0122724836692214,clean_ok,ok,3,[CURR] ایسے بھی میرے پاس جو کچھ تھا وہ تو پہلے ہی لوٹ چکا
audio/3_0_1_38.wav,Angry,کیا رشتہ تمہارا اس ماروی کے ساتھ,3_0_1_38,2.7631746031746034,0.0914861410856247,clean_ok,ok,2,[CURR] کیا رشتہ تمہارا اس ماروی کے ساتھ
audio/3_0_1_17.wav,Angry,ذرا گھر سے باہر نکل کر دیکھو,3_0_1_17,2.8328344671201813,0.1964637190103531,clean_ok,ok,2,[CURR] ذرا گھر سے باہر نکل کر دیکھو
audio/7_1_5_47.wav,Happy,وہی ابھی اپ کو کل کا قصہ بتاؤں میں,7_1_5_47,1.999183673469388,0.1539666056632995,clean_ok,ok,1,[CURR] وہی ابھی اپ کو کل کا قصہ بتاؤں میں
audio/8_1_2_49.wav,Fear,اسے تڑپا تڑپا کر مارنا ہے,8_1_2_49,5.4321541950113374,0.1269225776195526,clean_ok,ok,4,[CURR] اسے تڑپا تڑپا کر مارنا ہے
audio/9_1_2_41.wav,Fear,بیٹی نہیں نہیں,9_1_2_41,3.265283446712018,0.0781987756490707,clean_ok,ok,4,[CURR] بیٹی نہیں نہیں
audio/2_0_3_32.wav,Boredum,کہتے ہوئے اچھا بھی تو نہیں لگتا,2_0_3_32,2.3667120181405896,0.1534872204065323,clean_ok,ok,6,[CURR] کہتے ہوئے اچھا بھی تو نہیں لگتا
audio/5_0_7_01.wav,Sad,ہائے بیٹا میرے لیے اچھا موسم کہاں رہا ہے,5_0_7_01,2.6122448979591835,0.1341117322444915,clean_ok,ok,3,[CURR] ہائے بیٹا میرے لیے اچھا موسم کہاں رہا ہے
audio/7_1_1_06.wav,Angry,ہٹو شور مچا دوں گی,7_1_1_06,1.0227891156462583,0.1947539150714874,clean_ok,ok,2,[CURR] ہٹو شور مچا دوں گی
audio/10_1_7_20.wav,Sad,دنیا کی کوئی بھی شے میرے دل کو آباد نہیں کر سکتی,10_1_7_20,3.9778004535147393,0.1736184954643249,clean_ok,ok,3,[CURR] دنیا کی کوئی بھی شے میرے دل کو آباد نہیں کر سکتی
audio/4_0_4_19.wav,Disgust,کوئی برائی ہے کیا مجھ میں میری محبت میں کوئی برائی ہے تو بتاؤ بولو,4_0_4_19,3.8165079365079366,0.1826625317335128,clean_ok,ok,5,[CURR] کوئی برائی ہے کیا مجھ میں میری محبت میں کوئی برائی ہے تو بتاؤ بولو
audio/7_1_2_03.wav,Fear,لیکن جب میں نے گاڑی روکی اس کے بعد ہوا کیا,7_1_2_03,2.693514739229025,0.1202568337321281,clean_ok,ok,4,[CURR] لیکن جب میں نے گاڑی روکی اس کے بعد ہوا کیا
audio/7_1_6_01.wav,Neutral,تمہیں میری شکل سے کیبنہ افس جانے والی لگ رہی ہے,7_1_6_01,3.1811337868480725,0.1588747799396515,clean_ok,ok,0,[CURR] تمہیں میری شکل سے کیبنہ افس جانے والی لگ رہی ہے
audio/7_1_2_45.wav,Fear,مجھے کیا پتا تم کیا کر رہے ہو یہاں,7_1_2_45,2.147551020408163,0.1879570633172989,clean_ok,ok,4,[CURR] مجھے کیا پتا تم کیا کر رہے ہو یہاں
audio/7_1_5_42.wav,Happy,ان کی تو بڑی عزت ہوگی,7_1_5_42,1.5441269841269842,0.2581088840961456,clean_ok,ok,1,[CURR] ان کی تو بڑی عزت ہوگی
audio/8_1_1_30.wav,Angry,ان لوگوں نے مل کر صرف ہمیں بے وقوف بنایا ہے,8_1_1_30,2.2987755102040817,0.1880668699741363,clean_ok,ok,2,[CURR] ان لوگوں نے مل کر صرف ہمیں بے وقوف بنایا ہے
audio/10_1_7_32.wav,Sad,اب آپ کو کچھ نہیں ہوگا,10_1_7_32,1.374671201814059,0.1997052282094955,clean_ok,ok,3,[CURR] اب آپ کو کچھ نہیں ہوگا
audio/4_0_1_44.wav,Angry,جانور لگتا ہوں نا میں اپ کو,4_0_1_44,1.6021768707482993,0.2282243221998214,clean_ok,ok,2,[CURR] جانور لگتا ہوں نا میں اپ کو
audio/3_0_7_03.wav,Sad,وہ اپنے اندر کہیں رک سی گئی ہے,3_0_7_03,4.388571428571429,0.0273817349225282,clean_ok,ok,3,[CURR] وہ اپنے اندر کہیں رک سی گئی ہے
audio/2_0_2_02.wav,Fear,مجھے اسی گھر میں,2_0_2_02,1.2018820861678003,0.1699032932519912,clean_ok,ok,4,[CURR] مجھے اسی گھر میں
audio/1_0_6_20.wav,Neutral,نبیل صاحب اپ یہ بتائیں افس میں کوئی پریشانی تو نہیں ہوئی اپ کو,1_0_6_20,4.156371882086168,0.1708745956420898,clean_ok,ok,0,[CURR] نبیل صاحب اپ یہ بتائیں افس میں کوئی پریشانی تو نہیں ہوئی اپ کو
audio/3_0_5_09.wav,Happy,انہوں نے اج تک کوئی اچھی مثال قائم ہی نہیں کی تو میں کیا دوں,3_0_5_09,3.947392290249433,0.1376637071371078,clean_ok,ok,1,[CURR] انہوں نے اج تک کوئی اچھی مثال قائم ہی نہیں کی تو میں کیا دوں
audio/4_0_3_36.wav,Boredum,ایسا اب حال ہو جائے گا میرا میں نے سوچا بھی نہیں تھا,4_0_3_36,3.4540589569161,0.0886520743370056,clean_ok,ok,6,[CURR] ایسا اب حال ہو جائے گا میرا میں نے سوچا بھی نہیں تھا
audio/7_1_5_44.wav,Happy,اللہ ان کو زندگی دے اللہ ان کی لمبی عمر دے بڑی اچھی عورت ہے,7_1_5_44,3.622312925170068,0.1431391835212707,clean_ok,ok,1,[CURR] اللہ ان کو زندگی دے اللہ ان کی لمبی عمر دے بڑی اچھی عورت ہے
audio/8_1_7_03.wav,Sad,لیکن میں تو یہ بھی نہیں جانتی کہ مجھے چھوڑ کر جانے والا میرا اپنا تھا,8_1_7_03,5.770589569160998,0.1084744855761528,clean_ok,ok,3,[CURR] لیکن میں تو یہ بھی نہیں جانتی کہ مجھے چھوڑ کر جانے والا میرا اپنا تھا
audio/7_1_7_21.wav,Sad,مجھے مجھے گھر کی بہت یاد آرہی تھی,7_1_7_21,3.4713832199546486,0.1855072528123855,clean_ok,ok,3,[CURR] مجھے مجھے گھر کی بہت یاد آرہی تھی
audio/2_0_4_08.wav,Disgust,اپ نے کچھ اور دیکھنا ہے یا چلیں,2_0_4_08,1.4531519274376417,0.1164082586765289,clean_ok,ok,5,[CURR] اپ نے کچھ اور دیکھنا ہے یا چلیں
audio/1_0_3_02.wav,Boredum,تنہا انسان تو بالکل خاک کی طرح ہوتا ہے,1_0_3_02,2.482244897959184,0.1375337243080139,clean_ok,ok,6,[CURR] تنہا انسان تو بالکل خاک کی طرح ہوتا ہے
audio/5_0_3_46.wav,Boredum,چلو تو پھر ہم دکھاتے ہیں ہوں ں ں,5_0_3_46,4.179387755102041,0.1541499495506286,clean_ok,ok,6,[CURR] چلو تو پھر ہم دکھاتے ہیں ہوں ں ں
audio/10_1_2_40.wav,Fear,یار اج ایک بہت بڑی غلطی ہو گئی مجھ سے,10_1_2_40,2.028458049886621,0.1481315642595291,clean_ok,ok,4,[CURR] یار اج ایک بہت بڑی غلطی ہو گئی مجھ سے
audio/8_1_1_36.wav,Angry,ہاتھ نہیں لگایا نہ تو ہاتھ توڑ دوں گی میں تمہارا,8_1_1_36,2.658684807256236,0.173196330666542,clean_ok,ok,2,[CURR] ہاتھ نہیں لگایا نہ تو ہاتھ توڑ دوں گی میں تمہارا
audio/8_1_4_45.wav,Disgust,کیا کیا پتہ چلنا چاہیے,8_1_4_45,2.267891156462585,0.0823870003223419,clean_ok,ok,5,[CURR] کیا کیا پتہ چلنا چاہیے
audio/8_1_2_32.wav,Fear,کیوں کیا یہ سب کچھ,8_1_2_32,2.0217687074829933,0.1118947863578796,clean_ok,ok,4,[CURR] کیوں کیا یہ سب کچھ
audio/2_0_2_24.wav,Fear,فوجی ائے تو اس سے کہنا اگر پولیس میں سے کوئی ائے تو انہیں گھر کے اندر انے نہ دیں پورچ تک رکھے بس,2_0_2_24,5.650861678004535,0.1110646724700927,clean_ok,ok,4,[CURR] فوجی ائے تو اس سے کہنا اگر پولیس میں سے کوئی ائے تو انہیں گھر کے اندر انے نہ دیں پورچ تک رکھے بس
audio/10_1_1_03.wav,Angry,میں بتا رہی ہوں میرے قریب مت آنا ورنہ میں یہاں سے کُود جاؤں گی,10_1_1_03,2.56342403628118,0.0915179103612899,clean_ok,ok,2,[CURR] میں بتا رہی ہوں میرے قریب مت آنا ورنہ میں یہاں سے کُود جاؤں گی
audio/5_0_1_07.wav,Angry,مطلب یہ بغیرت,5_0_1_07,2.043356009070295,0.211086094379425,clean_ok,ok,2,[CURR] مطلب یہ بغیرت
audio/6_1_4_36.wav,Disgust,امی زندگی ان چیزوں سے اگے کا نام ہے,6_1_4_36,2.321995464852608,0.2142908126115799,clean_ok,ok,5,[CURR] امی زندگی ان چیزوں سے اگے کا نام ہے
audio/3_0_3_11.wav,Boredum,اب تمہاری غیر موجودگی میں مجھے ہی فیصلہ کرنا پڑے گا,3_0_3_11,4.365351473922902,0.1389349848031997,clean_ok,ok,6,[CURR] اب تمہاری غیر موجودگی میں مجھے ہی فیصلہ کرنا پڑے گا
audio/1_0_5_44.wav,Happy,ایسا کرتے ہیں اور اس کے پیرنٹس کو گھر انوائٹ کر لیتے ہیں,1_0_5_44,2.8676643990929707,0.0742816254496574,clean_ok,ok,1,[CURR] ایسا کرتے ہیں اور اس کے پیرنٹس کو گھر انوائٹ کر لیتے ہیں
audio/9_1_6_49.wav,Neutral,کہا نا بہت دور چلا گیا ہے تم سے تم پیچھے رہ گئی ہو بہت پیچھے,9_1_6_49,4.277392290249433,0.1277458071708679,clean_ok,ok,0,[CURR] کہا نا بہت دور چلا گیا ہے تم سے تم پیچھے رہ گئی ہو بہت پیچھے
audio/7_1_1_44.wav,Angry,ادھر ساری بکواس میرے ہی بات پر یاد اتی ہیں,7_1_1_44,1.9860544217687075,0.213134080171585,clean_ok,ok,2,[CURR] ادھر ساری بکواس میرے ہی بات پر یاد اتی ہیں
audio/1_0_7_45.wav,Sad,میں اپنی گیتی کو اس طرح سے رخصت نہیں کر سکا جس طرح اس کا حق تھا,1_0_7_45,5.514739229024944,0.0617714002728462,clean_ok,ok,3,[CURR] میں اپنی گیتی کو اس طرح سے رخصت نہیں کر سکا جس طرح اس کا حق تھا
audio/9_1_5_09.wav,Happy,تیرے لیے اتنی پیاری لڑکی دیکھ کے ائی ہوں,9_1_5_09,2.271428571428572,0.1488068699836731,clean_ok,ok,1,[CURR] تیرے لیے اتنی پیاری لڑکی دیکھ کے ائی ہوں
audio/8_1_6_20.wav,Neutral,کہ میرے ساتھ دو دن کوئی چگزارا نہیں کر سکتا,8_1_6_20,2.333333333333333,0.1362531930208206,clean_ok,ok,0,[CURR] کہ میرے ساتھ دو دن کوئی چگزارا نہیں کر سکتا
audio/1_0_5_40.wav,Happy,ظاہر ہے اتنا اہم مہمان ا رہا ہے تو اس سے ملنا تو ہے نا,1_0_5_40,5.944308390022676,0.1028551384806633,clean_ok,ok,1,[CURR] ظاہر ہے اتنا اہم مہمان ا رہا ہے تو اس سے ملنا تو ہے نا
audio/2_0_2_49.wav,Fear,مطلب کیا ہے تمہارا,2_0_2_49,0.9968027210884354,0.1282357275485992,too_short,ok,4,[CURR] مطلب کیا ہے تمہارا
audio/4_0_7_23.wav,Sad,میرے وجود سے نہ کسی کو خوشی ملی ہے نہ راحت اور نہ سکون,4_0_7_23,3.417551020408163,0.2121964246034622,clean_ok,ok,3,[CURR] میرے وجود سے نہ کسی کو خوشی ملی ہے نہ راحت اور نہ سکون
audio/9_1_5_37.wav,Happy,کتنی پیاری بچی ہے,9_1_5_37,1.6134240362811791,0.1252933591604232,clean_ok,ok,1,[CURR] کتنی پیاری بچی ہے
audio/4_0_4_39.wav,Disgust,انہیں ایسا نہیں کرنا چاہیے تھا کتنا کمزور انسان ہو نا میں,4_0_4_39,3.927505668934241,0.1582530438899994,clean_ok,ok,5,[CURR] انہیں ایسا نہیں کرنا چاہیے تھا کتنا کمزور انسان ہو نا میں
audio/10_1_7_38.wav,Sad,سب کچھ ٹوٹ گیا,10_1_7_38,1.35297052154195,0.1642690002918243,clean_ok,ok,3,[CURR] سب کچھ ٹوٹ گیا
audio/8_1_6_14.wav,Neutral,اس سے بھی تو منع کر سکتا تھا نا,8_1_6_14,1.6950566893424035,0.1511104255914688,clean_ok,ok,0,[CURR] اس سے بھی تو منع کر سکتا تھا نا
audio/7_1_4_46.wav,Disgust,خود ڈھونڈنے والیاں کیا بدمعاش ہوتی ہیں ہاں,7_1_4_46,2.532063492063492,0.1801517754793167,clean_ok,ok,5,[CURR] خود ڈھونڈنے والیاں کیا بدمعاش ہوتی ہیں ہاں
audio/4_0_3_50.wav,Boredum,میرے ماں باپ کے لڑنے کی آوازیں آ,4_0_3_50,1.83437641723356,0.1317085772752761,clean_ok,ok,6,[CURR] میرے ماں باپ کے لڑنے کی آوازیں آ
audio/8_1_5_45.wav,Happy,ساری دنیا چمک اٹھی ہے,8_1_5_45,2.3336054421768706,0.1563646793365478,clean_ok,ok,1,[CURR] ساری دنیا چمک اٹھی ہے
audio/9_1_2_27.wav,Fear,مجھے کیا کرنا ہے اور کیا نہیں کرنا,9_1_2_27,2.0517913832199546,0.0522285737097263,clean_ok,ok,4,[CURR] مجھے کیا کرنا ہے اور کیا نہیں کرنا
audio/10_1_5_01.wav,Happy,اللّٰہ کرے,10_1_5_01,0.5338321995464853,0.0990897789597511,too_short,ok,1,[CURR] اللّٰہ کرے
audio/7_1_6_33.wav,Neutral,مجھے اپ سے کوئی شکوہ نہیں,7_1_6_33,1.963673469387755,0.1126423701643943,clean_ok,ok,0,[CURR] مجھے اپ سے کوئی شکوہ نہیں
audio/4_0_2_46.wav,Fear,میں خدا کی قسم کھا کر کہتا ہوں کہ 27 سالوں میں وہ نمک مرید کا کچھ نہیں گزار سکا,4_0_2_46,4.276122448979592,0.133847564458847,clean_ok,ok,4,[CURR] میں خدا کی قسم کھا کر کہتا ہوں کہ 27 سالوں میں وہ نمک مرید کا کچھ نہیں گزار سکا
audio/7_1_3_11.wav,Boredum,لیکن صرف مجھے نہیں نا,7_1_3_11,2.549501133786848,0.1303739845752716,clean_ok,ok,6,[CURR] لیکن صرف مجھے نہیں نا
audio/8_1_6_32.wav,Neutral,کشمالہ اؤ نا,8_1_6_32,4.11859410430839,0.0908449366688728,clean_ok,ok,0,[CURR] کشمالہ اؤ نا
audio/2_0_4_26.wav,Disgust,پولیس والوں کے باپ کا کیا جاتا ہے پروموشن چاہیے انہیں بس,2_0_4_26,2.7776643990929704,0.1533200442790985,clean_ok,ok,5,[CURR] پولیس والوں کے باپ کا کیا جاتا ہے پروموشن چاہیے انہیں بس
audio/2_0_7_41.wav,Sad,یہ کیا حال بنا رکھا ہے تم نے اپنا گھر میں مہمان اگئے ہیں,2_0_7_41,4.325873015873016,0.1617268919944763,clean_ok,ok,3,[CURR] یہ کیا حال بنا رکھا ہے تم نے اپنا گھر میں مہمان اگئے ہیں
audio/2_0_2_50.wav,Fear,یہ سب کچھ نہیں ہوگا پاگلوں والی باتیں مت کرو چلے جاؤ یہاں سے,2_0_2_50,2.7763038548752834,0.184365764260292,clean_ok,ok,4,[CURR] یہ سب کچھ نہیں ہوگا پاگلوں والی باتیں مت کرو چلے جاؤ یہاں سے
audio/6_1_1_36.wav,Angry,یہ جو چاہتا ہے نا میں نہیں ہونے دوں گی,6_1_1_36,2.019433106575964,0.1209030821919441,clean_ok,ok,2,[CURR] یہ جو چاہتا ہے نا میں نہیں ہونے دوں گی
audio/4_0_1_01.wav,Angry,تجھے تو میں بعد میں پوچھتا ہوں,4_0_1_01,1.5905668934240362,0.1109823584556579,clean_ok,ok,2,[CURR] تجھے تو میں بعد میں پوچھتا ہوں
audio/9_1_6_50.wav,Neutral,یہ تو صحیح کہ رہا ہے تو ویسے,9_1_6_50,1.716122448979592,0.1420276165008545,clean_ok,ok,0,[CURR] یہ تو صحیح کہ رہا ہے تو ویسے
audio/8_1_5_05.wav,Happy,اس دن اتنی تعریفیں کر رہی تھی میری,8_1_5_05,2.078185941043084,0.1245842054486274,clean_ok,ok,1,[CURR] اس دن اتنی تعریفیں کر رہی تھی میری
audio/5_0_2_07.wav,Fear,بیٹا اپ ہر بات میں بولنا چھوڑ دیں اندر جائیں چلیں اندر جائیں,5_0_2_07,4.435011337868481,0.0885445326566696,clean_ok,ok,4,[CURR] بیٹا اپ ہر بات میں بولنا چھوڑ دیں اندر جائیں چلیں اندر جائیں
audio/1_0_1_14.wav,Angry,بات کر رہا ہوں نا مت بولو بیچ میں,1_0_1_14,2.5309750566893423,0.1626788228750229,clean_ok,ok,2,[CURR] بات کر رہا ہوں نا مت بولو بیچ میں
audio/3_0_6_42.wav,Neutral,وہ تو شیخ صاحب سے میری بات ہوئی تھی,3_0_6_42,2.7631746031746034,0.0466817580163478,clean_ok,ok,0,[CURR] وہ تو شیخ صاحب سے میری بات ہوئی تھی
audio/4_0_7_09.wav,Sad,اس کے لیے اس نے شرط رکھ دی ہے,4_0_7_09,2.017641723356009,0.1448545306921005,clean_ok,ok,3,[CURR] اس کے لیے اس نے شرط رکھ دی ہے
audio/2_0_5_37.wav,Happy,تو تو اس طرح کی میرے کچھ ذہن میں اس وقت چیزیں ا رہی تھی,2_0_5_37,2.6820408163265306,0.1856525391340255,clean_ok,ok,1,[CURR] تو تو اس طرح کی میرے کچھ ذہن میں اس وقت چیزیں ا رہی تھی
audio/7_1_5_20.wav,Happy,اب منہ دکھائی ہے تو منہ دیکھ کے ہی دو گے نا گونگٹ تو اٹھانے دو,7_1_5_20,3.4249433106575964,0.1324852406978607,clean_ok,ok,1,[CURR] اب منہ دکھائی ہے تو منہ دیکھ کے ہی دو گے نا گونگٹ تو اٹھانے دو
audio/5_0_5_44.wav,Happy,او نازلین کیا حال ہے بائے بائے ٹاٹا,5_0_5_44,5.208639455782313,0.1678880453109741,clean_ok,ok,1,[CURR] او نازلین کیا حال ہے بائے بائے ٹاٹا
audio/1_0_5_42.wav,Happy,نئی نہ شانزے بتاؤ نا مجھے کہ کون ہے,1_0_5_42,2.879274376417233,0.1210077702999115,clean_ok,ok,1,[CURR] نئی نہ شانزے بتاؤ نا مجھے کہ کون ہے
audio/5_0_7_28.wav,Sad,تکلیفیں اٹھانی ہیں مشکلات برداشت کرنی ہیں,5_0_7_28,4.179591836734694,0.0487105660140514,clean_ok,ok,3,[CURR] تکلیفیں اٹھانی ہیں مشکلات برداشت کرنی ہیں
audio/10_1_6_44.wav,Neutral,آپ ایسی باتیں کرتے ہیں تو ایسا لگتا ہے کوئی میرے زخم پر مرہم کے ٹھنڈے پھائے رکھ رہا ہے,10_1_6_44,5.677278911564626,0.1351844817399978,clean_ok,ok,0,[CURR] آپ ایسی باتیں کرتے ہیں تو ایسا لگتا ہے کوئی میرے زخم پر مرہم کے ٹھنڈے پھائے رکھ رہا ہے
audio/2_0_3_47.wav,Boredum,بغیر ملے ہی جا رہی تھی,2_0_3_47,1.238888888888889,0.1634886860847473,clean_ok,ok,6,[CURR] بغیر ملے ہی جا رہی تھی
audio/10_1_3_16.wav,Boredum,کبھی میں نے سنی نہیں اپ کی اواز,10_1_3_16,2.094081632653061,0.1297412663698196,clean_ok,ok,6,[CURR] کبھی میں نے سنی نہیں اپ کی اواز
audio/3_0_3_33.wav,Boredum,دیکھو ذرا کیسے پسینوں میں بھیگ رہا ہے,3_0_3_33,3.9063492063492062,0.093680240213871,clean_ok,ok,6,[CURR] دیکھو ذرا کیسے پسینوں میں بھیگ رہا ہے
audio/4_0_4_32.wav,Disgust,یار ایسا سلوک تو کوئی اپنا پالتو جانور کے ساتھ نہیں کرتا مراد علی,4_0_4_32,3.638526077097506,0.1051665917038917,clean_ok,ok,5,[CURR] یار ایسا سلوک تو کوئی اپنا پالتو جانور کے ساتھ نہیں کرتا مراد علی
audio/2_0_7_42.wav,Sad,بہت سوچ سمجھ کر فیصلہ کیا ہے,2_0_7_42,2.3741723356009072,0.1393791437149047,clean_ok,ok,3,[CURR] بہت سوچ سمجھ کر فیصلہ کیا ہے
audio/1_0_2_40.wav,Fear,یہ یہی چیز تو تمہیں سمجھا رہا ہوں,1_0_2_40,3.7848526077097504,0.1089886501431465,clean_ok,ok,4,[CURR] یہ یہی چیز تو تمہیں سمجھا رہا ہوں
audio/3_0_2_19.wav,Fear,اللہ والوں کی ابرو پر حرف ائے تو معجزے ہوتے ہیں,3_0_2_19,5.4300680272108846,0.0857228860259056,clean_ok,ok,4,[CURR] اللہ والوں کی ابرو پر حرف ائے تو معجزے ہوتے ہیں
audio/10_1_2_06.wav,Fear,تم میرے پر اتنا بڑا الزام نہیں لگا سکتی وہ بھی مجھے صفائی کا موقع دیے بغیر,10_1_2_06,3.4359410430839,0.1394619047641754,clean_ok,ok,4,[CURR] تم میرے پر اتنا بڑا الزام نہیں لگا سکتی وہ بھی مجھے صفائی کا موقع دیے بغیر
audio/9_1_1_39.wav,Angry,سکھ چلاکیوں کا پتہ ہے مجھے,9_1_1_39,1.88015873015873,0.1532737165689468,clean_ok,ok,2,[CURR] سکھ چلاکیوں کا پتہ ہے مجھے
audio/5_0_4_30.wav,Disgust,تم مجھ پہ شک کر رہے ہیں مجھ کو الزام لگا رہے ہو,5_0_4_30,3.622312925170068,0.1363956779241562,clean_ok,ok,5,[CURR] تم مجھ پہ شک کر رہے ہیں مجھ کو الزام لگا رہے ہو
audio/2_0_4_21.wav,Disgust,لیکن پولیس والوں کو کم از کم یہ کہہ دیتے کہ ہمارا اپ کا گھر ایک ہی ہے,2_0_4_21,3.6685260770975057,0.1993217021226883,clean_ok,ok,5,[CURR] لیکن پولیس والوں کو کم از کم یہ کہہ دیتے کہ ہمارا اپ کا گھر ایک ہی ہے
audio/3_0_7_48.wav,Sad,میں نے اپنے لخت جگر کو حلال رزق کھلا کر پالنے کا جرم کیا ہے,3_0_7_48,7.1401360544217685,0.0262840017676353,clean_ok,ok,3,[CURR] میں نے اپنے لخت جگر کو حلال رزق کھلا کر پالنے کا جرم کیا ہے
audio/9_1_3_16.wav,Boredum,چائے سے ٹھیک ہو جاؤں گی,9_1_3_16,1.527845804988662,0.1455973386764526,clean_ok,ok,6,[CURR] چائے سے ٹھیک ہو جاؤں گی
audio/7_1_1_50.wav,Angry,چل کیا رہا ہے نہیں مقصد کیا ہے تمہارا,7_1_1_50,2.5541950113378684,0.1431082338094711,clean_ok,ok,2,[CURR] چل کیا رہا ہے نہیں مقصد کیا ہے تمہارا
audio/1_0_3_14.wav,Boredum,پتہ نہیں عجیب باتیں کرتی ہوں,1_0_3_14,2.2987755102040817,0.079920545220375,clean_ok,ok,6,[CURR] پتہ نہیں عجیب باتیں کرتی ہوں
audio/5_0_2_49.wav,Fear,اوئے اسے کہتے ہیں مکا فات عمل دوسروں کی ماں بیٹوں کے ساتھ کرتا ہے اج تیری بہن کے ساتھ بھی,5_0_2_49,4.709591836734694,0.1031403392553329,clean_ok,ok,4,[CURR] اوئے اسے کہتے ہیں مکا فات عمل دوسروں کی ماں بیٹوں کے ساتھ کرتا ہے اج تیری بہن کے ساتھ بھی
audio/10_1_4_32.wav,Disgust,تم جیسا لعنتی ادمی میں نے اپنی زندگی میں نہیں دیکھا روشنے,10_1_4_32,2.891609977324263,0.0975606143474578,clean_ok,ok,5,[CURR] تم جیسا لعنتی ادمی میں نے اپنی زندگی میں نہیں دیکھا روشنے
audio/8_1_5_14.wav,Happy,ہاں جناب کیسا گزرا اج کا دن اپ کا,8_1_5_14,3.393061224489796,0.110891468822956,clean_ok,ok,1,[CURR] ہاں جناب کیسا گزرا اج کا دن اپ کا
audio/9_1_5_27.wav,Happy,کتنا ہی شکر ہے کہ تو نے مجھے یہ دن دکھایا,9_1_5_27,2.810362811791383,0.187107503414154,clean_ok,ok,1,[CURR] کتنا ہی شکر ہے کہ تو نے مجھے یہ دن دکھایا
audio/8_1_4_26.wav,Disgust,اور اپ کے مرحوم باپ کی روح بھی اپ کا انتظار کرتی رہی,8_1_4_26,3.4118367346938774,0.1298401951789856,clean_ok,ok,5,[CURR] اور اپ کے مرحوم باپ کی روح بھی اپ کا انتظار کرتی رہی
audio/2_0_2_47.wav,Fear,میں اپنی ڈائیورس کی وجہ سے بہت پریشان ہوں مجھے مزید پریشان مت کرو,2_0_2_47,4.155918367346938,0.1840592622756958,clean_ok,ok,4,[CURR] میں اپنی ڈائیورس کی وجہ سے بہت پریشان ہوں مجھے مزید پریشان مت کرو
audio/7_1_7_43.wav,Sad,تم تو مجھ سے بھی آگے نکل گئے,7_1_7_43,1.7896825396825398,0.1531629264354705,clean_ok,ok,3,[CURR] تم تو مجھ سے بھی آگے نکل گئے
audio/3_0_2_45.wav,Fear,پھر بھی ڈاکٹر کے پاس چلے جاؤ مجھ جیسے شخص کو دماغ کی خلل کا پتہ نہیں چلتا,3_0_2_45,7.082086167800454,0.1058072671294212,clean_ok,ok,4,[CURR] پھر بھی ڈاکٹر کے پاس چلے جاؤ مجھ جیسے شخص کو دماغ کی خلل کا پتہ نہیں چلتا
audio/8_1_4_30.wav,Disgust,ابھی بتاتی ہیں تم دونوں گندی بچیوں کو,8_1_4_30,2.113015873015873,0.208397626876831,clean_ok,ok,5,[CURR] ابھی بتاتی ہیں تم دونوں گندی بچیوں کو
audio/6_1_1_04.wav,Angry,تمہاری ان باتوں سے جو مجھے ذلت کا احساس ہوا ہے وہ دور ہو جائے گا,6_1_1_04,3.059138321995465,0.2052353918552398,clean_ok,ok,2,[CURR] تمہاری ان باتوں سے جو مجھے ذلت کا احساس ہوا ہے وہ دور ہو جائے گا
audio/8_1_1_03.wav,Angry,پاگل ہوں میں ہاں,8_1_1_03,2.078185941043084,0.1386462450027465,clean_ok,ok,2,[CURR] پاگل ہوں میں ہاں
audio/6_1_4_01.wav,Disgust,میرا خیال ہے ٹھیک ہے میں طبیعت بھی ا جاتی ہے,6_1_4_01,2.252335600907029,0.1064406856894493,clean_ok,ok,5,[CURR] میرا خیال ہے ٹھیک ہے میں طبیعت بھی ا جاتی ہے
audio/4_0_2_23.wav,Fear,کہ میں اپنی گلی کا گنڈا اوارہ لچا نہیں جو روز تمہارے راستے میں ا کے کھڑا رہتا ہوں,4_0_2_23,3.43891156462585,0.2022583186626434,clean_ok,ok,4,[CURR] کہ میں اپنی گلی کا گنڈا اوارہ لچا نہیں جو روز تمہارے راستے میں ا کے کھڑا رہتا ہوں
audio/7_1_2_23.wav,Fear,تو بھیا اپ ایک کام کریں مجھے کمرے میں بند کر دیں,7_1_2_23,2.3568253968253967,0.0705164521932601,clean_ok,ok,4,[CURR] تو بھیا اپ ایک کام کریں مجھے کمرے میں بند کر دیں
audio/6_1_4_08.wav,Disgust,تو نہ کیا کریں نا فون,6_1_4_08,1.217278911564626,0.1690098643302917,clean_ok,ok,5,[CURR] تو نہ کیا کریں نا فون
audio/9_1_1_35.wav,Angry,یہاں نہیں چلے گی یہ بکواس ائی سمجھ,9_1_1_35,2.49562358276644,0.1969638764858245,clean_ok,ok,2,[CURR] یہاں نہیں چلے گی یہ بکواس ائی سمجھ
audio/4_0_7_17.wav,Sad,نہیں میڈم خدا کا واسطہ ہے یہ مت کیجئے گا میرے ساتھ,4_0_7_17,3.739705215419501,0.0656507015228271,clean_ok,ok,3,[CURR] نہیں میڈم خدا کا واسطہ ہے یہ مت کیجئے گا میرے ساتھ
audio/5_0_2_41.wav,Fear,علا مہ علا مہ اوئے ہوئے ہوئے ہوئے,5_0_2_41,4.899410430839002,0.2034202963113784,clean_ok,ok,4,[CURR] علا مہ علا مہ اوئے ہوئے ہوئے ہوئے
audio/3_0_5_47.wav,Happy,شرمندہ اپ لوگوں نے کرنا شروع کر دیا ہے,3_0_5_47,5.77015873015873,0.0659354254603385,clean_ok,ok,1,[CURR] شرمندہ اپ لوگوں نے کرنا شروع کر دیا ہے
audio/6_1_4_37.wav,Disgust,جو بندہ اپنی زندگی خود قصہ اور کمیٹیوں سے پوری کر رہا ہے وہ کسی کے لیے کیا کرے گا,6_1_4_37,4.620770975056689,0.1885856389999389,clean_ok,ok,5,[CURR] جو بندہ اپنی زندگی خود قصہ اور کمیٹیوں سے پوری کر رہا ہے وہ کسی کے لیے کیا کرے گا
audio/9_1_7_27.wav,Sad,میری میں جانتی ہوں تم تم اس وقت بہت پریشان ہو بیٹا,9_1_7_27,4.464761904761905,0.1248870566487312,clean_ok,ok,3,[CURR] میری میں جانتی ہوں تم تم اس وقت بہت پریشان ہو بیٹا
audio/8_1_1_34.wav,Angry,اپ ایسے ادمی کے ساتھ کہہ رہے ہیں کہ میں زندگی نبھاؤں,8_1_1_34,2.8328344671201813,0.1636670529842376,clean_ok,ok,2,[CURR] اپ ایسے ادمی کے ساتھ کہہ رہے ہیں کہ میں زندگی نبھاؤں
audio/4_0_1_30.wav,Angry,اور وہ بے غیرت گھٹیا گرا ہوا انسان ہنس رہا تھا,4_0_1_30,3.651655328798186,0.2339875996112823,clean_ok,ok,2,[CURR] اور وہ بے غیرت گھٹیا گرا ہوا انسان ہنس رہا تھا
audio/6_1_5_37.wav,Happy,ابے میری بلبل,6_1_5_37,1.7414965986394555,0.0867154523730278,clean_ok,ok,1,[CURR] ابے میری بلبل
audio/3_0_3_42.wav,Boredum,وہاں تک تو ٹھیک ہے لیکن مجھے سننے میں ایسا لگا جیسے تم بیٹی کی بات کر رہے ہو,3_0_3_42,8.661043083900227,0.0957180932164192,too_long,ok,6,[CURR] وہاں تک تو ٹھیک ہے لیکن مجھے سننے میں ایسا لگا جیسے تم بیٹی کی بات کر رہے ہو
audio/6_1_3_10.wav,Boredum,میں کیسی باتیں کیا کروں,6_1_3_10,1.7284807256235828,0.226362407207489,clean_ok,ok,6,[CURR] میں کیسی باتیں کیا کروں
audio/9_1_1_06.wav,Angry,تم کیوں چپ ہو تمہیں اس لڑکی کے سامنے سانپ سونگ جاتا ہے,9_1_1_06,2.980181405895692,0.1245740056037902,clean_ok,ok,2,[CURR] تم کیوں چپ ہو تمہیں اس لڑکی کے سامنے سانپ سونگ جاتا ہے
audio/10_1_7_09.wav,Sad,اُک میں نے کیا رونا ہے ماسٹر صاحب,10_1_7_09,2.3426303854875283,0.136330708861351,clean_ok,ok,3,[CURR] اُک میں نے کیا رونا ہے ماسٹر صاحب
audio/9_1_3_50.wav,Boredum,میرے تو دل کو لگی نہیں خاص بھائی,9_1_3_50,2.343424036281179,0.0841026976704597,clean_ok,ok,6,[CURR] میرے تو دل کو لگی نہیں خاص بھائی
audio/4_0_4_26.wav,Disgust,گانڈ ہی بلاتا رہے گا کھانے کو کچھ نہیں دے گا,4_0_4_26,3.1579138321995464,0.0913481637835502,clean_ok,ok,5,[CURR] گانڈ ہی بلاتا رہے گا کھانے کو کچھ نہیں دے گا
audio/5_0_2_39.wav,Fear,اب وہ وہ سر خاموش کرانے کا بل,5_0_2_39,3.622312925170068,0.1332656741142273,clean_ok,ok,4,[CURR] اب وہ وہ سر خاموش کرانے کا بل
audio/6_1_3_11.wav,Boredum,کیا مصیبت ہے یار ایک تو امی ہر دوسرے دن اُس کی دعوت رکھ لیتی ہیں,6_1_3_11,3.773378684807256,0.2074779421091079,clean_ok,ok,6,[CURR] کیا مصیبت ہے یار ایک تو امی ہر دوسرے دن اُس کی دعوت رکھ لیتی ہیں
audio/6_1_7_15.wav,Sad,امی اس طرح حوصلہ تو نہ ہاریں نا ابو کی حالت دیکھیں پہلے ٹھیک نہیں ہے,6_1_7_15,3.9189115646258506,0.1776216775178909,clean_ok,ok,3,[CURR] امی اس طرح حوصلہ تو نہ ہاریں نا ابو کی حالت دیکھیں پہلے ٹھیک نہیں ہے
audio/6_1_5_46.wav,Happy,اوئے ہوئے کیا بات ہے مشاعرہ ہی لوٹ لیا,6_1_5_46,3.889342403628118,0.1736028045415878,clean_ok,ok,1,[CURR] اوئے ہوئے کیا بات ہے مشاعرہ ہی لوٹ لیا
audio/1_0_2_42.wav,Fear,تم بھی بیٹی کی طرح اپنے اپ کو دھوکہ دے رہی ہو,1_0_2_42,3.808072562358277,0.1323750168085098,clean_ok,ok,4,[CURR] تم بھی بیٹی کی طرح اپنے اپ کو دھوکہ دے رہی ہو
audio/6_1_4_24.wav,Disgust,یہی سوچ کر تو ہول اٹھتے ہیں میرے دل میں,6_1_4_24,1.9272562358276644,0.1734080016613006,clean_ok,ok,5,[CURR] یہی سوچ کر تو ہول اٹھتے ہیں میرے دل میں
audio/5_0_5_37.wav,Happy,اچھا اچھا بڑا خوبصورت نام رکھا ہے,5_0_5_37,1.8924263038548752,0.1254438012838363,clean_ok,ok,1,[CURR] اچھا اچھا بڑا خوبصورت نام رکھا ہے
audio/4_0_3_11.wav,Boredum,تھوڑی دیر کے لیے آیا ہے بخار چلا جائے گا,4_0_3_11,2.5181632653061223,0.1166132465004921,clean_ok,ok,6,[CURR] تھوڑی دیر کے لیے آیا ہے بخار چلا جائے گا
audio/8_1_3_31.wav,Boredum,ممم میں نایاب نیاب اقبال,8_1_3_31,3.808072562358277,0.1637433618307113,clean_ok,ok,6,[CURR] ممم میں نایاب نیاب اقبال
audio/3_0_2_23.wav,Fear,یہ کیا کر رہے ہو,3_0_2_23,1.9969160997732427,0.2285576462745666,clean_ok,ok,4,[CURR] یہ کیا کر رہے ہو
audio/1_0_6_47.wav,Neutral,ایک نظر ذرا دیکھ لوں تو پھر بات کرتے ہیں,1_0_6_47,2.814671201814059,0.1331005841493606,clean_ok,ok,0,[CURR] ایک نظر ذرا دیکھ لوں تو پھر بات کرتے ہیں
audio/8_1_1_33.wav,Angry,اور اس سے کہو یہاں ائے معافی مانگے مجھ سے اور مجھے عزت سے لے کر جائے,8_1_1_33,4.051882086167801,0.2730710506439209,clean_ok,ok,2,[CURR] اور اس سے کہو یہاں ائے معافی مانگے مجھ سے اور مجھے عزت سے لے کر جائے
audio/4_0_5_08.wav,Happy,بتانا صرف یہ تھا کہ اماں مزے مزے کی کہانیاں سناتی تھی,4_0_5_08,4.85297052154195,0.1814066022634506,clean_ok,ok,1,[CURR] بتانا صرف یہ تھا کہ اماں مزے مزے کی کہانیاں سناتی تھی
audio/7_1_4_40.wav,Disgust,تم اپنے کمرے اپنے بستر اپنے تکیے کے بغیر نہیں رہ سکتے,7_1_4_40,3.959002267573696,0.1206098049879074,clean_ok,ok,5,[CURR] تم اپنے کمرے اپنے بستر اپنے تکیے کے بغیر نہیں رہ سکتے
audio/6_1_1_14.wav,Angry,لیکن مجھے بڑا افسوس ہوا ہے کہ اپ نے اس ٹائم اگر ساری باتیں کہ جس وقت میرا باپ بستر پر پڑا ہوا ہے,6_1_1_14,3.562607709750567,0.1243806034326553,clean_ok,ok,2,[CURR] لیکن مجھے بڑا افسوس ہوا ہے کہ اپ نے اس ٹائم اگر ساری باتیں کہ جس وقت میرا باپ بستر پر پڑا ہوا ہے
audio/6_1_5_28.wav,Happy,یہ میرا ہے,6_1_5_28,1.58718820861678,0.1545748710632324,clean_ok,ok,1,[CURR] یہ میرا ہے
audio/2_0_1_04.wav,Angry,ائندہ گھر کی کوئی بھی لڑکی ڈرائیوروں اور ملازموں کے پاس کھانا نہیں لے کر جائے گی چاہے وہ بھوکے مر جائیں,2_0_1_04,5.851428571428571,0.1304211616516113,clean_ok,ok,2,[CURR] ائندہ گھر کی کوئی بھی لڑکی ڈرائیوروں اور ملازموں کے پاس کھانا نہیں لے کر جائے گی چاہے وہ بھوکے مر جائیں
audio/4_0_2_43.wav,Fear,میں سمجھا نہیں صاحب,4_0_2_43,1.6613378684807256,0.1796543598175048,clean_ok,ok,4,[CURR] میں سمجھا نہیں صاحب
audio/5_0_4_09.wav,Disgust,تور کیا اپ تو جالی بابا لگتے ہو,5_0_4_09,1.7782993197278911,0.2134613245725631,clean_ok,ok,5,[CURR] تور کیا اپ تو جالی بابا لگتے ہو
audio/2_0_3_28.wav,Boredum,تم سے کہہ رہا ہوں,2_0_3_28,1.0085034013605445,0.1985895782709121,clean_ok,ok,6,[CURR] تم سے کہہ رہا ہوں
audio/2_0_7_26.wav,Sad,میں کیا بتاؤں ارام سے بتاؤں,2_0_7_26,3.2275736961451247,0.1026182621717453,clean_ok,ok,3,[CURR] میں کیا بتاؤں ارام سے بتاؤں
audio/1_0_3_38.wav,Boredum,اس کی موجودگی بھی محسوس نہیں ہوتی تھی,1_0_3_38,2.4961451247165534,0.104751780629158,clean_ok,ok,6,[CURR] اس کی موجودگی بھی محسوس نہیں ہوتی تھی
audio/9_1_7_23.wav,Sad,بتا دیتی سب سیدھی بات,9_1_7_23,1.8182993197278912,0.1645277887582779,clean_ok,ok,3,[CURR] بتا دیتی سب سیدھی بات
audio/3_0_6_29.wav,Neutral,لکھا ہے جو چھٹیاں تم نے افس سے لی ہیں وہ ختم ہو گئی ہیں,3_0_6_29,3.834308390022676,0.047981321811676,clean_ok,ok,0,[CURR] لکھا ہے جو چھٹیاں تم نے افس سے لی ہیں وہ ختم ہو گئی ہیں
audio/3_0_2_36.wav,Fear,اس کو کھلاؤ پلاؤ اس کی خاطر مدارت کرو,3_0_2_36,4.6788208616780045,0.1739462912082672,clean_ok,ok,4,[CURR] اس کو کھلاؤ پلاؤ اس کی خاطر مدارت کرو
audio/10_1_6_07.wav,Neutral,بس سلیم بھائی میں پہنچتی ہوں,10_1_6_07,1.436802721088435,0.1028517335653305,clean_ok,ok,0,[CURR] بس سلیم بھائی میں پہنچتی ہوں
audio/10_1_5_05.wav,Happy,سارے انتظامات اُنہوں نے ہی کیے ہیں,10_1_5_05,2.123424036281179,0.083746038377285,clean_ok,ok,1,[CURR] سارے انتظامات اُنہوں نے ہی کیے ہیں
audio/1_0_3_35.wav,Boredum,اسے کچھ پیسے بھجوا دو,1_0_3_35,2.693514739229025,0.1251660287380218,clean_ok,ok,6,[CURR] اسے کچھ پیسے بھجوا دو
audio/5_0_5_10.wav,Happy,ارے میرے بلوں چلو چلو چلو,5_0_5_10,2.705124716553288,0.0832816287875175,clean_ok,ok,1,[CURR] ارے میرے بلوں چلو چلو چلو
audio/9_1_3_27.wav,Boredum,پتہ نہیں کیا بات ہے,9_1_3_27,1.7680498866213152,0.1128047108650207,clean_ok,ok,6,[CURR] پتہ نہیں کیا بات ہے
audio/8_1_1_35.wav,Angry,اور اوپر سے میرا یہ بھائی جو لاش کی طرح پڑا ہوا ہے,8_1_1_35,3.680362811791383,0.1932578086853027,clean_ok,ok,2,[CURR] اور اوپر سے میرا یہ بھائی جو لاش کی طرح پڑا ہوا ہے
audio/8_1_1_21.wav,Angry,بھاڑ میں گئے اپ کے یہ سارے ثبوت,8_1_1_21,1.5877551020408165,0.2946559488773346,clean_ok,ok,2,[CURR] بھاڑ میں گئے اپ کے یہ سارے ثبوت
audio/9_1_2_38.wav,Fear,مگر اس وقت اسے تمہاری ضرورت ہے تمہیں خیال رکھنا ہوگا زین,9_1_2_38,3.4651927437641725,0.144954964518547,clean_ok,ok,4,[CURR] مگر اس وقت اسے تمہاری ضرورت ہے تمہیں خیال رکھنا ہوگا زین
audio/8_1_7_06.wav,Sad,ڈیڈ اس کمرے سے باہر مجھے خوف آتا ہے,8_1_7_06,3.1836054421768707,0.1176216825842857,clean_ok,ok,3,[CURR] ڈیڈ اس کمرے سے باہر مجھے خوف آتا ہے
audio/9_1_7_38.wav,Sad,کتنا بد قسمت کتنا بے درد,9_1_7_38,2.949931972789116,0.0634772032499313,clean_ok,ok,3,[CURR] کتنا بد قسمت کتنا بے درد
audio/6_1_1_05.wav,Angry,بابر کب تک تم اپنے باپ کی انگلی پکڑ کے پھرتے رہو گے,6_1_1_05,2.8212244897959184,0.1747221201658249,clean_ok,ok,2,[CURR] بابر کب تک تم اپنے باپ کی انگلی پکڑ کے پھرتے رہو گے
audio/9_1_5_46.wav,Happy,اس کے انے سے پورے گھر میں روشنی ہوگی,9_1_5_46,2.8010884353741496,0.0940647572278976,clean_ok,ok,1,[CURR] اس کے انے سے پورے گھر میں روشنی ہوگی
audio/2_0_5_42.wav,Happy,اچھی لگ رہی ہو,2_0_5_42,0.9221768707482992,0.1445398926734924,too_short,ok,1,[CURR] اچھی لگ رہی ہو
audio/2_0_1_28.wav,Angry,اچھی طرح سے اس کی خاطر تواضع کرنا ایسی چائے پلانا ہے اسے کہ ائے گا دوبارہ یہ یہاں,2_0_1_28,5.61453514739229,0.2005335539579391,clean_ok,ok,2,[CURR] اچھی طرح سے اس کی خاطر تواضع کرنا ایسی چائے پلانا ہے اسے کہ ائے گا دوبارہ یہ یہاں
audio/5_0_5_11.wav,Happy,ناشتہ بھی کریں گے چائے بھی پییں گے ٹھیک ہے چلو شاباش,5_0_5_11,2.8328344671201813,0.0910230353474617,clean_ok,ok,1,[CURR] ناشتہ بھی کریں گے چائے بھی پییں گے ٹھیک ہے چلو شاباش
audio/9_1_3_21.wav,Boredum,او اچھا اچھا,9_1_3_21,2.484739229024944,0.0345114208757877,clean_ok,ok,6,[CURR] او اچھا اچھا
audio/2_0_4_46.wav,Disgust,مسکرانا ورانا نہیں ہے لیکن تنزیہ مسکراہٹ کا کیا مطلب,2_0_4_46,3.0169614512471656,0.1829439848661422,clean_ok,ok,5,[CURR] مسکرانا ورانا نہیں ہے لیکن تنزیہ مسکراہٹ کا کیا مطلب
audio/7_1_6_08.wav,Neutral,چار بجے کے بعد کسی بھی وقت مل لیتے ہیں,7_1_6_08,2.159455782312925,0.1530138105154037,clean_ok,ok,0,[CURR] چار بجے کے بعد کسی بھی وقت مل لیتے ہیں
audio/10_1_4_37.wav,Disgust,پھر وہ دے دی اب بولو قاسم کو,10_1_4_37,2.0211337868480728,0.1480096876621246,clean_ok,ok,5,[CURR] پھر وہ دے دی اب بولو قاسم کو
audio/6_1_3_35.wav,Boredum,میں کیا کہ سکتی ہوں,6_1_3_35,1.2594104308390022,0.158990278840065,clean_ok,ok,6,[CURR] میں کیا کہ سکتی ہوں
audio/6_1_1_17.wav,Angry,خدا کے واسطے میرے دروازے پہ دوبارہ نہ انا,6_1_1_17,2.017823129251701,0.1154652312397956,clean_ok,ok,2,[CURR] خدا کے واسطے میرے دروازے پہ دوبارہ نہ انا
audio/3_0_6_41.wav,Neutral,تم ضرورت کی چند چیزیں میرے بیگ میں ڈال کر مجھے روانہ کر دو,3_0_6_41,3.645532879818594,0.0359144993126392,clean_ok,ok,0,[CURR] تم ضرورت کی چند چیزیں میرے بیگ میں ڈال کر مجھے روانہ کر دو
audio/9_1_7_41.wav,Sad,اب تو اُس کے انتظار میں آنکھیں بند ہی ہونے والی ہیں,9_1_7_41,4.640861678004535,0.0903852954506874,clean_ok,ok,3,[CURR] اب تو اُس کے انتظار میں آنکھیں بند ہی ہونے والی ہیں
audio/2_0_1_44.wav,Angry,خدا کی قسم اگر اج مجھے اپنے مرے ہوئے باپ کا خیال نہیں ہوتا نا تو کہہ دیتا ہے میں تمہیں جاؤ لڑو خود سے,2_0_1_44,6.514875283446712,0.1395590156316757,clean_ok,ok,2,[CURR] خدا کی قسم اگر اج مجھے اپنے مرے ہوئے باپ کا خیال نہیں ہوتا نا تو کہہ دیتا ہے میں تمہیں جاؤ لڑو خود سے
audio/6_1_4_05.wav,Disgust,ہاں ہاں تمہارے نعیم بھائی شام کو اؤں گا,6_1_4_05,2.879274376417233,0.1214595660567283,clean_ok,ok,5,[CURR] ہاں ہاں تمہارے نعیم بھائی شام کو اؤں گا
audio/7_1_4_36.wav,Disgust,اور جو تمہاری امی رسمیں کر رہیں تھیں وہ ایسے پانی وارنے والی وہ بہت معقول ہے,7_1_4_36,5.259319727891157,0.1417652070522308,clean_ok,ok,5,[CURR] اور جو تمہاری امی رسمیں کر رہیں تھیں وہ ایسے پانی وارنے والی وہ بہت معقول ہے
audio/2_0_4_45.wav,Disgust,تو مسئلہ یہ ہے کہ میں بہت شریف ادمی ہوں تمہارے جیسا پولیس افسر نہیں,2_0_4_45,3.4213151927437644,0.1156304702162742,clean_ok,ok,5,[CURR] تو مسئلہ یہ ہے کہ میں بہت شریف ادمی ہوں تمہارے جیسا پولیس افسر نہیں
audio/10_1_7_16.wav,Sad,میں ڈھیٹ ہو گئی ہوں ماسٹر صاحب,10_1_7_16,1.3294331065759637,0.1839572340250015,clean_ok,ok,3,[CURR] میں ڈھیٹ ہو گئی ہوں ماسٹر صاحب
audio/9_1_6_11.wav,Neutral,میرا بھولا بھی بالکل صحیح ہو جائے گا ان شاءاللہ,9_1_6_11,2.510362811791383,0.139861062169075,clean_ok,ok,0,[CURR] میرا بھولا بھی بالکل صحیح ہو جائے گا ان شاءاللہ
audio/1_0_4_49.wav,Disgust,جاؤ تم لوگ بعد میں بات کروں گا تم سے نکمے کہیں کے,1_0_4_49,3.866122448979592,0.1210859417915344,clean_ok,ok,5,[CURR] جاؤ تم لوگ بعد میں بات کروں گا تم سے نکمے کہیں کے
audio/8_1_4_12.wav,Disgust,تم بھول جاتے ہو اس لیے بار بار تمہیں یاد دلاتی ہوں,8_1_4_12,2.6238548752834467,0.2350521385669708,clean_ok,ok,5,[CURR] تم بھول جاتے ہو اس لیے بار بار تمہیں یاد دلاتی ہوں
audio/9_1_5_08.wav,Happy,تیری شادی کر رہی ہوں شادی,9_1_5_08,2.43281179138322,0.2270021885633468,clean_ok,ok,1,[CURR] تیری شادی کر رہی ہوں شادی
audio/10_1_6_30.wav,Neutral,کانچ چبھ گیا ہوگا پیر میں,10_1_6_30,1.4105215419501134,0.1554186791181564,clean_ok,ok,0,[CURR] کانچ چبھ گیا ہوگا پیر میں
audio/8_1_6_19.wav,Neutral,ٹھیک کہہ رہے ہو تم اس بار میں اپنے کسی لیول کے لڑکے سے شادی کروں گی,8_1_6_19,3.6587755102040815,0.16506227850914,clean_ok,ok,0,[CURR] ٹھیک کہہ رہے ہو تم اس بار میں اپنے کسی لیول کے لڑکے سے شادی کروں گی
audio/7_1_2_42.wav,Fear,ہم نے ساتھ میں بیٹھ کر بات تک نہیں کی ہے,7_1_2_42,2.3336054421768706,0.1408244669437408,clean_ok,ok,4,[CURR] ہم نے ساتھ میں بیٹھ کر بات تک نہیں کی ہے
audio/9_1_1_40.wav,Angry,ویسے سب نے مرنا ہے ایک دن وہ مر جائے گی تو کیا ہو جائے گا,9_1_1_40,3.0883219954648524,0.1633509993553161,clean_ok,ok,2,[CURR] ویسے سب نے مرنا ہے ایک دن وہ مر جائے گی تو کیا ہو جائے گا
audio/1_0_5_35.wav,Happy,اچھا نہ چھوڑو ان باتوں کو کچھ سوچ رہا تھا او بیٹھ کر ڈسکس کرتے ہیں,1_0_5_35,5.642448979591837,0.1164953485131263,clean_ok,ok,1,[CURR] اچھا نہ چھوڑو ان باتوں کو کچھ سوچ رہا تھا او بیٹھ کر ڈسکس کرتے ہیں
audio/1_0_3_17.wav,Boredum,مجبور تو میں ہوں,1_0_3_17,1.9736961451247168,0.1661145985126495,clean_ok,ok,6,[CURR] مجبور تو میں ہوں
audio/3_0_3_10.wav,Boredum,دیکھو فارعہ میں تمہیں ارام سے سمجھا رہا ہوں کہ گھر چلو,3_0_3_10,5.270929705215419,0.1271463483572006,clean_ok,ok,6,[CURR] دیکھو فارعہ میں تمہیں ارام سے سمجھا رہا ہوں کہ گھر چلو
audio/9_1_7_22.wav,Sad,پتہ نہیں میرے بھولے کو دیکھ کر کیا کرے گی وہ,9_1_7_22,2.179931972789116,0.2118530720472335,clean_ok,ok,3,[CURR] پتہ نہیں میرے بھولے کو دیکھ کر کیا کرے گی وہ
audio/6_1_4_06.wav,Disgust,ہر دوسرے دن منہ اٹھا کر ا جاتا ہے,6_1_4_06,1.822766439909297,0.1397946178913116,clean_ok,ok,5,[CURR] ہر دوسرے دن منہ اٹھا کر ا جاتا ہے
audio/2_0_4_02.wav,Disgust,وہ کہاں گیا ہے سلیم کہاں چلے گئے تھے تم,2_0_4_02,1.625873015873016,0.1580323427915573,clean_ok,ok,5,[CURR] وہ کہاں گیا ہے سلیم کہاں چلے گئے تھے تم
audio/3_0_6_15.wav,Neutral,تو کیا نانی ماں گھنٹی کی اواز پر دروازہ نہیں کھولتی,3_0_6_15,3.030204081632653,0.028085358440876,clean_ok,ok,0,[CURR] تو کیا نانی ماں گھنٹی کی اواز پر دروازہ نہیں کھولتی
audio/7_1_7_29.wav,Sad,میں اب اُس کے گھر نہیں جاؤں گی,7_1_7_29,1.5597959183673469,0.1517322063446045,clean_ok,ok,3,[CURR] میں اب اُس کے گھر نہیں جاؤں گی
audio/2_0_7_39.wav,Sad,میں نے نہ کبھی ایسا سوچا ہے نہ مجھے کوئی ملا ہے,2_0_7_39,4.291133786848072,0.1473509669303894,clean_ok,ok,3,[CURR] میں نے نہ کبھی ایسا سوچا ہے نہ مجھے کوئی ملا ہے
audio/3_0_3_21.wav,Boredum,میں روبینہ سے ایک بات پوچھوں,3_0_3_21,2.156780045351474,0.1326953470706939,clean_ok,ok,6,[CURR] میں روبینہ سے ایک بات پوچھوں
audio/2_0_1_11.wav,Angry,دو کوڑی کا ایس ایچ او مجھے دھمکی دے رہا ہے,2_0_1_11,2.305510204081633,0.1455276012420654,clean_ok,ok,2,[CURR] دو کوڑی کا ایس ایچ او مجھے دھمکی دے رہا ہے
audio/10_1_1_33.wav,Angry,بسوں میں دھکے کھاتی ہوں,10_1_1_33,1.0531746031746032,0.0922939553856849,clean_ok,ok,2,[CURR] بسوں میں دھکے کھاتی ہوں
audio/2_0_7_43.wav,Sad,اس گھر میں بہت بے چینی ہے,2_0_7_43,1.7618820861678004,0.1586814373731613,clean_ok,ok,3,[CURR] اس گھر میں بہت بے چینی ہے
audio/9_1_2_21.wav,Fear,اکثر نہیں بس کبھی کبھار,9_1_2_21,1.6778458049886622,0.157226487994194,clean_ok,ok,4,[CURR] اکثر نہیں بس کبھی کبھار
audio/1_0_2_47.wav,Fear,میں تو اللہ کا شکر ادا کرتا ہوں کہ میں نے اس سے بات کی اور اس کی حقیقت کھل کر سامنے اگئی,1_0_2_47,4.342131519274377,0.1639208495616912,clean_ok,ok,4,[CURR] میں تو اللہ کا شکر ادا کرتا ہوں کہ میں نے اس سے بات کی اور اس کی حقیقت کھل کر سامنے اگئی
audio/5_0_3_25.wav,Boredum,کیا اِن چکروں میں پڑنا تڑنا,5_0_3_25,2.705124716553288,0.0938253477215766,clean_ok,ok,6,[CURR] کیا اِن چکروں میں پڑنا تڑنا
audio/9_1_5_14.wav,Happy,ارے السلام علیکم,9_1_5_14,1.9072789115646256,0.1281983405351638,clean_ok,ok,1,[CURR] ارے السلام علیکم
audio/2_0_1_36.wav,Angry,یہ کس چیز کا بل ہے,2_0_1_36,1.2101587301587302,0.2259344905614853,clean_ok,ok,2,[CURR] یہ کس چیز کا بل ہے
audio/10_1_5_31.wav,Happy,مجھے ملوائیں گی اُن سے,10_1_5_31,1.1190702947845803,0.2038804143667221,clean_ok,ok,1,[CURR] مجھے ملوائیں گی اُن سے
audio/3_0_3_46.wav,Boredum,دو چار سیگریٹ تو وہاں بھی پی لیتا تھا ایسی کوئی عادت نہیں ہے اس کو,3_0_3_46,6.7325850340136055,0.2066642343997955,clean_ok,ok,6,[CURR] دو چار سیگریٹ تو وہاں بھی پی لیتا تھا ایسی کوئی عادت نہیں ہے اس کو
audio/6_1_7_34.wav,Sad,تو مجھے کچھ سمجھ نہیں آ رہا,6_1_7_34,1.9893197278911563,0.1249105408787727,clean_ok,ok,3,[CURR] تو مجھے کچھ سمجھ نہیں آ رہا
audio/4_0_5_36.wav,Happy,اپ دیکھ کیوں نہیں رہی ہیں میری طرف,4_0_5_36,2.3936961451247165,0.1098325699567794,clean_ok,ok,1,[CURR] اپ دیکھ کیوں نہیں رہی ہیں میری طرف
audio/5_0_2_21.wav,Fear,تو اس نے خودکشی کی یا کسی نے اسے چھت سے دھکا دیا,5_0_2_21,3.761632653061224,0.1244877874851226,clean_ok,ok,4,[CURR] تو اس نے خودکشی کی یا کسی نے اسے چھت سے دھکا دیا
audio/10_1_1_23.wav,Angry,میری ماں کے لیئے کیوں آواز نہیں اُٹھائی تم نے,10_1_1_23,2.524489795918367,0.1095173805952072,clean_ok,ok,2,[CURR] میری ماں کے لیئے کیوں آواز نہیں اُٹھائی تم نے
audio/8_1_3_21.wav,Boredum,اس استری میں تو زنگ لگا ہوا تھا,8_1_3_21,2.078185941043084,0.1966196596622467,clean_ok,ok,6,[CURR] اس استری میں تو زنگ لگا ہوا تھا
audio/9_1_6_20.wav,Neutral,ایک آدھ دن تو دو مجھے سوچنے کو,9_1_6_20,1.8684126984126983,0.1715088486671447,clean_ok,ok,0,[CURR] ایک آدھ دن تو دو مجھے سوچنے کو
audio/2_0_7_17.wav,Sad,اتنی بدنامی پہلے کبھی دیکھی نہیں,2_0_7_17,1.8035374149659864,0.0910541117191314,clean_ok,ok,3,[CURR] اتنی بدنامی پہلے کبھی دیکھی نہیں
audio/1_0_7_08.wav,Sad,جہاں ارا اس سے ملا ہوں تو ہو مجھے اندازہ ہوا ہے کہ,1_0_7_08,5.108390022675737,0.1547231823205948,clean_ok,ok,3,[CURR] جہاں ارا اس سے ملا ہوں تو ہو مجھے اندازہ ہوا ہے کہ
audio/10_1_4_12.wav,Disgust,میرے سامنے اسی فلم کا نام مت لیا کرو,10_1_4_12,2.3621768707482995,0.0744938403367996,clean_ok,ok,5,[CURR] میرے سامنے اسی فلم کا نام مت لیا کرو
audio/3_0_5_50.wav,Happy,پتہ چلا کہ اس کی بنا بنیاد میں بھی لے لے اور لے ہے,3_0_5_50,3.66875283446712,0.1289374083280563,clean_ok,ok,1,[CURR] پتہ چلا کہ اس کی بنا بنیاد میں بھی لے لے اور لے ہے
audio/5_0_2_13.wav,Fear,کسی نے ایف ائی ار تک نہ لی,5_0_2_13,1.938866213151928,0.0799214839935302,clean_ok,ok,4,[CURR] کسی نے ایف ائی ار تک نہ لی
audio/5_0_6_33.wav,Neutral,جی اپ بالکل صحیح کہہ رہے ہیں یہ ہمارا کام ہے,5_0_6_33,2.1942857142857144,0.1340145319700241,clean_ok,ok,0,[CURR] جی اپ بالکل صحیح کہہ رہے ہیں یہ ہمارا کام ہے
audio/6_1_6_35.wav,Neutral,اب میرا دل چاہتا ہے کہ میں آپ لوگوں کے لیئے کچھ کروں,6_1_6_35,2.530952380952381,0.0937927141785621,clean_ok,ok,0,[CURR] اب میرا دل چاہتا ہے کہ میں آپ لوگوں کے لیئے کچھ کروں
audio/1_0_2_09.wav,Fear,بدر اپنے گھر فون لگا اور اپنے باپ کو بلا,1_0_2_09,3.4249433106575964,0.094334065914154,clean_ok,ok,4,[CURR] بدر اپنے گھر فون لگا اور اپنے باپ کو بلا
audio/10_1_7_13.wav,Sad,پھر خیال آتا ہے کہ وہ تو ہے ہی نہیں,10_1_7_13,2.598458049886621,0.1195433661341667,clean_ok,ok,3,[CURR] پھر خیال آتا ہے کہ وہ تو ہے ہی نہیں
audio/3_0_2_04.wav,Fear,کیا ہوا کیا ہے جو تم نے اچانک اتنا بڑا فیصلہ کر لیا,3_0_2_04,4.690430839002268,0.1397891789674759,clean_ok,ok,4,[CURR] کیا ہوا کیا ہے جو تم نے اچانک اتنا بڑا فیصلہ کر لیا
audio/2_0_3_18.wav,Boredum,پھر کیوں نہ سمجھی والی باتیں کر رہی ہیں,2_0_3_18,1.7021995464852608,0.1763596981763839,clean_ok,ok,6,[CURR] پھر کیوں نہ سمجھی والی باتیں کر رہی ہیں
audio/6_1_6_14.wav,Neutral,اچھا وہ مجھے صوبیہ کی طرف جانا ہے,6_1_6_14,2.565804988662132,0.1081900671124458,clean_ok,ok,0,[CURR] اچھا وہ مجھے صوبیہ کی طرف جانا ہے
audio/5_0_4_37.wav,Disgust,میمونہ سارا گھر ہی نمونوں کا ہے,5_0_4_37,4.012607709750567,0.1258332133293151,clean_ok,ok,5,[CURR] میمونہ سارا گھر ہی نمونوں کا ہے
audio/4_0_6_33.wav,Neutral,اور مجھے بگڑی ہوئی چیزوں کو ٹھیک کرنے کا شوق ہے صاحب ٹھیک کر کے اپنے سرونٹ کوارٹر میں رکھ لیتا ہوں میرے ابا بھی یہی کرتے تھے,4_0_6_33,5.764240362811791,0.156727448105812,clean_ok,ok,0,[CURR] اور مجھے بگڑی ہوئی چیزوں کو ٹھیک کرنے کا شوق ہے صاحب ٹھیک کر کے اپنے سرونٹ کوارٹر میں رکھ لیتا ہوں میرے ابا بھی یہی کرتے تھے
audio/9_1_7_01.wav,Sad,اپنے نصیبوں کو رو رہی ہوں,9_1_7_01,1.4280272108843537,0.1750389337539672,clean_ok,ok,3,[CURR] اپنے نصیبوں کو رو رہی ہوں
audio/7_1_4_33.wav,Disgust,چاہتے کیا ہو تم,7_1_4_33,1.4280272108843537,0.1218057349324226,clean_ok,ok,5,[CURR] چاہتے کیا ہو تم
audio/1_0_4_32.wav,Disgust,ارے شکر کریں اپا منور نے اس پر ایف ائی ار نہیں کٹوائی,1_0_4_32,3.808072562358277,0.1270703226327896,clean_ok,ok,5,[CURR] ارے شکر کریں اپا منور نے اس پر ایف ائی ار نہیں کٹوائی
audio/2_0_4_34.wav,Disgust,اچھا بس ٹھیک ہے زیادہ غصہ کرنے کی ضرورت نہیں ہے,2_0_4_34,2.443809523809524,0.1855181604623794,clean_ok,ok,5,[CURR] اچھا بس ٹھیک ہے زیادہ غصہ کرنے کی ضرورت نہیں ہے
audio/5_0_6_19.wav,Neutral,بہت بڑے لوگ ہیں بہت امیر ہیں,5_0_6_19,2.7747845804988662,0.0850250795483589,clean_ok,ok,0,[CURR] بہت بڑے لوگ ہیں بہت امیر ہیں
audio/5_0_1_17.wav,Angry,ویسے بھی تفشیش کے کچھ سوالات اتنے کڑوے ہوتے ہیں,5_0_1_17,3.1695238095238096,0.1344413310289383,clean_ok,ok,2,[CURR] ویسے بھی تفشیش کے کچھ سوالات اتنے کڑوے ہوتے ہیں
audio/4_0_4_45.wav,Disgust,کیا بھی بگاڑا ہے میں نے زندگی کا جو اس نے یہ سلوک کیا ہے میرے ساتھ,4_0_4_45,2.914104308390023,0.1860657483339309,clean_ok,ok,5,[CURR] کیا بھی بگاڑا ہے میں نے زندگی کا جو اس نے یہ سلوک کیا ہے میرے ساتھ
audio/2_0_2_05.wav,Fear,انشاءاللہ بہت جلدی ٹھیک ہو جائے گی بہتر یہی ہوگا کہ اپ اس معاملے کو رفع دفع کریں,2_0_2_05,4.389002267573696,0.1833281069993972,clean_ok,ok,4,[CURR] انشاءاللہ بہت جلدی ٹھیک ہو جائے گی بہتر یہی ہوگا کہ اپ اس معاملے کو رفع دفع کریں
audio/1_0_2_26.wav,Fear,تمہارے تینوں بندوں کو مرتسم نے اٹھا لیا ہے,1_0_2_26,3.274013605442177,0.1381050050258636,clean_ok,ok,4,[CURR] تمہارے تینوں بندوں کو مرتسم نے اٹھا لیا ہے
audio/5_0_3_13.wav,Boredum,عادت بگڑ جائے گی,5_0_3_13,1.869206349206349,0.0823079124093055,clean_ok,ok,6,[CURR] عادت بگڑ جائے گی
audio/3_0_4_27.wav,Disgust,مطلب تم اچھی طرح جانتی ہو,3_0_4_27,2.056054421768708,0.1406489610671997,clean_ok,ok,5,[CURR] مطلب تم اچھی طرح جانتی ہو
audio/1_0_3_16.wav,Boredum,اس وقت تم نے ذکر ہی نہیں کیا پہلے بتا دیتی,1_0_3_16,3.28562358276644,0.122248463332653,clean_ok,ok,6,[CURR] اس وقت تم نے ذکر ہی نہیں کیا پہلے بتا دیتی
audio/2_0_1_05.wav,Angry,تم لوگوں کو جو کوئی کہتا ہے تم لوگ یقین کر لیتے ہو,2_0_1_05,2.501451247165533,0.151859700679779,clean_ok,ok,2,[CURR] تم لوگوں کو جو کوئی کہتا ہے تم لوگ یقین کر لیتے ہو
audio/3_0_6_16.wav,Neutral,میرا مطلب ہے کسی لوہار یا درخوان کو بلا کر یہ کام کرا لیں,3_0_6_16,5.189659863945578,0.0173752568662166,clean_ok,ok,0,[CURR] میرا مطلب ہے کسی لوہار یا درخوان کو بلا کر یہ کام کرا لیں
audio/8_1_2_30.wav,Fear,وہ تو اپنی ممتا کی خاطر مجبور ہو کر ائی ہیں تمہارے پاس,8_1_2_30,3.3579138321995465,0.1456230729818344,clean_ok,ok,4,[CURR] وہ تو اپنی ممتا کی خاطر مجبور ہو کر ائی ہیں تمہارے پاس
audio/5_0_4_11.wav,Disgust,مجھے لگتا ہے یہ ساری نحوست انہی پتلیوں کی وجہ سے ہے,5_0_4_11,3.424421768707483,0.0786849856376648,clean_ok,ok,5,[CURR] مجھے لگتا ہے یہ ساری نحوست انہی پتلیوں کی وجہ سے ہے
audio/10_1_4_42.wav,Disgust,میں نے ایسا کیا کر دیا تیرے ساتھ,10_1_4_42,1.8465759637188208,0.088428720831871,clean_ok,ok,5,[CURR] میں نے ایسا کیا کر دیا تیرے ساتھ
audio/1_0_5_24.wav,Happy,اج ہی افس انے کی بات ہوئی اور اج ا بھی گئی ہے بیٹھو نہ بیٹھو,1_0_5_24,4.063492063492063,0.1268436908721923,clean_ok,ok,1,[CURR] اج ہی افس انے کی بات ہوئی اور اج ا بھی گئی ہے بیٹھو نہ بیٹھو
audio/1_0_2_25.wav,Fear,لیکن اس کا یہ مطلب تو نہیں کہ اپ گھر چھوڑ کر جانے کی باتیں کریں,1_0_2_25,3.506213151927437,0.1444922536611557,clean_ok,ok,4,[CURR] لیکن اس کا یہ مطلب تو نہیں کہ اپ گھر چھوڑ کر جانے کی باتیں کریں
audio/9_1_6_32.wav,Neutral,یہ سب کچھ تمہارے بابا کا کیا دھرا ہے,9_1_6_32,2.1211337868480724,0.1180522218346595,clean_ok,ok,0,[CURR] یہ سب کچھ تمہارے بابا کا کیا دھرا ہے
audio/1_0_5_47.wav,Happy,مانتے ہیں اس چیز کو کہ ہم بوڑھے ہو گئے ہیں,1_0_5_47,1.9504761904761905,0.1188151463866233,clean_ok,ok,1,[CURR] مانتے ہیں اس چیز کو کہ ہم بوڑھے ہو گئے ہیں
audio/5_0_4_14.wav,Disgust,کیا سمجھتے ہو تم,5_0_4_14,1.2770975056689342,0.1097743064165115,clean_ok,ok,5,[CURR] کیا سمجھتے ہو تم
audio/8_1_5_49.wav,Happy,میرے پاس تو اپ کو دینے کے لیے کچھ بھی نہیں ہے,8_1_5_49,2.3103854875283445,0.137382686138153,clean_ok,ok,1,[CURR] میرے پاس تو اپ کو دینے کے لیے کچھ بھی نہیں ہے
audio/3_0_3_27.wav,Boredum,تم اس کے حصے کا زیادہ وقت میرے ساتھ گزارنے لگی ہو,3_0_3_27,4.035102040816327,0.164735272526741,clean_ok,ok,6,[CURR] تم اس کے حصے کا زیادہ وقت میرے ساتھ گزارنے لگی ہو
audio/9_1_3_20.wav,Boredum,ارے کہاں جائے گا یہیں ہوگا,9_1_3_20,1.9565986394557824,0.1770424097776413,clean_ok,ok,6,[CURR] ارے کہاں جائے گا یہیں ہوگا
audio/7_1_1_15.wav,Angry,میری تو کوئی مجھے فون ہی کر لیتے ہیں میری رائے پوچھنے کے لیے,7_1_1_15,3.7848526077097504,0.2442787736654281,clean_ok,ok,2,[CURR] میری تو کوئی مجھے فون ہی کر لیتے ہیں میری رائے پوچھنے کے لیے
audio/2_0_5_26.wav,Happy,رکھ دیا قدموں میں دل,2_0_5_26,2.9768480725623583,0.1537634879350662,clean_ok,ok,1,[CURR] رکھ دیا قدموں میں دل
audio/4_0_7_34.wav,Sad,کتنی مشکل ہوئی ہوگی نا اماں کو,4_0_7_34,1.819523809523809,0.1318176686763763,clean_ok,ok,3,[CURR] کتنی مشکل ہوئی ہوگی نا اماں کو
audio/3_0_2_11.wav,Fear,میں نا میں دراصل پتہ نہیں کیوں,3_0_2_11,4.620770975056689,0.0963212698698043,clean_ok,ok,4,[CURR] میں نا میں دراصل پتہ نہیں کیوں
audio/6_1_7_35.wav,Sad,ایسا لگتا ہے جیسے میں میں ذرا ذرا کر کے ٹوٹنے لگی ہوں,6_1_7_35,4.507709750566893,0.1244722232222557,clean_ok,ok,3,[CURR] ایسا لگتا ہے جیسے میں میں ذرا ذرا کر کے ٹوٹنے لگی ہوں
audio/4_0_1_22.wav,Angry,اور میں میں ایک لمحے کے لیے بھی میرا نہیں سوچا تم نے,4_0_1_22,4.667210884353741,0.1992731541395187,clean_ok,ok,2,[CURR] اور میں میں ایک لمحے کے لیے بھی میرا نہیں سوچا تم نے
audio/10_1_4_34.wav,Disgust,کہ اپ کو اچھے بھلے کا مطلب پتہ بھی ہے,10_1_4_34,1.9136961451247163,0.1586354970932006,clean_ok,ok,5,[CURR] کہ اپ کو اچھے بھلے کا مطلب پتہ بھی ہے
audio/6_1_6_02.wav,Neutral,نہیں شایان ہے نا میرے ساتھ کچھ نہیں ہوگا آپ دعا کریں,6_1_6_02,2.528231292517007,0.0917427465319633,clean_ok,ok,0,[CURR] نہیں شایان ہے نا میرے ساتھ کچھ نہیں ہوگا آپ دعا کریں
audio/4_0_2_15.wav,Fear,کاشانہ پیرا کے مرد اتنے بغیرت نہیں ہیں کہ عورت پر ہاتھ اٹھائیں اماں,4_0_2_15,3.81968253968254,0.1511429548263549,clean_ok,ok,4,[CURR] کاشانہ پیرا کے مرد اتنے بغیرت نہیں ہیں کہ عورت پر ہاتھ اٹھائیں اماں
audio/6_1_2_03.wav,Fear,میرا ضمیر کیا کہہ رہا ہے کہ مجھے کیا کرنا چاہیے,6_1_2_03,2.479387755102041,0.1795483231544494,clean_ok,ok,4,[CURR] میرا ضمیر کیا کہہ رہا ہے کہ مجھے کیا کرنا چاہیے
audio/4_0_4_43.wav,Disgust,اس کسی پہرے سے ڈرا ہے مراد اس رکاوٹ سے کب رکا,4_0_4_43,3.852721088435374,0.1472816318273544,clean_ok,ok,5,[CURR] اس کسی پہرے سے ڈرا ہے مراد اس رکاوٹ سے کب رکا
audio/3_0_1_40.wav,Angry,نئیے رشتے کی خاطر اپنے خون کے رشتوں کو بھولتے جا رہے ہیں,3_0_1_40,3.9543990929705215,0.1288203597068786,clean_ok,ok,2,[CURR] نئیے رشتے کی خاطر اپنے خون کے رشتوں کو بھولتے جا رہے ہیں
audio/7_1_2_21.wav,Fear,میں رو اس لیے رہی ہوں کیونکہ میرے لیے یہ بڑی بات ہے,7_1_2_21,3.274013605442177,0.072262242436409,clean_ok,ok,4,[CURR] میں رو اس لیے رہی ہوں کیونکہ میرے لیے یہ بڑی بات ہے
audio/8_1_6_42.wav,Neutral,اچھا چلیں کوئی بات نہیں اپ اپنے کام پر دھیان دیجیے,8_1_6_42,4.377573696145125,0.0913596078753471,clean_ok,ok,0,[CURR] اچھا چلیں کوئی بات نہیں اپ اپنے کام پر دھیان دیجیے
audio/3_0_4_06.wav,Disgust,لیکن تم میری باتیں کہاں سمجھو گی,3_0_4_06,2.1275283446712017,0.1717936098575592,clean_ok,ok,5,[CURR] لیکن تم میری باتیں کہاں سمجھو گی
audio/7_1_2_31.wav,Fear,نہیں کروں گی میں اس جھوٹے اور بزدل انسان سے بات,7_1_2_31,3.01859410430839,0.1573645323514938,clean_ok,ok,4,[CURR] نہیں کروں گی میں اس جھوٹے اور بزدل انسان سے بات
audio/2_0_4_11.wav,Disgust,دیکھو منت اب اس گھر میں اس لڑکی کا ذکر نہیں ہوگا,2_0_4_11,3.117369614512472,0.1635032147169113,clean_ok,ok,5,[CURR] دیکھو منت اب اس گھر میں اس لڑکی کا ذکر نہیں ہوگا
audio/7_1_5_35.wav,Happy,قسمت نہ خود اڑ کے ائے گی تیری بہن کے پاس,7_1_5_35,2.815578231292517,0.1422500610351562,clean_ok,ok,1,[CURR] قسمت نہ خود اڑ کے ائے گی تیری بہن کے پاس
audio/4_0_4_08.wav,Disgust,کل تم گاڑی لے کر گئے تھے نا پٹرول نہیں بھروایا,4_0_4_08,2.716734693877551,0.1072451621294021,clean_ok,ok,5,[CURR] کل تم گاڑی لے کر گئے تھے نا پٹرول نہیں بھروایا
audio/1_0_2_45.wav,Fear,تمہارا کیا خیال ہے مجھے اس سے بات نہیں کرنی چاہیے تھی,1_0_2_45,2.7747845804988662,0.1267219930887222,clean_ok,ok,4,[CURR] تمہارا کیا خیال ہے مجھے اس سے بات نہیں کرنی چاہیے تھی
audio/7_1_7_27.wav,Sad,اور بزدل لوگ نا محبت نہیں کر سکتے,7_1_7_27,2.648208616780045,0.1423484236001968,clean_ok,ok,3,[CURR] اور بزدل لوگ نا محبت نہیں کر سکتے
audio/1_0_5_20.wav,Happy,ضرور مجھے مس کر رہی ہوگی تم ہے نا,1_0_5_20,2.681904761904762,0.1441038399934768,clean_ok,ok,1,[CURR] ضرور مجھے مس کر رہی ہوگی تم ہے نا
audio/1_0_3_45.wav,Boredum,بہت ضروری کام ہے بھائی,1_0_3_45,1.7763265306122449,0.1448503583669662,clean_ok,ok,6,[CURR] بہت ضروری کام ہے بھائی
audio/1_0_4_09.wav,Disgust,رہنے دو تم پڑھائی پڑھائی کی اتنی فکر ہوتی نا تو دو مضامین میں سپلی نہ اتی تمہاری,1_0_4_09,5.027120181405896,0.14703369140625,clean_ok,ok,5,[CURR] رہنے دو تم پڑھائی پڑھائی کی اتنی فکر ہوتی نا تو دو مضامین میں سپلی نہ اتی تمہاری
audio/4_0_1_29.wav,Angry,لیکن وہ گھٹیا شخص اس لائق ہی نہیں ہے وہ مرد کہلانے کے لائق ہی نہیں ہے,4_0_1_29,4.203356009070295,0.1581637561321258,clean_ok,ok,2,[CURR] لیکن وہ گھٹیا شخص اس لائق ہی نہیں ہے وہ مرد کہلانے کے لائق ہی نہیں ہے
audio/4_0_6_10.wav,Neutral,اپ نے میرے حق میں گواہی دی اس کے لیے اپ کا شکریہ ادا کرتا ہوں,4_0_6_10,3.1636961451247165,0.1244327276945114,clean_ok,ok,0,[CURR] اپ نے میرے حق میں گواہی دی اس کے لیے اپ کا شکریہ ادا کرتا ہوں
audio/10_1_3_17.wav,Boredum,پتہ نہیں ابا کو ہر بات پر حسن جہان ج کیوں یاد آ جاتی ہے,10_1_3_17,3.6971655328798185,0.1423750966787338,clean_ok,ok,6,[CURR] پتہ نہیں ابا کو ہر بات پر حسن جہان ج کیوں یاد آ جاتی ہے
audio/7_1_1_39.wav,Angry,میں بتا رہی ہوں سب کے منہ پر تیزاب پھینک دوں گی میں,7_1_1_39,2.8908843537414968,0.2452816516160965,clean_ok,ok,2,[CURR] میں بتا رہی ہوں سب کے منہ پر تیزاب پھینک دوں گی میں
audio/9_1_2_36.wav,Fear,خدا نہ کرے کچھ ہو گیا ایسا ویسا تو ہم کیا کریں گے,9_1_2_36,3.2626984126984127,0.1199577003717422,clean_ok,ok,4,[CURR] خدا نہ کرے کچھ ہو گیا ایسا ویسا تو ہم کیا کریں گے
audio/5_0_4_01.wav,Disgust,پہلے انہیں بلایا تھا تو ان کے عقل گھاس چل رہی تھی,5_0_4_01,5.294149659863946,0.2096627205610275,clean_ok,ok,5,[CURR] پہلے انہیں بلایا تھا تو ان کے عقل گھاس چل رہی تھی
audio/8_1_4_28.wav,Disgust,نہ کیا کریں اپ ایسی باتیں میں اپ کو چھوڑ کر کہیں نہیں جانے والی,8_1_4_28,3.808072562358277,0.1970974206924438,clean_ok,ok,5,[CURR] نہ کیا کریں اپ ایسی باتیں میں اپ کو چھوڑ کر کہیں نہیں جانے والی
audio/6_1_7_41.wav,Sad,میری آواز تک نہیں سننا چاہتا,6_1_7_41,1.822766439909297,0.1176681369543075,clean_ok,ok,3,[CURR] میری آواز تک نہیں سننا چاہتا
audio/10_1_7_31.wav,Sad,نہیں میری امی کے پاس جاؤ,10_1_7_31,2.7373469387755103,0.203367680311203,clean_ok,ok,3,[CURR] نہیں میری امی کے پاس جاؤ
audio/3_0_7_38.wav,Sad,میں تو تم سے اپنے گناہ کی سزا کی بھیک مانگنے ایا ہوں,3_0_7_38,6.634467120181406,0.0246727168560028,clean_ok,ok,3,[CURR] میں تو تم سے اپنے گناہ کی سزا کی بھیک مانگنے ایا ہوں
audio/7_1_7_04.wav,Sad,پھر اپنے بڑے بھیا کا اعتبار نہیں کھو سکتی,7_1_7_04,2.565804988662132,0.1179512441158294,clean_ok,ok,3,[CURR] پھر اپنے بڑے بھیا کا اعتبار نہیں کھو سکتی
audio/7_1_3_23.wav,Boredum,اپ کو اماں جی نے نہیں بتایا میں کسی کا احسان بھی نہیں لیتی,7_1_3_23,3.4109070294784583,0.2054643779993057,clean_ok,ok,6,[CURR] اپ کو اماں جی نے نہیں بتایا میں کسی کا احسان بھی نہیں لیتی
audio/1_0_3_04.wav,Boredum,ہاں مگر روح بن کر زندگی کو ضرور نگل جاتی ہے,1_0_3_04,5.793378684807256,0.12676902115345,clean_ok,ok,6,[CURR] ہاں مگر روح بن کر زندگی کو ضرور نگل جاتی ہے
audio/7_1_6_25.wav,Neutral,اپ ناراض تو نہیں ہیں مجھ سے,7_1_6_25,1.6488662131519274,0.144398495554924,clean_ok,ok,0,[CURR] اپ ناراض تو نہیں ہیں مجھ سے
audio/10_1_2_50.wav,Fear,مجھے کچھ ہو جائے گا یہاں پہ,10_1_2_50,1.1792290249433106,0.0834567174315452,clean_ok,ok,4,[CURR] مجھے کچھ ہو جائے گا یہاں پہ
audio/5_0_7_23.wav,Sad,نہ دولت نا عزت,5_0_7_23,4.380680272108844,0.0612783171236515,clean_ok,ok,3,[CURR] نہ دولت نا عزت
audio/7_1_5_09.wav,Happy,اسی خوشی میں پزا پارٹی میری طرف سے,7_1_5_09,2.6354648526077096,0.1963737457990646,clean_ok,ok,1,[CURR] اسی خوشی میں پزا پارٹی میری طرف سے
audio/1_0_7_04.wav,Sad,دل میں تھوڑی گنجائش پیدا کر لیتا تو تین زندگیاں اسان ہو جاتی,1_0_7_04,9.740770975056687,0.1489453613758087,too_long,ok,3,[CURR] دل میں تھوڑی گنجائش پیدا کر لیتا تو تین زندگیاں اسان ہو جاتی
audio/6_1_4_11.wav,Disgust,اور جس کو اپ انکھ بھر کر نہ دیکھ سکو اس کے ساتھ پوری زندگی کیسے گزاری جا سکتی ہے,6_1_4_11,3.900952380952381,0.1340761929750442,clean_ok,ok,5,[CURR] اور جس کو اپ انکھ بھر کر نہ دیکھ سکو اس کے ساتھ پوری زندگی کیسے گزاری جا سکتی ہے
audio/2_0_2_26.wav,Fear,نہیں میں تو یہ یہ کہہ رہا تھا,2_0_2_26,2.78984126984127,0.1870677918195724,clean_ok,ok,4,[CURR] نہیں میں تو یہ یہ کہہ رہا تھا
audio/4_0_2_10.wav,Fear,پتہ نہیں عجیب سی بے چینی ہے ایسے جیسے کوئی چھن گیا ہو,4_0_2_10,4.609160997732427,0.1238109543919563,clean_ok,ok,4,[CURR] پتہ نہیں عجیب سی بے چینی ہے ایسے جیسے کوئی چھن گیا ہو
audio/10_1_1_13.wav,Angry,آج اپنی ذات پہ ایک بھی الزام برداشت نہیں کروں گی میں,10_1_1_13,2.636825396825397,0.1295768171548843,clean_ok,ok,2,[CURR] آج اپنی ذات پہ ایک بھی الزام برداشت نہیں کروں گی میں
audio/6_1_3_13.wav,Boredum,ویسے تیری ساری حرکتیں ماؤں جیسی ہیں,6_1_3_13,2.157687074829932,0.1618113666772842,clean_ok,ok,6,[CURR] ویسے تیری ساری حرکتیں ماؤں جیسی ہیں
audio/3_0_1_19.wav,Angry,تھم کے رہو رقیہ بیگم شوگن والے دن اناب شناب بول رہی ہو,3_0_1_19,5.828208616780046,0.1303811520338058,clean_ok,ok,2,[CURR] تھم کے رہو رقیہ بیگم شوگن والے دن اناب شناب بول رہی ہو
audio/2_0_1_50.wav,Angry,انکھیں نیچی کرو اب جواب میں ابھی تم تھپڑ مارو گی,2_0_1_50,3.7773015873015874,0.1972935050725937,clean_ok,ok,2,[CURR] انکھیں نیچی کرو اب جواب میں ابھی تم تھپڑ مارو گی
audio/2_0_2_29.wav,Fear,نہیں میں نے اس سے جھمکا لے لیا,2_0_2_29,1.2894104308390022,0.1245259195566177,clean_ok,ok,4,[CURR] نہیں میں نے اس سے جھمکا لے لیا
audio/5_0_3_38.wav,Boredum,یہ چلی گئی گئی واپس نہیں آنے والی,5_0_3_38,3.808072562358277,0.1802530884742736,clean_ok,ok,6,[CURR] یہ چلی گئی گئی واپس نہیں آنے والی
audio/10_1_6_47.wav,Neutral,اُسکا کوئی اتا پتا ہے,10_1_6_47,2.1018820861678003,0.1134983673691749,clean_ok,ok,0,[CURR] اُسکا کوئی اتا پتا ہے
audio/3_0_2_01.wav,Fear,کیا ہوا فارعہ,3_0_2_01,1.6555102040816327,0.1646419018507003,clean_ok,ok,4,[CURR] کیا ہوا فارعہ
audio/1_0_3_06.wav,Boredum,مگر کچھ رشتے ٹوٹ کر بھی دل میں تعلق بن کر کھڑے رہتے ہیں,1_0_3_06,6.327437641723356,0.1072627529501915,clean_ok,ok,6,[CURR] مگر کچھ رشتے ٹوٹ کر بھی دل میں تعلق بن کر کھڑے رہتے ہیں
audio/6_1_1_46.wav,Angry,شرم نہیں اتی مجھے اور میری مری ہوئی ماں کو اس سے گالیاں دلاتے ہوئے,6_1_1_46,3.2431292517006804,0.138807326555252,clean_ok,ok,2,[CURR] شرم نہیں اتی مجھے اور میری مری ہوئی ماں کو اس سے گالیاں دلاتے ہوئے
audio/6_1_7_31.wav,Sad,آسکا صرف ایک ہی مقصد ہوتا ہے اُس وعدے کو توڑنا,6_1_7_31,3.999795918367347,0.0678779035806655,clean_ok,ok,3,[CURR] آسکا صرف ایک ہی مقصد ہوتا ہے اُس وعدے کو توڑنا
audio/8_1_3_16.wav,Boredum,اپ نا ماما کو مت بتائیے گا,8_1_3_16,1.9620861678004533,0.2047660946846008,clean_ok,ok,6,[CURR] اپ نا ماما کو مت بتائیے گا
audio/1_0_3_32.wav,Boredum,فیکرٹری گیا تھا کچھ گڑبڑ لگ رہی ہے مجھے وہاں پر,1_0_3_32,4.08671201814059,0.087671086192131,clean_ok,ok,6,[CURR] فیکرٹری گیا تھا کچھ گڑبڑ لگ رہی ہے مجھے وہاں پر
audio/4_0_6_03.wav,Neutral,میں بھی ابا کی بہت عزت کرتا ہوں کبھی ان کا حکم ٹال نہیں سکتا لیکن اگر وہ مجھ سے مانگتے,4_0_6_03,4.150839002267574,0.1268458515405655,clean_ok,ok,0,[CURR] میں بھی ابا کی بہت عزت کرتا ہوں کبھی ان کا حکم ٹال نہیں سکتا لیکن اگر وہ مجھ سے مانگتے
audio/4_0_3_12.wav,Boredum,ہاں ماں جی وہ تو مجبوری ہے وہ تو آنا پڑے گا,4_0_3_12,2.4286394557823128,0.0838776901364326,clean_ok,ok,6,[CURR] ہاں ماں جی وہ تو مجبوری ہے وہ تو آنا پڑے گا
audio/6_1_6_50.wav,Neutral,اُسکی تو الف ب بھی نہیں آتی تھی مجھے,6_1_6_50,2.2175056689342405,0.1345635205507278,clean_ok,ok,0,[CURR] اُسکی تو الف ب بھی نہیں آتی تھی مجھے
audio/6_1_6_16.wav,Neutral,صوبیہ شرافت کے ساتھ زندگی نہیں گزرتی,6_1_6_16,2.2639455782312927,0.1153558418154716,clean_ok,ok,0,[CURR] صوبیہ شرافت کے ساتھ زندگی نہیں گزرتی
audio/10_1_1_26.wav,Angry,اسی لیئے نہیں بولے تم,10_1_1_26,1.5494104308390022,0.1202448308467865,clean_ok,ok,2,[CURR] اسی لیئے نہیں بولے تم
audio/9_1_4_36.wav,Disgust,بس بھوت سوار تھا سر پہ اور کیا,9_1_4_36,2.423968253968254,0.1160889193415641,clean_ok,ok,5,[CURR] بس بھوت سوار تھا سر پہ اور کیا
audio/6_1_5_03.wav,Happy,چڑیا گھر ہے میرے لیے,6_1_5_03,1.474467120181406,0.0411125980317592,clean_ok,ok,1,[CURR] چڑیا گھر ہے میرے لیے
audio/4_0_4_21.wav,Disgust,کیا فرق ہے مجھ میں اور تم میں,4_0_4_21,1.55734693877551,0.1004482060670852,clean_ok,ok,5,[CURR] کیا فرق ہے مجھ میں اور تم میں
audio/10_1_5_10.wav,Happy,جیسے بھی آیا میں خوش ہوں,10_1_5_10,2.2064399092970524,0.1198508441448211,clean_ok,ok,1,[CURR] جیسے بھی آیا میں خوش ہوں
audio/3_0_4_22.wav,Disgust,شادی شدہ انسان جو اس کا بہنوئی تھا,3_0_4_22,4.167981859410431,0.1305655986070633,clean_ok,ok,5,[CURR] شادی شدہ انسان جو اس کا بہنوئی تھا
audio/7_1_5_43.wav,Happy,تمہیں پتہ ہے میرے گاؤں میں نا ایک اماں جنتیں ہیں,7_1_5_43,3.0882539682539685,0.1696085780858993,clean_ok,ok,1,[CURR] تمہیں پتہ ہے میرے گاؤں میں نا ایک اماں جنتیں ہیں
audio/7_1_2_26.wav,Fear,میں اس لڑکے کو جواب دے چکی ہوں انکار کر چکی ہوں,7_1_2_26,3.1230839002267574,0.2032627910375595,clean_ok,ok,4,[CURR] میں اس لڑکے کو جواب دے چکی ہوں انکار کر چکی ہوں
audio/4_0_4_48.wav,Disgust,اپ سے بات کرنی ہے مجھے کچھ پوچھنا ہے اپ سے,4_0_4_48,2.309251700680272,0.0811753794550895,clean_ok,ok,5,[CURR] اپ سے بات کرنی ہے مجھے کچھ پوچھنا ہے اپ سے
audio/2_0_5_16.wav,Happy,کیا بات کر دی تم نے ابھی لایا,2_0_5_16,1.7475963718820862,0.1259462237358093,clean_ok,ok,1,[CURR] کیا بات کر دی تم نے ابھی لایا
audio/6_1_7_12.wav,Sad,ایسا تو نہ کریں امی اگر آپ حوصلہ چھوڑ دیں گی تو پھر میرا کیا بنے گا,6_1_7_12,4.962630385487528,0.1293799579143524,clean_ok,ok,3,[CURR] ایسا تو نہ کریں امی اگر آپ حوصلہ چھوڑ دیں گی تو پھر میرا کیا بنے گا
audio/6_1_7_30.wav,Sad,میرے حصّے میں جو قرب آنا تھا وہ تو آچکا ہے سر,6_1_7_30,2.687709750566893,0.1318222731351852,clean_ok,ok,3,[CURR] میرے حصّے میں جو قرب آنا تھا وہ تو آچکا ہے سر
audio/7_1_4_02.wav,Disgust,مجھے کیوں دے رہی ہو اپنے بچوں کا جھوٹا,7_1_4_02,1.915873015873016,0.1867781579494476,clean_ok,ok,5,[CURR] مجھے کیوں دے رہی ہو اپنے بچوں کا جھوٹا
audio/1_0_5_41.wav,Happy,میں اسے جانتا ہوں کون ہے وہ,1_0_5_41,2.8908843537414968,0.1053201258182525,clean_ok,ok,1,[CURR] میں اسے جانتا ہوں کون ہے وہ
audio/6_1_6_25.wav,Neutral,میں سمجھی آپ سو رہے ہیں کیسی طبعیت ہے آپکی,6_1_6_25,3.965170068027211,0.0661857053637504,clean_ok,ok,0,[CURR] میں سمجھی آپ سو رہے ہیں کیسی طبعیت ہے آپکی
audio/2_0_5_04.wav,Happy,کہاں ہیں اپ کا دوست عمر,2_0_5_04,1.6131519274376418,0.1213447079062461,clean_ok,ok,1,[CURR] کہاں ہیں اپ کا دوست عمر
audio/9_1_1_33.wav,Angry,اج کیا مطلب میں جھوٹ بول رہی ہوں,9_1_1_33,1.9652834467120184,0.1766850799322128,clean_ok,ok,2,[CURR] اج کیا مطلب میں جھوٹ بول رہی ہوں
audio/5_0_3_42.wav,Boredum,او یار ایسے کر یہاں نا بھاگ کے نا,5_0_3_42,3.274013605442177,0.0995415970683097,clean_ok,ok,6,[CURR] او یار ایسے کر یہاں نا بھاگ کے نا
audio/6_1_3_40.wav,Boredum,میرا صُوبیہ کے گھر جانے کا بھی دل نہیں چاہ رہا,6_1_3_40,3.3396145124716554,0.1318650543689727,clean_ok,ok,6,[CURR] میرا صُوبیہ کے گھر جانے کا بھی دل نہیں چاہ رہا
audio/10_1_4_49.wav,Disgust,تماشا میں نے ہی کر رہی ہوں,10_1_4_49,1.430249433106576,0.1280432343482971,clean_ok,ok,5,[CURR] تماشا میں نے ہی کر رہی ہوں
audio/2_0_1_03.wav,Angry,اوے کا اوا ہی بگڑا ہوا ہے اب کان کھول کر سن لو تم سب لوگ,2_0_1_03,3.831292517006802,0.1212812811136245,clean_ok,ok,2,[CURR] اوے کا اوا ہی بگڑا ہوا ہے اب کان کھول کر سن لو تم سب لوگ
audio/10_1_5_35.wav,Happy,بہت خوبصورت جگہ ہے,10_1_5_35,1.233469387755102,0.107258528470993,clean_ok,ok,1,[CURR] بہت خوبصورت جگہ ہے
audio/7_1_2_32.wav,Fear,وہ بت بن کر کیوں بیٹھا ہوا ہے کچھ بول کیوں نہیں رہا ہے,7_1_2_32,2.2639455782312927,0.1681282669305801,clean_ok,ok,4,[CURR] وہ بت بن کر کیوں بیٹھا ہوا ہے کچھ بول کیوں نہیں رہا ہے
audio/9_1_6_41.wav,Neutral,اور گھومنے پھرنے کا کیا ہے وہ تو ساری زندگی چلتا رہتا ہے,9_1_6_41,4.172199546485261,0.1210988387465477,clean_ok,ok,0,[CURR] اور گھومنے پھرنے کا کیا ہے وہ تو ساری زندگی چلتا رہتا ہے
audio/4_0_3_48.wav,Boredum,میں یہاں اکیلا نہیں آتا بچپن میرے ساتھ آتا ہے,4_0_3_48,3.657142857142857,0.097407191991806,clean_ok,ok,6,[CURR] میں یہاں اکیلا نہیں آتا بچپن میرے ساتھ آتا ہے
audio/5_0_7_24.wav,Sad,اج کے بعد میں اپ جیسے غریب لوگوں کو میں منہ بھی نہیں لگاتا میں بیٹا,5_0_7_24,6.50578231292517,0.0826545357704162,clean_ok,ok,3,[CURR] اج کے بعد میں اپ جیسے غریب لوگوں کو میں منہ بھی نہیں لگاتا میں بیٹا
audio/4_0_3_46.wav,Boredum,ممم میرے جیسا نہیں ہونا چاہیے یہ,4_0_3_46,4.2260317460317465,0.1496550142765045,clean_ok,ok,6,[CURR] ممم میرے جیسا نہیں ہونا چاہیے یہ
audio/4_0_6_49.wav,Neutral,اچھائی کیا ہوتی ہے اگر کوئی یہ سوال کرے تو مرید اپ کا نام لے گا,4_0_6_49,4.314353741496599,0.1280727535486221,clean_ok,ok,0,[CURR] اچھائی کیا ہوتی ہے اگر کوئی یہ سوال کرے تو مرید اپ کا نام لے گا
audio/8_1_6_39.wav,Neutral,اور کشمالہ کو واپس گھر بھیج سکو,8_1_6_39,2.090453514739229,0.1463154256343841,clean_ok,ok,0,[CURR] اور کشمالہ کو واپس گھر بھیج سکو
audio/9_1_7_32.wav,Sad,اپنی غلطیاں اپنی کوتاہیاں اپنی خطائیں,9_1_7_32,3.5311791383219955,0.0736340805888176,clean_ok,ok,3,[CURR] اپنی غلطیاں اپنی کوتاہیاں اپنی خطائیں
audio/6_1_2_34.wav,Fear,کچھ روز سے اوپر نہیں مل سکتے,6_1_2_34,1.874716553287982,0.1403027325868606,clean_ok,ok,4,[CURR] کچھ روز سے اوپر نہیں مل سکتے
audio/6_1_7_45.wav,Sad,یہ میں نے اپنے ساتھ کیا کر لیا ہے,6_1_7_45,2.136235827664399,0.1280320882797241,clean_ok,ok,3,[CURR] یہ میں نے اپنے ساتھ کیا کر لیا ہے
audio/9_1_2_26.wav,Fear,خیر اب کیا ہو سکتا ہے جو قسمت میں اب وہی ہوگا نا,9_1_2_26,4.005442176870749,0.0862257406115531,clean_ok,ok,4,[CURR] خیر اب کیا ہو سکتا ہے جو قسمت میں اب وہی ہوگا نا
audio/2_0_3_49.wav,Boredum,اپ نے سنا نہیں تھا اس نے کیا کہا تھا,2_0_3_49,2.2640136054421767,0.0468994677066803,clean_ok,ok,6,[CURR] اپ نے سنا نہیں تھا اس نے کیا کہا تھا
audio/5_0_1_18.wav,Angry,یہ یہاں پر خود خوشی ہوئی ہے اور خودکشی جرم ہے,5_0_1_18,3.9151020408163264,0.1577174067497253,clean_ok,ok,2,[CURR] یہ یہاں پر خود خوشی ہوئی ہے اور خودکشی جرم ہے
audio/2_0_5_40.wav,Happy,بس پھیلا دیا عوام نے,2_0_5_40,1.347687074829932,0.236990749835968,clean_ok,ok,1,[CURR] بس پھیلا دیا عوام نے
audio/8_1_3_14.wav,Boredum,اپنی تکلیف سے زیادہ تمہیں میری نیند پیاری ہے,8_1_3_14,2.252335600907029,0.209847941994667,clean_ok,ok,6,[CURR] اپنی تکلیف سے زیادہ تمہیں میری نیند پیاری ہے
audio/10_1_3_24.wav,Boredum,اگلے ہفتے پھر جانا ہے,10_1_3_24,1.862335600907029,0.0880185961723327,clean_ok,ok,6,[CURR] اگلے ہفتے پھر جانا ہے
audio/1_0_6_37.wav,Neutral,اچھا خیر یہ بتاؤ کہ وہ فہد کے بارے میں بات کی ہے تم نے یا نہیں,1_0_6_37,3.4017233560090703,0.1046989113092422,clean_ok,ok,0,[CURR] اچھا خیر یہ بتاؤ کہ وہ فہد کے بارے میں بات کی ہے تم نے یا نہیں
audio/8_1_4_06.wav,Disgust,اور تمہاری یہ موم کہاں جا رہی ہیں وہ گھر پہ ہی ہیں نہ,8_1_4_06,4.040272108843538,0.1661612689495086,clean_ok,ok,5,[CURR] اور تمہاری یہ موم کہاں جا رہی ہیں وہ گھر پہ ہی ہیں نہ
audio/10_1_7_07.wav,Sad,لیکن آزمائش ختم نہیں ہورہی,10_1_7_07,2.2970068027210884,0.1366461664438247,clean_ok,ok,3,[CURR] لیکن آزمائش ختم نہیں ہورہی
audio/1_0_1_26.wav,Angry,سالے ڈر کے شہر میں کہیں بھاگ گئے,1_0_1_26,2.602063492063492,0.1192923858761787,clean_ok,ok,2,[CURR] سالے ڈر کے شہر میں کہیں بھاگ گئے
audio/9_1_1_28.wav,Angry,پر کچھ عقل نہیں ائی اس کو ہوش پھرتی رہتی ہے سارا دن,9_1_1_28,3.0080498866213152,0.2243489474058151,clean_ok,ok,2,[CURR] پر کچھ عقل نہیں ائی اس کو ہوش پھرتی رہتی ہے سارا دن
audio/1_0_6_32.wav,Neutral,کوئی ایسی بات نہیں ہے وہ گاڑی اب تمہارے استعمال میں رہے گی,1_0_6_32,3.93578231292517,0.1182139366865158,clean_ok,ok,0,[CURR] کوئی ایسی بات نہیں ہے وہ گاڑی اب تمہارے استعمال میں رہے گی
audio/7_1_7_02.wav,Sad,جیسا تم سمجھ رہے ہو نا ویسا کچھ ہے نہیں لیکن,7_1_7_02,3.436553287981859,0.1379691660404205,clean_ok,ok,3,[CURR] جیسا تم سمجھ رہے ہو نا ویسا کچھ ہے نہیں لیکن
audio/9_1_5_07.wav,Happy,او ماسد کے جائے یہ عید نہیں ہے,9_1_5_07,2.740770975056689,0.2159944921731948,clean_ok,ok,1,[CURR] او ماسد کے جائے یہ عید نہیں ہے
audio/9_1_1_14.wav,Angry,اور اس وقت ہم تمہاری کوئی مدد نہیں کر سکتے اسی لیے بہتر ہوگا کہ اب بھی سمجھ جاؤ,9_1_1_14,4.638276643990929,0.1414745002985,clean_ok,ok,2,[CURR] اور اس وقت ہم تمہاری کوئی مدد نہیں کر سکتے اسی لیے بہتر ہوگا کہ اب بھی سمجھ جاؤ
audio/2_0_2_06.wav,Fear,اس کی محبت اور خلوص کے لیے بدتمیزی کرنے کے لیے,2_0_2_06,2.890249433106576,0.1143796443939209,clean_ok,ok,4,[CURR] اس کی محبت اور خلوص کے لیے بدتمیزی کرنے کے لیے
audio/1_0_6_34.wav,Neutral,ہاں بلانا تو ہے تمہیں اس لیے خود انے کی زحمت کی ہے,1_0_6_34,3.959002267573696,0.1463231444358825,clean_ok,ok,0,[CURR] ہاں بلانا تو ہے تمہیں اس لیے خود انے کی زحمت کی ہے
audio/4_0_5_03.wav,Happy,ارے نامراد صاحب اتنے تکلف کی کیا ضرورت تھی,4_0_5_03,4.017052154195011,0.1892544627189636,clean_ok,ok,1,[CURR] ارے نامراد صاحب اتنے تکلف کی کیا ضرورت تھی
audio/10_1_4_13.wav,Disgust,اور نہ ہی مومن کا نام لیا کرو,10_1_4_13,1.746485260770975,0.0878054052591323,clean_ok,ok,5,[CURR] اور نہ ہی مومن کا نام لیا کرو
audio/8_1_7_30.wav,Sad,اگر یہ ننھا وجود میرے ساتھ نہ ہوتا تو شاید میں پاگل ہو جاتی,8_1_7_30,4.960453514739229,0.1274888813495636,clean_ok,ok,3,[CURR] اگر یہ ننھا وجود میرے ساتھ نہ ہوتا تو شاید میں پاگل ہو جاتی
audio/2_0_6_09.wav,Neutral,بلکہ وہ تو میرے سر پر سوار تھی کہ میرے چھوٹے بھائی کی شادی نایاب سے کرا دی جائے,2_0_6_09,3.862267573696145,0.1987388134002685,clean_ok,ok,0,[CURR] بلکہ وہ تو میرے سر پر سوار تھی کہ میرے چھوٹے بھائی کی شادی نایاب سے کرا دی جائے
audio/8_1_7_40.wav,Sad,کہ میں اس آزمائش سے پوری اُتر سکوں,8_1_7_40,2.4328344671201814,0.1057095676660537,clean_ok,ok,3,[CURR] کہ میں اس آزمائش سے پوری اُتر سکوں
audio/7_1_6_38.wav,Neutral,میرے لیے تو دونوں ہی ایک برابر ہیں,7_1_6_38,1.9046031746031744,0.1247727647423744,clean_ok,ok,0,[CURR] میرے لیے تو دونوں ہی ایک برابر ہیں
audio/7_1_2_48.wav,Fear,وہ اپنی ماں کو تو صرف نہیں چھوڑ کے گیا تھا نا,7_1_2_48,2.916802721088436,0.1311364471912384,clean_ok,ok,4,[CURR] وہ اپنی ماں کو تو صرف نہیں چھوڑ کے گیا تھا نا
audio/10_1_2_01.wav,Fear,ارے عزت تو میری پیر کی جوتی پر ہے,10_1_2_01,2.114829931972789,0.0739784240722656,clean_ok,ok,4,[CURR] ارے عزت تو میری پیر کی جوتی پر ہے
audio/6_1_3_18.wav,Boredum,نہیں سر ایسی کوئی بات نہیں ہے وہ,6_1_3_18,2.236485260770975,0.17306749522686,clean_ok,ok,6,[CURR] نہیں سر ایسی کوئی بات نہیں ہے وہ
audio/5_0_3_40.wav,Boredum,ڈر تو ایسے رہا ہے جیسے تم ہی مندر ہو تم ہی پوجا ہو,5_0_3_40,5.491519274376417,0.1602228432893753,clean_ok,ok,6,[CURR] ڈر تو ایسے رہا ہے جیسے تم ہی مندر ہو تم ہی پوجا ہو
audio/6_1_1_18.wav,Angry,مجھے یہ سمجھ نہیں ا رہی ہر کوئی مجھے کیوں سکھانے ا جاتا ہے,6_1_1_18,2.7923809523809524,0.2139631956815719,clean_ok,ok,2,[CURR] مجھے یہ سمجھ نہیں ا رہی ہر کوئی مجھے کیوں سکھانے ا جاتا ہے
audio/8_1_1_12.wav,Angry,بند کریں یہ کیمرہ سمجھ نہیں ارہی ہے یہ بات,8_1_1_12,2.9934013605442176,0.1747790277004242,clean_ok,ok,2,[CURR] بند کریں یہ کیمرہ سمجھ نہیں ارہی ہے یہ بات
audio/10_1_6_06.wav,Neutral,کوئی تھوڑی بہت ہی رقم دلوا دیں,10_1_6_06,1.508934240362812,0.1344840377569198,clean_ok,ok,0,[CURR] کوئی تھوڑی بہت ہی رقم دلوا دیں
audio/1_0_7_23.wav,Sad,اب تجھے یہ اپنا فرض نبھانا ہے ایمانداری سے,1_0_7_23,4.040272108843538,0.1246396899223327,clean_ok,ok,3,[CURR] اب تجھے یہ اپنا فرض نبھانا ہے ایمانداری سے
audio/9_1_4_13.wav,Disgust,منھوس کہیں کی سالوں میں نے اس کا گھر چلایا ہے,9_1_4_13,2.940748299319728,0.1733073741197586,clean_ok,ok,5,[CURR] منھوس کہیں کی سالوں میں نے اس کا گھر چلایا ہے
audio/9_1_1_50.wav,Angry,ایسی خبیث ڈھیٹ ہڈی ہے,9_1_1_50,1.6342630385487529,0.1525328159332275,clean_ok,ok,2,[CURR] ایسی خبیث ڈھیٹ ہڈی ہے
audio/1_0_2_41.wav,Fear,کہ وہ میرے کسی دوست کا بیٹا نہیں ہے اجنبی ہے وہ,1_0_2_41,5.700498866213152,0.1284011751413345,clean_ok,ok,4,[CURR] کہ وہ میرے کسی دوست کا بیٹا نہیں ہے اجنبی ہے وہ
audio/5_0_7_09.wav,Sad,تمہیں کیا پروا تم ایک ازاد عورت ہو جس کی کوئی حدیں بھی نہیں ہے,5_0_7_09,4.458231292517007,0.1316209137439727,clean_ok,ok,3,[CURR] تمہیں کیا پروا تم ایک ازاد عورت ہو جس کی کوئی حدیں بھی نہیں ہے
audio/2_0_6_40.wav,Neutral,اپ اسے اندر لے لے جائیں مجھے کچھ کام کرنا ہے,2_0_6_40,3.141655328798186,0.1566563844680786,clean_ok,ok,0,[CURR] اپ اسے اندر لے لے جائیں مجھے کچھ کام کرنا ہے
audio/8_1_5_20.wav,Happy,میں اتنی بھی بورنگ نہیں ہوں جتنا اپ سمجھتے ہیں ابھی تو نہیں بتاؤں گی,8_1_5_20,5.151133786848073,0.1143772155046463,clean_ok,ok,1,[CURR] میں اتنی بھی بورنگ نہیں ہوں جتنا اپ سمجھتے ہیں ابھی تو نہیں بتاؤں گی
audio/10_1_4_18.wav,Disgust,وہ اس قابل بھی نہیں ہے کہ میں اس کا نام لوں,10_1_4_18,1.7636281179138322,0.0625071376562118,clean_ok,ok,5,[CURR] وہ اس قابل بھی نہیں ہے کہ میں اس کا نام لوں
audio/9_1_3_03.wav,Boredum,پوچھا تھا میں نے اس نے اپنی الف لیلیٰ شروع کر لی,9_1_3_03,3.828639455782313,0.1189644634723663,clean_ok,ok,6,[CURR] پوچھا تھا میں نے اس نے اپنی الف لیلیٰ شروع کر لی
audio/8_1_7_20.wav,Sad,کہیں بھی چلی جاؤں گی,8_1_7_20,1.6174149659863946,0.0933679491281509,clean_ok,ok,3,[CURR] کہیں بھی چلی جاؤں گی
audio/2_0_1_22.wav,Angry,خبردار جو میرے سامنے مہر کے لیے ایک لفظ بھی اپنے منہ سے نکالا تو,2_0_1_22,4.574331065759637,0.134805291891098,clean_ok,ok,2,[CURR] خبردار جو میرے سامنے مہر کے لیے ایک لفظ بھی اپنے منہ سے نکالا تو
audio/3_0_1_44.wav,Angry,لیکن اس گھر میں رہنے کے کچھ ایسے اصول ہیں,3_0_1_44,2.8328344671201813,0.132822036743164,clean_ok,ok,2,[CURR] لیکن اس گھر میں رہنے کے کچھ ایسے اصول ہیں
audio/8_1_5_24.wav,Happy,شام کہاں سے اسمانی میرا انچل دھانی,8_1_5_24,4.144761904761904,0.1311999559402465,clean_ok,ok,1,[CURR] شام کہاں سے اسمانی میرا انچل دھانی
audio/6_1_6_17.wav,Neutral,تمہارا منگیتر کچھ نہیں لاتا تمہارے لیئے,6_1_6_17,1.8459863945578232,0.1123538389801979,clean_ok,ok,0,[CURR] تمہارا منگیتر کچھ نہیں لاتا تمہارے لیئے
audio/8_1_7_45.wav,Sad,میں جب بھی کسی سے محبت کرتی ہوں کسی کے کلوز آتی ہوں چھوڑ کر چلا جاتا ہے,8_1_7_45,5.2540589569161,0.1581076830625534,clean_ok,ok,3,[CURR] میں جب بھی کسی سے محبت کرتی ہوں کسی کے کلوز آتی ہوں چھوڑ کر چلا جاتا ہے
audio/6_1_5_23.wav,Happy,ہیلو امی کیسے ہیں اپ,6_1_5_23,2.04108843537415,0.1348873227834701,clean_ok,ok,1,[CURR] ہیلو امی کیسے ہیں اپ
audio/10_1_7_17.wav,Sad,میں بہت گناہگار ہوں,10_1_7_17,1.3103174603174603,0.1533065289258957,clean_ok,ok,3,[CURR] میں بہت گناہگار ہوں
audio/1_0_7_29.wav,Sad,میرے پاس کچھ نہیں بچے گا,1_0_7_29,1.474467120181406,0.0784977748990058,clean_ok,ok,3,[CURR] میرے پاس کچھ نہیں بچے گا
audio/5_0_7_19.wav,Sad,تمہاری ماں بھی مر گئی اور پھر یاسمین کی پریشانیاں بھی تمہارے سامنے ہیں,5_0_7_19,5.817097505668934,0.0471081286668777,clean_ok,ok,3,[CURR] تمہاری ماں بھی مر گئی اور پھر یاسمین کی پریشانیاں بھی تمہارے سامنے ہیں
audio/2_0_6_33.wav,Neutral,شیان کے گھر کی میڈ کو اور ان کی وائف کو یہاں بلا لیا ہے اب اپ بات کر سکتے ہیں,2_0_6_33,4.438843537414966,0.0980740189552307,clean_ok,ok,0,[CURR] شیان کے گھر کی میڈ کو اور ان کی وائف کو یہاں بلا لیا ہے اب اپ بات کر سکتے ہیں
audio/9_1_2_05.wav,Fear,کیا مطلب کیا مطلب بھولے کو ڈھونڈا کیا تعلق اس کا,9_1_2_05,4.005442176870749,0.1320362240076065,clean_ok,ok,4,[CURR] کیا مطلب کیا مطلب بھولے کو ڈھونڈا کیا تعلق اس کا
audio/9_1_3_11.wav,Boredum,جب میری انکھیں بند ہو جائیں گی تو کیا ہوگا اس دیوانے کا,9_1_3_11,4.330521541950113,0.1416174322366714,clean_ok,ok,6,[CURR] جب میری انکھیں بند ہو جائیں گی تو کیا ہوگا اس دیوانے کا
audio/8_1_2_23.wav,Fear,اس لیے ہمارے پاس ا کر شرمندہ ہونے کی ضرورت نہیں ہے,8_1_2_23,2.760294784580499,0.1442746818065643,clean_ok,ok,4,[CURR] اس لیے ہمارے پاس ا کر شرمندہ ہونے کی ضرورت نہیں ہے
audio/9_1_4_12.wav,Disgust,ارے چپ کر یہ دانت اپنے پردے میں رکھا کر,9_1_4_12,2.9257142857142857,0.1275966614484787,clean_ok,ok,5,[CURR] ارے چپ کر یہ دانت اپنے پردے میں رکھا کر
audio/5_0_6_11.wav,Neutral,جی جی میں کپڑے لے ایا تھا گھر پہ ہی لے ایا تھا,5_0_6_11,3.0731972789115645,0.1605695635080337,clean_ok,ok,0,[CURR] جی جی میں کپڑے لے ایا تھا گھر پہ ہی لے ایا تھا
audio/9_1_4_47.wav,Disgust,سارا دن اب بورا گزرے گا میرا,9_1_4_47,1.8322222222222224,0.2131513953208923,clean_ok,ok,5,[CURR] سارا دن اب بورا گزرے گا میرا
audio/2_0_3_13.wav,Boredum,لگتا ہے مجھے سارے گھر کے نوکروں کو نکالنا پڑے گا تاکہ تمہیں پھر سے کافی بنانی ا جائے,2_0_3_13,4.153378684807256,0.1300105899572372,clean_ok,ok,6,[CURR] لگتا ہے مجھے سارے گھر کے نوکروں کو نکالنا پڑے گا تاکہ تمہیں پھر سے کافی بنانی ا جائے
audio/2_0_4_40.wav,Disgust,تمہاری یہ ہٹ دھرمی یہ انداز مجھے اور میرے گھر کو قبول نہیں ہے,2_0_4_40,4.001814058956916,0.2661503553390503,clean_ok,ok,5,[CURR] تمہاری یہ ہٹ دھرمی یہ انداز مجھے اور میرے گھر کو قبول نہیں ہے
audio/9_1_2_25.wav,Fear,خدا کے لیے سمجھو بات کو,9_1_2_25,1.103514739229025,0.1612918078899383,clean_ok,ok,4,[CURR] خدا کے لیے سمجھو بات کو
audio/4_0_5_48.wav,Happy,نمرا کے دو مہینے اچھے گزریں گے,4_0_5_48,1.7937868480725625,0.1976395100355148,clean_ok,ok,1,[CURR] نمرا کے دو مہینے اچھے گزریں گے
audio/9_1_7_17.wav,Sad,میرا بچہ بخار کے بعد اتنی کمزوری کی حالت میں گھر سے نکلا ہے,9_1_7_17,3.4340589569161,0.1740037202835083,clean_ok,ok,3,[CURR] میرا بچہ بخار کے بعد اتنی کمزوری کی حالت میں گھر سے نکلا ہے
audio/9_1_2_19.wav,Fear,بس میرا بچہ بس بس میرا بچہ,9_1_2_19,2.714421768707483,0.1396749913692474,clean_ok,ok,4,[CURR] بس میرا بچہ بس بس میرا بچہ
audio/5_0_1_42.wav,Angry,نکل جائے اس کے اندر سے,5_0_1_42,1.705532879818594,0.1288058906793594,clean_ok,ok,2,[CURR] نکل جائے اس کے اندر سے
audio/6_1_2_12.wav,Fear,اور اج جو بھی تم نے میرے ساتھ کیا ہے نا اس کے بعد میں تم سے ڈر گئی ہوں,6_1_2_12,4.237052154195012,0.1339543312788009,clean_ok,ok,4,[CURR] اور اج جو بھی تم نے میرے ساتھ کیا ہے نا اس کے بعد میں تم سے ڈر گئی ہوں
audio/8_1_6_25.wav,Neutral,یہاں تک کہ بہت کچھ ایسا تھا جسے میں نے اگنور بھی کیا,8_1_6_25,3.3964399092970523,0.1829912811517715,clean_ok,ok,0,[CURR] یہاں تک کہ بہت کچھ ایسا تھا جسے میں نے اگنور بھی کیا
audio/5_0_3_34.wav,Boredum,ذرا آہستہ آہستہ آہستہ آگے بڑہیں گے,5_0_3_34,5.39031746031746,0.1101298257708549,clean_ok,ok,6,[CURR] ذرا آہستہ آہستہ آہستہ آگے بڑہیں گے
audio/1_0_6_45.wav,Neutral,ہاں چلو کل افس اتا ہوں تو بات کرتے ہیں,1_0_6_45,3.1463038548752835,0.1155389174818992,clean_ok,ok,0,[CURR] ہاں چلو کل افس اتا ہوں تو بات کرتے ہیں
audio/1_0_6_31.wav,Neutral,جمیل صاحب بتا رہے تھے کہ کل تم کراچی گئے تھے,1_0_6_31,2.403265306122449,0.1672840565443039,clean_ok,ok,0,[CURR] جمیل صاحب بتا رہے تھے کہ کل تم کراچی گئے تھے
audio/7_1_5_11.wav,Happy,ہا ہا ہا ہاہا,7_1_5_11,2.716734693877551,0.0135480882599949,clean_ok,ok,1,[CURR] ہا ہا ہا ہاہا
audio/9_1_4_40.wav,Disgust,دس تو روز ھی بجتے ہیں کوئی نئی بات ہے,9_1_4_40,1.806825396825397,0.133012592792511,clean_ok,ok,5,[CURR] دس تو روز ھی بجتے ہیں کوئی نئی بات ہے
audio/5_0_5_45.wav,Happy,ہاں میں تو پھر میں تو بس انتظار ہی کرتا رہ گیا,5_0_5_45,3.181315192743764,0.1771257370710373,clean_ok,ok,1,[CURR] ہاں میں تو پھر میں تو بس انتظار ہی کرتا رہ گیا
audio/9_1_2_17.wav,Fear,بھولے ادھر مجھے دیکھ ارے اماں کو دیکھ نہ,9_1_2_17,2.0995238095238093,0.1704766154289245,clean_ok,ok,4,[CURR] بھولے ادھر مجھے دیکھ ارے اماں کو دیکھ نہ
audio/1_0_7_21.wav,Sad,وہ نہیں کر سکی بدر کے ساتھ ہو گئی جیسے بھی ہوئی جس حال میں بھی ہوئی,1_0_7_21,5.421859410430839,0.1686091870069503,clean_ok,ok,3,[CURR] وہ نہیں کر سکی بدر کے ساتھ ہو گئی جیسے بھی ہوئی جس حال میں بھی ہوئی
audio/5_0_1_11.wav,Angry,کوئی نئی بات نہیں ہے,5_0_1_11,1.3815873015873017,0.2459477335214615,clean_ok,ok,2,[CURR] کوئی نئی بات نہیں ہے
audio/10_1_5_08.wav,Happy,یہ کیا خیالی پلاؤ پک رہا ہے ابا,10_1_5_08,2.27421768707483,0.0901674777269363,clean_ok,ok,1,[CURR] یہ کیا خیالی پلاؤ پک رہا ہے ابا
audio/5_0_1_39.wav,Angry,بچیا بڑا شوق ہے تجھے دیکھنے کا ا بیٹا دیکھ,5_0_1_39,4.085804988662131,0.1591195911169052,clean_ok,ok,2,[CURR] بچیا بڑا شوق ہے تجھے دیکھنے کا ا بیٹا دیکھ
audio/10_1_2_46.wav,Fear,ارے کمبخت کہاں رہ گیا,10_1_2_46,1.4419047619047618,0.1086045131087303,clean_ok,ok,4,[CURR] ارے کمبخت کہاں رہ گیا
audio/8_1_6_50.wav,Neutral,لیکن اس نے مجھ سے شادی کی تاکہ میرے سٹیٹس اور میرے نام کو کیش کر سکے,8_1_6_50,4.8461451247165535,0.1269914805889129,clean_ok,ok,0,[CURR] لیکن اس نے مجھ سے شادی کی تاکہ میرے سٹیٹس اور میرے نام کو کیش کر سکے
audio/9_1_3_40.wav,Boredum,جلا کر راکھ کر دیا پھر بھی کہتے ہو شکایت کیسی,9_1_3_40,5.307052154195011,0.0871959626674652,clean_ok,ok,6,[CURR] جلا کر راکھ کر دیا پھر بھی کہتے ہو شکایت کیسی
audio/10_1_6_36.wav,Neutral,میرے پاس آپ لوگوں سے بات کرنے کی فُرصت نہیں ہے,10_1_6_36,2.809614512471655,0.1539061069488525,clean_ok,ok,0,[CURR] میرے پاس آپ لوگوں سے بات کرنے کی فُرصت نہیں ہے
audio/8_1_5_30.wav,Happy,بہت چاہتے تھے نا انہیں,8_1_5_30,1.555736961451247,0.1582324057817459,clean_ok,ok,1,[CURR] بہت چاہتے تھے نا انہیں
audio/5_0_3_09.wav,Boredum,میں وہی بول رہا ہوں,5_0_3_09,2.031746031746032,0.124305821955204,clean_ok,ok,6,[CURR] میں وہی بول رہا ہوں
audio/4_0_3_08.wav,Boredum,میں بول رہا ہوں نا کہ میں یہاں ہوں,4_0_3_08,2.78140589569161,0.1605392843484878,clean_ok,ok,6,[CURR] میں بول رہا ہوں نا کہ میں یہاں ہوں
audio/10_1_1_34.wav,Angry,اُسکے بعد گھر آکے آپ کی باتیں سننی پڑتیں ہیں مجھے,10_1_1_34,1.9942857142857144,0.0826026648283004,clean_ok,ok,2,[CURR] اُسکے بعد گھر آکے آپ کی باتیں سننی پڑتیں ہیں مجھے
audio/8_1_7_49.wav,Sad,اب اُس نے مجھے دھوکہ دے دیا,8_1_7_49,2.693809523809524,0.0449163764715194,clean_ok,ok,3,[CURR] اب اُس نے مجھے دھوکہ دے دیا
audio/1_0_6_27.wav,Neutral,اب تو تم بتا رہی ہو کہ وہ اپنی ماں کے پاس چلی گئی ہے اب تو میرا اس پہ بالکل بھی اختیار نہیں ہے,1_0_6_27,5.433469387755102,0.1024759262800216,clean_ok,ok,0,[CURR] اب تو تم بتا رہی ہو کہ وہ اپنی ماں کے پاس چلی گئی ہے اب تو میرا اس پہ بالکل بھی اختیار نہیں ہے
audio/1_0_4_04.wav,Disgust,باہر دانے کا بندوبست نہیں کیا موٹر خراب پڑی ہے مکینک نہیں ایا,1_0_4_04,4.301791383219955,0.1530717760324478,clean_ok,ok,5,[CURR] باہر دانے کا بندوبست نہیں کیا موٹر خراب پڑی ہے مکینک نہیں ایا
audio/6_1_4_26.wav,Disgust,سارا موڈ خراب کر دیتی ہے,6_1_4_26,1.474467120181406,0.1143338680267334,clean_ok,ok,5,[CURR] سارا موڈ خراب کر دیتی ہے
audio/4_0_5_15.wav,Happy,لا لا لا لا لا لا لا لا لا لا,4_0_5_15,6.629297052154195,0.181432768702507,clean_ok,ok,1,[CURR] لا لا لا لا لا لا لا لا لا لا
audio/4_0_1_25.wav,Angry,اگر اس کو مار دینے سے مسئلہ حل ہو جائے گا تو مار اسے مار نہ مارتا کیوں نہیں,4_0_1_25,4.179591836734694,0.2752570807933807,clean_ok,ok,2,[CURR] اگر اس کو مار دینے سے مسئلہ حل ہو جائے گا تو مار اسے مار نہ مارتا کیوں نہیں
audio/7_1_2_02.wav,Fear,لیکن پتہ کیسے چلا,7_1_2_02,1.787936507936508,0.1050330251455307,clean_ok,ok,4,[CURR] لیکن پتہ کیسے چلا
audio/9_1_3_47.wav,Boredum,چھری تلے دم لے لے,9_1_3_47,1.5845351473922902,0.1772712767124176,clean_ok,ok,6,[CURR] چھری تلے دم لے لے
audio/8_1_6_49.wav,Neutral,تم خود دیکھو اپنی ڈریسنگ کو وہاں کے ویٹرز نے ایسی ڈریسنگ کی ہوئی تھی,8_1_6_49,4.023151927437642,0.1360053271055221,clean_ok,ok,0,[CURR] تم خود دیکھو اپنی ڈریسنگ کو وہاں کے ویٹرز نے ایسی ڈریسنگ کی ہوئی تھی
audio/9_1_1_10.wav,Angry,نہ تمہاری رائے اور نہ ہی مجھے ضرورت ہے,9_1_1_10,2.391065759637188,0.1378972381353378,clean_ok,ok,2,[CURR] نہ تمہاری رائے اور نہ ہی مجھے ضرورت ہے
audio/5_0_6_03.wav,Neutral,پرانے داؤ سے ایک ٹکہ زیادہ دوں گا,5_0_6_03,4.504671201814059,0.1974958777427673,clean_ok,ok,0,[CURR] پرانے داؤ سے ایک ٹکہ زیادہ دوں گا
audio/6_1_2_46.wav,Fear,سر دس منٹ میں ا رہی ہوں,6_1_2_46,1.3344444444444443,0.1973934769630432,clean_ok,ok,4,[CURR] سر دس منٹ میں ا رہی ہوں
audio/1_0_2_02.wav,Fear,میں سمجھتا ہوں کہ بچیوں کو اس طرح وہاں بھیجنا کچھ مناسب نہیں لگتا,1_0_2_02,4.20281179138322,0.1125006452202797,clean_ok,ok,4,[CURR] میں سمجھتا ہوں کہ بچیوں کو اس طرح وہاں بھیجنا کچھ مناسب نہیں لگتا
audio/2_0_1_10.wav,Angry,اٹھو ابھی اسی وقت اٹھو یہاں سے,2_0_1_10,1.7883219954648526,0.1716621965169906,clean_ok,ok,2,[CURR] اٹھو ابھی اسی وقت اٹھو یہاں سے
audio/10_1_5_41.wav,Happy,تب تک کے لیئے سفید گلاب کافی ہے,10_1_5_41,2.3481632653061224,0.1169428378343582,clean_ok,ok,1,[CURR] تب تک کے لیئے سفید گلاب کافی ہے
audio/3_0_5_39.wav,Happy,نماز پڑھنے ائے تمہارے بارے میں بتایا انہوں نے,3_0_5_39,2.8241043083900226,0.1486990749835968,clean_ok,ok,1,[CURR] نماز پڑھنے ائے تمہارے بارے میں بتایا انہوں نے
audio/1_0_5_45.wav,Happy,ہماری ملاقات ہو جائے گی شانزے تو ان سے پہلے ہی مل چکی ہے,1_0_5_45,3.4249433106575964,0.1124001145362854,clean_ok,ok,1,[CURR] ہماری ملاقات ہو جائے گی شانزے تو ان سے پہلے ہی مل چکی ہے
audio/10_1_2_29.wav,Fear,میری امی کو مار دیا,10_1_2_29,1.1824716553287982,0.0867158472537994,clean_ok,ok,4,[CURR] میری امی کو مار دیا
audio/1_0_6_09.wav,Neutral,ارے بس بھابھی ہم ذرا پرانے خیالات کے لوگ ہیں بہن بیٹی کے گھر انا مناسب نہیں سمجھتے,1_0_6_09,5.468299319727891,0.1619747430086136,clean_ok,ok,0,[CURR] ارے بس بھابھی ہم ذرا پرانے خیالات کے لوگ ہیں بہن بیٹی کے گھر انا مناسب نہیں سمجھتے
audio/2_0_7_28.wav,Sad,بڑے ٹھیک ہی کہتے ہیں لڑکوں اور لڑکیوں کا گھومنا پھرنا اچھا نہیں ہوتا,2_0_7_28,6.280997732426304,0.1212504059076309,clean_ok,ok,3,[CURR] بڑے ٹھیک ہی کہتے ہیں لڑکوں اور لڑکیوں کا گھومنا پھرنا اچھا نہیں ہوتا
audio/5_0_2_43.wav,Fear,چل چلو جلدی بیٹھے بیٹھے اوکے اوکے اوکے چل چل,5_0_2_43,2.716734693877551,0.2298552095890045,clean_ok,ok,4,[CURR] چل چلو جلدی بیٹھے بیٹھے اوکے اوکے اوکے چل چل
audio/1_0_3_31.wav,Boredum,ہاں گیا ہوں تو پتہ چلا ہے,1_0_3_31,1.7647165532879818,0.0845182463526725,clean_ok,ok,6,[CURR] ہاں گیا ہوں تو پتہ چلا ہے
audio/8_1_2_14.wav,Fear,سمجھتا کیا ہے تمہارا بھائی خود کو,8_1_2_14,2.10140589569161,0.1341679841279983,clean_ok,ok,4,[CURR] سمجھتا کیا ہے تمہارا بھائی خود کو
audio/4_0_6_25.wav,Neutral,نہیں میڈم پولیس والوں کا تو کام ہے تفشیش کرنا,4_0_6_25,2.2653514739229026,0.1531034857034683,clean_ok,ok,0,[CURR] نہیں میڈم پولیس والوں کا تو کام ہے تفشیش کرنا
audio/5_0_2_22.wav,Fear,جب وہ چھت سے نیچے گری تو تم کہاں تھے,5_0_2_22,1.9969160997732427,0.2017959505319595,clean_ok,ok,4,[CURR] جب وہ چھت سے نیچے گری تو تم کہاں تھے
audio/6_1_3_44.wav,Boredum,میری بات اور ہے,6_1_3_44,1.6486167800453515,0.0609521940350532,clean_ok,ok,6,[CURR] میری بات اور ہے
audio/5_0_1_33.wav,Angry,اوئے تو تو چکروں میں رہتا ہے کبھی اپنی بہن کبھی کسی اور کی بہن,5_0_1_33,3.368458049886621,0.1766907125711441,clean_ok,ok,2,[CURR] اوئے تو تو چکروں میں رہتا ہے کبھی اپنی بہن کبھی کسی اور کی بہن
audio/4_0_4_23.wav,Disgust,مجھ سے کہتی ہے محبت میں زبردستی وہ کرتے ہیں جنہیں جسم پانا ہوتا ہے,4_0_4_23,4.927619047619047,0.1286092698574066,clean_ok,ok,5,[CURR] مجھ سے کہتی ہے محبت میں زبردستی وہ کرتے ہیں جنہیں جسم پانا ہوتا ہے
audio/7_1_7_13.wav,Sad,اچھا ٹھیک ہے میں فون اب بند کر رہی ہوں میں دوستوں کے ساتھ بیٹھی ہوئی ہوں بار بار فون کر کے مجھے تنگ نہ کرو,7_1_7_13,5.073560090702948,0.1437946707010269,clean_ok,ok,3,[CURR] اچھا ٹھیک ہے میں فون اب بند کر رہی ہوں میں دوستوں کے ساتھ بیٹھی ہوئی ہوں بار بار فون کر کے مجھے تنگ نہ کرو
audio/9_1_5_32.wav,Happy,ارے تو نے تو شاپنگ پہ جانا گوارا نہیں کیا ہمارے ساتھ,9_1_5_32,2.611655328798186,0.1243945360183715,clean_ok,ok,1,[CURR] ارے تو نے تو شاپنگ پہ جانا گوارا نہیں کیا ہمارے ساتھ
audio/1_0_4_46.wav,Disgust,کم از کم اس لڑکے کی حقیقت تو ہمارے سامنے اگئی ہے نا,1_0_4_46,3.436553287981859,0.135633111000061,clean_ok,ok,5,[CURR] کم از کم اس لڑکے کی حقیقت تو ہمارے سامنے اگئی ہے نا
audio/5_0_3_29.wav,Boredum,میں نے تو پلاٹ پسند کیا تھا,5_0_3_29,2.693514739229025,0.1335532665252685,clean_ok,ok,6,[CURR] میں نے تو پلاٹ پسند کیا تھا
audio/4_0_1_15.wav,Angry,اچھی طرح جانتی ہے نا میں کتنی محبت کرتا ہوں اپ سے,4_0_1_15,2.438072562358277,0.1123639270663261,clean_ok,ok,2,[CURR] اچھی طرح جانتی ہے نا میں کتنی محبت کرتا ہوں اپ سے
audio/5_0_4_23.wav,Disgust,اپ سے سوالات کیسے نہیں ہو سکتے,5_0_4_23,2.7399546485260773,0.1772878915071487,clean_ok,ok,5,[CURR] اپ سے سوالات کیسے نہیں ہو سکتے
audio/2_0_7_22.wav,Sad,مطلب یہ حادثہ تو کسی کے گھر بھی ہو سکتا تھا اپ کے گھر بھی ہو سکتا تھا,2_0_7_22,5.071609977324263,0.1309386491775512,clean_ok,ok,3,[CURR] مطلب یہ حادثہ تو کسی کے گھر بھی ہو سکتا تھا اپ کے گھر بھی ہو سکتا تھا
audio/2_0_1_17.wav,Angry,میں نے بہت برداشت کر لیا نکل جاؤ یہاں سے دفع ہو جاؤ,2_0_1_17,2.586893424036281,0.1954442709684372,clean_ok,ok,2,[CURR] میں نے بہت برداشت کر لیا نکل جاؤ یہاں سے دفع ہو جاؤ
audio/2_0_5_15.wav,Happy,انگلیاں چاٹتی رہ جاؤ,2_0_5_15,0.9718820861678004,0.1477137356996536,too_short,ok,1,[CURR] انگلیاں چاٹتی رہ جاؤ
audio/9_1_5_18.wav,Happy,میرے اللہ نے بہت نوازا ہے مجھے,9_1_5_18,2.644149659863946,0.1858839839696884,clean_ok,ok,1,[CURR] میرے اللہ نے بہت نوازا ہے مجھے
audio/7_1_7_05.wav,Sad,بڑے بھیا,7_1_7_05,0.9272562358276644,0.2056979984045028,too_short,ok,3,[CURR] بڑے بھیا
audio/7_1_5_30.wav,Happy,چھوڑیں مجھے اپ کو ایک گڈ نیوز دینی ہے,7_1_5_30,2.275555555555556,0.1437754780054092,clean_ok,ok,1,[CURR] چھوڑیں مجھے اپ کو ایک گڈ نیوز دینی ہے
audio/1_0_6_01.wav,Neutral,بیٹا اس کے لیے یہ بالکل نیا ماحول ہے تھوڑا برداشت کرو,1_0_6_01,4.08671201814059,0.1502517461776733,clean_ok,ok,0,[CURR] بیٹا اس کے لیے یہ بالکل نیا ماحول ہے تھوڑا برداشت کرو
audio/3_0_2_46.wav,Fear,جب خوشی کے ساتھ وہم شامل ہو جائے تو تیار رہنا چاہیے,3_0_2_46,6.849886621315193,0.081983670592308,clean_ok,ok,4,[CURR] جب خوشی کے ساتھ وہم شامل ہو جائے تو تیار رہنا چاہیے
audio/2_0_5_32.wav,Happy,کوئی دیکھ تو نہیں رہا میری طرف,2_0_5_32,1.3365079365079364,0.2039525657892227,clean_ok,ok,1,[CURR] کوئی دیکھ تو نہیں رہا میری طرف
audio/4_0_7_31.wav,Sad,تباہی مچا دی سب کچھ جلا کر راکھ کر دیا کچھ نہیں بچا,4_0_7_31,6.182789115646258,0.083779290318489,clean_ok,ok,3,[CURR] تباہی مچا دی سب کچھ جلا کر راکھ کر دیا کچھ نہیں بچا
audio/8_1_2_46.wav,Fear,میں بھی انسان ہوں کوئی پتھر نہیں ہوں جس کی زبان نہ ہو,8_1_2_46,3.349092970521542,0.1439567506313324,clean_ok,ok,4,[CURR] میں بھی انسان ہوں کوئی پتھر نہیں ہوں جس کی زبان نہ ہو
audio/8_1_2_24.wav,Fear,یہ سگریٹ کا دھوا نہیں ہے تمہارے خاندان کا وجود ہے جو تم دھوے میں اڑا رہے ہو,8_1_2_24,5.926439909297052,0.1289374828338623,clean_ok,ok,4,[CURR] یہ سگریٹ کا دھوا نہیں ہے تمہارے خاندان کا وجود ہے جو تم دھوے میں اڑا رہے ہو
audio/8_1_7_01.wav,Sad,ماما اپنوں کو تو معاف کر دیا جاتا ہے,8_1_7_01,2.729047619047619,0.1396185457706451,clean_ok,ok,3,[CURR] ماما اپنوں کو تو معاف کر دیا جاتا ہے
audio/6_1_3_09.wav,Boredum,نعیم صاحب لیکن,6_1_3_09,1.5675056689342404,0.1836316138505935,clean_ok,ok,6,[CURR] نعیم صاحب لیکن
audio/7_1_1_19.wav,Angry,اتار کے پھینکو یہ پلاسٹر,7_1_1_19,2.020136054421769,0.1556398272514343,clean_ok,ok,2,[CURR] اتار کے پھینکو یہ پلاسٹر
audio/5_0_2_29.wav,Fear,یہ بتاؤ کیا کر سکتے ہیں لیکن گناہ تو ہوا ہے نا,5_0_2_29,4.307301587301588,0.0969550013542175,clean_ok,ok,4,[CURR] یہ بتاؤ کیا کر سکتے ہیں لیکن گناہ تو ہوا ہے نا
audio/4_0_6_39.wav,Neutral,نوکر ہونا صاحب نوکر ہونے کے سارے تقاضے پورے کرتا ہوں,4_0_6_39,4.359455782312925,0.1464681774377823,clean_ok,ok,0,[CURR] نوکر ہونا صاحب نوکر ہونے کے سارے تقاضے پورے کرتا ہوں
audio/4_0_3_45.wav,Boredum,یہ میرے میرے جیسا تو نہیں ہے نا ہیں نا نہیں ہے نا,4_0_3_45,4.051882086167801,0.1879610568284988,clean_ok,ok,6,[CURR] یہ میرے میرے جیسا تو نہیں ہے نا ہیں نا نہیں ہے نا
audio/10_1_4_33.wav,Disgust,یہ پنسورہ نہیں ہے جنتری ہے بدبخت,10_1_4_33,2.3336054421768706,0.0994487553834915,clean_ok,ok,5,[CURR] یہ پنسورہ نہیں ہے جنتری ہے بدبخت
audio/2_0_5_29.wav,Happy,اس کو بھی بلا لیتے,2_0_5_29,1.0792063492063493,0.2349578589200973,clean_ok,ok,1,[CURR] اس کو بھی بلا لیتے
audio/5_0_6_46.wav,Neutral,ویسے میں اپنی طرف سے بھی اپ کی سے میں نہیں بتا رہا,5_0_6_46,3.1579138321995464,0.1601119488477707,clean_ok,ok,0,[CURR] ویسے میں اپنی طرف سے بھی اپ کی سے میں نہیں بتا رہا
audio/3_0_5_33.wav,Happy,سن کر جی اٹھیں گے دیکھنا,3_0_5_33,3.93578231292517,0.1228955015540123,clean_ok,ok,1,[CURR] سن کر جی اٹھیں گے دیکھنا
audio/5_0_6_43.wav,Neutral,پر جو ہوتا ہے بھلے کے لیے ہی ہوتا ہے,5_0_6_43,3.3668934240362813,0.1044017523527145,clean_ok,ok,0,[CURR] پر جو ہوتا ہے بھلے کے لیے ہی ہوتا ہے
audio/7_1_2_18.wav,Fear,اپ وقت دیکھیں ساڑھے سات بج رہے ہیں,7_1_2_18,3.192743764172336,0.0629065036773681,clean_ok,ok,4,[CURR] اپ وقت دیکھیں ساڑھے سات بج رہے ہیں
audio/2_0_2_01.wav,Fear,یہ سب کچھ یہاں سے جتنی جلدی ہو صاف کرو فوراً,2_0_2_01,2.7682086167800453,0.1407238543033599,clean_ok,ok,4,[CURR] یہ سب کچھ یہاں سے جتنی جلدی ہو صاف کرو فوراً
audio/8_1_7_09.wav,Sad,اُن سب کی مرضی جانے بنا کیسے ہوگیا یہ رشتہ,8_1_7_09,3.487687074829932,0.144909992814064,clean_ok,ok,3,[CURR] اُن سب کی مرضی جانے بنا کیسے ہوگیا یہ رشتہ
audio/9_1_7_35.wav,Sad,میرا اور تمہارا دکھ زیادہ مختلف نہیں رابیل,9_1_7_35,5.048185941043084,0.1159903556108474,clean_ok,ok,3,[CURR] میرا اور تمہارا دکھ زیادہ مختلف نہیں رابیل
audio/4_0_4_47.wav,Disgust,اور جا جا کر اماں کو روک مجھے نہیں کرنی شادی وادی,4_0_4_47,2.47718820861678,0.1165722534060478,clean_ok,ok,5,[CURR] اور جا جا کر اماں کو روک مجھے نہیں کرنی شادی وادی
audio/1_0_1_11.wav,Angry,اس لیے کہ تم میری اکلوتی اولاد ہو نہیں کھونا چاہتا تمہیں,1_0_1_11,3.4481632653061225,0.1628231108188629,clean_ok,ok,2,[CURR] اس لیے کہ تم میری اکلوتی اولاد ہو نہیں کھونا چاہتا تمہیں
audio/1_0_2_10.wav,Fear,کچھ تو بھرم رہ جائے گا,1_0_2_10,1.555736961451247,0.1247894167900085,clean_ok,ok,4,[CURR] کچھ تو بھرم رہ جائے گا
audio/4_0_4_50.wav,Disgust,جب بھی بات میری عزت پر اتی ہے میرا خود پر قابو نہیں رہتا,4_0_4_50,3.468390022675737,0.1363388150930404,clean_ok,ok,5,[CURR] جب بھی بات میری عزت پر اتی ہے میرا خود پر قابو نہیں رہتا
audio/1_0_6_24.wav,Neutral,اچھا ٹھیک ہے میں بدر سے کہہ دوں گا وہ لے جائے گا اپ لوگوں کو,1_0_6_24,2.995374149659864,0.133259892463684,clean_ok,ok,0,[CURR] اچھا ٹھیک ہے میں بدر سے کہہ دوں گا وہ لے جائے گا اپ لوگوں کو
audio/4_0_2_42.wav,Fear,مجھے اپ سے کہتے ہوئے یہ بہت افسوس ہو رہا ہے میں شرمندہ ہوں لیکن,4_0_2_42,3.580793650793651,0.2031953632831573,clean_ok,ok,4,[CURR] مجھے اپ سے کہتے ہوئے یہ بہت افسوس ہو رہا ہے میں شرمندہ ہوں لیکن
audio/4_0_1_19.wav,Angry,بار بار ایک بات کیوں دہراتی ہو تم,4_0_1_19,2.04108843537415,0.3182495236396789,clean_ok,ok,2,[CURR] بار بار ایک بات کیوں دہراتی ہو تم
audio/10_1_2_13.wav,Fear,کبھی کبھی کبھی کبھی میرا دل چاہتا ہے کہ میں,10_1_2_13,3.85655328798186,0.0890140011906623,clean_ok,ok,4,[CURR] کبھی کبھی کبھی کبھی میرا دل چاہتا ہے کہ میں
audio/7_1_4_07.wav,Disgust,شکل دیکھی ہے ائینے میں,7_1_4_07,1.316553287981859,0.1600197404623031,clean_ok,ok,5,[CURR] شکل دیکھی ہے ائینے میں
audio/9_1_1_29.wav,Angry,ا ہائےعقل کا کچھ نہیں,9_1_1_29,2.554784580498866,0.1446341574192047,clean_ok,ok,2,[CURR] ا ہائےعقل کا کچھ نہیں
audio/2_0_7_31.wav,Sad,ایسے حساب رکھوں گا میں ان گزرتے لمحوں کا,2_0_7_31,3.2624036281179136,0.1315983831882476,clean_ok,ok,3,[CURR] ایسے حساب رکھوں گا میں ان گزرتے لمحوں کا
audio/5_0_4_24.wav,Disgust,دیکھیں اگر رب مجھے نواز رہا ہے تو اپ کو کیا تکلیف ہے,5_0_4_24,2.90249433106576,0.1656876504421234,clean_ok,ok,5,[CURR] دیکھیں اگر رب مجھے نواز رہا ہے تو اپ کو کیا تکلیف ہے
audio/3_0_6_48.wav,Neutral,اللہ والے لوگ ہیں بھائی خبر نہ ملے تو خبر ہو جاتی ہے,3_0_6_48,6.0836281179138325,0.0490363724529743,clean_ok,ok,0,[CURR] اللہ والے لوگ ہیں بھائی خبر نہ ملے تو خبر ہو جاتی ہے
audio/7_1_5_34.wav,Happy,یہ تو زبردست ہو گیا,7_1_5_34,1.8459863945578232,0.1933179795742035,clean_ok,ok,1,[CURR] یہ تو زبردست ہو گیا
audio/7_1_4_31.wav,Disgust,اپنی یہ چوہدراہٹ مجھے دکھانے کی کوشش نہ کرو,7_1_4_31,2.681904761904762,0.1096215173602104,clean_ok,ok,5,[CURR] اپنی یہ چوہدراہٹ مجھے دکھانے کی کوشش نہ کرو
audio/1_0_1_34.wav,Angry,تو کیا کرتا جو وہ کرنے جا رہی تھی شاباشی دیتا اسے میں,1_0_1_34,4.5859410430839,0.2183234691619873,clean_ok,ok,2,[CURR] تو کیا کرتا جو وہ کرنے جا رہی تھی شاباشی دیتا اسے میں
audio/6_1_4_13.wav,Disgust,میں نہیں بیٹھ سکتی اس کے پاس میرا نہیں دل چاہتا,6_1_4_13,3.1463038548752835,0.0999835431575775,clean_ok,ok,5,[CURR] میں نہیں بیٹھ سکتی اس کے پاس میرا نہیں دل چاہتا
audio/6_1_6_26.wav,Neutral,ویسے بھی کام والا بندہ زیادہ دیر تک بستر پر نہیں پڑا رہ سکتا,6_1_6_26,3.462562358276644,0.0856139063835144,clean_ok,ok,0,[CURR] ویسے بھی کام والا بندہ زیادہ دیر تک بستر پر نہیں پڑا رہ سکتا
audio/8_1_1_45.wav,Angry,زیادہ معصوم بننے کی ضرورت نہیں ہے,8_1_1_45,1.716621315192744,0.2100916057825088,clean_ok,ok,2,[CURR] زیادہ معصوم بننے کی ضرورت نہیں ہے
audio/10_1_4_15.wav,Disgust,یا قرض ادا کرنے کی طاقت نہیں رکھتے,10_1_4_15,2.2639455782312927,0.0868631303310394,clean_ok,ok,5,[CURR] یا قرض ادا کرنے کی طاقت نہیں رکھتے
audio/2_0_3_04.wav,Boredum,ہمارا کوشش کرنا بنتا نہیں ہے,2_0_3_04,2.219750566893424,0.1721482276916504,clean_ok,ok,6,[CURR] ہمارا کوشش کرنا بنتا نہیں ہے
audio/10_1_6_45.wav,Neutral,اس زمانے کے سب سے بڑے خطاط ہیں وہ,10_1_6_45,2.3568253968253967,0.152857095003128,clean_ok,ok,0,[CURR] اس زمانے کے سب سے بڑے خطاط ہیں وہ
audio/6_1_2_19.wav,Fear,کے پاس سے چلے جاؤ رات کو ا جاؤں گی,6_1_2_19,2.3244444444444445,0.1254933178424835,clean_ok,ok,4,[CURR] کے پاس سے چلے جاؤ رات کو ا جاؤں گی
audio/3_0_5_19.wav,Happy,بی اے کا سن کر بولے لے ائیے گا میرے پاس,3_0_5_19,3.053424036281179,0.070691093802452,clean_ok,ok,1,[CURR] بی اے کا سن کر بولے لے ائیے گا میرے پاس
audio/1_0_3_44.wav,Boredum,کس کی کیا اوقات ہے یہ دولت نہیں وقت طے کرتا ہے,1_0_3_44,7.918004535147392,0.1096925437450409,clean_ok,ok,6,[CURR] کس کی کیا اوقات ہے یہ دولت نہیں وقت طے کرتا ہے
audio/3_0_1_33.wav,Angry,کہ ہم تمہاری شادی نرمین سے کرنا چاہتے ہیں,3_0_1_33,2.69124716553288,0.1094942763447761,clean_ok,ok,2,[CURR] کہ ہم تمہاری شادی نرمین سے کرنا چاہتے ہیں
audio/10_1_4_39.wav,Disgust,تم کو بندے والے بھی کام کر لیا کرو,10_1_4_39,1.799546485260771,0.1714300960302353,clean_ok,ok,5,[CURR] تم کو بندے والے بھی کام کر لیا کرو
audio/8_1_5_41.wav,Happy,ساری زندگی ان کی احسان مند رہوں گی,8_1_5_41,2.36843537414966,0.1936103701591491,clean_ok,ok,1,[CURR] ساری زندگی ان کی احسان مند رہوں گی
audio/6_1_6_15.wav,Neutral,یار کوئی ضروری کام تھا,6_1_6_15,1.6718367346938776,0.1006228029727935,clean_ok,ok,0,[CURR] یار کوئی ضروری کام تھا
audio/10_1_3_01.wav,Boredum,ہاں ہاں مجھے پتہ ہے,10_1_3_01,1.6054195011337868,0.1134720519185066,clean_ok,ok,6,[CURR] ہاں ہاں مجھے پتہ ہے
audio/1_0_5_18.wav,Happy,اب تم نے بالکل رونا وونا نہیں ہے پرانی باتوں کو بھول جاؤ ہم نے بھی بھلا دی ہیں,1_0_5_18,4.794920634920635,0.1440770179033279,clean_ok,ok,1,[CURR] اب تم نے بالکل رونا وونا نہیں ہے پرانی باتوں کو بھول جاؤ ہم نے بھی بھلا دی ہیں
audio/2_0_7_10.wav,Sad,ہاں میرے خیال میں مناسب رہے گا یہ مہینہ,2_0_7_10,2.907233560090703,0.1148208975791931,clean_ok,ok,3,[CURR] ہاں میرے خیال میں مناسب رہے گا یہ مہینہ
audio/2_0_7_50.wav,Sad,کچھ نہیں بس ایسے ہی,2_0_7_50,1.4660544217687077,0.1418743282556533,clean_ok,ok,3,[CURR] کچھ نہیں بس ایسے ہی
audio/1_0_1_23.wav,Angry,کہ تمہارا بیٹا نیک پرہیزگار شرم اور حیا والا ہے,1_0_1_23,3.778140589569161,0.1822113990783691,clean_ok,ok,2,[CURR] کہ تمہارا بیٹا نیک پرہیزگار شرم اور حیا والا ہے
audio/3_0_5_13.wav,Happy,تمہاری ملاقات ہو جایا کرے گی,3_0_5_13,7.012426303854875,0.1521792411804199,clean_ok,ok,1,[CURR] تمہاری ملاقات ہو جایا کرے گی
audio/8_1_4_20.wav,Disgust,جسے تم صرف اور صرف اپنے مطاحیات کا نام دیا کرتے تھے,8_1_4_20,4.395170068027211,0.1031353995203971,clean_ok,ok,5,[CURR] جسے تم صرف اور صرف اپنے مطاحیات کا نام دیا کرتے تھے
audio/3_0_2_40.wav,Fear,اب دیکھو نا اگر میں ماں بیٹے کو جدا کروں گا تو کیا خدا خوش ہو جائے گا,3_0_2_40,6.489977324263038,0.1032821238040924,clean_ok,ok,4,[CURR] اب دیکھو نا اگر میں ماں بیٹے کو جدا کروں گا تو کیا خدا خوش ہو جائے گا
audio/3_0_2_48.wav,Fear,ارے بھول گئی یہاں سے ہجرت کرنے کے ڈراوے دیتا رہتا ہے,3_0_2_48,6.901678004535148,0.1674715876579284,clean_ok,ok,4,[CURR] ارے بھول گئی یہاں سے ہجرت کرنے کے ڈراوے دیتا رہتا ہے
audio/3_0_6_39.wav,Neutral,مجھے ان باتوں کا ثبوت نہیں ملا,3_0_6_39,3.076643990929705,0.0269194692373275,clean_ok,ok,0,[CURR] مجھے ان باتوں کا ثبوت نہیں ملا
audio/1_0_1_47.wav,Angry,ابھی تک میری ٹیبل پر نہیں ائی ہے وہ کیا کرتے رہتے ہو تم لوگ سارا دن,1_0_1_47,3.6919727891156464,0.1888064295053482,clean_ok,ok,2,[CURR] ابھی تک میری ٹیبل پر نہیں ائی ہے وہ کیا کرتے رہتے ہو تم لوگ سارا دن
audio/5_0_1_08.wav,Angry,انگوٹھی نہیں پہنی گئی,5_0_1_08,4.330521541950113,0.2161106765270233,clean_ok,ok,2,[CURR] انگوٹھی نہیں پہنی گئی
audio/7_1_3_40.wav,Boredum,میں کون سا اپ کے بغیر رہ سکتی ہوں,7_1_3_40,2.8212244897959184,0.1886496692895889,clean_ok,ok,6,[CURR] میں کون سا اپ کے بغیر رہ سکتی ہوں
audio/6_1_7_24.wav,Sad,تُو کس عذاب میں پھنس گئی یہ,6_1_7_24,2.5717913832199546,0.1334869414567947,clean_ok,ok,3,[CURR] تُو کس عذاب میں پھنس گئی یہ
audio/10_1_2_49.wav,Fear,ابا اپ ٹھیک تو ہیں نا ابا,10_1_2_49,2.0077097505668933,0.1250621378421783,clean_ok,ok,4,[CURR] ابا اپ ٹھیک تو ہیں نا ابا
audio/5_0_7_25.wav,Sad,کچھ نہیں بیٹا بس چکر اگئے تھے بیٹا چکر اگئے تھے ٹھیک ہو میں,5_0_7_25,5.537959183673469,0.0621918328106403,clean_ok,ok,3,[CURR] کچھ نہیں بیٹا بس چکر اگئے تھے بیٹا چکر اگئے تھے ٹھیک ہو میں
audio/5_0_2_33.wav,Fear,سر کیا کہہ رہے ہیں اواز نہیں ارہی سر بالکل نہیں اواز نہیں ا رہی سر,5_0_2_33,4.249251700680272,0.1998438686132431,clean_ok,ok,4,[CURR] سر کیا کہہ رہے ہیں اواز نہیں ارہی سر بالکل نہیں اواز نہیں ا رہی سر
audio/10_1_3_30.wav,Boredum,سوچ رہی ہوں,10_1_3_30,0.9352607709750568,0.0684210434556007,too_short,ok,6,[CURR] سوچ رہی ہوں
audio/2_0_2_19.wav,Fear,اب میڈیا میں کیس اچھلے گا اخباروں میں ائے گا پھر عدالتوں کے چکر لگیں گ,2_0_2_19,3.9669160997732416,0.1427933424711227,clean_ok,ok,4,[CURR] اب میڈیا میں کیس اچھلے گا اخباروں میں ائے گا پھر عدالتوں کے چکر لگیں گ
audio/6_1_2_17.wav,Fear,میں نے کہا یہاں سے چلے جاؤ کچھ دیر اور یہاں بیٹھے کچھ نہ کچھ ہو جائے گا,6_1_2_17,3.481201814058957,0.1084175854921341,clean_ok,ok,4,[CURR] میں نے کہا یہاں سے چلے جاؤ کچھ دیر اور یہاں بیٹھے کچھ نہ کچھ ہو جائے گا
audio/8_1_2_28.wav,Fear,جو لوگ تم سے اتنی محبت کرتے ہیں تمہیں ان کی کوئی فکر نہیں ہے تم اتنے خود غرض ہو,8_1_2_28,4.90374149659864,0.1538549810647964,clean_ok,ok,4,[CURR] جو لوگ تم سے اتنی محبت کرتے ہیں تمہیں ان کی کوئی فکر نہیں ہے تم اتنے خود غرض ہو
audio/5_0_4_05.wav,Disgust,وال چٹے ہو جائیں تو دماغ میں کوئی رنگ ونگ نہیں رہتا,5_0_4_05,5.816598639455783,0.1432364881038665,clean_ok,ok,5,[CURR] وال چٹے ہو جائیں تو دماغ میں کوئی رنگ ونگ نہیں رہتا
audio/6_1_4_33.wav,Disgust,جی نہیں کوئی بات نہیں ہے اور ویسے بھی میں کسی کو منہ نہیں لگاتی,6_1_4_33,4.20281179138322,0.1067669987678527,clean_ok,ok,5,[CURR] جی نہیں کوئی بات نہیں ہے اور ویسے بھی میں کسی کو منہ نہیں لگاتی
audio/7_1_1_33.wav,Angry,کوئی حیثیت کوئی عزت ہے میری اس گھر میں,7_1_1_33,2.650294784580499,0.1463304013013839,clean_ok,ok,2,[CURR] کوئی حیثیت کوئی عزت ہے میری اس گھر میں
audio/4_0_3_39.wav,Boredum,محبت کے بغیر رہنا نفرت کے ساتھ جینا,4_0_3_39,2.5957142857142856,0.1654452979564666,clean_ok,ok,6,[CURR] محبت کے بغیر رہنا نفرت کے ساتھ جینا
audio/2_0_7_01.wav,Sad,نایاب نے چھت سے کود کر خود کشی کر لی ہے,2_0_7_01,3.785736961451247,0.1215889751911163,clean_ok,ok,3,[CURR] نایاب نے چھت سے کود کر خود کشی کر لی ہے
audio/3_0_4_44.wav,Disgust,مولوی کو بس مسجد تک ہی رہنے دو,3_0_4_44,3.541043083900227,0.1326376497745514,clean_ok,ok,5,[CURR] مولوی کو بس مسجد تک ہی رہنے دو
audio/4_0_3_13.wav,Boredum,نہیں نہیں اماں پسند وسند کوئی نہیں ہے مجھے,4_0_3_13,3.93578231292517,0.1535686254501342,clean_ok,ok,6,[CURR] نہیں نہیں اماں پسند وسند کوئی نہیں ہے مجھے
audio/7_1_6_11.wav,Neutral,صحیح کہا اپ نے,7_1_6_11,1.1026530612244898,0.1344936788082122,clean_ok,ok,0,[CURR] صحیح کہا اپ نے
audio/7_1_7_12.wav,Sad,ٹھیک ہے ٹھیک ہے میں نے معاف کیا اگر دوبارہ اگر,7_1_7_12,4.690430839002268,0.1104150414466857,clean_ok,ok,3,[CURR] ٹھیک ہے ٹھیک ہے میں نے معاف کیا اگر دوبارہ اگر
audio/10_1_7_15.wav,Sad,ہر ہر وقت روتے رہتے ہیں,10_1_7_15,3.1286167800453515,0.1161306351423263,clean_ok,ok,3,[CURR] ہر ہر وقت روتے رہتے ہیں
audio/9_1_3_43.wav,Boredum,ماں کا دل بڑا ہو نہ ہو ماں کا دل مجبور بڑا ہوتا ہے,9_1_3_43,7.313378684807256,0.0865617766976356,clean_ok,ok,6,[CURR] ماں کا دل بڑا ہو نہ ہو ماں کا دل مجبور بڑا ہوتا ہے
audio/1_0_3_05.wav,Boredum,لاکھ ان کو دل سے نکالنا چاہو نہیں نکلتے,1_0_3_05,5.2477097505668935,0.1007264256477356,clean_ok,ok,6,[CURR] لاکھ ان کو دل سے نکالنا چاہو نہیں نکلتے
audio/1_0_4_07.wav,Disgust,پھر محبت کرنا ضروری ہے کیا ضرورتیں تو پوری ہو رہی ہیں اس کی,1_0_4_07,4.771700680272109,0.1273548305034637,clean_ok,ok,5,[CURR] پھر محبت کرنا ضروری ہے کیا ضرورتیں تو پوری ہو رہی ہیں اس کی
audio/4_0_4_49.wav,Disgust,کبھی کبھی ہمیں تو پتہ نہیں ہوتا انے والا ایک لمحہ ہمارے لیے ایک دشمن لے کے ا رہا ہے,4_0_4_49,3.66875283446712,0.1054178327322006,clean_ok,ok,5,[CURR] کبھی کبھی ہمیں تو پتہ نہیں ہوتا انے والا ایک لمحہ ہمارے لیے ایک دشمن لے کے ا رہا ہے
audio/4_0_5_24.wav,Happy,تمہیں سوچتے ہی دل ایک انجانی سی خوشی سے سرشار ہونے لگ جاتا ہے ایک ایک دن,4_0_5_24,4.400907029478458,0.0779370367527008,clean_ok,ok,1,[CURR] تمہیں سوچتے ہی دل ایک انجانی سی خوشی سے سرشار ہونے لگ جاتا ہے ایک ایک دن
audio/7_1_1_13.wav,Angry,کہ مجھ سے پوچھنا گوارا نہیں کیا کسی نے,7_1_1_13,2.1942857142857144,0.2318078428506851,clean_ok,ok,2,[CURR] کہ مجھ سے پوچھنا گوارا نہیں کیا کسی نے
audio/8_1_2_10.wav,Fear,یہ غلط ہے,8_1_2_10,1.938866213151928,0.0515328310430049,clean_ok,ok,4,[CURR] یہ غلط ہے
audio/1_0_6_23.wav,Neutral,یہ تو بہت اچھا کیا ہے تم نے,1_0_6_23,1.3699773242630386,0.1516114622354507,clean_ok,ok,0,[CURR] یہ تو بہت اچھا کیا ہے تم نے
audio/2_0_5_27.wav,Happy,خالہ کی تنہائی دور کر دی جائے تو,2_0_5_27,2.046485260770975,0.1082330495119094,clean_ok,ok,1,[CURR] خالہ کی تنہائی دور کر دی جائے تو
audio/7_1_7_49.wav,Sad,کوئی ڈراؤنا خواب,7_1_7_49,1.1903854875283446,0.1518028825521469,clean_ok,ok,3,[CURR] کوئی ڈراؤنا خواب
audio/9_1_6_29.wav,Neutral,اور ایسے معاملات میں اپنے آپ کو صاف بچا لیتے ہیں,9_1_6_29,3.320861678004535,0.1374590098857879,clean_ok,ok,0,[CURR] اور ایسے معاملات میں اپنے آپ کو صاف بچا لیتے ہیں
audio/7_1_3_50.wav,Boredum,ناشتہ ہی تو تھا اپ بنا دیتی,7_1_3_50,2.2987755102040817,0.1693564802408218,clean_ok,ok,6,[CURR] ناشتہ ہی تو تھا اپ بنا دیتی
audio/4_0_6_04.wav,Neutral,مجھے تمہارا وکیل مقرر کیا گیا ہے تمہاری رضامندی پوچھنے کے لیے ایا ہوں,4_0_6_04,3.4958956916099773,0.1518962830305099,clean_ok,ok,0,[CURR] مجھے تمہارا وکیل مقرر کیا گیا ہے تمہاری رضامندی پوچھنے کے لیے ایا ہوں
audio/3_0_3_37.wav,Boredum,ایسے شہر میں ہوتے ہیں تو ناگا نہیں کرتے,3_0_3_37,3.5812244897959182,0.1327471435070037,clean_ok,ok,6,[CURR] ایسے شہر میں ہوتے ہیں تو ناگا نہیں کرتے
audio/7_1_6_45.wav,Neutral,میں اس بیچارے بچے کو زبردستی اپنی گود میں بٹھا کے تھوڑی لے کر جا رہی ہوں,7_1_6_45,4.237641723356009,0.1624013483524322,clean_ok,ok,0,[CURR] میں اس بیچارے بچے کو زبردستی اپنی گود میں بٹھا کے تھوڑی لے کر جا رہی ہوں
audio/9_1_7_18.wav,Sad,ارے تم کیا جانو میرے دل کی حالت,9_1_7_18,1.748185941043084,0.2188110947608947,clean_ok,ok,3,[CURR] ارے تم کیا جانو میرے دل کی حالت
audio/3_0_2_24.wav,Fear,اوئے رک کہاں جا رہا ہے,3_0_2_24,1.7027891156462585,0.1865147203207016,clean_ok,ok,4,[CURR] اوئے رک کہاں جا رہا ہے
audio/7_1_3_28.wav,Boredum,پتہ نہیں کون جاہل لوگ ہوتے ہیں,7_1_3_28,1.7629478458049888,0.1533391922712326,clean_ok,ok,6,[CURR] پتہ نہیں کون جاہل لوگ ہوتے ہیں
audio/6_1_5_26.wav,Happy,چائے پیتے جائیے,6_1_5_26,1.14281179138322,0.0887340828776359,clean_ok,ok,1,[CURR] چائے پیتے جائیے
audio/6_1_6_10.wav,Neutral,نا نا جی نے قاضی صاحب میں کیا دیکھا تھا,6_1_6_10,2.147845804988662,0.051876213401556,clean_ok,ok,0,[CURR] نا نا جی نے قاضی صاحب میں کیا دیکھا تھا
audio/4_0_7_24.wav,Sad,وہ بھی کہاں خوش ہے جان پوری,4_0_7_24,1.5722222222222222,0.1489094048738479,clean_ok,ok,3,[CURR] وہ بھی کہاں خوش ہے جان پوری
audio/4_0_6_13.wav,Neutral,اصل میں میری یہ خواہش ہے میری ایک دعا ہے,4_0_6_13,3.039387755102041,0.1170974597334861,clean_ok,ok,0,[CURR] اصل میں میری یہ خواہش ہے میری ایک دعا ہے
audio/1_0_3_33.wav,Boredum,اتنا بھی ٹھیک نہیں ہوں بیٹا اور پھر تم ہو نا وہاں,1_0_3_33,4.945850340136055,0.1168164238333702,clean_ok,ok,6,[CURR] اتنا بھی ٹھیک نہیں ہوں بیٹا اور پھر تم ہو نا وہاں
audio/3_0_5_06.wav,Happy,دیکھا کیسی ٹی ٹی کر کے بولی ہے نا,3_0_5_06,3.761632653061224,0.1171540692448616,clean_ok,ok,1,[CURR] دیکھا کیسی ٹی ٹی کر کے بولی ہے نا
audio/6_1_2_15.wav,Fear,مجھے کیا پتا یار تیرا منگیتر ہے تجھے پتہ ہو مجھ سے کیوں پوچھ رہی ہے,6_1_2_15,4.941428571428571,0.1237153708934784,clean_ok,ok,4,[CURR] مجھے کیا پتا یار تیرا منگیتر ہے تجھے پتہ ہو مجھ سے کیوں پوچھ رہی ہے
audio/2_0_3_36.wav,Boredum,جانتا ہوں میں کہ یہ کوئی غلط فہمی ہے,2_0_3_36,1.7033560090702948,0.1622280925512313,clean_ok,ok,6,[CURR] جانتا ہوں میں کہ یہ کوئی غلط فہمی ہے
audio/6_1_2_16.wav,Fear,صوبیہ میرا خیال ہے مجھے چلنا چاہیے بہت دیر ہو گئی ہے,6_1_2_16,2.557074829931973,0.1443729847669601,clean_ok,ok,4,[CURR] صوبیہ میرا خیال ہے مجھے چلنا چاہیے بہت دیر ہو گئی ہے
audio/3_0_4_40.wav,Disgust,یہ تمہاری ماں کی واپسی کب ہوگی,3_0_4_40,2.5999092970521542,0.10634795576334,clean_ok,ok,5,[CURR] یہ تمہاری ماں کی واپسی کب ہوگی
audio/5_0_2_05.wav,Fear,اچھا بابا میں جا کر لے اتا ہوں,5_0_2_05,1.7298866213151929,0.0760739147663116,clean_ok,ok,4,[CURR] اچھا بابا میں جا کر لے اتا ہوں
audio/5_0_3_21.wav,Boredum,اس گھر میں لوئ وہ لڑکی,5_0_3_21,2.8676643990929707,0.1473345607519149,clean_ok,ok,6,[CURR] اس گھر میں لوئ وہ لڑکی
audio/2_0_3_10.wav,Boredum,اس کے اس کو پریس اور میڈیا سے بالکل دور رکھیں,2_0_3_10,3.164557823129252,0.1636313945055008,clean_ok,ok,6,[CURR] اس کے اس کو پریس اور میڈیا سے بالکل دور رکھیں
audio/10_1_5_22.wav,Happy,میں سُنوں گی بھی نہیں,10_1_5_22,1.1493877551020408,0.1723227798938751,clean_ok,ok,1,[CURR] میں سُنوں گی بھی نہیں
audio/1_0_6_15.wav,Neutral,یہ بتاؤ کوئی پیسوں ویسوں کی ضرورت ہے,1_0_6_15,2.2175056689342405,0.1237750649452209,clean_ok,ok,0,[CURR] یہ بتاؤ کوئی پیسوں ویسوں کی ضرورت ہے
audio/7_1_3_49.wav,Boredum,مطلب کوئی پریشانی کی بات تو نہیں ہے,7_1_3_49,2.043356009070295,0.2092837393283844,clean_ok,ok,6,[CURR] مطلب کوئی پریشانی کی بات تو نہیں ہے
audio/5_0_1_09.wav,Angry,جوان خون ہے اب تو نے بھی جوانی میں عشق کیا تھا,5_0_1_09,4.121541950113379,0.226827785372734,clean_ok,ok,2,[CURR] جوان خون ہے اب تو نے بھی جوانی میں عشق کیا تھا
audio/5_0_2_24.wav,Fear,اس کا مطلب ہے کہ اس کا موبائل ابھی بھی اس گھر میں ہے,5_0_2_24,2.844444444444445,0.1317168325185775,clean_ok,ok,4,[CURR] اس کا مطلب ہے کہ اس کا موبائل ابھی بھی اس گھر میں ہے
audio/1_0_5_43.wav,Happy,سنو ایک ائیڈیا ایا ہے,1_0_5_43,2.647074829931973,0.0846651345491409,clean_ok,ok,1,[CURR] سنو ایک ائیڈیا ایا ہے
audio/9_1_7_14.wav,Sad,اتنا سا کام کہا تھا وہ بھی نہ ہوسکا تجھ سے,9_1_7_14,2.025487528344671,0.1718875914812088,clean_ok,ok,3,[CURR] اتنا سا کام کہا تھا وہ بھی نہ ہوسکا تجھ سے
audio/2_0_5_39.wav,Happy,میرے سامنے کھڑا ہے چودری نزاکت چل شروع ہوجا,2_0_5_39,2.53702947845805,0.1758493483066558,clean_ok,ok,1,[CURR] میرے سامنے کھڑا ہے چودری نزاکت چل شروع ہوجا
audio/7_1_7_35.wav,Sad,اس سے کیا ہوگا,7_1_7_35,1.306326530612245,0.1328462213277816,clean_ok,ok,3,[CURR] اس سے کیا ہوگا
audio/6_1_5_20.wav,Happy,کیا ہے نہ دیکھو نا مجھے اس طرح,6_1_5_20,2.020136054421769,0.1282968074083328,clean_ok,ok,1,[CURR] کیا ہے نہ دیکھو نا مجھے اس طرح
audio/2_0_3_24.wav,Boredum,تمہاری بیوی اور اسد کو ایک ساتھ گھومتے پھرتے دیکھ لیا تھا,2_0_3_24,3.76281179138322,0.1850067526102066,clean_ok,ok,6,[CURR] تمہاری بیوی اور اسد کو ایک ساتھ گھومتے پھرتے دیکھ لیا تھا
audio/7_1_3_36.wav,Boredum,سکول جا کر کیا کرنا تھا اماں جی,7_1_3_36,2.748866213151928,0.1730331927537918,clean_ok,ok,6,[CURR] سکول جا کر کیا کرنا تھا اماں جی
audio/7_1_6_09.wav,Neutral,اا آپ کا نام کیا ہے میں پوچھ سکتی ہوں,7_1_6_09,2.5043310657596374,0.1683040559291839,clean_ok,ok,0,[CURR] اا آپ کا نام کیا ہے میں پوچھ سکتی ہوں
audio/4_0_1_12.wav,Angry,اور سمجھا دیجیے اپنی بیٹی کو,4_0_1_12,1.7995238095238095,0.2741734087467193,clean_ok,ok,2,[CURR] اور سمجھا دیجیے اپنی بیٹی کو
audio/4_0_6_43.wav,Neutral,میرے سارے کا سارا بچپن چھوٹی بیگم صاحبہ اور بڑی بیگم صاحبہ کے ساتھ گزرا,4_0_6_43,4.223605442176871,0.1442795395851135,clean_ok,ok,0,[CURR] میرے سارے کا سارا بچپن چھوٹی بیگم صاحبہ اور بڑی بیگم صاحبہ کے ساتھ گزرا
audio/9_1_4_43.wav,Disgust,یہ سرا سر نا انصافی اور خودغرضی ہے,9_1_4_43,2.69609977324263,0.1178501322865486,clean_ok,ok,5,[CURR] یہ سرا سر نا انصافی اور خودغرضی ہے
audio/2_0_5_12.wav,Happy,کمال ہے یار تو تو چھا گیا,2_0_5_12,2.14297052154195,0.1594613492488861,clean_ok,ok,1,[CURR] کمال ہے یار تو تو چھا گیا
audio/6_1_4_03.wav,Disgust,میں کام کر رہی تھی میرے ایک ہاتھ میں جھاڑو ہیں اور دوسرے میں فون,6_1_4_03,3.959002267573696,0.1020460948348045,clean_ok,ok,5,[CURR] میں کام کر رہی تھی میرے ایک ہاتھ میں جھاڑو ہیں اور دوسرے میں فون
audio/9_1_4_37.wav,Disgust,پاگل ہو گئی ہو ساری رات جاگی ہو,9_1_4_37,2.254172335600907,0.1487998962402343,clean_ok,ok,5,[CURR] پاگل ہو گئی ہو ساری رات جاگی ہو
audio/10_1_1_19.wav,Angry,بہت بڑی غیرت ہے نا آپ کی بہت غیرت ہے آپ میں,10_1_1_19,2.423673469387756,0.101248413324356,clean_ok,ok,2,[CURR] بہت بڑی غیرت ہے نا آپ کی بہت غیرت ہے آپ میں
audio/1_0_3_30.wav,Boredum,ہاں جا تو رہا ہے,1_0_3_30,3.13469387755102,0.0797552242875099,clean_ok,ok,6,[CURR] ہاں جا تو رہا ہے
audio/10_1_6_05.wav,Neutral,سلیم بھائی کسی طرح آج ہی کروا دیں,10_1_6_05,2.4307256235827666,0.1240738108754158,clean_ok,ok,0,[CURR] سلیم بھائی کسی طرح آج ہی کروا دیں
audio/1_0_7_13.wav,Sad,تمہارے حوالے سے میں کسی کاش کا متحمل نہیں ہو سکتا,1_0_7_13,5.12,0.1552653163671493,clean_ok,ok,3,[CURR] تمہارے حوالے سے میں کسی کاش کا متحمل نہیں ہو سکتا
audio/1_0_2_29.wav,Fear,نکل اؤ اس خوش فہمی سے,1_0_2_29,1.5531746031746032,0.1202092692255973,clean_ok,ok,4,[CURR] نکل اؤ اس خوش فہمی سے
audio/1_0_6_46.wav,Neutral,جس طرح ساری ایمپلائیز کے ساتھ میں بات کرتا ہوں اسی طرح اس کے ساتھ بھی کرتا ہوں,1_0_6_46,4.609160997732427,0.1111587733030319,clean_ok,ok,0,[CURR] جس طرح ساری ایمپلائیز کے ساتھ میں بات کرتا ہوں اسی طرح اس کے ساتھ بھی کرتا ہوں
audio/5_0_3_35.wav,Boredum,آآآ اِس بیان پہ یقین تو ہے نا آپ کو جی,5_0_3_35,5.085170068027211,0.2472789287567138,clean_ok,ok,6,[CURR] آآآ اِس بیان پہ یقین تو ہے نا آپ کو جی
audio/5_0_2_31.wav,Fear,نا نا نا نا نا نا میں اپنے حصے میں سے کچھ بھی نہیں دوں گا,5_0_2_31,3.0650340136054424,0.1755009591579437,clean_ok,ok,4,[CURR] نا نا نا نا نا نا میں اپنے حصے میں سے کچھ بھی نہیں دوں گا
audio/5_0_4_10.wav,Disgust,ہٹاؤ اسے پرے کرو,5_0_4_10,1.295124716553288,0.068370833992958,clean_ok,ok,5,[CURR] ہٹاؤ اسے پرے کرو
audio/9_1_2_46.wav,Fear,اور یہ بات یہ بات تو ہمارے لیے خطرے کی گھنٹی ہے,9_1_2_46,4.220408163265306,0.094927005469799,clean_ok,ok,4,[CURR] اور یہ بات یہ بات تو ہمارے لیے خطرے کی گھنٹی ہے
audio/7_1_6_44.wav,Neutral,سیڑھیاں تو ارام سے چڑھ سکتا ہے,7_1_6_44,1.915646258503401,0.1596064269542694,clean_ok,ok,0,[CURR] سیڑھیاں تو ارام سے چڑھ سکتا ہے
audio/10_1_6_38.wav,Neutral,شاید رہے نہیں یہاں پر اس لئیے آپ کو اندازہ نہیں ہے,10_1_6_38,2.670294784580499,0.129880353808403,clean_ok,ok,0,[CURR] شاید رہے نہیں یہاں پر اس لئیے آپ کو اندازہ نہیں ہے
audio/4_0_5_07.wav,Happy,اچھا,4_0_5_07,2.445396825396825,0.095057725906372,clean_ok,ok,1,[CURR] اچھا
audio/6_1_4_10.wav,Disgust,یار جو میں سوچتی ہوں اس نیں یہ کہیں بھی فٹ نہیں ہوتا,6_1_4_10,3.01859410430839,0.1456161141395568,clean_ok,ok,5,[CURR] یار جو میں سوچتی ہوں اس نیں یہ کہیں بھی فٹ نہیں ہوتا
audio/4_0_6_30.wav,Neutral,لیکن داغ لگ گیا ہے صاحب ایک مشورہ ہے اگر مانے تو,4_0_6_30,3.56875283446712,0.1542451232671737,clean_ok,ok,0,[CURR] لیکن داغ لگ گیا ہے صاحب ایک مشورہ ہے اگر مانے تو
audio/1_0_5_26.wav,Happy,بڑی ایفیشنٹ ہو گئی ہے میری بیٹی,1_0_5_26,4.4117913832199545,0.1127571165561676,clean_ok,ok,1,[CURR] بڑی ایفیشنٹ ہو گئی ہے میری بیٹی
audio/7_1_1_17.wav,Angry,میری تو کوئی اہمیت ہی نہیں ہے یہاں,7_1_1_17,1.6137868480725623,0.2269501984119415,clean_ok,ok,2,[CURR] میری تو کوئی اہمیت ہی نہیں ہے یہاں
audio/3_0_7_46.wav,Sad,حق اور باطل ایک چھت کے نیچے نہیں رہ سکتے,3_0_7_46,5.108390022675737,0.0096630379557609,clean_ok,ok,3,[CURR] حق اور باطل ایک چھت کے نیچے نہیں رہ سکتے
audio/8_1_6_44.wav,Neutral,جیسے کہ سمجھداری کہ پایا چاری وغیرہ وغیرہ,8_1_6_44,2.8560544217687074,0.212014228105545,clean_ok,ok,0,[CURR] جیسے کہ سمجھداری کہ پایا چاری وغیرہ وغیرہ
audio/6_1_3_12.wav,Boredum,اب یہ صبح صبح تجھے مجھ سے کیا کام ہے,6_1_3_12,2.413673469387755,0.2050583809614181,clean_ok,ok,6,[CURR] اب یہ صبح صبح تجھے مجھ سے کیا کام ہے
audio/8_1_1_28.wav,Angry,جھوٹ بولنے کی ضرورت نہیں ہے مجھ سے,8_1_1_28,1.9736961451247168,0.1921130418777465,clean_ok,ok,2,[CURR] جھوٹ بولنے کی ضرورت نہیں ہے مجھ سے
audio/3_0_2_44.wav,Fear,کہنا کیا چاہتے ہو مجھے پتہ نہیں چلا کہ کہنا کیا چاہ رہے ہیں,3_0_2_44,6.466757369614513,0.0939808189868927,clean_ok,ok,4,[CURR] کہنا کیا چاہتے ہو مجھے پتہ نہیں چلا کہ کہنا کیا چاہ رہے ہیں
audio/9_1_6_23.wav,Neutral,جہاں قول دے دیا جائے وہاں سے پیچھے نہیں ہٹا جاتا,9_1_6_23,3.093265306122449,0.1374546587467193,clean_ok,ok,0,[CURR] جہاں قول دے دیا جائے وہاں سے پیچھے نہیں ہٹا جاتا
audio/7_1_4_21.wav,Disgust,میں تو ضرور بولوں گی بھابھی,7_1_4_21,1.6370068027210884,0.1672634482383728,clean_ok,ok,5,[CURR] میں تو ضرور بولوں گی بھابھی
audio/7_1_2_24.wav,Fear,میں وہیں سے باہر نہیں اؤں گی,7_1_2_24,1.3931972789115643,0.0750123262405395,clean_ok,ok,4,[CURR] میں وہیں سے باہر نہیں اؤں گی
audio/7_1_6_36.wav,Neutral,میں اب ان کے ہی طور طریقوں کے مطابق چل رہی ہوں,7_1_6_36,2.881519274376417,0.1042048931121826,clean_ok,ok,0,[CURR] میں اب ان کے ہی طور طریقوں کے مطابق چل رہی ہوں
audio/3_0_7_15.wav,Sad,افضل اب واپس نہیں ائے گا,3_0_7_15,3.324036281179138,0.0444662570953369,clean_ok,ok,3,[CURR] افضل اب واپس نہیں ائے گا
audio/1_0_1_06.wav,Angry,احسان کے گھر میں پینٹ کا کام مکمل نہیں ہوا ابھی تک اور تم کہہ رہے ہو کہ میں نے سارے کام کر دیے ہیں,1_0_1_06,4.564489795918368,0.204198345541954,clean_ok,ok,2,[CURR] احسان کے گھر میں پینٹ کا کام مکمل نہیں ہوا ابھی تک اور تم کہہ رہے ہو کہ میں نے سارے کام کر دیے ہیں
audio/9_1_7_21.wav,Sad,لیکن اس بے کوشی میں بھی وہ اپنا سارا دکھ بول گیا باولا,9_1_7_21,4.2903401360544215,0.1300313770771026,clean_ok,ok,3,[CURR] لیکن اس بے کوشی میں بھی وہ اپنا سارا دکھ بول گیا باولا
audio/1_0_6_50.wav,Neutral,شادی کے بعد تم شانزے کا مزاج اپنا سکو گ,1_0_6_50,4.46984126984127,0.1203189343214035,clean_ok,ok,0,[CURR] شادی کے بعد تم شانزے کا مزاج اپنا سکو گ
audio/3_0_6_06.wav,Neutral,کہ تم نے اب تک جتنے بھی فیصلے کیے ہیں غلط ہی کیے ہیں تقریبا,3_0_6_06,5.804988662131519,0.0398750640451908,clean_ok,ok,0,[CURR] کہ تم نے اب تک جتنے بھی فیصلے کیے ہیں غلط ہی کیے ہیں تقریبا
audio/5_0_1_50.wav,Angry,وہ بہت خطرناک شخص ہے,5_0_1_50,1.935328798185941,0.3054218292236328,clean_ok,ok,2,[CURR] وہ بہت خطرناک شخص ہے
audio/5_0_5_27.wav,Happy,اہا واہ کیا بات ہے,5_0_5_27,3.01859410430839,0.0990960001945495,clean_ok,ok,1,[CURR] اہا واہ کیا بات ہے
audio/8_1_6_03.wav,Neutral,اچھا ہے نہ تم نہیں لیتی ہو,8_1_6_03,1.9736961451247168,0.116334818303585,clean_ok,ok,0,[CURR] اچھا ہے نہ تم نہیں لیتی ہو
audio/9_1_3_22.wav,Boredum,توبہ تھک گئی ہوں ابھی,9_1_3_22,1.419092970521542,0.1176585331559181,clean_ok,ok,6,[CURR] توبہ تھک گئی ہوں ابھی
audio/4_0_7_25.wav,Sad,یہی نہ مرتبہ خاندان ذات اسی کو وجہ بنا کر کسی نے مجھے ٹھکرا دیا ہے,4_0_7_25,6.524807256235827,0.1364888697862625,clean_ok,ok,3,[CURR] یہی نہ مرتبہ خاندان ذات اسی کو وجہ بنا کر کسی نے مجھے ٹھکرا دیا ہے
audio/9_1_4_29.wav,Disgust,مجھے بھی کوئی شوق نہیں ہے یہاں بیٹھنے کا بدتمیز کہیں کی,9_1_4_29,3.2252154195011338,0.1025825291872024,clean_ok,ok,5,[CURR] مجھے بھی کوئی شوق نہیں ہے یہاں بیٹھنے کا بدتمیز کہیں کی
audio/5_0_6_32.wav,Neutral,اپ کو ایسا کیوں لگتا ہے کہ اس نے خودکشی کی,5_0_6_32,4.493061224489796,0.1384307146072387,clean_ok,ok,0,[CURR] اپ کو ایسا کیوں لگتا ہے کہ اس نے خودکشی کی
audio/1_0_6_16.wav,Neutral,اب اپ جلدی سے ٹھیک ہو اور افس ا کر جوائن کرو,1_0_6_16,3.239183673469388,0.0967667326331138,clean_ok,ok,0,[CURR] اب اپ جلدی سے ٹھیک ہو اور افس ا کر جوائن کرو
audio/2_0_4_14.wav,Disgust,تو کیا ہم نے کیا ہے ہم اس طرح لوگوں کو گھروں میں بلا کر ان کو بےعزت کرتے ہیں,2_0_4_14,3.371995464852608,0.1853123158216476,clean_ok,ok,5,[CURR] تو کیا ہم نے کیا ہے ہم اس طرح لوگوں کو گھروں میں بلا کر ان کو بےعزت کرتے ہیں
audio/3_0_3_26.wav,Boredum,تم ٹھیک کہتی ہو,3_0_3_26,1.8019727891156463,0.1749676614999771,clean_ok,ok,6,[CURR] تم ٹھیک کہتی ہو
audio/3_0_2_07.wav,Fear,تم تم تم تم تم تم نے مجھ سے جھوٹ بولا ہے نا,3_0_2_07,6.013968253968254,0.1681807786226272,clean_ok,ok,4,[CURR] تم تم تم تم تم تم نے مجھ سے جھوٹ بولا ہے نا
audio/8_1_4_40.wav,Disgust,میں کہیں نہیں جاؤں گی ڈیڈ,8_1_4_40,1.880816326530612,0.1150800287723541,clean_ok,ok,5,[CURR] میں کہیں نہیں جاؤں گی ڈیڈ
audio/3_0_6_01.wav,Neutral,اسے ڈانٹنے کی بجائے اسے اپ تھوڑا خیال کر لیا کریں,3_0_6_01,4.400181405895691,0.0165568795055151,clean_ok,ok,0,[CURR] اسے ڈانٹنے کی بجائے اسے اپ تھوڑا خیال کر لیا کریں
audio/2_0_4_05.wav,Disgust,نام میں کیا رکھا ہے اپ پولیس والے ہیں اتنا ہی کافی ہے,2_0_4_05,2.596780045351474,0.1542765498161316,clean_ok,ok,5,[CURR] نام میں کیا رکھا ہے اپ پولیس والے ہیں اتنا ہی کافی ہے
audio/4_0_2_40.wav,Fear,ارے جس خوشی کی تلاش میں پاگلوں کی طرح گھوم رہا تھا وہ خوشی دی ہے تم نے مجھے اج,4_0_2_40,5.025759637188209,0.2284218966960907,clean_ok,ok,4,[CURR] ارے جس خوشی کی تلاش میں پاگلوں کی طرح گھوم رہا تھا وہ خوشی دی ہے تم نے مجھے اج
audio/10_1_2_36.wav,Fear,امی اگر انسان سے کوئی غلطی ہو جائے,10_1_2_36,2.88843537414966,0.1104045808315277,clean_ok,ok,4,[CURR] امی اگر انسان سے کوئی غلطی ہو جائے
audio/8_1_6_27.wav,Neutral,مجھے لگا تھا کہ تم شاید اج بھی نہیں ہو گے,8_1_6_27,1.991111111111111,0.1537008881568908,clean_ok,ok,0,[CURR] مجھے لگا تھا کہ تم شاید اج بھی نہیں ہو گے
audio/9_1_2_09.wav,Fear,کون تیرے دل میں میل بھر رہا ہے,9_1_2_09,1.972086167800453,0.1857953518629074,clean_ok,ok,4,[CURR] کون تیرے دل میں میل بھر رہا ہے
audio/2_0_3_11.wav,Boredum,اس وقت ہماری عزت اپ کے ہاتھ میں ہے اس سے مت اچھالے,2_0_3_11,4.910498866213152,0.1341449469327926,clean_ok,ok,6,[CURR] اس وقت ہماری عزت اپ کے ہاتھ میں ہے اس سے مت اچھالے
audio/2_0_5_03.wav,Happy,ظاہر ہے اس میں کچھ تھا ہی نہیں گھر تو انا تھا,2_0_5_03,3.2095238095238097,0.1535423398017883,clean_ok,ok,1,[CURR] ظاہر ہے اس میں کچھ تھا ہی نہیں گھر تو انا تھا
audio/5_0_2_14.wav,Fear,میں تمہارا یہ بیھانک چہرہ تمہارے بچوں کے سامنے بے نقاب کر دوں گا,5_0_2_14,4.121541950113379,0.076248399913311,clean_ok,ok,4,[CURR] میں تمہارا یہ بیھانک چہرہ تمہارے بچوں کے سامنے بے نقاب کر دوں گا
audio/2_0_3_50.wav,Boredum,جو پہاڑ کی طرح ہو جاتے ہیں تمہاری غیر موجودگی میں,2_0_3_50,3.622312925170068,0.1173911616206169,clean_ok,ok,6,[CURR] جو پہاڑ کی طرح ہو جاتے ہیں تمہاری غیر موجودگی میں
audio/5_0_5_16.wav,Happy,ہا ہا ہا ہا ہا نہیں نہیں,5_0_5_16,3.053424036281179,0.153967946767807,clean_ok,ok,1,[CURR] ہا ہا ہا ہا ہا نہیں نہیں
audio/6_1_4_20.wav,Disgust,تمیز ہوتی تو برداشت کر رہی ہوں ورنہ کب کا میں اس کو,6_1_4_20,2.113015873015873,0.1454241871833801,clean_ok,ok,5,[CURR] تمیز ہوتی تو برداشت کر رہی ہوں ورنہ کب کا میں اس کو
audio/10_1_1_27.wav,Angry,اسی لیئے نہیں بولے نا,10_1_1_27,1.629546485260771,0.1195728033781051,clean_ok,ok,2,[CURR] اسی لیئے نہیں بولے نا
audio/7_1_1_45.wav,Angry,اپنے پنجے قابو میں رکھ بے بے,7_1_1_45,1.835532879818594,0.1863399296998977,clean_ok,ok,2,[CURR] اپنے پنجے قابو میں رکھ بے بے
audio/9_1_7_26.wav,Sad,رابیل نے تو کبھی میرے سامنے آنکھ اُٹھا کے دیکھا بھی نہیں تھا,9_1_7_26,3.32079365079365,0.1345235407352447,clean_ok,ok,3,[CURR] رابیل نے تو کبھی میرے سامنے آنکھ اُٹھا کے دیکھا بھی نہیں تھا
audio/2_0_5_28.wav,Happy,مجھے یاد ہے جس وقت ایا تھا وہ میم,2_0_5_28,2.3151020408163263,0.1713752299547195,clean_ok,ok,1,[CURR] مجھے یاد ہے جس وقت ایا تھا وہ میم
audio/5_0_5_20.wav,Happy,ابے تجھے سات فٹ کا عامر خان نظر نہیں ارہا وہ دو فٹا یہاں کیا کر رہا ہے,5_0_5_20,5.085170068027211,0.1260743737220764,clean_ok,ok,1,[CURR] ابے تجھے سات فٹ کا عامر خان نظر نہیں ارہا وہ دو فٹا یہاں کیا کر رہا ہے
audio/6_1_3_16.wav,Boredum,کیا ہو گیا ہے امی,6_1_3_16,1.2327437641723356,0.2083481550216674,clean_ok,ok,6,[CURR] کیا ہو گیا ہے امی
audio/9_1_5_36.wav,Happy,ضرور کیوں نہیں,9_1_5_36,1.132471655328798,0.0839465782046318,clean_ok,ok,1,[CURR] ضرور کیوں نہیں
audio/6_1_3_08.wav,Boredum,تمہارا سر ہوتا ہے کیا ہوتا ہے,6_1_3_08,1.7242630385487527,0.1568031758069992,clean_ok,ok,6,[CURR] تمہارا سر ہوتا ہے کیا ہوتا ہے
audio/1_0_3_18.wav,Boredum,اچھا ٹھیک ہے میں بدر سے بات کروں گا,1_0_3_18,3.053424036281179,0.103610910475254,clean_ok,ok,6,[CURR] اچھا ٹھیک ہے میں بدر سے بات کروں گا
audio/2_0_2_21.wav,Fear,فوجی دروازہ کھولو فوجی ہمارا بھائی مر گیا ہے,2_0_2_21,4.708390022675737,0.1427798569202423,clean_ok,ok,4,[CURR] فوجی دروازہ کھولو فوجی ہمارا بھائی مر گیا ہے
audio/1_0_6_35.wav,Neutral,رشتے انسان کو مضبوط کرتے ہیں,1_0_6_35,3.7848526077097504,0.1447841525077819,clean_ok,ok,0,[CURR] رشتے انسان کو مضبوط کرتے ہیں
audio/8_1_3_06.wav,Boredum,خیر اپ جانتے ہیں پچھلے کچھ مہینے سے میں بہت سٹریس میں ہوں,8_1_3_06,4.003922902494331,0.1598189026117324,clean_ok,ok,6,[CURR] خیر اپ جانتے ہیں پچھلے کچھ مہینے سے میں بہت سٹریس میں ہوں
audio/5_0_5_40.wav,Happy,افیسر یہ میری طرف سے کافی پیجیے گا,5_0_5_40,2.8694331065759635,0.1024607568979263,clean_ok,ok,1,[CURR] افیسر یہ میری طرف سے کافی پیجیے گا
audio/2_0_2_30.wav,Fear,تم اخر کر کیا رہے ہو وجی غلطی پر غلطی غلطی پر غلطی مصیبت ا جائے گی,2_0_2_30,4.861020408163266,0.1526196449995041,clean_ok,ok,4,[CURR] تم اخر کر کیا رہے ہو وجی غلطی پر غلطی غلطی پر غلطی مصیبت ا جائے گی
audio/2_0_4_28.wav,Disgust,بلایا میں نے تھا چھوٹے نے نہیں,2_0_4_28,1.3524943310657596,0.1915754973888397,clean_ok,ok,5,[CURR] بلایا میں نے تھا چھوٹے نے نہیں
audio/4_0_2_24.wav,Fear,اپنے سوال کا جواب لینے روز اتا ہوں یہاں مجھے میرے سوال کا جواب دے دو پھر دوبارہ کبھی واپس نہیں اؤں گا,4_0_2_24,6.629229024943311,0.1340566128492355,clean_ok,ok,4,[CURR] اپنے سوال کا جواب لینے روز اتا ہوں یہاں مجھے میرے سوال کا جواب دے دو پھر دوبارہ کبھی واپس نہیں اؤں گا
audio/2_0_1_25.wav,Angry,بس ہو گئی تمہاری کہانی,2_0_1_25,1.3109977324263038,0.1713427156209945,clean_ok,ok,2,[CURR] بس ہو گئی تمہاری کہانی
audio/7_1_1_23.wav,Angry,یہ سب کچھ تم نے میری خاطر کیا تو مجھ سے جھوٹ کیوں بولا,7_1_1_23,3.773242630385488,0.1327476352453231,clean_ok,ok,2,[CURR] یہ سب کچھ تم نے میری خاطر کیا تو مجھ سے جھوٹ کیوں بولا
audio/1_0_6_07.wav,Neutral,سدھر جائے گی اپا ایک بار شادی ہو گئی نہ تو ٹھیک ہو جائی گی,1_0_6_07,4.841360544217687,0.0959678590297699,clean_ok,ok,0,[CURR] سدھر جائے گی اپا ایک بار شادی ہو گئی نہ تو ٹھیک ہو جائی گی
audio/8_1_3_44.wav,Boredum,دیکھیے ٹھیک ہی ہوں گے اب,8_1_3_44,1.8359863945578232,0.2137594223022461,clean_ok,ok,6,[CURR] دیکھیے ٹھیک ہی ہوں گے اب
audio/7_1_2_46.wav,Fear,ہو کیا رہا ہے پسٹل دور کریں مجھ سے,7_1_2_46,2.226598639455782,0.1951536238193512,clean_ok,ok,4,[CURR] ہو کیا رہا ہے پسٹل دور کریں مجھ سے
audio/7_1_4_08.wav,Disgust,لو فر کہیں کے,7_1_4_08,1.2745351473922903,0.1866563111543655,clean_ok,ok,5,[CURR] لو فر کہیں کے
audio/10_1_3_44.wav,Boredum,نہیں میں,10_1_3_44,1.1126984126984127,0.1056159734725952,clean_ok,ok,6,[CURR] نہیں میں
audio/6_1_7_39.wav,Sad,روز رات کو یہاں آجاتی ہوں گھنٹوں یہاں بیٹھی رہتی ہوں یہاں سے وہاں جانے کی ہمت نہیں ہوتی,6_1_7_39,5.027120181405896,0.1154086962342262,clean_ok,ok,3,[CURR] روز رات کو یہاں آجاتی ہوں گھنٹوں یہاں بیٹھی رہتی ہوں یہاں سے وہاں جانے کی ہمت نہیں ہوتی
audio/8_1_5_13.wav,Happy,میں اپ کو بتا نہیں سکتی,8_1_5_13,1.3583673469387756,0.1563192158937454,clean_ok,ok,1,[CURR] میں اپ کو بتا نہیں سکتی
audio/2_0_7_30.wav,Sad,وجی یہ تمہارے اکیلے کی جنگ نہیں ہے یہ ہماری جنگ ہے,2_0_7_30,5.305759637188209,0.1148818507790565,clean_ok,ok,3,[CURR] وجی یہ تمہارے اکیلے کی جنگ نہیں ہے یہ ہماری جنگ ہے
audio/7_1_4_19.wav,Disgust,پلیز کبھی اپنا بھی دماغ استعمال کر لیا کرو کوئی حرج نہیں ہے,7_1_4_19,3.250793650793651,0.1088365241885185,clean_ok,ok,5,[CURR] پلیز کبھی اپنا بھی دماغ استعمال کر لیا کرو کوئی حرج نہیں ہے
audio/8_1_4_48.wav,Disgust,انسلٹ کی ہے اس نے میری وہ بھی سب کے سامنے,8_1_4_48,3.1811337868480725,0.1256689727306366,clean_ok,ok,5,[CURR] انسلٹ کی ہے اس نے میری وہ بھی سب کے سامنے
audio/10_1_3_37.wav,Boredum,پتہ نہیں کب اؤں اؤں بھی یا نہیں,10_1_3_37,3.355283446712018,0.0987947881221771,clean_ok,ok,6,[CURR] پتہ نہیں کب اؤں اؤں بھی یا نہیں
audio/9_1_7_05.wav,Sad,بخار دماغ کو چڑھ گیا لگتا ہے,9_1_7_05,1.7033786848072563,0.1356890201568603,clean_ok,ok,3,[CURR] بخار دماغ کو چڑھ گیا لگتا ہے
audio/6_1_7_44.wav,Sad,ایسے میں تو خدا بھی مان جاتا ہے وہ کیوں نہیں مانتا ہے,6_1_7_44,2.5425850340136056,0.1489154249429702,clean_ok,ok,3,[CURR] ایسے میں تو خدا بھی مان جاتا ہے وہ کیوں نہیں مانتا ہے
audio/4_0_1_42.wav,Angry,لیکن سارا کا سارا قصور میرا ہے سارا قصور میرا ہے,4_0_1_42,3.866122448979592,0.1641719788312912,clean_ok,ok,2,[CURR] لیکن سارا کا سارا قصور میرا ہے سارا قصور میرا ہے
audio/7_1_2_27.wav,Fear,تو پھر گھروں میں تانک جھانک کرنے کی کیا ضرورت ہے,7_1_2_27,2.3336054421768706,0.1697467863559723,clean_ok,ok,4,[CURR] تو پھر گھروں میں تانک جھانک کرنے کی کیا ضرورت ہے
audio/2_0_2_22.wav,Fear,ہاں نہیں میں نے تو نہیں کیا ہی ہے دیکھ لو تم,2_0_2_22,2.8349886621315195,0.1568952649831771,clean_ok,ok,4,[CURR] ہاں نہیں میں نے تو نہیں کیا ہی ہے دیکھ لو تم
audio/9_1_6_26.wav,Neutral,معاف کیجئے گا میں نے آپ کو پہچانا نہیں,9_1_6_26,2.738231292517007,0.1381058394908905,clean_ok,ok,0,[CURR] معاف کیجئے گا میں نے آپ کو پہچانا نہیں
audio/8_1_5_31.wav,Happy,اپ بہانے بہانے سے امی کو یاد کرنا نہیں بھولتے,8_1_5_31,2.6122448979591835,0.1903434693813324,clean_ok,ok,1,[CURR] اپ بہانے بہانے سے امی کو یاد کرنا نہیں بھولتے
audio/9_1_3_15.wav,Boredum,ہائے بڑی درد ہے سر میں بس,9_1_3_15,2.180884353741497,0.1981706619262695,clean_ok,ok,6,[CURR] ہائے بڑی درد ہے سر میں بس
audio/10_1_6_28.wav,Neutral,وہ ماہیوال ہے مجھ کو بچائے کے لیئے خود کو نہیں ڈبوئے گا,10_1_6_28,2.6577097505668936,0.1320203840732574,clean_ok,ok,0,[CURR] وہ ماہیوال ہے مجھ کو بچائے کے لیئے خود کو نہیں ڈبوئے گا
audio/10_1_1_21.wav,Angry,جب میرے باپ نے میری ماں کا قتل کیا تھا,10_1_1_21,2.2172562358276644,0.1172975376248359,clean_ok,ok,2,[CURR] جب میرے باپ نے میری ماں کا قتل کیا تھا
audio/6_1_3_28.wav,Boredum,اب تو پکا ہے کہ میری بلبل کو کچھ ہوا ہے,6_1_3_28,2.23875283446712,0.1316689252853393,clean_ok,ok,6,[CURR] اب تو پکا ہے کہ میری بلبل کو کچھ ہوا ہے
audio/10_1_2_03.wav,Fear,میں یہ کپڑے نہیں پہنوں گی,10_1_2_03,1.1255555555555556,0.1154429614543914,clean_ok,ok,4,[CURR] میں یہ کپڑے نہیں پہنوں گی
audio/4_0_3_40.wav,Boredum,اچھا شکر ہے سوچنے کا کہا ہے تو,4_0_3_40,2.3597052154195013,0.0969614386558532,clean_ok,ok,6,[CURR] اچھا شکر ہے سوچنے کا کہا ہے تو
audio/9_1_5_40.wav,Happy,بلکہ بیٹھنا کیا ہے کھانا کھاتے ہیں نا ہاں,9_1_5_40,2.899591836734694,0.0970396697521209,clean_ok,ok,1,[CURR] بلکہ بیٹھنا کیا ہے کھانا کھاتے ہیں نا ہاں
audio/7_1_2_38.wav,Fear,یہاں پر اتنا شور ہوتا ہے میرے سر میں درد ہو گیا ہے,7_1_2_38,3.703582766439909,0.0764679610729217,clean_ok,ok,4,[CURR] یہاں پر اتنا شور ہوتا ہے میرے سر میں درد ہو گیا ہے
audio/5_0_2_36.wav,Fear,فرض کرو اگر تمہاری بیٹی کو اغوا کر لے یا مروا دے تو,5_0_2_36,4.667210884353741,0.1099840328097343,clean_ok,ok,4,[CURR] فرض کرو اگر تمہاری بیٹی کو اغوا کر لے یا مروا دے تو
audio/9_1_3_24.wav,Boredum,اچھا خیر اس وقت اس وقت چھوڑو,9_1_3_24,3.231950113378685,0.0906247422099113,clean_ok,ok,6,[CURR] اچھا خیر اس وقت اس وقت چھوڑو
audio/4_0_4_37.wav,Disgust,کیونکہ تم اچھی طرح جانتے ہو میری زندگی کا مقصد صرف اور صرف امین قریشی ہے اگر اس کی جان گئی تو ہمیشہ کے لیے کھیل ختم,4_0_4_37,5.288344671201814,0.1752598881721496,clean_ok,ok,5,[CURR] کیونکہ تم اچھی طرح جانتے ہو میری زندگی کا مقصد صرف اور صرف امین قریشی ہے اگر اس کی جان گئی تو ہمیشہ کے لیے کھیل ختم
audio/6_1_1_22.wav,Angry,اج سے میرا اور تمہارا رشتہ ختم,6_1_1_22,1.661859410430839,0.1878278404474258,clean_ok,ok,2,[CURR] اج سے میرا اور تمہارا رشتہ ختم
audio/9_1_3_18.wav,Boredum,ناک نقشہ بھی دبا ہوا بھی چلے گا,9_1_3_18,4.452063492063492,0.1800761520862579,clean_ok,ok,6,[CURR] ناک نقشہ بھی دبا ہوا بھی چلے گا
audio/1_0_1_04.wav,Angry,بکواس کر رہے ہو تم,1_0_1_04,1.474467120181406,0.1684146672487259,clean_ok,ok,2,[CURR] بکواس کر رہے ہو تم
audio/6_1_1_25.wav,Angry,یہ ہے تمہارا معمولی سا رشتہ جو ختم کر دیا ہے میں نے,6_1_1_25,3.061655328798186,0.2485814690589904,clean_ok,ok,2,[CURR] یہ ہے تمہارا معمولی سا رشتہ جو ختم کر دیا ہے میں نے
audio/10_1_2_47.wav,Fear,وہ مجھے مار کر ہی دم لیں گے,10_1_2_47,1.291360544217687,0.0756328701972961,clean_ok,ok,4,[CURR] وہ مجھے مار کر ہی دم لیں گے
audio/3_0_7_30.wav,Sad,میں نہ جانے کب سے تمہاری تلاش میں سر کٹا رہا ہوں,3_0_7_30,3.7500226757369615,0.0250198282301425,clean_ok,ok,3,[CURR] میں نہ جانے کب سے تمہاری تلاش میں سر کٹا رہا ہوں
audio/10_1_6_18.wav,Neutral,میرا اور تمہارا تو کوئی مقابلہ ہے ہی نہیں,10_1_6_18,1.936054421768708,0.1574442386627197,clean_ok,ok,0,[CURR] میرا اور تمہارا تو کوئی مقابلہ ہے ہی نہیں
audio/3_0_6_33.wav,Neutral,اپ کو پہچانا نہیں میں نے,3_0_6_33,2.3997052154195013,0.0158753842115402,clean_ok,ok,0,[CURR] اپ کو پہچانا نہیں میں نے
audio/9_1_6_01.wav,Neutral,میرے چندہ لیکن میں یہ کہہ رہی ہوں کہ منہ کو صاف رکھنا چاہیے نا یہ دیکھ یہ لگا لیتی ہوں تجھے,9_1_6_01,4.597551020408163,0.1406612545251846,clean_ok,ok,0,[CURR] میرے چندہ لیکن میں یہ کہہ رہی ہوں کہ منہ کو صاف رکھنا چاہیے نا یہ دیکھ یہ لگا لیتی ہوں تجھے
audio/7_1_2_11.wav,Fear,اور ان کا موڈ ہی ایسا ہے,7_1_2_11,1.5325170068027212,0.1416194587945938,clean_ok,ok,4,[CURR] اور ان کا موڈ ہی ایسا ہے
audio/2_0_3_15.wav,Boredum,ارے مصیبت خود اس نے اپنے سر پر لی ہے اب خود ہی بھگتے گا,2_0_3_15,2.782834467120181,0.1851890385150909,clean_ok,ok,6,[CURR] ارے مصیبت خود اس نے اپنے سر پر لی ہے اب خود ہی بھگتے گا
audio/2_0_4_27.wav,Disgust,انتظار کر رہا تھا کہ شاید تم خود مجھے بتا دو گے,2_0_4_27,2.596984126984127,0.1322322487831115,clean_ok,ok,5,[CURR] انتظار کر رہا تھا کہ شاید تم خود مجھے بتا دو گے
audio/9_1_2_04.wav,Fear,میں ڈھونڈ ڈھونڈ کر تھک گئی پورے گھر میں,9_1_2_04,2.380045351473923,0.1305653005838394,clean_ok,ok,4,[CURR] میں ڈھونڈ ڈھونڈ کر تھک گئی پورے گھر میں
audio/6_1_2_21.wav,Fear,جانے دو انہیں پیچھے بتانا,6_1_2_21,1.613015873015873,0.0549676343798637,clean_ok,ok,4,[CURR] جانے دو انہیں پیچھے بتانا
audio/1_0_5_01.wav,Happy,بتاؤ بیٹا کیا چاہیے تمہیں,1_0_5_01,1.915646258503401,0.1152908354997634,clean_ok,ok,1,[CURR] بتاؤ بیٹا کیا چاہیے تمہیں
audio/7_1_3_29.wav,Boredum,ویسے بھی سوچتی ہوں اتنی دھوپ ہے,7_1_3_29,2.5407256235827664,0.1916393190622329,clean_ok,ok,6,[CURR] ویسے بھی سوچتی ہوں اتنی دھوپ ہے
audio/7_1_5_12.wav,Happy,اپ نے مجھے فون پرفیوم کا پوچھنے کے لیے کیا ہے مطلب,7_1_5_12,3.947392290249433,0.1351915448904037,clean_ok,ok,1,[CURR] اپ نے مجھے فون پرفیوم کا پوچھنے کے لیے کیا ہے مطلب
audio/8_1_2_40.wav,Fear,بس چھوڑیں نہ ختم کریں,8_1_2_40,2.637097505668934,0.1105385720729827,clean_ok,ok,4,[CURR] بس چھوڑیں نہ ختم کریں
audio/9_1_2_29.wav,Fear,تمہارے اشاروں پر نہیں چل سکتی,9_1_2_29,1.8962131519274377,0.0668325275182724,clean_ok,ok,4,[CURR] تمہارے اشاروں پر نہیں چل سکتی
audio/8_1_6_47.wav,Neutral,سارے پروگریس کو انوائٹ کر لیا ہے نا,8_1_6_47,2.969455782312925,0.0965375155210495,clean_ok,ok,0,[CURR] سارے پروگریس کو انوائٹ کر لیا ہے نا
audio/6_1_2_49.wav,Fear,جب میرے بس میں نہیں ہے کچھ سمجھ نہیں ارہا,6_1_2_49,3.19875283446712,0.1501205414533615,clean_ok,ok,4,[CURR] جب میرے بس میں نہیں ہے کچھ سمجھ نہیں ارہا
audio/9_1_2_06.wav,Fear,ہائے ہائے میرے اللہ,9_1_2_06,2.2407256235827666,0.159647449851036,clean_ok,ok,4,[CURR] ہائے ہائے میرے اللہ
audio/3_0_1_11.wav,Angry,تمہاری حسرت تھی تمہارا اپنا گھر ہوتا تو یہ رہا وہ گھر,3_0_1_11,4.641814058956916,0.1602745503187179,clean_ok,ok,2,[CURR] تمہاری حسرت تھی تمہارا اپنا گھر ہوتا تو یہ رہا وہ گھر
audio/5_0_3_28.wav,Boredum,جس دن میں وردی میں آیا نا پورا کروڑ لوں گا,5_0_3_28,4.760090702947846,0.0943628177046775,clean_ok,ok,6,[CURR] جس دن میں وردی میں آیا نا پورا کروڑ لوں گا
audio/6_1_2_29.wav,Fear,اچھا ٹھیک ہے,6_1_2_29,0.826734693877551,0.1855324357748031,too_short,ok,4,[CURR] اچھا ٹھیک ہے
audio/3_0_5_12.wav,Happy,وہ پیلے رنگ کا جوڑا نظر ایا تو لگا کہ تم پر جچے گا,3_0_5_12,6.211337868480726,0.126814916729927,clean_ok,ok,1,[CURR] وہ پیلے رنگ کا جوڑا نظر ایا تو لگا کہ تم پر جچے گا
audio/3_0_1_21.wav,Angry,ڈٹی رہو اپنے ارادہ پر,3_0_1_21,2.257301587301588,0.1872604489326477,clean_ok,ok,2,[CURR] ڈٹی رہو اپنے ارادہ پر
audio/7_1_6_50.wav,Neutral,بڑے بھیا کا کوئی قصور نہیں ہے غلطی تمہاری ہے,7_1_6_50,3.2015646258503403,0.1911845505237579,clean_ok,ok,0,[CURR] بڑے بھیا کا کوئی قصور نہیں ہے غلطی تمہاری ہے
audio/5_0_7_29.wav,Sad,بیٹا کبھی سوچنا بھی نہ,5_0_7_29,3.01859410430839,0.0669754296541214,clean_ok,ok,3,[CURR] بیٹا کبھی سوچنا بھی نہ
audio/5_0_6_21.wav,Neutral,بس یہ جو دو وقت کی عزت کی روٹی مل رہی ہے نا یہی کافی ہے,5_0_6_21,4.841360544217687,0.0824186503887176,clean_ok,ok,0,[CURR] بس یہ جو دو وقت کی عزت کی روٹی مل رہی ہے نا یہی کافی ہے
audio/2_0_7_14.wav,Sad,پولیس ہمارے گھر ائی شاید ہمارے ڈرائنگ روم میں,2_0_7_14,3.777414965986394,0.1531666368246078,clean_ok,ok,3,[CURR] پولیس ہمارے گھر ائی شاید ہمارے ڈرائنگ روم میں
audio/3_0_7_32.wav,Sad,تمہارا شوہر سے شکیل ایک حادثے میں انتقال کر گیا ہے,3_0_7_32,6.124104308390023,0.0186650324612855,clean_ok,ok,3,[CURR] تمہارا شوہر سے شکیل ایک حادثے میں انتقال کر گیا ہے
audio/5_0_1_49.wav,Angry,دھوکے باز ہے وہ,5_0_1_49,1.1280725623582766,0.2697362601757049,clean_ok,ok,2,[CURR] دھوکے باز ہے وہ
audio/4_0_4_17.wav,Disgust,میری زندگی میں بہت سے ایسے کنگلے دیکھے ہیں جو جیب میں لاکھوں کروڑوں روپے لے کر پھرتے ہیں لیکن دل کے بھکاری ہوتے ہیں وہ,4_0_4_17,7.9760544217687075,0.1194511577486991,clean_ok,ok,5,[CURR] میری زندگی میں بہت سے ایسے کنگلے دیکھے ہیں جو جیب میں لاکھوں کروڑوں روپے لے کر پھرتے ہیں لیکن دل کے بھکاری ہوتے ہیں وہ
audio/6_1_7_38.wav,Sad,میں تمہیں کیا سمجھتی رہی اور تم کیا نکلے یار,6_1_7_38,2.75156462585034,0.0978450402617454,clean_ok,ok,3,[CURR] میں تمہیں کیا سمجھتی رہی اور تم کیا نکلے یار
audio/1_0_7_25.wav,Sad,اور ایک چیز بہت ضروری ہے وہ ہے وفاداری,1_0_7_25,3.4249433106575964,0.1297096610069275,clean_ok,ok,3,[CURR] اور ایک چیز بہت ضروری ہے وہ ہے وفاداری
audio/6_1_6_05.wav,Neutral,صفائیاں کر رہی ہے وہ,6_1_6_05,1.1029478458049886,0.0864300653338432,clean_ok,ok,0,[CURR] صفائیاں کر رہی ہے وہ
audio/10_1_2_05.wav,Fear,کرتی ہوں امی تھوڑی دیر میں,10_1_2_05,4.485487528344671,0.1037428528070449,clean_ok,ok,4,[CURR] کرتی ہوں امی تھوڑی دیر میں
audio/3_0_4_38.wav,Disgust,مگر میں گنہگار کٹہرے میں کھڑا ہو گیا,3_0_4_38,3.1296598639455784,0.1222285702824592,clean_ok,ok,5,[CURR] مگر میں گنہگار کٹہرے میں کھڑا ہو گیا
audio/10_1_7_14.wav,Sad,اماں ابّا کی کمر ٹوٹ گئی ہے,10_1_7_14,3.254263038548753,0.1327413469552993,clean_ok,ok,3,[CURR] اماں ابّا کی کمر ٹوٹ گئی ہے
audio/7_1_3_25.wav,Boredum,تحفہ تو کسی نے دیا ہی نہیں کبھی,7_1_3_25,1.8972108843537407,0.2095873057842254,clean_ok,ok,6,[CURR] تحفہ تو کسی نے دیا ہی نہیں کبھی
audio/10_1_6_39.wav,Neutral,میں نے چھوڑا تھا اُسے جانے سے پہلے,10_1_6_39,2.10140589569161,0.1300909668207168,clean_ok,ok,0,[CURR] میں نے چھوڑا تھا اُسے جانے سے پہلے
audio/6_1_3_22.wav,Boredum,ہاں ں ں سن رہی ہوں,6_1_3_22,1.5934013605442177,0.2984813451766968,clean_ok,ok,6,[CURR] ہاں ں ں سن رہی ہوں
audio/6_1_7_21.wav,Sad,لیکن قصور تو کہیں نا کہیں میرا بھی ہے,6_1_7_21,1.9447619047619047,0.1288410872220993,clean_ok,ok,3,[CURR] لیکن قصور تو کہیں نا کہیں میرا بھی ہے
audio/6_1_3_46.wav,Boredum,نہیں تو ایسی کوئی بات نہیں ہے,6_1_3_46,1.7961678004535149,0.1761407703161239,clean_ok,ok,6,[CURR] نہیں تو ایسی کوئی بات نہیں ہے
audio/6_1_2_47.wav,Fear,جب کچھ گٹمٹ ہو رہا ہے نبیل مجھے کچھ سمجھ نہیں ا رہا,6_1_2_47,3.448707482993197,0.1423495560884475,clean_ok,ok,4,[CURR] جب کچھ گٹمٹ ہو رہا ہے نبیل مجھے کچھ سمجھ نہیں ا رہا
audio/4_0_7_16.wav,Sad,چل میری مدد کر دے میرے لیے کر دے گا تو تیرے بھائی کی بے چینی کو تھوڑا سکون مل جائے گا تیری مہربانی یار,4_0_7_16,7.246507936507936,0.1433168798685073,clean_ok,ok,3,[CURR] چل میری مدد کر دے میرے لیے کر دے گا تو تیرے بھائی کی بے چینی کو تھوڑا سکون مل جائے گا تیری مہربانی یار
audio/1_0_2_32.wav,Fear,تمہارے والد نہیں ہیں,1_0_2_32,2.3772108843537416,0.1068485453724861,clean_ok,ok,4,[CURR] تمہارے والد نہیں ہیں
audio/4_0_6_50.wav,Neutral,پتہ نہیں کیوں لیکن مجھے لگتا ہے کہ یہ بات یہ جان گیا ہے کہ اس گھر میں کوئی ا گیا ہے جو میرا درد بانٹتا ہے,4_0_6_50,4.726417233560091,0.1281505972146988,clean_ok,ok,0,[CURR] پتہ نہیں کیوں لیکن مجھے لگتا ہے کہ یہ بات یہ جان گیا ہے کہ اس گھر میں کوئی ا گیا ہے جو میرا درد بانٹتا ہے
audio/10_1_1_04.wav,Angry,تم مجھے پا نہیں سکتے,10_1_1_04,1.0802947845804989,0.0669531151652336,clean_ok,ok,2,[CURR] تم مجھے پا نہیں سکتے
audio/7_1_7_11.wav,Sad,بھابھی مجھے ابھی کچھ سمجھ نہیں آ رہا کیا ہو رہا ہے,7_1_7_11,3.2624036281179136,0.1283599138259887,clean_ok,ok,3,[CURR] بھابھی مجھے ابھی کچھ سمجھ نہیں آ رہا کیا ہو رہا ہے
audio/8_1_4_36.wav,Disgust,کیسے رہ پاؤں گی میں اپ لوگوں کے بغیر,8_1_4_36,2.159455782312925,0.181707963347435,clean_ok,ok,5,[CURR] کیسے رہ پاؤں گی میں اپ لوگوں کے بغیر
audio/4_0_6_48.wav,Neutral,کم ہے میری زندگی میں بہت لیکن ہے کچھ محسن,4_0_6_48,2.618344671201814,0.1892599165439605,clean_ok,ok,0,[CURR] کم ہے میری زندگی میں بہت لیکن ہے کچھ محسن
audio/2_0_6_26.wav,Neutral,سنا ہے رات بھر تمہاری بیوی گھر سے باہر تھی,2_0_6_26,2.904807256235828,0.1442234814167022,clean_ok,ok,0,[CURR] سنا ہے رات بھر تمہاری بیوی گھر سے باہر تھی
audio/8_1_7_33.wav,Sad,آدھی زندگی تو دوسروں کو آزمانے میں ہی گزر گئی,8_1_7_33,3.3017006802721087,0.133888378739357,clean_ok,ok,3,[CURR] آدھی زندگی تو دوسروں کو آزمانے میں ہی گزر گئی
audio/3_0_3_19.wav,Boredum,انہوں نے سب کچھ کیا مگر تمہیں گاڑی چلانی نہیں سکھائی,3_0_3_19,3.1127891156462586,0.1644974052906036,clean_ok,ok,6,[CURR] انہوں نے سب کچھ کیا مگر تمہیں گاڑی چلانی نہیں سکھائی
audio/10_1_1_15.wav,Angry,اب مجھ پہ ہاتھ مت اُٹھائیے گا,10_1_1_15,1.4959863945578231,0.1433463245630264,clean_ok,ok,2,[CURR] اب مجھ پہ ہاتھ مت اُٹھائیے گا
audio/9_1_4_05.wav,Disgust,یہ بات یاد رکھنا,9_1_4_05,1.2017913832199547,0.1031550914049148,clean_ok,ok,5,[CURR] یہ بات یاد رکھنا
audio/6_1_2_09.wav,Fear,کہا نا ابھی فون نہ کرو,6_1_2_09,0.8887074829931972,0.1400704681873321,too_short,ok,4,[CURR] کہا نا ابھی فون نہ کرو
audio/9_1_4_16.wav,Disgust,وہ جو باہر خاک اڑاتا پھرتا ہے لوگوں سے تھپڑ کھاتا پھرتا ہے,9_1_4_16,3.537959183673469,0.1786675900220871,clean_ok,ok,5,[CURR] وہ جو باہر خاک اڑاتا پھرتا ہے لوگوں سے تھپڑ کھاتا پھرتا ہے
audio/2_0_3_05.wav,Boredum,وہی لوگ کوشش کریں تو ٹھیک ہے ہم بات کریں گے تو ویسے ہی اچھا نہیں لگے گا,2_0_3_05,3.749909297052154,0.1769310384988784,clean_ok,ok,6,[CURR] وہی لوگ کوشش کریں تو ٹھیک ہے ہم بات کریں گے تو ویسے ہی اچھا نہیں لگے گا
audio/8_1_7_13.wav,Sad,اب کیا ہوگیا ہے تم کیا کر رہے ہو,8_1_7_13,2.569886621315193,0.0707288011908531,clean_ok,ok,3,[CURR] اب کیا ہوگیا ہے تم کیا کر رہے ہو
audio/5_0_6_22.wav,Neutral,زیادہ کام تو وہی کرتی ہے میں تو بس اس کو سپورٹ کر رہا ہوں,5_0_6_22,2.7980045351473923,0.1073817908763885,clean_ok,ok,0,[CURR] زیادہ کام تو وہی کرتی ہے میں تو بس اس کو سپورٹ کر رہا ہوں
audio/1_0_4_42.wav,Disgust,ہاں نا کہہ دیا نا تمہیں کلی ای میل کرو مجھے سارا کچھ,1_0_4_42,4.760090702947846,0.1460418850183487,clean_ok,ok,5,[CURR] ہاں نا کہہ دیا نا تمہیں کلی ای میل کرو مجھے سارا کچھ
audio/5_0_6_12.wav,Neutral,اپ 12 بجے بھیج دیجیے گا اپ کو کپڑے مل جائیں گے گھر پہ بھیجیے گا دکان پہ نہیں,5_0_6_12,4.258548752834467,0.1589452177286148,clean_ok,ok,0,[CURR] اپ 12 بجے بھیج دیجیے گا اپ کو کپڑے مل جائیں گے گھر پہ بھیجیے گا دکان پہ نہیں
audio/4_0_6_45.wav,Neutral,اس دنیا میں کوئی ایسا انسان ہے جسے اپنے ماں باپ پیارے نہ ہو سب کو ہوتے ہیں,4_0_6_45,5.259319727891157,0.1664368957281112,clean_ok,ok,0,[CURR] اس دنیا میں کوئی ایسا انسان ہے جسے اپنے ماں باپ پیارے نہ ہو سب کو ہوتے ہیں
audio/3_0_2_31.wav,Fear,تو تمہیں پتہ چلے کہ ایک وقت میں دو دو نوکریاں کرتا ہے ہمارا افضل,3_0_2_31,5.6656689342403626,0.1872488707304,clean_ok,ok,4,[CURR] تو تمہیں پتہ چلے کہ ایک وقت میں دو دو نوکریاں کرتا ہے ہمارا افضل
audio/3_0_5_40.wav,Happy,یاد ہے میں نے تم سے کہا تھا کہ اس کا کوئی عاجزی والا نام رکھو,3_0_5_40,3.13469387755102,0.152013823390007,clean_ok,ok,1,[CURR] یاد ہے میں نے تم سے کہا تھا کہ اس کا کوئی عاجزی والا نام رکھو
audio/3_0_7_42.wav,Sad,بولو نا خدا کے لیے کچھ تو بولو بولو نا,3_0_7_42,8.704784580498867,0.0167506746947765,too_long,ok,3,[CURR] بولو نا خدا کے لیے کچھ تو بولو بولو نا
audio/6_1_1_44.wav,Angry,میری ماں کے مرتے وقت اس کو لے ایا,6_1_1_44,2.364739229024943,0.1775369197130203,clean_ok,ok,2,[CURR] میری ماں کے مرتے وقت اس کو لے ایا
audio/3_0_6_03.wav,Neutral,ا جاتا ہے تو پھر ہم اسے یہاں ہم مینج کر لیتے ہیں,3_0_6_03,4.4117913832199545,0.0430889911949634,clean_ok,ok,0,[CURR] ا جاتا ہے تو پھر ہم اسے یہاں ہم مینج کر لیتے ہیں
audio/3_0_6_43.wav,Neutral,یہاں تو سب ٹھیک لگ رہا ہے,3_0_6_43,1.9040362811791385,0.0517688207328319,clean_ok,ok,0,[CURR] یہاں تو سب ٹھیک لگ رہا ہے
audio/2_0_7_37.wav,Sad,شایان یہ کیا کیا تم نے یہ نہیں ہو سکتا شایان,2_0_7_37,5.909931972789115,0.1113933399319648,clean_ok,ok,3,[CURR] شایان یہ کیا کیا تم نے یہ نہیں ہو سکتا شایان
audio/1_0_2_27.wav,Fear,غلطی ہو گئی ہے اس سے وہ تمہیں مارنا نہیں چاہتا تھا,1_0_2_27,4.098321995464852,0.0691149160265922,clean_ok,ok,4,[CURR] غلطی ہو گئی ہے اس سے وہ تمہیں مارنا نہیں چاہتا تھا
audio/2_0_4_12.wav,Disgust,اس کے ساتھ جو ہوا ہمیں اس کا افسوس ہے لیکن,2_0_4_12,2.174489795918368,0.1694866716861724,clean_ok,ok,5,[CURR] اس کے ساتھ جو ہوا ہمیں اس کا افسوس ہے لیکن
audio/6_1_5_49.wav,Happy,کیا چیز ہے یار,6_1_5_49,2.008526077097505,0.1341278254985809,clean_ok,ok,1,[CURR] کیا چیز ہے یار
audio/1_0_5_27.wav,Happy,کافی بریلینٹ لگتا ہے کافی اچھی پرسنٹیج دی ہے ہر سال اس نے,1_0_5_27,2.391655328798186,0.1146415397524833,clean_ok,ok,1,[CURR] کافی بریلینٹ لگتا ہے کافی اچھی پرسنٹیج دی ہے ہر سال اس نے
audio/9_1_5_11.wav,Happy,ماشاءاللہ سورۃ منموری,9_1_5_11,2.921201814058957,0.1444570571184158,clean_ok,ok,1,[CURR] ماشاءاللہ سورۃ منموری
audio/4_0_3_34.wav,Boredum,تھوڑی سی دیر اگر رُک جاؤگی تو مہربانی ہوگی,4_0_3_34,5.110090702947846,0.1452697366476059,clean_ok,ok,6,[CURR] تھوڑی سی دیر اگر رُک جاؤگی تو مہربانی ہوگی
audio/4_0_1_23.wav,Angry,اور تم یہ بات بول رہے ہو بہن ہے سکینہ میری,4_0_1_23,2.948934240362812,0.2252705246210098,clean_ok,ok,2,[CURR] اور تم یہ بات بول رہے ہو بہن ہے سکینہ میری
audio/1_0_3_01.wav,Boredum,اچھا چلیں اپ کہتی ہیں تو مان لیتا ہوں,1_0_3_01,4.237641723356009,0.0945028290152549,clean_ok,ok,6,[CURR] اچھا چلیں اپ کہتی ہیں تو مان لیتا ہوں
audio/3_0_1_43.wav,Angry,پیدل چلنا بھی نہیں اتا,3_0_1_43,1.7162585034013604,0.0700637772679328,clean_ok,ok,2,[CURR] پیدل چلنا بھی نہیں اتا
audio/5_0_3_50.wav,Boredum,ضابطے کی کاروائی ہے جی,5_0_3_50,2.6199092970521543,0.1005655229091644,clean_ok,ok,6,[CURR] ضابطے کی کاروائی ہے جی
audio/2_0_4_29.wav,Disgust,پیسہ تم پورے لے رہے ہو اور کام ادھا کر رہے ہو,2_0_4_29,1.9118367346938776,0.200359895825386,clean_ok,ok,5,[CURR] پیسہ تم پورے لے رہے ہو اور کام ادھا کر رہے ہو
audio/10_1_2_12.wav,Fear,اسے اتنا نقصان ہو اتنا نقصان ہو کے,10_1_2_12,1.7640816326530613,0.1173563301563263,clean_ok,ok,4,[CURR] اسے اتنا نقصان ہو اتنا نقصان ہو کے
audio/2_0_3_39.wav,Boredum,جیسے صبح ہوتی ہے ویسے ہی شام بھی ہو جاتی ہے,2_0_3_39,2.373560090702948,0.19230517745018,clean_ok,ok,6,[CURR] جیسے صبح ہوتی ہے ویسے ہی شام بھی ہو جاتی ہے
audio/7_1_7_33.wav,Sad,کیا بات کروں بابا,7_1_7_33,0.7365306122448979,0.0927982032299041,too_short,ok,3,[CURR] کیا بات کروں بابا
audio/3_0_2_35.wav,Fear,لوگ کیا دیکھ رہی ہو ناشتے پانی کا بندوبست کرو,3_0_2_35,5.340589569160998,0.1584594696760177,clean_ok,ok,4,[CURR] لوگ کیا دیکھ رہی ہو ناشتے پانی کا بندوبست کرو
audio/8_1_1_32.wav,Angry,دلہن بنے کبھی اس گھر کبھی اس گھر گھوم رہی ہوں,8_1_1_32,2.670294784580499,0.2839718163013458,clean_ok,ok,2,[CURR] دلہن بنے کبھی اس گھر کبھی اس گھر گھوم رہی ہوں
audio/2_0_6_45.wav,Neutral,ابھی اپ کہہ رہی تھی کہ اپ سب کچھ سمجھ گئے ہیں,2_0_6_45,2.3758276643990928,0.1752346456050872,clean_ok,ok,0,[CURR] ابھی اپ کہہ رہی تھی کہ اپ سب کچھ سمجھ گئے ہیں
audio/3_0_4_45.wav,Disgust,میں نے ذرا بھی شک کیا ہو تو میرے خلاف فتوی دے دینا,3_0_4_45,3.703582766439909,0.1473813951015472,clean_ok,ok,5,[CURR] میں نے ذرا بھی شک کیا ہو تو میرے خلاف فتوی دے دینا
audio/6_1_4_22.wav,Disgust,اس کے بارے میں سوچتی ہوں نا تو کسی سرکاری دفتر کا ٹائپ رائٹر یاد ا جاتا ہے,6_1_4_22,4.284081632653061,0.1654427498579025,clean_ok,ok,5,[CURR] اس کے بارے میں سوچتی ہوں نا تو کسی سرکاری دفتر کا ٹائپ رائٹر یاد ا جاتا ہے
audio/8_1_7_18.wav,Sad,بس ایک دفعہ میں آپ سے سننا چاہتی ہوں کہ آپ ہی صرف میرے ہیں,8_1_7_18,5.748866213151928,0.1126738637685775,clean_ok,ok,3,[CURR] بس ایک دفعہ میں آپ سے سننا چاہتی ہوں کہ آپ ہی صرف میرے ہیں
audio/1_0_6_14.wav,Neutral,ٹھیک ہے منور جو تمہارا دل چاہے تم وہ کرو,1_0_6_14,2.6122448979591835,0.1291477978229522,clean_ok,ok,0,[CURR] ٹھیک ہے منور جو تمہارا دل چاہے تم وہ کرو
audio/7_1_6_10.wav,Neutral,بس اپ مجھے یہ بتا دیں کہ کیا مجھے کوئی اور ڈاکومنٹس لے کے انے ہیں ورنہ سی وی تو اپ کے پاس ہے ہی,7_1_6_10,5.550634920634921,0.1664297580718994,clean_ok,ok,0,[CURR] بس اپ مجھے یہ بتا دیں کہ کیا مجھے کوئی اور ڈاکومنٹس لے کے انے ہیں ورنہ سی وی تو اپ کے پاس ہے ہی
audio/3_0_2_42.wav,Fear,مجھے کوئی پریشانی نہیں ہے مگر کمبخت بتائے تو صحیح کہ وہ ہے کون,3_0_2_42,5.305759637188209,0.128295212984085,clean_ok,ok,4,[CURR] مجھے کوئی پریشانی نہیں ہے مگر کمبخت بتائے تو صحیح کہ وہ ہے کون
audio/2_0_3_08.wav,Boredum,تمہیں تو دیکھ رہا ہوں,2_0_3_08,1.136780045351474,0.1849899441003799,clean_ok,ok,6,[CURR] تمہیں تو دیکھ رہا ہوں
audio/5_0_1_22.wav,Angry,اس کو اندر مت انے دینا اس کو کہنا کہ صاحب جو ہے نا واردات کے موقع پر گیا ہوا ہے چل چل,5_0_1_22,4.899410430839002,0.1693312972784042,clean_ok,ok,2,[CURR] اس کو اندر مت انے دینا اس کو کہنا کہ صاحب جو ہے نا واردات کے موقع پر گیا ہوا ہے چل چل
audio/6_1_2_02.wav,Fear,زمین تنگ کر دو,6_1_2_02,1.9624489795918367,0.1167615056037902,clean_ok,ok,4,[CURR] زمین تنگ کر دو
audio/8_1_1_01.wav,Angry,اگر یہ میرے سامنے ایا نا ڈیڈ میں چھوڑوں گی نہیں اس کو,8_1_1_01,3.28562358276644,0.2250675559043884,clean_ok,ok,2,[CURR] اگر یہ میرے سامنے ایا نا ڈیڈ میں چھوڑوں گی نہیں اس کو
audio/8_1_4_34.wav,Disgust,تکلیف تو ہو گی نا,8_1_4_34,1.4164172335600906,0.1311852782964706,clean_ok,ok,5,[CURR] تکلیف تو ہو گی نا
audio/10_1_1_28.wav,Angry,مجھے شرم آتی ہے تمہیں اپنا بھائی کہتے ہوئے,10_1_1_28,2.7476643990929706,0.1703908890485763,clean_ok,ok,2,[CURR] مجھے شرم آتی ہے تمہیں اپنا بھائی کہتے ہوئے
audio/9_1_2_30.wav,Fear,ہاں اگر ہماری اڑ میں تمہیں ارام کرنا ہے تو جا سکتی ہو تم,9_1_2_30,4.455759637188208,0.0681401863694191,clean_ok,ok,4,[CURR] ہاں اگر ہماری اڑ میں تمہیں ارام کرنا ہے تو جا سکتی ہو تم
audio/7_1_3_22.wav,Boredum,نہیں باجی ایسی بات نہیں ہے,7_1_3_22,1.1259863945578232,0.3410937786102295,clean_ok,ok,6,[CURR] نہیں باجی ایسی بات نہیں ہے
audio/2_0_3_37.wav,Boredum,نیے گھر میں شفٹ تو ہو گئے لیکن دل نہیں لگ رہا,2_0_3_37,2.3165986394557825,0.1547862887382507,clean_ok,ok,6,[CURR] نیے گھر میں شفٹ تو ہو گئے لیکن دل نہیں لگ رہا
audio/4_0_2_33.wav,Fear,یہ چھپ چھپ کر ملنا میری محبت کی توہین ہے,4_0_2_33,2.608730158730159,0.1409551203250885,clean_ok,ok,4,[CURR] یہ چھپ چھپ کر ملنا میری محبت کی توہین ہے
audio/4_0_6_40.wav,Neutral,دو قسم کے انسو ہوتے ہیں صاحب خوشی کے اور غم کے,4_0_6_40,4.854399092970522,0.1357759982347488,clean_ok,ok,0,[CURR] دو قسم کے انسو ہوتے ہیں صاحب خوشی کے اور غم کے
audio/5_0_4_36.wav,Disgust,جا جا کر اندر بتا عامر خان ایا ہے,5_0_4_36,2.972154195011338,0.1831682622432708,clean_ok,ok,5,[CURR] جا جا کر اندر بتا عامر خان ایا ہے
audio/3_0_2_18.wav,Fear,تو پھر کھاتے جمع رکھو کچھ کر کے دکھانے کے لیے تو روز جاتا ہوں,3_0_2_18,6.102199546485261,0.1562665998935699,clean_ok,ok,4,[CURR] تو پھر کھاتے جمع رکھو کچھ کر کے دکھانے کے لیے تو روز جاتا ہوں
audio/9_1_6_37.wav,Neutral,ہاں ذرا میرے کمرے میں آؤ تم سے ضروری بات کرنی ہے,9_1_6_37,3.029455782312925,0.1210793703794479,clean_ok,ok,0,[CURR] ہاں ذرا میرے کمرے میں آؤ تم سے ضروری بات کرنی ہے
audio/4_0_2_06.wav,Fear,بچپن سے لے کر اج تک یہ جوتے صاف کرتے کرتے بڑا ہوا ہوں صاحب,4_0_2_06,3.927505668934241,0.1199289411306381,clean_ok,ok,4,[CURR] بچپن سے لے کر اج تک یہ جوتے صاف کرتے کرتے بڑا ہوا ہوں صاحب
audio/2_0_4_41.wav,Disgust,اور افسوس مجھے اس بات کا ہے کہ تم اپنے گھر کے بچے کو مجرم سمجھ رہی ہو,2_0_4_41,3.583945578231293,0.1485279500484466,clean_ok,ok,5,[CURR] اور افسوس مجھے اس بات کا ہے کہ تم اپنے گھر کے بچے کو مجرم سمجھ رہی ہو
audio/1_0_1_09.wav,Angry,میں نے دوستی کا ہاتھ بڑھایا تو ہاتھ تھام لیا اس نے,1_0_1_09,3.831292517006802,0.1236957088112831,clean_ok,ok,2,[CURR] میں نے دوستی کا ہاتھ بڑھایا تو ہاتھ تھام لیا اس نے
audio/4_0_7_40.wav,Sad,سمجھ ائی نہیں کہ کس چیز کی شرمندگی ہے مجھے وہ میرے اندر ایسے ہے جیسے موت کسی کے اندر,4_0_7_40,5.317369614512471,0.1204176545143127,clean_ok,ok,3,[CURR] سمجھ ائی نہیں کہ کس چیز کی شرمندگی ہے مجھے وہ میرے اندر ایسے ہے جیسے موت کسی کے اندر
audio/9_1_4_30.wav,Disgust,اور میں تو ڈر کے مارے کچھ بولتی نہیں بھائی ان کی مرضی ہے,9_1_4_30,2.242675736961451,0.1313519179821014,clean_ok,ok,5,[CURR] اور میں تو ڈر کے مارے کچھ بولتی نہیں بھائی ان کی مرضی ہے
audio/5_0_3_20.wav,Boredum,گُٹھنے ہمیشہ پیٹ کی طرف ہی جھکتے ہیں بیٹا,5_0_3_20,2.705124716553288,0.1493579447269439,clean_ok,ok,6,[CURR] گُٹھنے ہمیشہ پیٹ کی طرف ہی جھکتے ہیں بیٹا
audio/10_1_6_17.wav,Neutral,دنیا سے چھپ کر کٹ کر,10_1_6_17,1.97124716553288,0.1113539412617683,clean_ok,ok,0,[CURR] دنیا سے چھپ کر کٹ کر
audio/10_1_5_45.wav,Happy,نہیں شکل تو ایک جیسی ہے بھائی بھی تو ہو سکتا ہے,10_1_5_45,2.725170068027211,0.1959134638309478,clean_ok,ok,1,[CURR] نہیں شکل تو ایک جیسی ہے بھائی بھی تو ہو سکتا ہے
audio/1_0_3_50.wav,Boredum,ٹھیک ٹھیک ہے اپا اگر,1_0_3_50,7.024036281179138,0.0822909250855445,clean_ok,ok,6,[CURR] ٹھیک ٹھیک ہے اپا اگر
audio/1_0_7_46.wav,Sad,اس کو وہ عزت وہ مان نہیں دے سکا باپ کی شفقت نہیں دے سکا,1_0_7_46,6.698956916099773,0.0825490280985832,clean_ok,ok,3,[CURR] اس کو وہ عزت وہ مان نہیں دے سکا باپ کی شفقت نہیں دے سکا
audio/5_0_1_28.wav,Angry,او بھائی شکل پہ شریف یا بدمعاش نہیں لکھا ہوتا,5_0_1_28,2.446054421768708,0.1696499288082122,clean_ok,ok,2,[CURR] او بھائی شکل پہ شریف یا بدمعاش نہیں لکھا ہوتا
audio/6_1_5_09.wav,Happy,دل بور ہو رہا تھا امی نے کہا صوبیہ کی طرف چلی جا تو میں ا گئی,6_1_5_09,3.2431292517006804,0.1185458227992057,clean_ok,ok,1,[CURR] دل بور ہو رہا تھا امی نے کہا صوبیہ کی طرف چلی جا تو میں ا گئی
audio/1_0_5_03.wav,Happy,ارے اپا شکریہ,1_0_5_03,1.6253968253968254,0.0952937081456184,clean_ok,ok,1,[CURR] ارے اپا شکریہ
audio/3_0_5_45.wav,Happy,لگتا ہے وہ بہت خوش ہیں تم سے,3_0_5_45,3.2275736961451247,0.092356152832508,clean_ok,ok,1,[CURR] لگتا ہے وہ بہت خوش ہیں تم سے
audio/9_1_5_24.wav,Happy,ارے ادھر تو اا اپ پوری بات تو سن لے,9_1_5_24,2.6567573696145126,0.1652495563030243,clean_ok,ok,1,[CURR] ارے ادھر تو اا اپ پوری بات تو سن لے
audio/1_0_5_02.wav,Happy,مہمان اگئے کون کون اگیا,1_0_5_02,2.031746031746032,0.1028806865215301,clean_ok,ok,1,[CURR] مہمان اگئے کون کون اگیا
audio/8_1_3_24.wav,Boredum,اچھا ایسا ہی سمجھ لو,8_1_3_24,1.683446712018141,0.1137620061635971,clean_ok,ok,6,[CURR] اچھا ایسا ہی سمجھ لو
audio/1_0_2_44.wav,Fear,بات نہیں کریں گے کیوں بات نہیں کروں میں بیٹی کے متعلق بات ہے اور میں بات نہ کروں,1_0_2_44,4.899410430839002,0.1169511601328849,clean_ok,ok,4,[CURR] بات نہیں کریں گے کیوں بات نہیں کروں میں بیٹی کے متعلق بات ہے اور میں بات نہ کروں
audio/8_1_2_33.wav,Fear,میرے پاس تھا ہی کیا ایک کردار کا مان ہی تو تھا,8_1_2_33,4.272108843537415,0.0972343012690544,clean_ok,ok,4,[CURR] میرے پاس تھا ہی کیا ایک کردار کا مان ہی تو تھا
audio/7_1_1_47.wav,Angry,کباڑی کو دینے کے لیے نہیں ہوتی ہے ہٹ یہاں سے ہٹ,7_1_1_47,3.090340136054422,0.1935495138168335,clean_ok,ok,2,[CURR] کباڑی کو دینے کے لیے نہیں ہوتی ہے ہٹ یہاں سے ہٹ
audio/8_1_7_42.wav,Sad,میں نے بہت کوشش کی تھی کہ آپ کے اور ابرار انکل کے وعدے کا پاس رکھ سکوں,8_1_7_42,4.834081632653061,0.1458851546049118,clean_ok,ok,3,[CURR] میں نے بہت کوشش کی تھی کہ آپ کے اور ابرار انکل کے وعدے کا پاس رکھ سکوں
audio/7_1_4_15.wav,Disgust,یہ کیا کہ رہے ہیں آپ,7_1_4_15,1.509297052154195,0.2110553532838821,clean_ok,ok,5,[CURR] یہ کیا کہ رہے ہیں آپ
audio/8_1_7_27.wav,Sad,یہی ہوگا نا کہ ہاں مجھے موت چاہیے,8_1_7_27,5.7503401360544215,0.1052123606204986,clean_ok,ok,3,[CURR] یہی ہوگا نا کہ ہاں مجھے موت چاہیے
audio/10_1_3_12.wav,Boredum,کیا اج بھی تمہاری آواز میرے کانوں میں گونجتی,10_1_3_12,2.4642857142857144,0.0822571143507957,clean_ok,ok,6,[CURR] کیا اج بھی تمہاری آواز میرے کانوں میں گونجتی
audio/2_0_5_22.wav,Happy,زبردست ہو گیا ہے کام,2_0_5_22,1.2414965986394555,0.2264626622200012,clean_ok,ok,1,[CURR] زبردست ہو گیا ہے کام
audio/8_1_7_32.wav,Sad,ورنہ میرے پاس بچا ہی کیا ہے باقی کچھ بھی نہیں,8_1_7_32,5.292199546485261,0.0956251770257949,clean_ok,ok,3,[CURR] ورنہ میرے پاس بچا ہی کیا ہے باقی کچھ بھی نہیں
audio/9_1_6_44.wav,Neutral,نہیں میرا بیٹا اور بہو آرہے ہیں وہ آئیں گے اُن کے ساتھ ہی کھائیں گے ہم,9_1_6_44,2.909863945578232,0.1234426572918891,clean_ok,ok,0,[CURR] نہیں میرا بیٹا اور بہو آرہے ہیں وہ آئیں گے اُن کے ساتھ ہی کھائیں گے ہم
audio/9_1_4_50.wav,Disgust,ایسا نہ ہو کہ زندگی تمہارے لیے ہی تنگ ہو جائے,9_1_4_50,2.366349206349206,0.1331964582204818,clean_ok,ok,5,[CURR] ایسا نہ ہو کہ زندگی تمہارے لیے ہی تنگ ہو جائے
audio/9_1_3_19.wav,Boredum,ہائے اللہ صوبی,9_1_3_19,1.513015873015873,0.1599527150392532,clean_ok,ok,6,[CURR] ہائے اللہ صوبی
audio/8_1_6_28.wav,Neutral,پر اج بھی میرا سب کے سامنے تماشا بنے گا,8_1_6_28,2.414875283446712,0.1420332342386245,clean_ok,ok,0,[CURR] پر اج بھی میرا سب کے سامنے تماشا بنے گا
audio/8_1_5_46.wav,Happy,اچھا میں لاتی ہوں,8_1_5_46,1.5325170068027212,0.1211290210485458,clean_ok,ok,1,[CURR] اچھا میں لاتی ہوں
audio/7_1_7_28.wav,Sad,باقی کیا ہے وہ سب کچھ نہیں کھاتا,7_1_7_28,1.8049886621315192,0.1244948059320449,clean_ok,ok,3,[CURR] باقی کیا ہے وہ سب کچھ نہیں کھاتا
audio/6_1_7_13.wav,Sad,ابو کے بعد میرے پاس آپ کے علاوہ اور کوئی نہیں ہے,6_1_7_13,2.7357596371882087,0.1394451856613159,clean_ok,ok,3,[CURR] ابو کے بعد میرے پاس آپ کے علاوہ اور کوئی نہیں ہے
audio/5_0_3_27.wav,Boredum,او ہو لگتا ہے یہ ساری جا ئیداد بابا جی نے بنائی ہے,5_0_3_27,3.599092970521542,0.1399702578783035,clean_ok,ok,6,[CURR] او ہو لگتا ہے یہ ساری جا ئیداد بابا جی نے بنائی ہے
audio/4_0_1_13.wav,Angry,قسم کیوں دیا اپ نے ان بغیرتوں نے پیر قدرت اللہ شاہ کی عزت پہ ہاتھ ڈالا ہے کہ,4_0_1_13,4.620770975056689,0.2031414359807968,clean_ok,ok,2,[CURR] قسم کیوں دیا اپ نے ان بغیرتوں نے پیر قدرت اللہ شاہ کی عزت پہ ہاتھ ڈالا ہے کہ
audio/6_1_5_14.wav,Happy,ویسے بڑی جھلی ہے سوبیہ پتہ ہے کیا کہتی ہے,6_1_5_14,3.4597732426303853,0.1079534888267517,clean_ok,ok,1,[CURR] ویسے بڑی جھلی ہے سوبیہ پتہ ہے کیا کہتی ہے
audio/4_0_6_02.wav,Neutral,تیرا بھائی ہونے ہونے پر فخر محسوس ہوا ہے مجھے ورنہ ابا نے ایک دفعہ اسے حکم دیا اور اس نے مان لیا,4_0_6_02,4.934240362811791,0.1272128373384475,clean_ok,ok,0,[CURR] تیرا بھائی ہونے ہونے پر فخر محسوس ہوا ہے مجھے ورنہ ابا نے ایک دفعہ اسے حکم دیا اور اس نے مان لیا
audio/1_0_3_43.wav,Boredum,سمجھ نہیں اتا ایسا کیا گناہ کیا ہے میں نے,1_0_3_43,5.00390022675737,0.0808154195547103,clean_ok,ok,6,[CURR] سمجھ نہیں اتا ایسا کیا گناہ کیا ہے میں نے
audio/9_1_6_47.wav,Neutral,زندگی میں دوسروں کے لیے بھی جینا سیکھو,9_1_6_47,2.2868027210884354,0.1670679152011871,clean_ok,ok,0,[CURR] زندگی میں دوسروں کے لیے بھی جینا سیکھو
audio/2_0_3_20.wav,Boredum,ہاں لڑکیاں اگر جا کر دیکھنا چاہتے ہیں تو چلی جائیں,2_0_3_20,4.149886621315193,0.1120748072862625,clean_ok,ok,6,[CURR] ہاں لڑکیاں اگر جا کر دیکھنا چاہتے ہیں تو چلی جائیں
audio/4_0_7_14.wav,Sad,الٹ پلٹ گیا ہے یار سب مجھے کچھ سمجھ نہیں ارہا عیسا,4_0_7_14,4.589886621315193,0.1650701016187667,clean_ok,ok,3,[CURR] الٹ پلٹ گیا ہے یار سب مجھے کچھ سمجھ نہیں ارہا عیسا
audio/10_1_6_43.wav,Neutral,آنا چاہتی ہوں لیکن پیروں میں سفر کا بھنور لپٹ گیا ہے,10_1_6_43,4.23609977324263,0.1014167815446853,clean_ok,ok,0,[CURR] آنا چاہتی ہوں لیکن پیروں میں سفر کا بھنور لپٹ گیا ہے
audio/4_0_4_41.wav,Disgust,یہ عیش و عشرت یہ محفلیں یہ رونقیں موسی کا نیم دار گھرانہ تمہیں نہیں دے سکتا تھا,4_0_4_41,6.640907029478458,0.1769811958074569,clean_ok,ok,5,[CURR] یہ عیش و عشرت یہ محفلیں یہ رونقیں موسی کا نیم دار گھرانہ تمہیں نہیں دے سکتا تھا
audio/4_0_5_35.wav,Happy,ہمیشہ لگتی ہو لیکن اج زیادہ لگ رہی ہے ہو,4_0_5_35,3.939773242630385,0.1046449914574623,clean_ok,ok,1,[CURR] ہمیشہ لگتی ہو لیکن اج زیادہ لگ رہی ہے ہو
audio/3_0_1_34.wav,Angry,اور وہیں پر ہوگی,3_0_1_34,1.1166893424036282,0.1368981748819351,clean_ok,ok,2,[CURR] اور وہیں پر ہوگی
audio/4_0_2_05.wav,Fear,دیوانگی نہیں مصطفی بھائی یہ انتقام کی بارش ہے,4_0_2_05,4.662358276643991,0.1358318626880645,clean_ok,ok,4,[CURR] دیوانگی نہیں مصطفی بھائی یہ انتقام کی بارش ہے
audio/5_0_4_28.wav,Disgust,بابا جی اپ کو نہیں پتہ اج کل کیا لڑکیاں کرتی پھر رہی ہیں,5_0_4_28,3.81968253968254,0.1644189208745956,clean_ok,ok,5,[CURR] بابا جی اپ کو نہیں پتہ اج کل کیا لڑکیاں کرتی پھر رہی ہیں
audio/8_1_5_16.wav,Happy,تو میں بھی اکیلے میں اپ سے بہت ضروری بات کرنا چاہتی ہوں,8_1_5_16,3.2172562358276644,0.1441050469875335,clean_ok,ok,1,[CURR] تو میں بھی اکیلے میں اپ سے بہت ضروری بات کرنا چاہتی ہوں
audio/3_0_7_43.wav,Sad,ایسا لگ رہا ہے مجھے ایسا لگ رہا ہے یہ نہیں ہو سکتا,3_0_7_43,6.916757369614513,0.0072054215706884,clean_ok,ok,3,[CURR] ایسا لگ رہا ہے مجھے ایسا لگ رہا ہے یہ نہیں ہو سکتا
audio/2_0_7_12.wav,Sad,ہم سے خدا حافظ کر کے ایئرپورٹ کے لیے نکلی تھی لیکن سیدھا تھانے چلی گئی,2_0_7_12,5.379387755102041,0.1561719179153442,clean_ok,ok,3,[CURR] ہم سے خدا حافظ کر کے ایئرپورٹ کے لیے نکلی تھی لیکن سیدھا تھانے چلی گئی
audio/3_0_6_31.wav,Neutral,اچھا ٹھیک ہے ایسا کرتے ہیں کہ پہلے میں تمہارے انکھوں پر پٹی باندھتا ہوں ہیں تم مجھے پکڑو,3_0_6_31,7.104988662131519,0.0356401763856411,clean_ok,ok,0,[CURR] اچھا ٹھیک ہے ایسا کرتے ہیں کہ پہلے میں تمہارے انکھوں پر پٹی باندھتا ہوں ہیں تم مجھے پکڑو
audio/9_1_5_20.wav,Happy,ارے کتنی اچھی لگ رہی,9_1_5_20,1.8026757369614512,0.1874146610498428,clean_ok,ok,1,[CURR] ارے کتنی اچھی لگ رہی
audio/3_0_3_15.wav,Boredum,اج تو حشر ہی ہو گیا,3_0_3_15,2.278027210884354,0.124127559363842,clean_ok,ok,6,[CURR] اج تو حشر ہی ہو گیا
audio/7_1_1_16.wav,Angry,مجھے اس گھر سے نکالنا چاہتے ہیں,7_1_1_16,1.4396371882086167,0.183262437582016,clean_ok,ok,2,[CURR] مجھے اس گھر سے نکالنا چاہتے ہیں
audio/2_0_4_25.wav,Disgust,اپنے ہی گھر میں غیر بنا دیا ہے مجھے,2_0_4_25,1.7892290249433107,0.1600688099861145,clean_ok,ok,5,[CURR] اپنے ہی گھر میں غیر بنا دیا ہے مجھے
audio/6_1_6_30.wav,Neutral,اب ٹھیک ہیں,6_1_6_30,1.6736961451247163,0.0792112350463867,clean_ok,ok,0,[CURR] اب ٹھیک ہیں
audio/5_0_5_47.wav,Happy,بس یار اپ کی دعائیں ہیں,5_0_5_47,2.838231292517007,0.121066004037857,clean_ok,ok,1,[CURR] بس یار اپ کی دعائیں ہیں
audio/2_0_2_08.wav,Fear,میں چاہتا ہوں کہ تم دل مہر سے معافی مانگو,2_0_2_08,2.7271655328798188,0.1387067288160324,clean_ok,ok,4,[CURR] میں چاہتا ہوں کہ تم دل مہر سے معافی مانگو
audio/2_0_7_02.wav,Sad,جی ہم نے ایمبولنس میں اسے ہاسپٹل پہنچا دیا ہے اپ بھی وہاں پہنچ جائیں,2_0_7_02,4.35374149659864,0.1580571383237838,clean_ok,ok,3,[CURR] جی ہم نے ایمبولنس میں اسے ہاسپٹل پہنچا دیا ہے اپ بھی وہاں پہنچ جائیں
audio/3_0_1_35.wav,Angry,لیکن تم نے کوئی نام نہیں بتایا,3_0_1_35,1.6810657596371883,0.0975841581821441,clean_ok,ok,2,[CURR] لیکن تم نے کوئی نام نہیں بتایا
audio/9_1_4_02.wav,Disgust,وہ بھی بے شرم و کالا کر لے کئی دفعہ ہو جائے,9_1_4_02,2.657800453514739,0.2169321328401565,clean_ok,ok,5,[CURR] وہ بھی بے شرم و کالا کر لے کئی دفعہ ہو جائے
audio/9_1_4_17.wav,Disgust,بڑا ایا ماں کا سجینہ کچھ نہیں ہوتا تجھے,9_1_4_17,2.331859410430839,0.1626445651054382,clean_ok,ok,5,[CURR] بڑا ایا ماں کا سجینہ کچھ نہیں ہوتا تجھے
audio/3_0_3_48.wav,Boredum,لے لے لے لے لے لے لیکن,3_0_3_48,1.97562358276644,0.1869145184755325,clean_ok,ok,6,[CURR] لے لے لے لے لے لے لیکن
audio/10_1_4_11.wav,Disgust,میرے اور اس کے درمیان میں سات سمندر ہیں,10_1_4_11,2.2639455782312927,0.1040448471903801,clean_ok,ok,5,[CURR] میرے اور اس کے درمیان میں سات سمندر ہیں
audio/4_0_5_28.wav,Happy,جو کہہ رہا ہوں وہ سچ ہے اور خوبصورت ہے,4_0_5_28,5.0731519274376415,0.0797651037573814,clean_ok,ok,1,[CURR] جو کہہ رہا ہوں وہ سچ ہے اور خوبصورت ہے
audio/9_1_7_36.wav,Sad,میرا کیا میں تو میں تو ماں ہوں نا,9_1_7_36,3.79968253968254,0.1173968464136123,clean_ok,ok,3,[CURR] میرا کیا میں تو میں تو ماں ہوں نا
audio/8_1_6_48.wav,Neutral,پتہ نہیں کون سا سرپرائز پلان کر رہے ہیں میرے لیے,8_1_6_48,2.801836734693877,0.1380645483732223,clean_ok,ok,0,[CURR] پتہ نہیں کون سا سرپرائز پلان کر رہے ہیں میرے لیے
audio/5_0_5_41.wav,Happy,اچھا چلو ٹھیک ہو گیا اچھا یہ تحفہ میری طرف سے قبول کرو,5_0_5_41,3.836303854875284,0.1365424990653991,clean_ok,ok,1,[CURR] اچھا چلو ٹھیک ہو گیا اچھا یہ تحفہ میری طرف سے قبول کرو
audio/9_1_2_34.wav,Fear,کیسی باتیں کر رہے ہو پاگل ہو گئے ہو زین,9_1_2_34,1.9091609977324264,0.1061988100409507,clean_ok,ok,4,[CURR] کیسی باتیں کر رہے ہو پاگل ہو گئے ہو زین
audio/8_1_6_29.wav,Neutral,ڈیڈ میں زید کے ساتھ رہنا چاہتی ہوں,8_1_6_29,2.230498866213152,0.169176310300827,clean_ok,ok,0,[CURR] ڈیڈ میں زید کے ساتھ رہنا چاہتی ہوں
audio/1_0_4_30.wav,Disgust,کیسے بھول سکتا ہوں میں ایک بیٹی کو جنم دینے باوجود تم نے کبھی ماں کے فرائض ادا ہی نہیں کیے,1_0_4_30,8.080544217687075,0.0742340385913848,too_long,ok,5,[CURR] کیسے بھول سکتا ہوں میں ایک بیٹی کو جنم دینے باوجود تم نے کبھی ماں کے فرائض ادا ہی نہیں کیے
audio/5_0_3_08.wav,Boredum,ہاں مل گئے نا,5_0_3_08,2.436598639455782,0.1953468322753906,clean_ok,ok,6,[CURR] ہاں مل گئے نا
audio/3_0_2_10.wav,Fear,پتہ نہیں کیا میں اول فول بک گیا,3_0_2_10,1.523083900226757,0.1452189534902572,clean_ok,ok,4,[CURR] پتہ نہیں کیا میں اول فول بک گیا
audio/2_0_1_37.wav,Angry,تیار میں بولو میں ابھی تمہیں دے دوں گا,2_0_1_37,1.7639002267573696,0.3447626233100891,clean_ok,ok,2,[CURR] تیار میں بولو میں ابھی تمہیں دے دوں گا
audio/9_1_3_48.wav,Boredum,ارے سن لیا,9_1_3_48,1.7810884353741496,0.2943605482578277,clean_ok,ok,6,[CURR] ارے سن لیا
audio/6_1_1_28.wav,Angry,کیوں ملنا چاہتی ہے ہو اپ اس سے,6_1_1_28,1.7961678004535149,0.2095586508512497,clean_ok,ok,2,[CURR] کیوں ملنا چاہتی ہے ہو اپ اس سے
audio/2_0_4_50.wav,Disgust,کیا حرکت ہے یہ,2_0_4_50,0.888140589569161,0.2246729582548141,too_short,ok,5,[CURR] کیا حرکت ہے یہ
audio/4_0_4_28.wav,Disgust,یہ وجہ تھی جی اس وجہ سے تم نے موسی کو ٹھکرا دیا,4_0_4_28,3.866122448979592,0.1273419111967086,clean_ok,ok,5,[CURR] یہ وجہ تھی جی اس وجہ سے تم نے موسی کو ٹھکرا دیا
audio/5_0_7_46.wav,Sad,دل پہ بوجھ سا ہے جو اتر نہیں رہا,5_0_7_46,2.9605442176870747,0.0663163512945175,clean_ok,ok,3,[CURR] دل پہ بوجھ سا ہے جو اتر نہیں رہا
audio/7_1_3_21.wav,Boredum,میرا کمرہ,7_1_3_21,2.28562358276644,0.1188654080033302,clean_ok,ok,6,[CURR] میرا کمرہ
audio/2_0_1_38.wav,Angry,تم ابھی چلو میرے ساتھ ابھی چلو,2_0_1_38,1.5817233560090702,0.1735072582960128,clean_ok,ok,2,[CURR] تم ابھی چلو میرے ساتھ ابھی چلو
audio/4_0_2_13.wav,Fear,وہ تو قاضی کے دفتر میں میرا جانے والا ایک بندہ کام کرتا ہے اس نے مجھے فون کر کے بتا دیا,4_0_2_13,3.4017233560090703,0.1836328506469726,clean_ok,ok,4,[CURR] وہ تو قاضی کے دفتر میں میرا جانے والا ایک بندہ کام کرتا ہے اس نے مجھے فون کر کے بتا دیا
audio/3_0_6_34.wav,Neutral,کے درد دل کی واسطے پیدا کیا ہے انسان کو,3_0_6_34,2.995374149659864,0.0219299346208572,clean_ok,ok,0,[CURR] کے درد دل کی واسطے پیدا کیا ہے انسان کو
audio/2_0_1_33.wav,Angry,بکواس بند کرو شرم نہیں ائی تمہیں,2_0_1_33,2.4756009070294787,0.2095480859279632,clean_ok,ok,2,[CURR] بکواس بند کرو شرم نہیں ائی تمہیں
audio/7_1_5_37.wav,Happy,اب اللہ نے حسن سے نواز ہی دیا ہے تو پھر کیش کیوں نہ کریں,7_1_5_37,4.31891156462585,0.1517540067434311,clean_ok,ok,1,[CURR] اب اللہ نے حسن سے نواز ہی دیا ہے تو پھر کیش کیوں نہ کریں
audio/7_1_7_20.wav,Sad,میں آپ کے پاس آنا چاہ رہی تھی میں گھر آنا چاہ رہی تھی,7_1_7_20,4.438730158730158,0.1624942272901535,clean_ok,ok,3,[CURR] میں آپ کے پاس آنا چاہ رہی تھی میں گھر آنا چاہ رہی تھی
audio/9_1_2_40.wav,Fear,کہیں زین نے غلط فیصلہ تو نہیں کر لیا,9_1_2_40,2.6098412698412696,0.1255186945199966,clean_ok,ok,4,[CURR] کہیں زین نے غلط فیصلہ تو نہیں کر لیا
audio/1_0_4_13.wav,Disgust,تیری ماں کی وجہ سے میں نے بڑی ذلت اٹھائی ہے رسوائی سمیٹی ہے,1_0_4_13,4.504671201814059,0.161315232515335,clean_ok,ok,5,[CURR] تیری ماں کی وجہ سے میں نے بڑی ذلت اٹھائی ہے رسوائی سمیٹی ہے
audio/3_0_1_16.wav,Angry,رک تو صحیح بات تو سن میری,3_0_1_16,2.500657596371882,0.1650145947933197,clean_ok,ok,2,[CURR] رک تو صحیح بات تو سن میری
audio/1_0_2_34.wav,Fear,کون ہے یہ لڑکا,1_0_2_34,1.3508843537414963,0.1452050805091858,clean_ok,ok,4,[CURR] کون ہے یہ لڑکا
audio/9_1_2_14.wav,Fear,ارام سے بیٹھو کیوں ناراض ہو رہی ہو,9_1_2_14,3.3458049886621315,0.1182546839118003,clean_ok,ok,4,[CURR] ارام سے بیٹھو کیوں ناراض ہو رہی ہو
audio/10_1_2_30.wav,Fear,جلدی جائیں جلدی جائیں انہیں اٹھائیں,10_1_2_30,2.710204081632653,0.0656067132949829,clean_ok,ok,4,[CURR] جلدی جائیں جلدی جائیں انہیں اٹھائیں
audio/6_1_5_36.wav,Happy,او بلے بلے,6_1_5_36,1.869206349206349,0.0493857078254222,clean_ok,ok,1,[CURR] او بلے بلے
audio/4_0_3_44.wav,Boredum,ہوئی ہے خوشی اتنی زیادہ ہوئی ہے,4_0_3_44,2.136235827664399,0.148222878575325,clean_ok,ok,6,[CURR] ہوئی ہے خوشی اتنی زیادہ ہوئی ہے
audio/10_1_7_06.wav,Sad,میں پاگل ہو رہی ہوں پاگل ہوگئی,10_1_7_06,4.111043083900227,0.1048386991024017,clean_ok,ok,3,[CURR] میں پاگل ہو رہی ہوں پاگل ہوگئی
audio/3_0_7_49.wav,Sad,اور تمہاری وجہ سے میں اپنی اخرت سے ڈرنے لگا ہوں,3_0_7_49,3.924172335600907,0.0193479545414447,clean_ok,ok,3,[CURR] اور تمہاری وجہ سے میں اپنی اخرت سے ڈرنے لگا ہوں
audio/7_1_1_46.wav,Angry,ہاتھ نہ لگائیں میری کتابوں کو,7_1_1_46,1.6281179138321995,0.2164717316627502,clean_ok,ok,2,[CURR] ہاتھ نہ لگائیں میری کتابوں کو
audio/1_0_5_14.wav,Happy,پسند بدل جاتی ہے بھائی نہیں دل کرتا کسی وقت,1_0_5_14,3.564263038548753,0.1821558624505996,clean_ok,ok,1,[CURR] پسند بدل جاتی ہے بھائی نہیں دل کرتا کسی وقت
audio/4_0_3_10.wav,Boredum,نہیں نہیں ڈاکٹر کو بلانے کی کوئی ضرورت نہیں ہے,4_0_3_10,2.0641496598639457,0.1821476370096206,clean_ok,ok,6,[CURR] نہیں نہیں ڈاکٹر کو بلانے کی کوئی ضرورت نہیں ہے
audio/5_0_1_10.wav,Angry,اگر ان کی نظریں مل گئی تو کیا قیامت اگئی ہے,5_0_1_10,2.90249433106576,0.2521040141582489,clean_ok,ok,2,[CURR] اگر ان کی نظریں مل گئی تو کیا قیامت اگئی ہے
audio/5_0_4_26.wav,Disgust,اور یہ یار یہ بڑے لوگ بہت ہی کمینے ہوتے ہیں,5_0_4_26,3.030204081632653,0.14432393014431,clean_ok,ok,5,[CURR] اور یہ یار یہ بڑے لوگ بہت ہی کمینے ہوتے ہیں
audio/5_0_3_12.wav,Boredum,تمہارا باپ اتنا بیمار نہیں ہوا,5_0_3_12,2.879274376417233,0.0894233137369155,clean_ok,ok,6,[CURR] تمہارا باپ اتنا بیمار نہیں ہوا
audio/3_0_4_47.wav,Disgust,مسلمان ہوں بی بی قربانی میں پہل کرتا ہوں,3_0_4_47,4.441179138321996,0.0936638191342353,clean_ok,ok,5,[CURR] مسلمان ہوں بی بی قربانی میں پہل کرتا ہوں
audio/9_1_3_12.wav,Boredum,ہاں جنت بی بس نکلنا ہی نہیں ہوتا,9_1_3_12,3.0557596371882085,0.2011022567749023,clean_ok,ok,6,[CURR] ہاں جنت بی بس نکلنا ہی نہیں ہوتا
audio/10_1_4_26.wav,Disgust,مجھے تو وہ کوئی ہٹلر یا چنگیز خان لگتا ہے,10_1_4_26,2.7747845804988662,0.1118537411093711,clean_ok,ok,5,[CURR] مجھے تو وہ کوئی ہٹلر یا چنگیز خان لگتا ہے
audio/8_1_6_05.wav,Neutral,تم جانتی ہو نا تمہارے بھلے کے لیے کہتی ہوں,8_1_6_05,2.1710657596371883,0.1276827901601791,clean_ok,ok,0,[CURR] تم جانتی ہو نا تمہارے بھلے کے لیے کہتی ہوں
audio/7_1_1_26.wav,Angry,شرم نہیں اتی تھکتے نہیں ہو جھوٹ بولتے ہوئے,7_1_1_26,2.7140589569161,0.1426049917936325,clean_ok,ok,2,[CURR] شرم نہیں اتی تھکتے نہیں ہو جھوٹ بولتے ہوئے
audio/9_1_5_50.wav,Happy,خوشیاں ہی خوشیاں ملے اس پہ کوئی بوجھ نہ پڑے,9_1_5_50,2.5989795918367347,0.1761372238397598,clean_ok,ok,1,[CURR] خوشیاں ہی خوشیاں ملے اس پہ کوئی بوجھ نہ پڑے
audio/4_0_6_41.wav,Neutral,میں غم میں اپنوں کو یاد نہیں کرتا خوشی میں کرتا ہوں,4_0_6_41,3.921609977324263,0.1514112204313278,clean_ok,ok,0,[CURR] میں غم میں اپنوں کو یاد نہیں کرتا خوشی میں کرتا ہوں
audio/1_0_4_23.wav,Disgust,ظفر کیا کر رہے ہو تم کوئی چھٹی پہ ہے کوئی لیٹ ا رہا ہے ایسے کیسے چلے گا افس کا نظام,1_0_4_23,6.164897959183674,0.1509382277727127,clean_ok,ok,5,[CURR] ظفر کیا کر رہے ہو تم کوئی چھٹی پہ ہے کوئی لیٹ ا رہا ہے ایسے کیسے چلے گا افس کا نظام
audio/9_1_3_32.wav,Boredum,بھائی جاتی ہوگی جاتی ہوگی,9_1_3_32,2.2772562358276645,0.2680450081825256,clean_ok,ok,6,[CURR] بھائی جاتی ہوگی جاتی ہوگی
audio/2_0_7_24.wav,Sad,کیا ہو جاتا اگر منت خاموش ہو جاتی,2_0_7_24,3.215963718820862,0.180969700217247,clean_ok,ok,3,[CURR] کیا ہو جاتا اگر منت خاموش ہو جاتی
audio/4_0_3_03.wav,Boredum,نہیں نہیں ایسی کوئی بات نہیں ہے اماں,4_0_3_03,2.7747845804988662,0.1274858564138412,clean_ok,ok,6,[CURR] نہیں نہیں ایسی کوئی بات نہیں ہے اماں
audio/8_1_2_43.wav,Fear,بولیں نا زین زین یہ جھوٹ ہے بولیں,8_1_2_43,4.694036281179138,0.097145952284336,clean_ok,ok,4,[CURR] بولیں نا زین زین یہ جھوٹ ہے بولیں
audio/7_1_7_01.wav,Sad,بڑے بھیا کو روکنا اب کسی کے بس کی بات نہیں ہے مراد,7_1_7_01,3.831292517006802,0.1409934759140014,clean_ok,ok,3,[CURR] بڑے بھیا کو روکنا اب کسی کے بس کی بات نہیں ہے مراد
audio/10_1_6_11.wav,Neutral,مجھ سے بد تمیزی کرنے کی ضرورت نہیں ہے فائل لینے آئی ہوں لے کے جارہی ہوں,10_1_6_11,4.045260770975057,0.1173244714736938,clean_ok,ok,0,[CURR] مجھ سے بد تمیزی کرنے کی ضرورت نہیں ہے فائل لینے آئی ہوں لے کے جارہی ہوں
audio/3_0_4_01.wav,Disgust,اج تو ڈھنگ سے تیار ہو جاتی,3_0_4_01,2.6238548752834467,0.1823553442955017,clean_ok,ok,5,[CURR] اج تو ڈھنگ سے تیار ہو جاتی
audio/5_0_7_36.wav,Sad,زمین تم پر کتنی بھی تنگ کیوں نہ ہو جائے اپنا دل ہمیشہ بڑا رکھنا,5_0_7_36,6.594467120181406,0.0675691813230514,clean_ok,ok,3,[CURR] زمین تم پر کتنی بھی تنگ کیوں نہ ہو جائے اپنا دل ہمیشہ بڑا رکھنا
audio/8_1_7_48.wav,Sad,میں نہیں جانتی میں زندہ ہوں میں مر گئی,8_1_7_48,3.250385487528345,0.1703533679246902,clean_ok,ok,3,[CURR] میں نہیں جانتی میں زندہ ہوں میں مر گئی
audio/3_0_5_36.wav,Happy,خود ہی پہنچایا کرنا وہ بھی ساتھ چلا جایا کرے گا,3_0_5_36,4.005442176870749,0.1074057966470718,clean_ok,ok,1,[CURR] خود ہی پہنچایا کرنا وہ بھی ساتھ چلا جایا کرے گا
audio/9_1_3_41.wav,Boredum,بے پسند ہے,9_1_3_41,1.311859410430839,0.0570952072739601,clean_ok,ok,6,[CURR] بے پسند ہے
audio/4_0_1_20.wav,Angry,سمجھ نہیں اتی کیا تمہیں,4_0_1_20,1.5942403628117914,0.2687577903270721,clean_ok,ok,2,[CURR] سمجھ نہیں اتی کیا تمہیں
audio/1_0_1_01.wav,Angry,اور تم سارے شہر میں یہ ڈھنڈورا پیٹتی آ رہی ہو,1_0_1_01,3.1812244897959183,0.1700568050146103,clean_ok,ok,2,[CURR] اور تم سارے شہر میں یہ ڈھنڈورا پیٹتی آ رہی ہو
audio/1_0_2_31.wav,Fear,بھائی اگر وہ خود سے تمہیں کچھ نہیں بتا رہی تو تم ہی اس سے پوچھ لیتی,1_0_2_31,4.098321995464852,0.1495408862829208,clean_ok,ok,4,[CURR] بھائی اگر وہ خود سے تمہیں کچھ نہیں بتا رہی تو تم ہی اس سے پوچھ لیتی
audio/9_1_2_48.wav,Fear,یہ کس قسم کی لڑکی ہے,9_1_2_48,1.624671201814059,0.0947894379496574,clean_ok,ok,4,[CURR] یہ کس قسم کی لڑکی ہے
audio/5_0_4_17.wav,Disgust,سر اونچا بولیں نا سمجھ ائے,5_0_4_17,1.2770975056689342,0.1882870197296142,clean_ok,ok,5,[CURR] سر اونچا بولیں نا سمجھ ائے
audio/3_0_6_32.wav,Neutral,اچھا اب اس کو ہاتھ نہیں لگانا کھولنا نہیں,3_0_6_32,3.999501133786848,0.0520371831953525,clean_ok,ok,0,[CURR] اچھا اب اس کو ہاتھ نہیں لگانا کھولنا نہیں
audio/1_0_2_33.wav,Fear,یہ کیا حماقت تھی شانزے,1_0_2_33,2.087687074829932,0.0926061645150184,clean_ok,ok,4,[CURR] یہ کیا حماقت تھی شانزے
audio/9_1_1_46.wav,Angry,پوچھ اس سے کیا کیا اس نے,9_1_1_46,1.934104308390023,0.205190360546112,clean_ok,ok,2,[CURR] پوچھ اس سے کیا کیا اس نے
audio/1_0_1_35.wav,Angry,اج میں تمہارا لحاظ بھی نہیں کروں گا جان سے مار دوں گا,1_0_1_35,3.311269841269841,0.3413686752319336,clean_ok,ok,2,[CURR] اج میں تمہارا لحاظ بھی نہیں کروں گا جان سے مار دوں گا
audio/10_1_2_34.wav,Fear,اپ کا دماغ تو خراب نہیں ہو گیا ایسا ہو ہی نہیں سکتا,10_1_2_34,2.326689342403628,0.1352676153182983,clean_ok,ok,4,[CURR] اپ کا دماغ تو خراب نہیں ہو گیا ایسا ہو ہی نہیں سکتا
audio/4_0_2_09.wav,Fear,بالکل اس اگ کی طرح جو انسان کے اندر انتقام میں جلتی ہے اور اس کے اندر کو جل کر راکھ کر دیتی ہے,4_0_2_09,4.829750566893424,0.2062834054231643,clean_ok,ok,4,[CURR] بالکل اس اگ کی طرح جو انسان کے اندر انتقام میں جلتی ہے اور اس کے اندر کو جل کر راکھ کر دیتی ہے
audio/6_1_6_39.wav,Neutral,اور تم ایک بزدل انسان ہو ہمت نہیں ہے تم میں,6_1_6_39,4.776190476190476,0.1167601719498634,clean_ok,ok,0,[CURR] اور تم ایک بزدل انسان ہو ہمت نہیں ہے تم میں
audio/6_1_4_44.wav,Disgust,مجھے تو لگتا ہے میری ساری زندگی ایسی گزر جائے گی چاول پکا لو جھاڑو مار لو برتن دھو لو,6_1_4_44,4.08671201814059,0.1495366394519806,clean_ok,ok,5,[CURR] مجھے تو لگتا ہے میری ساری زندگی ایسی گزر جائے گی چاول پکا لو جھاڑو مار لو برتن دھو لو
audio/2_0_7_04.wav,Sad,ٹھیک ہے حادثہ بہت بڑا ہے لیکن,2_0_7_04,3.575873015873016,0.1421010643243789,clean_ok,ok,3,[CURR] ٹھیک ہے حادثہ بہت بڑا ہے لیکن
audio/8_1_4_11.wav,Disgust,میں ان بیویوں کی طرح نہیں ہے جو یہ سب کچھ برداشت کریں,8_1_4_11,3.111473922902494,0.1504908800125122,clean_ok,ok,5,[CURR] میں ان بیویوں کی طرح نہیں ہے جو یہ سب کچھ برداشت کریں
audio/2_0_7_20.wav,Sad,ٹھیک ہے میں میں نے تو اپنی پوری کوشش کر لی ہے تم بھی کر کر دیکھ لو میں تمہارے ساتھ ہوں,2_0_7_20,6.531337868480725,0.1604237705469131,clean_ok,ok,3,[CURR] ٹھیک ہے میں میں نے تو اپنی پوری کوشش کر لی ہے تم بھی کر کر دیکھ لو میں تمہارے ساتھ ہوں
audio/6_1_5_02.wav,Happy,ائی ائی ائی ائی ائی ائی ائی ائی ائی,6_1_5_02,2.2639455782312927,0.0776612535119056,clean_ok,ok,1,[CURR] ائی ائی ائی ائی ائی ائی ائی ائی ائی
audio/8_1_4_17.wav,Disgust,اس نے جا کر ہمارے دشمنوں کو جوائن کر لیا,8_1_4_17,2.227777777777778,0.1627638489007949,clean_ok,ok,5,[CURR] اس نے جا کر ہمارے دشمنوں کو جوائن کر لیا
audio/4_0_1_10.wav,Angry,بتا رہا ہوں میں اور اچھا نہیں ہوگا,4_0_1_10,2.670294784580499,0.1676046699285507,clean_ok,ok,2,[CURR] بتا رہا ہوں میں اور اچھا نہیں ہوگا
audio/3_0_3_44.wav,Boredum,یہ پھر وہی بات کر رہا ہے مطلب جو شخص نوکری نہیں دے رہا وہ بیٹی دینے پر راضی ہو گیا ہے,3_0_3_44,6.57124716553288,0.1184818148612976,clean_ok,ok,6,[CURR] یہ پھر وہی بات کر رہا ہے مطلب جو شخص نوکری نہیں دے رہا وہ بیٹی دینے پر راضی ہو گیا ہے
audio/4_0_7_49.wav,Sad,نہیں پوچھنا اپ جان گئی تو اپ کو تکلیف ہو گئی,4_0_7_49,2.5127891156462585,0.1068797633051872,clean_ok,ok,3,[CURR] نہیں پوچھنا اپ جان گئی تو اپ کو تکلیف ہو گئی
audio/1_0_1_02.wav,Angry,تم نہیں سمجھ رہی ہو تمہیں سمجھ نہیں آ رہی ہے,1_0_1_02,2.414875283446712,0.1704645901918411,clean_ok,ok,2,[CURR] تم نہیں سمجھ رہی ہو تمہیں سمجھ نہیں آ رہی ہے
audio/6_1_3_39.wav,Boredum,شاید ماں بھی بیٹی کو ایک بیٹی سمجھتی ہے,6_1_3_39,2.7991383219954646,0.14120514690876,clean_ok,ok,6,[CURR] شاید ماں بھی بیٹی کو ایک بیٹی سمجھتی ہے
audio/6_1_6_33.wav,Neutral,جہاں تک مجھے شک ہے یا تو وہ کچھ پوچھنا چاہ رہا تھا یا اسے کچھ بتانا چاہ رہا تھا,6_1_6_33,5.551791383219955,0.0808520019054412,clean_ok,ok,0,[CURR] جہاں تک مجھے شک ہے یا تو وہ کچھ پوچھنا چاہ رہا تھا یا اسے کچھ بتانا چاہ رہا تھا
audio/4_0_5_18.wav,Happy,اب اپ کو پسند ائی ہے تو ٹھیک ہے ماں جی,4_0_5_18,3.022312925170068,0.0945686474442482,clean_ok,ok,1,[CURR] اب اپ کو پسند ائی ہے تو ٹھیک ہے ماں جی
audio/7_1_4_16.wav,Disgust,اور ایسا سوچا بھی کیسے آپ نے,7_1_4_16,2.136235827664399,0.1518099904060363,clean_ok,ok,5,[CURR] اور ایسا سوچا بھی کیسے آپ نے
audio/2_0_7_35.wav,Sad,اٹھو شایان میں تمہارے بغیر نہیں رہ سکتا میں اکیلا رہ گیا,2_0_7_35,4.224353741496599,0.1932302415370941,clean_ok,ok,3,[CURR] اٹھو شایان میں تمہارے بغیر نہیں رہ سکتا میں اکیلا رہ گیا
audio/1_0_1_33.wav,Angry,ہاں تو ثابت کر دیا نا اس نے کہ وہ جہاں ارا کی بیٹی ہے,1_0_1_33,4.063492063492063,0.2675762176513672,clean_ok,ok,2,[CURR] ہاں تو ثابت کر دیا نا اس نے کہ وہ جہاں ارا کی بیٹی ہے
audio/1_0_7_36.wav,Sad,لوگ تو بھول جائیں گے میں نہیں بھلا سکوں گا,1_0_7_36,4.632380952380952,0.0632835626602172,clean_ok,ok,3,[CURR] لوگ تو بھول جائیں گے میں نہیں بھلا سکوں گا
audio/3_0_6_11.wav,Neutral,بہتر ہوتا کہ تم اس شخص کو خود ہی دیکھ لیتی,3_0_6_11,3.2043537414965986,0.0471948534250259,clean_ok,ok,0,[CURR] بہتر ہوتا کہ تم اس شخص کو خود ہی دیکھ لیتی
audio/9_1_1_20.wav,Angry,نکلو یہاں سے چلو نکلو اور اج کے بعد شکل مت دکھانا مجھے اپنی,9_1_1_20,3.710634920634921,0.1159009411931037,clean_ok,ok,2,[CURR] نکلو یہاں سے چلو نکلو اور اج کے بعد شکل مت دکھانا مجھے اپنی
audio/7_1_5_41.wav,Happy,پوری کلاس میں سیکنڈ پوزیشن ائی ہے,7_1_5_41,1.98530612244898,0.1401964277029037,clean_ok,ok,1,[CURR] پوری کلاس میں سیکنڈ پوزیشن ائی ہے
audio/10_1_3_45.wav,Boredum,مجھے لگا شاید ان کی ہے,10_1_3_45,3.321111111111111,0.0725520104169845,clean_ok,ok,6,[CURR] مجھے لگا شاید ان کی ہے
audio/2_0_2_32.wav,Fear,لیکن وجی کا کوئی قصور نہیں ہے سب جانتے ہیں اس لڑکی نے خودکشی کی ہے,2_0_2_32,3.205600907029478,0.220703586935997,clean_ok,ok,4,[CURR] لیکن وجی کا کوئی قصور نہیں ہے سب جانتے ہیں اس لڑکی نے خودکشی کی ہے
audio/10_1_3_11.wav,Boredum,ڈیلیٹ تو نہیں کیا ابھی تک,10_1_3_11,2.3952154195011337,0.087403766810894,clean_ok,ok,6,[CURR] ڈیلیٹ تو نہیں کیا ابھی تک
audio/10_1_5_21.wav,Happy,کچھ گفٹس ہیں چاکلیٹس اور کاسمیٹکس,10_1_5_21,2.391655328798186,0.1261241734027862,clean_ok,ok,1,[CURR] کچھ گفٹس ہیں چاکلیٹس اور کاسمیٹکس
audio/5_0_1_23.wav,Angry,جی نہیں میری بیٹی نہیں ہے,5_0_1_23,2.844444444444445,0.1740103811025619,clean_ok,ok,2,[CURR] جی نہیں میری بیٹی نہیں ہے
audio/7_1_1_03.wav,Angry,ایک لڑکی کے کمرے میں ایسے منہ اٹھا کر چلے آئے ہو,7_1_1_03,2.1289115646258505,0.1760766804218292,clean_ok,ok,2,[CURR] ایک لڑکی کے کمرے میں ایسے منہ اٹھا کر چلے آئے ہو
audio/7_1_4_25.wav,Disgust,بہت صحیح ٹائم پر تمہیں چوٹ لگی ہے,7_1_4_25,1.938866213151928,0.1498907953500747,clean_ok,ok,5,[CURR] بہت صحیح ٹائم پر تمہیں چوٹ لگی ہے
audio/1_0_6_05.wav,Neutral,اپا میں سوچ رہا تھا ولیمے پہ تو جا ہی رہے ہیں,1_0_6_05,3.13469387755102,0.1355114430189132,clean_ok,ok,0,[CURR] اپا میں سوچ رہا تھا ولیمے پہ تو جا ہی رہے ہیں
audio/3_0_7_11.wav,Sad,تم اس کی دوسری بیوی بن کر جا رہی ہوں,3_0_7_11,2.9605442176870747,0.0257740747183561,clean_ok,ok,3,[CURR] تم اس کی دوسری بیوی بن کر جا رہی ہوں
audio/3_0_5_27.wav,Happy,اچھا دروازہ بند کر دینا,3_0_5_27,3.4546485260770976,0.0650106966495513,clean_ok,ok,1,[CURR] اچھا دروازہ بند کر دینا
audio/6_1_6_28.wav,Neutral,آپکو پتا ہے دل کی بات شیئر کرنے سے نا بوجھ ہلکا ہو جاتا ہے,6_1_6_28,4.635351473922903,0.0728009268641471,clean_ok,ok,0,[CURR] آپکو پتا ہے دل کی بات شیئر کرنے سے نا بوجھ ہلکا ہو جاتا ہے
audio/9_1_5_21.wav,Happy,اور یہ کتنے پیارے لگ رہے ہیں,9_1_5_21,1.853015873015873,0.1481185555458068,clean_ok,ok,1,[CURR] اور یہ کتنے پیارے لگ رہے ہیں
audio/5_0_2_02.wav,Fear,میں دیکھ اور سن سکتا ہوں یہ تو مجھے کیا دھوکہ دے رہے ہو,5_0_2_02,3.5874829931972787,0.1975977271795272,clean_ok,ok,4,[CURR] میں دیکھ اور سن سکتا ہوں یہ تو مجھے کیا دھوکہ دے رہے ہو
audio/10_1_7_11.wav,Sad,میں کیا روؤں گی,10_1_7_11,1.3581632653061224,0.0951225906610488,clean_ok,ok,3,[CURR] میں کیا روؤں گی
audio/1_0_2_43.wav,Fear,وہ ایک بات کرنی تھی تم سے,1_0_2_43,3.738412698412698,0.1069546937942504,clean_ok,ok,4,[CURR] وہ ایک بات کرنی تھی تم سے
audio/3_0_2_13.wav,Fear,بھول جاؤ کیسے بھول سکتا ہوں میں,3_0_2_13,3.7848526077097504,0.1066205501556396,clean_ok,ok,4,[CURR] بھول جاؤ کیسے بھول سکتا ہوں میں
audio/7_1_7_15.wav,Sad,ایسی کس کی مجال کہ میرے ساتھ کچھ ایسا کرے,7_1_7_15,2.6006349206349206,0.1468174457550048,clean_ok,ok,3,[CURR] ایسی کس کی مجال کہ میرے ساتھ کچھ ایسا کرے
audio/7_1_4_38.wav,Disgust,اگر ہوتی نا تو آپ کو بھی لگ پتا جاتا,7_1_4_38,2.1942857142857144,0.1142648681998252,clean_ok,ok,5,[CURR] اگر ہوتی نا تو آپ کو بھی لگ پتا جاتا
audio/2_0_2_34.wav,Fear,وجی اج اور کل وہاں رہے گا لوک اپ میں,2_0_2_34,3.049886621315193,0.2047518491744995,clean_ok,ok,4,[CURR] وجی اج اور کل وہاں رہے گا لوک اپ میں
audio/6_1_4_15.wav,Disgust,تمہیں اس سے کیا تم لانے جانے میں تمہیں مصروف ہو لوگوں کو,6_1_4_15,2.995374149659864,0.1050504446029663,clean_ok,ok,5,[CURR] تمہیں اس سے کیا تم لانے جانے میں تمہیں مصروف ہو لوگوں کو
audio/1_0_1_12.wav,Angry,مجھے منظور ہے,1_0_1_12,1.9620861678004533,0.1936859041452407,clean_ok,ok,2,[CURR] مجھے منظور ہے
audio/4_0_7_11.wav,Sad,میرے اندر اگ لگا دی ہے میں میں تکلیف میں ہوں,4_0_7_11,4.9517687074829935,0.1263484507799148,clean_ok,ok,3,[CURR] میرے اندر اگ لگا دی ہے میں میں تکلیف میں ہوں
audio/2_0_6_18.wav,Neutral,اس کا مطلب ہے نہیں مانی ٹھیک ہے اب اپ کا ہم سے شکوہ نہیں بنتا,2_0_6_18,6.587482993197279,0.0994489938020706,clean_ok,ok,0,[CURR] اس کا مطلب ہے نہیں مانی ٹھیک ہے اب اپ کا ہم سے شکوہ نہیں بنتا
audio/9_1_7_30.wav,Sad,لیکن ماؤں کے رستے طویل نہیں ہوا کرتے بیٹا,9_1_7_30,3.0320408163265307,0.11939188092947,clean_ok,ok,3,[CURR] لیکن ماؤں کے رستے طویل نہیں ہوا کرتے بیٹا
audio/6_1_7_25.wav,Sad,کوئی چیز ہے جو اندر ہی اندر ختم کیے جا رہی ہے,6_1_7_25,3.061655328798186,0.1925296634435653,clean_ok,ok,3,[CURR] کوئی چیز ہے جو اندر ہی اندر ختم کیے جا رہی ہے
audio/7_1_3_15.wav,Boredum,اور بھی وجہ ہے تو میں یہی تکلیف ہے نا,7_1_3_15,2.0377551020408164,0.2796374857425689,clean_ok,ok,6,[CURR] اور بھی وجہ ہے تو میں یہی تکلیف ہے نا
audio/3_0_2_14.wav,Fear,زندگی کے گزرے ہوئے لمحوں کا تانا بانا تم سے ایسے جڑ جاتا ہے میں چاہوں بھی تو تمہارے خیال کو دل سے نہیں نکال سکتا,3_0_2_14,8.068934240362811,0.2289766520261764,too_long,ok,4,[CURR] زندگی کے گزرے ہوئے لمحوں کا تانا بانا تم سے ایسے جڑ جاتا ہے میں چاہوں بھی تو تمہارے خیال کو دل سے نہیں نکال سکتا
audio/8_1_4_01.wav,Disgust,یہ نہ ہو کچھ دنوں بعد میں تمہارے ساتھ نکلنا ہی چھوڑ دوں,8_1_4_01,2.6238548752834467,0.1151504442095756,clean_ok,ok,5,[CURR] یہ نہ ہو کچھ دنوں بعد میں تمہارے ساتھ نکلنا ہی چھوڑ دوں
audio/10_1_5_43.wav,Happy,آپ کو بھی مبارک ہو,10_1_5_43,1.4393197278911565,0.1201395690441131,clean_ok,ok,1,[CURR] آپ کو بھی مبارک ہو
audio/1_0_3_26.wav,Boredum,اللہ تعالی ان کی مغفرت کرے,1_0_3_26,2.020136054421769,0.1247402802109718,clean_ok,ok,6,[CURR] اللہ تعالی ان کی مغفرت کرے
audio/4_0_5_01.wav,Happy,ایسی ہو کہ ائینہ بھی واقف نہ ہو اس سے,4_0_5_01,3.1356689342403627,0.1007832959294319,clean_ok,ok,1,[CURR] ایسی ہو کہ ائینہ بھی واقف نہ ہو اس سے
audio/2_0_1_29.wav,Angry,چوری اور سینہ زوری کی زندہ مثال ہو تم,2_0_1_29,2.90015873015873,0.1135780736804008,clean_ok,ok,2,[CURR] چوری اور سینہ زوری کی زندہ مثال ہو تم
audio/8_1_6_21.wav,Neutral,میں شادی کروں گی بھی اور نبھا کے بھی دکھاؤں گی,8_1_6_21,3.451655328798186,0.1187444031238555,clean_ok,ok,0,[CURR] میں شادی کروں گی بھی اور نبھا کے بھی دکھاؤں گی
audio/1_0_3_39.wav,Boredum,جب وہ تھی اس گھر میں,1_0_3_39,1.5325170068027212,0.0984823182225227,clean_ok,ok,6,[CURR] جب وہ تھی اس گھر میں
audio/1_0_4_40.wav,Disgust,تنگ ا گئی ہو تو پھر ہم دونوں ایک ساتھ میں کیوں ہیں,1_0_4_40,4.191201814058957,0.1119887679815292,clean_ok,ok,5,[CURR] تنگ ا گئی ہو تو پھر ہم دونوں ایک ساتھ میں کیوں ہیں
audio/9_1_1_37.wav,Angry,جلدی کرو بھوک لگی ہے مجھے,9_1_1_37,1.7469160997732427,0.2724277675151825,clean_ok,ok,2,[CURR] جلدی کرو بھوک لگی ہے مجھے
audio/10_1_3_03.wav,Boredum,میری قسمت پھر بھی نہیں بدلے گی,10_1_3_03,1.6578004535147393,0.1184117421507835,clean_ok,ok,6,[CURR] میری قسمت پھر بھی نہیں بدلے گی
audio/8_1_5_38.wav,Happy,بابا تو اتنی محبت کرتے ہیں,8_1_5_38,1.9736961451247168,0.1641771793365478,clean_ok,ok,1,[CURR] بابا تو اتنی محبت کرتے ہیں
audio/7_1_7_40.wav,Sad,میری زندگی برباد ہوچکی ہے اپنا فیوچر کیوں خراب کرنا چاہ رہے ہو تم,7_1_7_40,3.004671201814059,0.1458519250154495,clean_ok,ok,3,[CURR] میری زندگی برباد ہوچکی ہے اپنا فیوچر کیوں خراب کرنا چاہ رہے ہو تم
audio/10_1_5_20.wav,Happy,یہ تمہارے اور داؤد کے لیئے,10_1_5_20,1.869206349206349,0.1541132926940918,clean_ok,ok,1,[CURR] یہ تمہارے اور داؤد کے لیئے
audio/8_1_7_46.wav,Sad,چھوٹی سی ڈیڈ آٹھ سال کی مجھے سب سے زیادہ ضرورت تھی اُن کی,8_1_7_46,6.144557823129252,0.1617847383022308,clean_ok,ok,3,[CURR] چھوٹی سی ڈیڈ آٹھ سال کی مجھے سب سے زیادہ ضرورت تھی اُن کی
audio/6_1_2_50.wav,Fear,کچھ بھی کر لوں گی,6_1_2_50,2.3560090702947845,0.075332760810852,clean_ok,ok,4,[CURR] کچھ بھی کر لوں گی
audio/2_0_2_38.wav,Fear,یا ابھی اسے پیسے دیے ہیں تھوڑی دیر پہلے,2_0_2_38,1.5995691609977325,0.1068073883652687,clean_ok,ok,4,[CURR] یا ابھی اسے پیسے دیے ہیں تھوڑی دیر پہلے
audio/3_0_1_37.wav,Angry,نوکر کی بیٹی کا,3_0_1_37,1.8845804988662127,0.0667135119438171,clean_ok,ok,2,[CURR] نوکر کی بیٹی کا
audio/1_0_6_42.wav,Neutral,ہاں بھائی اپنی موم سے پوچھ لو اگر اس کے پاس ٹائم ہے تو,1_0_6_42,4.597551020408163,0.1064226776361465,clean_ok,ok,0,[CURR] ہاں بھائی اپنی موم سے پوچھ لو اگر اس کے پاس ٹائم ہے تو
audio/5_0_7_18.wav,Sad,ویسے بھی ان کو چلانا گھر میں رکھنا ہمارے لیے تکلیف کا ہی باعث ہوتی ہے,5_0_7_18,8.604920634920635,0.0678704231977462,too_long,ok,3,[CURR] ویسے بھی ان کو چلانا گھر میں رکھنا ہمارے لیے تکلیف کا ہی باعث ہوتی ہے
audio/10_1_1_39.wav,Angry,مومن میرا راجا ہے میری شادی اُسی سے ہوگی بس,10_1_1_39,2.670294784580499,0.1320261061191558,clean_ok,ok,2,[CURR] مومن میرا راجا ہے میری شادی اُسی سے ہوگی بس
audio/2_0_3_01.wav,Boredum,جاؤ شاباش جا کر ریسٹ کرو سب کچھ ٹھیک ہو جائے گا اللہ مالک ہے,2_0_3_01,3.128866213151928,0.1782068163156509,clean_ok,ok,6,[CURR] جاؤ شاباش جا کر ریسٹ کرو سب کچھ ٹھیک ہو جائے گا اللہ مالک ہے
audio/3_0_2_30.wav,Fear,اس کی نیک نامی کا چرچہ سنو,3_0_2_30,2.705124716553288,0.1557831764221191,clean_ok,ok,4,[CURR] اس کی نیک نامی کا چرچہ سنو
audio/8_1_4_03.wav,Disgust,میں بھی انسان ہوں کب تک برداشت کروں گی,8_1_4_03,2.6122448979591835,0.1498987823724746,clean_ok,ok,5,[CURR] میں بھی انسان ہوں کب تک برداشت کروں گی
audio/3_0_2_50.wav,Fear,لیکن یاد رکھنا ہاری ہوئی ماں کا بیٹا کبھی جیت نہیں سکتا,3_0_2_50,6.121383219954649,0.1125425398349762,clean_ok,ok,4,[CURR] لیکن یاد رکھنا ہاری ہوئی ماں کا بیٹا کبھی جیت نہیں سکتا
audio/7_1_5_08.wav,Happy,جیسے کہ لڑائی جھگڑا,7_1_5_08,4.388571428571429,0.1296974420547485,clean_ok,ok,1,[CURR] جیسے کہ لڑائی جھگڑا
audio/5_0_7_35.wav,Sad,مجھے تو لگتا ہے یہ منحوس پتلیوں کی وجہ سے سب کچھ ہوا ہے,5_0_7_35,3.5874829931972787,0.0900995135307312,clean_ok,ok,3,[CURR] مجھے تو لگتا ہے یہ منحوس پتلیوں کی وجہ سے سب کچھ ہوا ہے
audio/4_0_2_21.wav,Fear,مدد کر یار میری جب تک وہ لڑکی کوئی واضح جواب نہیں دے دیتی,4_0_2_21,5.2128798185941045,0.1004484891891479,clean_ok,ok,4,[CURR] مدد کر یار میری جب تک وہ لڑکی کوئی واضح جواب نہیں دے دیتی
audio/1_0_5_10.wav,Happy,بتاؤ نا کیا بنا رہی ہو,1_0_5_10,1.6950566893424035,0.1799191087484359,clean_ok,ok,1,[CURR] بتاؤ نا کیا بنا رہی ہو
audio/2_0_1_12.wav,Angry,تمہاری ایک ایک کرتوت سے اچھی طرح واقف ہوں میں,2_0_1_12,3.256485260770975,0.1009711623191833,clean_ok,ok,2,[CURR] تمہاری ایک ایک کرتوت سے اچھی طرح واقف ہوں میں
audio/3_0_4_04.wav,Disgust,تمہارے سے ہولیے کی وجہ سے میں تمہیں کہیں لے کے نہیں جاتا,3_0_4_04,3.308843537414966,0.2310441434383392,clean_ok,ok,5,[CURR] تمہارے سے ہولیے کی وجہ سے میں تمہیں کہیں لے کے نہیں جاتا
audio/1_0_1_27.wav,Angry,میرے اعتماد کو سب سے زیادہ نقصان اس نے پہنچایا ہے,1_0_1_27,3.076643990929705,0.1884413659572601,clean_ok,ok,2,[CURR] میرے اعتماد کو سب سے زیادہ نقصان اس نے پہنچایا ہے
audio/4_0_2_39.wav,Fear,نہیں خدا کا واسطہ ہے یہ ہاتھ کھولو,4_0_2_39,3.4589795918367345,0.1365452706813812,clean_ok,ok,4,[CURR] نہیں خدا کا واسطہ ہے یہ ہاتھ کھولو
audio/10_1_5_32.wav,Happy,آپ کو اندازہ نہیں ہے کہ اُن کے کام کی کتنی بڑی مداح ہوں میں,10_1_5_32,3.517823129251701,0.1300036907196045,clean_ok,ok,1,[CURR] آپ کو اندازہ نہیں ہے کہ اُن کے کام کی کتنی بڑی مداح ہوں میں
audio/8_1_4_10.wav,Disgust,اپ اپنے بیٹے کو کہیں کہ وہ بھی میری عزت رکھے,8_1_4_10,2.7631746031746034,0.1218069642782211,clean_ok,ok,5,[CURR] اپ اپنے بیٹے کو کہیں کہ وہ بھی میری عزت رکھے
audio/10_1_7_36.wav,Sad,کبھی نہیں ملیں گے,10_1_7_36,0.9107256235827664,0.1829330921173095,too_short,ok,3,[CURR] کبھی نہیں ملیں گے
audio/10_1_3_28.wav,Boredum,میں روز اپ سے کہتی ہوں ہاں,10_1_3_28,1.938866213151928,0.0879446193575859,clean_ok,ok,6,[CURR] میں روز اپ سے کہتی ہوں ہاں
audio/6_1_4_27.wav,Disgust,یار تو نے اس کا نام نہیں لینا اچھا پھر میرا موڈ خراب ہو جائے گا,6_1_4_27,3.843718820861678,0.1261712163686752,clean_ok,ok,5,[CURR] یار تو نے اس کا نام نہیں لینا اچھا پھر میرا موڈ خراب ہو جائے گا
audio/10_1_2_44.wav,Fear,اگر میں اس عمر میں پاس نہ ہوئی تو بڑی بےعزتی ہو جائے گی,10_1_2_44,3.959002267573696,0.1009047478437423,clean_ok,ok,4,[CURR] اگر میں اس عمر میں پاس نہ ہوئی تو بڑی بےعزتی ہو جائے گی
audio/3_0_7_21.wav,Sad,لیکن اس کا کیا ہوا جو تم نے میرے لیے اپنے دل پر چند سال پہلے لگا لی تھی,3_0_7_21,5.77015873015873,0.0204684790223836,clean_ok,ok,3,[CURR] لیکن اس کا کیا ہوا جو تم نے میرے لیے اپنے دل پر چند سال پہلے لگا لی تھی
audio/2_0_3_27.wav,Boredum,ہو گئی تمہاری بات نکال لی دل کی بھڑاس,2_0_3_27,2.143356009070295,0.1727324426174163,clean_ok,ok,6,[CURR] ہو گئی تمہاری بات نکال لی دل کی بھڑاس
audio/3_0_4_14.wav,Disgust,اگر گاڑی کی بریک بروقت کام نہ کر جاتی تو نہ جانے کیا ہو جاتا,3_0_4_14,3.8545124716553287,0.1484490931034088,clean_ok,ok,5,[CURR] اگر گاڑی کی بریک بروقت کام نہ کر جاتی تو نہ جانے کیا ہو جاتا
audio/7_1_7_24.wav,Sad,لیکن میں یہی تو نہیں چاہتی نا,7_1_7_24,3.030204081632653,0.1028088554739952,clean_ok,ok,3,[CURR] لیکن میں یہی تو نہیں چاہتی نا
audio/5_0_7_16.wav,Sad,تو اپنی ماں کی بیماری کیسے بھول سکتی ہے,5_0_7_16,2.7000226757369616,0.0792689844965934,clean_ok,ok,3,[CURR] تو اپنی ماں کی بیماری کیسے بھول سکتی ہے
audio/5_0_4_46.wav,Disgust,اپ نے مجھ سے جھوٹ نہیں بولا کیس کے اس واپس لے لیا ہے,5_0_4_46,2.565804988662132,0.1190068274736404,clean_ok,ok,5,[CURR] اپ نے مجھ سے جھوٹ نہیں بولا کیس کے اس واپس لے لیا ہے
audio/8_1_1_06.wav,Angry,جب وہ موحد مجھ پہ ہاتھ اٹھا رہا تھا تو تم وہاں پر خاموش کھڑے ہوئے تھے,8_1_1_06,2.681904761904762,0.259261816740036,clean_ok,ok,2,[CURR] جب وہ موحد مجھ پہ ہاتھ اٹھا رہا تھا تو تم وہاں پر خاموش کھڑے ہوئے تھے
audio/9_1_7_31.wav,Sad,ہوسکے تو اپنی بہن خوشیوں میں شریک ہوجانا,9_1_7_31,3.9920861678004536,0.0954320430755615,clean_ok,ok,3,[CURR] ہوسکے تو اپنی بہن خوشیوں میں شریک ہوجانا
audio/3_0_4_50.wav,Disgust,نہ بھیا ایسی غیر نصابی سرگرمیوں کے بارے میں اپنی ماں سے پوچھو,3_0_4_50,6.222947845804988,0.0873482674360275,clean_ok,ok,5,[CURR] نہ بھیا ایسی غیر نصابی سرگرمیوں کے بارے میں اپنی ماں سے پوچھو
audio/6_1_4_35.wav,Disgust,میں مجھے نہیں اچھا لگتا اپ کیوں کرتی ہیں میرے ساتھ ایسا,6_1_4_35,2.809614512471655,0.1377529352903366,clean_ok,ok,5,[CURR] میں مجھے نہیں اچھا لگتا اپ کیوں کرتی ہیں میرے ساتھ ایسا
audio/3_0_2_47.wav,Fear,کسی دن بگڑ گیا تو,3_0_2_47,3.4575736961451247,0.1573917865753173,clean_ok,ok,4,[CURR] کسی دن بگڑ گیا تو
audio/4_0_2_02.wav,Fear,اگر خدانخواستہ ایسا ہو جاتا تو ہماری سات نسلوں پر لگاتار کوئی دھو نہیں سکتا تھا ابا,4_0_2_02,4.400181405895691,0.1453558355569839,clean_ok,ok,4,[CURR] اگر خدانخواستہ ایسا ہو جاتا تو ہماری سات نسلوں پر لگاتار کوئی دھو نہیں سکتا تھا ابا
audio/5_0_7_47.wav,Sad,پتہ نہیں کیا بوجھ ہے کس بات کی سزا ہے,5_0_7_47,3.81968253968254,0.0970976948738098,clean_ok,ok,3,[CURR] پتہ نہیں کیا بوجھ ہے کس بات کی سزا ہے
audio/9_1_2_15.wav,Fear,میرا تو دماغ ہی معاوف ہو گیا سمجھ نہیں ارہی کیا کروں,9_1_2_15,2.981541950113378,0.1548226922750473,clean_ok,ok,4,[CURR] میرا تو دماغ ہی معاوف ہو گیا سمجھ نہیں ارہی کیا کروں
audio/2_0_2_36.wav,Fear,تھوڑا صبر سب ٹھیک ہو جائے گا ایک ادھ دن کی بات ہے,2_0_2_36,2.1986621315192743,0.1863067150115966,clean_ok,ok,4,[CURR] تھوڑا صبر سب ٹھیک ہو جائے گا ایک ادھ دن کی بات ہے
audio/7_1_5_45.wav,Happy,وہ نہ چند بچوں کو اپنے گھر میں سپارہ پڑھاتی ہیں لیکن,7_1_5_45,2.2639455782312927,0.178428903222084,clean_ok,ok,1,[CURR] وہ نہ چند بچوں کو اپنے گھر میں سپارہ پڑھاتی ہیں لیکن
audio/8_1_3_32.wav,Boredum,مم مجھے یہاں سے جانا چاہیے,8_1_3_32,1.6370068027210884,0.2163776159286499,clean_ok,ok,6,[CURR] مم مجھے یہاں سے جانا چاہیے
audio/9_1_1_16.wav,Angry,یہ کیوں ائی ہے یہاں کیوں ائی ہے اسے یہاں بھیجو,9_1_1_16,3.516462585034013,0.1379178315401077,clean_ok,ok,2,[CURR] یہ کیوں ائی ہے یہاں کیوں ائی ہے اسے یہاں بھیجو
audio/6_1_4_38.wav,Disgust,جب والدین مجبور ہو جائیں نا تو ایسے ہی جواب ملتے ہیں سننے کے لیے,6_1_4_38,3.900952380952381,0.1113229393959045,clean_ok,ok,5,[CURR] جب والدین مجبور ہو جائیں نا تو ایسے ہی جواب ملتے ہیں سننے کے لیے
audio/7_1_6_04.wav,Neutral,میں زبردستی اپ کی پارکنگ میں نہیں گھس رہی ہوں,7_1_6_04,2.786394557823129,0.1159071251749992,clean_ok,ok,0,[CURR] میں زبردستی اپ کی پارکنگ میں نہیں گھس رہی ہوں
audio/2_0_3_46.wav,Boredum,فکر ہے تو صرف دل مہر کی,2_0_3_46,1.6487074829931974,0.1342380046844482,clean_ok,ok,6,[CURR] فکر ہے تو صرف دل مہر کی
audio/3_0_4_41.wav,Disgust,بھیگ نہ جائے کمبخت,3_0_4_41,2.48453514739229,0.0749120414257049,clean_ok,ok,5,[CURR] بھیگ نہ جائے کمبخت
audio/8_1_4_47.wav,Disgust,وہ تو میں دیکھ رہی ہوں,8_1_4_47,1.7066666666666668,0.1211702227592468,clean_ok,ok,5,[CURR] وہ تو میں دیکھ رہی ہوں
audio/9_1_2_18.wav,Fear,ارے ایسے کیسے دورہ پڑھ سکتا ہے,9_1_2_18,2.002879818594104,0.148959219455719,clean_ok,ok,4,[CURR] ارے ایسے کیسے دورہ پڑھ سکتا ہے
audio/9_1_4_49.wav,Disgust,نہ تمیز نہ طریقہ نہ سلیقہ نہ عقل,9_1_4_49,3.025918367346939,0.094773881137371,clean_ok,ok,5,[CURR] نہ تمیز نہ طریقہ نہ سلیقہ نہ عقل
audio/2_0_2_11.wav,Fear,مجھے کوئی کچھ بات نہیں کرنی چلو گھر چلو,2_0_2_11,1.8593424036281176,0.0926632955670356,clean_ok,ok,4,[CURR] مجھے کوئی کچھ بات نہیں کرنی چلو گھر چلو
audio/2_0_2_37.wav,Fear,اور یقین کرو میں نے کل اس سے بول بھی دیا تھا کہ گھر چھوڑ کر چلی جائے,2_0_2_37,4.809614512471655,0.1347464621067047,clean_ok,ok,4,[CURR] اور یقین کرو میں نے کل اس سے بول بھی دیا تھا کہ گھر چھوڑ کر چلی جائے
audio/5_0_6_04.wav,Neutral,تم لوگوں کی زمینوں کے کاغذات تیار ہیں انگوٹھے لگاؤ اور پوری قیمت لے جاؤ,5_0_6_04,5.015510204081632,0.1322286128997802,clean_ok,ok,0,[CURR] تم لوگوں کی زمینوں کے کاغذات تیار ہیں انگوٹھے لگاؤ اور پوری قیمت لے جاؤ
audio/9_1_6_18.wav,Neutral,ارے تو آکے سنبھال لے گی نا آنے والی,9_1_6_18,2.1010430839002265,0.2266286611557006,clean_ok,ok,0,[CURR] ارے تو آکے سنبھال لے گی نا آنے والی
audio/4_0_6_46.wav,Neutral,مجھے پورا یقین ہے ایک دن اپ بے قصور ثابت ہو جائیں گے اور پھر اپنے گھر والوں کے ساتھ رہنے لگیں گی,4_0_6_46,4.25312925170068,0.2134266942739486,clean_ok,ok,0,[CURR] مجھے پورا یقین ہے ایک دن اپ بے قصور ثابت ہو جائیں گے اور پھر اپنے گھر والوں کے ساتھ رہنے لگیں گی
audio/2_0_5_19.wav,Happy,ہائے شکر ہے اس کا مطلب ہے نہیں بتایا,2_0_5_19,2.24578231292517,0.0937239825725555,clean_ok,ok,1,[CURR] ہائے شکر ہے اس کا مطلب ہے نہیں بتایا
audio/9_1_3_01.wav,Boredum,ارے پیتی ہوں,9_1_3_01,1.1493877551020408,0.1439493596553802,clean_ok,ok,6,[CURR] ارے پیتی ہوں
audio/9_1_7_06.wav,Sad,ارے نہیں ڈاکٹروں کے بس کا نہیں ہے یہ,9_1_7_06,2.583673469387755,0.1802809685468673,clean_ok,ok,3,[CURR] ارے نہیں ڈاکٹروں کے بس کا نہیں ہے یہ
audio/1_0_2_11.wav,Fear,قابل ہو یا نہ ہو مجھے اس سے کوئی فرق نہیں پڑتا,1_0_2_11,4.46984126984127,0.1332824081182479,clean_ok,ok,4,[CURR] قابل ہو یا نہ ہو مجھے اس سے کوئی فرق نہیں پڑتا
audio/8_1_2_39.wav,Fear,اج کے بعد مجھ سے بات کرنے کی اور مجھ سے ملنے کی کوشش مت کرنا عمیر,8_1_2_39,6.891609977324263,0.0890282392501831,clean_ok,ok,4,[CURR] اج کے بعد مجھ سے بات کرنے کی اور مجھ سے ملنے کی کوشش مت کرنا عمیر
audio/5_0_6_44.wav,Neutral,اپ سے بھی بہت ضروری بات کرنی ہے,5_0_6_44,2.461315192743764,0.0928107127547264,clean_ok,ok,0,[CURR] اپ سے بھی بہت ضروری بات کرنی ہے
audio/7_1_1_25.wav,Angry,جھوٹ پہ جھوٹ بولتے جا رہے ہو,7_1_1_25,1.976281179138322,0.1730218082666397,clean_ok,ok,2,[CURR] جھوٹ پہ جھوٹ بولتے جا رہے ہو
audio/8_1_3_04.wav,Boredum,ہاں اچھا ہے اس کے ساتھ ٹائم سپینڈ کرنا بھی اچھا لگتا ہے,8_1_3_04,3.3964625850340138,0.1346354633569717,clean_ok,ok,6,[CURR] ہاں اچھا ہے اس کے ساتھ ٹائم سپینڈ کرنا بھی اچھا لگتا ہے
audio/6_1_3_06.wav,Boredum,یار ایک تو تُو مرنے کے لیے تیار بیٹھی رہا کر,6_1_3_06,2.305328798185941,0.2231529057025909,clean_ok,ok,6,[CURR] یار ایک تو تُو مرنے کے لیے تیار بیٹھی رہا کر
audio/6_1_5_06.wav,Happy,بس ٹھیک ہے کوشش کرتی ہوں,6_1_5_06,2.716734693877551,0.0694554150104522,clean_ok,ok,1,[CURR] بس ٹھیک ہے کوشش کرتی ہوں
audio/6_1_2_14.wav,Fear,نہیں تو اس کا کیا مطلب ہوا اس کا کسی کے ساتھ چکر چل رہا ہے,6_1_2_14,4.530226757369615,0.1281822025775909,clean_ok,ok,4,[CURR] نہیں تو اس کا کیا مطلب ہوا اس کا کسی کے ساتھ چکر چل رہا ہے
audio/6_1_2_28.wav,Fear,تیرا دماغ چل گیا ہے کیا,6_1_2_28,1.0958956916099774,0.1552498638629913,clean_ok,ok,4,[CURR] تیرا دماغ چل گیا ہے کیا
audio/7_1_6_17.wav,Neutral,کر چکی ہوں میں انکار ایک نہیں کئی بار,7_1_6_17,2.801201814058957,0.1533885449171066,clean_ok,ok,0,[CURR] کر چکی ہوں میں انکار ایک نہیں کئی بار
audio/4_0_5_46.wav,Happy,جو اپ کو فون کی بیماری ہے,4_0_5_46,2.592766439909297,0.1787919700145721,clean_ok,ok,1,[CURR] جو اپ کو فون کی بیماری ہے
audio/3_0_3_41.wav,Boredum,بیٹا اب تمہارا نوکری پر نہیں رہا,3_0_3_41,2.6238548752834467,0.1192072108387947,clean_ok,ok,6,[CURR] بیٹا اب تمہارا نوکری پر نہیں رہا
audio/1_0_5_13.wav,Happy,اااا مثلا وہ جو تم بناتی ہو پالک پنیر چکن روسٹ اور وہ کیا ایک اور ڈش,1_0_5_13,6.6525170068027215,0.208335667848587,clean_ok,ok,1,[CURR] اااا مثلا وہ جو تم بناتی ہو پالک پنیر چکن روسٹ اور وہ کیا ایک اور ڈش
audio/4_0_7_04.wav,Sad,میرا عشق میری محبت میری دیوانگی میرا جنون دکھائی نہیں دیتا,4_0_7_04,3.0651020408163263,0.1889097094535827,clean_ok,ok,3,[CURR] میرا عشق میری محبت میری دیوانگی میرا جنون دکھائی نہیں دیتا
audio/9_1_7_07.wav,Sad,کیسے ٹھیک ہو گا یہ ڈاکٹروں کے بس کا روگ نہیں ہے,9_1_7_07,2.756031746031746,0.1438094228506088,clean_ok,ok,3,[CURR] کیسے ٹھیک ہو گا یہ ڈاکٹروں کے بس کا روگ نہیں ہے
audio/8_1_5_35.wav,Happy,مجھے اس بلا کے علاوہ اور بھی کئی ساری بلاؤں کے نام اتے ہیں,8_1_5_35,3.053424036281179,0.1998293250799179,clean_ok,ok,1,[CURR] مجھے اس بلا کے علاوہ اور بھی کئی ساری بلاؤں کے نام اتے ہیں
audio/10_1_2_17.wav,Fear,نہیں کچھ نہیں وہ,10_1_2_17,1.3461224489795918,0.0979644209146499,clean_ok,ok,4,[CURR] نہیں کچھ نہیں وہ
audio/2_0_7_15.wav,Sad,سب کے سامنے وجی کو ہتھکڑی لگا کر اریسٹ کر کے لے گئے,2_0_7_15,5.314897959183673,0.1113094687461853,clean_ok,ok,3,[CURR] سب کے سامنے وجی کو ہتھکڑی لگا کر اریسٹ کر کے لے گئے
audio/8_1_6_36.wav,Neutral,ویسے کیا روٹین ہے اپ کے بیٹے کی اج کل,8_1_6_36,3.417981859410431,0.1379278600215912,clean_ok,ok,0,[CURR] ویسے کیا روٹین ہے اپ کے بیٹے کی اج کل
audio/7_1_1_31.wav,Angry,میرے بھائیوں پر کیا گزری ہوگی اندازہ ہے تمہیں,7_1_1_31,2.6946938775510203,0.1481052488088607,clean_ok,ok,2,[CURR] میرے بھائیوں پر کیا گزری ہوگی اندازہ ہے تمہیں
audio/6_1_1_19.wav,Angry,مجھے نہیں پتا میرا رویہ کسی کے ساتھ کیسا ہے,6_1_1_19,1.8242857142857145,0.2056669890880584,clean_ok,ok,2,[CURR] مجھے نہیں پتا میرا رویہ کسی کے ساتھ کیسا ہے
audio/7_1_7_08.wav,Sad,بھابھی یہ بات نہیں ہے,7_1_7_08,1.7414965986394555,0.1344893276691436,clean_ok,ok,3,[CURR] بھابھی یہ بات نہیں ہے
audio/10_1_7_39.wav,Sad,میرے سارے خواب بکھر گئے,10_1_7_39,1.8137641723356008,0.1850556582212448,clean_ok,ok,3,[CURR] میرے سارے خواب بکھر گئے
audio/4_0_7_13.wav,Sad,میں خوشی سے نہیں اپ کو بیچ رہا,4_0_7_13,2.454671201814059,0.1090957596898078,clean_ok,ok,3,[CURR] میں خوشی سے نہیں اپ کو بیچ رہا
audio/7_1_2_40.wav,Fear,میرا جب دل چاہے گا میں ا جاؤں گی چاہے مراد ساتھ ائے یا نہ ائے,7_1_2_40,5.038730158730159,0.1290241926908493,clean_ok,ok,4,[CURR] میرا جب دل چاہے گا میں ا جاؤں گی چاہے مراد ساتھ ائے یا نہ ائے
audio/2_0_1_39.wav,Angry,یہ کیا کر رہی ہو چھوڑو اسے مار ڈالو گی کیا جان سے,2_0_1_39,3.062063492063492,0.2619706690311432,clean_ok,ok,2,[CURR] یہ کیا کر رہی ہو چھوڑو اسے مار ڈالو گی کیا جان سے
audio/9_1_6_22.wav,Neutral,ارے بھیا نظرِ ثانی فیصلوں پر کی جاتی ہے,9_1_6_22,2.554331065759637,0.1366202980279922,clean_ok,ok,0,[CURR] ارے بھیا نظرِ ثانی فیصلوں پر کی جاتی ہے
audio/10_1_1_40.wav,Angry,کیسے نہیں ہوگی میری اُس سے شادی,10_1_1_40,1.497687074829932,0.1344244331121444,clean_ok,ok,2,[CURR] کیسے نہیں ہوگی میری اُس سے شادی
audio/4_0_1_28.wav,Angry,اماں اس سے میرا ہاتھ مانگنے نہیں گئی تھی جھوٹ بولا اماں نے یار مجھ سے,4_0_1_28,6.344444444444444,0.1837849766016006,clean_ok,ok,2,[CURR] اماں اس سے میرا ہاتھ مانگنے نہیں گئی تھی جھوٹ بولا اماں نے یار مجھ سے
audio/7_1_3_32.wav,Boredum,ہاں بہت بدبو ہے,7_1_3_32,1.962154195011338,0.2028050422668457,clean_ok,ok,6,[CURR] ہاں بہت بدبو ہے
audio/7_1_6_19.wav,Neutral,دروازہ بند ہو گیا ہے,7_1_6_19,1.3865986394557823,0.15430748462677,clean_ok,ok,0,[CURR] دروازہ بند ہو گیا ہے
audio/10_1_7_33.wav,Sad,لوگ جو کچھ بھی کہیں سب جھوٹ ہے,10_1_7_33,3.1789795918367347,0.1218348741531372,clean_ok,ok,3,[CURR] لوگ جو کچھ بھی کہیں سب جھوٹ ہے
audio/8_1_7_10.wav,Sad,اُس نے کہا کہ میں پاگل ہوں میرے ساتھ کوئی نہیں رہ سکتا,8_1_7_10,3.695646258503401,0.158661738038063,clean_ok,ok,3,[CURR] اُس نے کہا کہ میں پاگل ہوں میرے ساتھ کوئی نہیں رہ سکتا
audio/8_1_1_05.wav,Angry,کون سا حق ادا کیا ہے تم نے ابھی تک بھائی کا,8_1_1_05,1.9272562358276644,0.1898065358400344,clean_ok,ok,2,[CURR] کون سا حق ادا کیا ہے تم نے ابھی تک بھائی کا
audio/5_0_4_13.wav,Disgust,ہاں دماد ہونے کا یہ مطلب نہیں ہے کہ تم حد پار کرو,5_0_4_13,4.109931972789116,0.0826510190963745,clean_ok,ok,5,[CURR] ہاں دماد ہونے کا یہ مطلب نہیں ہے کہ تم حد پار کرو
audio/4_0_7_10.wav,Sad,تو بس دعا کرنا میرے یار اس نے بڑا بے چین کر دیا مجھے,4_0_7_10,5.5390702947845805,0.1510702669620514,clean_ok,ok,3,[CURR] تو بس دعا کرنا میرے یار اس نے بڑا بے چین کر دیا مجھے
audio/5_0_6_39.wav,Neutral,برا ماننے کی کوئی بات نہیں ہے,5_0_6_39,1.7647165532879818,0.1568033397197723,clean_ok,ok,0,[CURR] برا ماننے کی کوئی بات نہیں ہے
audio/2_0_6_43.wav,Neutral,اچھا ہوا کہ اپ سمجھ گئی,2_0_6_43,1.474829931972789,0.1275647431612014,clean_ok,ok,0,[CURR] اچھا ہوا کہ اپ سمجھ گئی
audio/8_1_4_22.wav,Disgust,تم لوگ ان کا خیال نہیں رکھو گے ان کا تم ہی لوگ ان سے دور ہو,8_1_4_22,3.3579138321995465,0.1447598934173584,clean_ok,ok,5,[CURR] تم لوگ ان کا خیال نہیں رکھو گے ان کا تم ہی لوگ ان سے دور ہو
audio/9_1_7_19.wav,Sad,یا اللّٰہ گھر آ جائے میرا معصوم بچہ,9_1_7_19,2.227074829931973,0.1317126303911209,clean_ok,ok,3,[CURR] یا اللّٰہ گھر آ جائے میرا معصوم بچہ
audio/2_0_3_02.wav,Boredum,وہ میرے کچھ پیسے اس میں رکھے ہوئے تھے وہ ڈھونڈ رہا تھا,2_0_3_02,3.611020408163265,0.1757921427488327,clean_ok,ok,6,[CURR] وہ میرے کچھ پیسے اس میں رکھے ہوئے تھے وہ ڈھونڈ رہا تھا
audio/10_1_4_41.wav,Disgust,پتہ نہیں کیوں چھٹی فل کو اپنے گلے میں ڈال لیا,10_1_4_41,2.518049886621315,0.1365744024515152,clean_ok,ok,5,[CURR] پتہ نہیں کیوں چھٹی فل کو اپنے گلے میں ڈال لیا
audio/5_0_7_41.wav,Sad,سب سب خدا کی مرضی ہوتی ہے,5_0_7_41,3.6919727891156464,0.0697043538093566,clean_ok,ok,3,[CURR] سب سب خدا کی مرضی ہوتی ہے
audio/5_0_5_17.wav,Happy,او ہو جائے گا ہو جائے گا بھائی,5_0_5_17,3.099863945578232,0.13011035323143,clean_ok,ok,1,[CURR] او ہو جائے گا ہو جائے گا بھائی
audio/5_0_1_12.wav,Angry,اگر ان بچوں کا دل اگیا ہے تو میں کیا کروں,5_0_1_12,2.089795918367347,0.2888581454753876,clean_ok,ok,2,[CURR] اگر ان بچوں کا دل اگیا ہے تو میں کیا کروں
audio/3_0_7_17.wav,Sad,گولی کھا کر بھی یہ جاگتی رہے گی,3_0_7_17,4.535351473922902,0.0722877085208892,clean_ok,ok,3,[CURR] گولی کھا کر بھی یہ جاگتی رہے گی
audio/3_0_4_48.wav,Disgust,یہ رکھنا پڑے گا والی بات کچھ مناسب نہیں ہے,3_0_4_48,5.589251700680272,0.115414947271347,clean_ok,ok,5,[CURR] یہ رکھنا پڑے گا والی بات کچھ مناسب نہیں ہے
audio/3_0_7_16.wav,Sad,اور یہ جاگتی رہے تو پھر مجھے سونے نہیں دیتی,3_0_7_16,5.380430839002267,0.0649401471018791,clean_ok,ok,3,[CURR] اور یہ جاگتی رہے تو پھر مجھے سونے نہیں دیتی
audio/10_1_5_24.wav,Happy,عبدولالا صاحب کے ہاتھ کا تحریر کردہ,10_1_5_24,2.8328344671201813,0.1486271768808365,clean_ok,ok,1,[CURR] عبدولالا صاحب کے ہاتھ کا تحریر کردہ
audio/9_1_7_04.wav,Sad,ابھی ٹھیک ہو جائے گا ابھی ٹھیک ہو جائے گا,9_1_7_04,2.652426303854875,0.1485187858343124,clean_ok,ok,3,[CURR] ابھی ٹھیک ہو جائے گا ابھی ٹھیک ہو جائے گا
audio/8_1_2_03.wav,Fear,نہیں ہے مجھے ضرورت تمہاری ہمدردی کی,8_1_2_03,2.101088435374149,0.149361103773117,clean_ok,ok,4,[CURR] نہیں ہے مجھے ضرورت تمہاری ہمدردی کی
audio/6_1_5_11.wav,Happy,اتنا زیادہ بھی نہیں ہے خدا حافظ چلیں,6_1_5_11,2.414875283446712,0.1419210433959961,clean_ok,ok,1,[CURR] اتنا زیادہ بھی نہیں ہے خدا حافظ چلیں
audio/1_0_2_19.wav,Fear,لیکن اپ مجھے تو یقین نہیں آ رہا,1_0_2_19,2.113015873015873,0.1498110294342041,clean_ok,ok,4,[CURR] لیکن اپ مجھے تو یقین نہیں آ رہا
audio/10_1_4_01.wav,Disgust,تم مجھ سے میری عزت کیا چھینو گے,10_1_4_01,1.3399546485260772,0.1059518679976463,clean_ok,ok,5,[CURR] تم مجھ سے میری عزت کیا چھینو گے
audio/2_0_5_09.wav,Happy,ہاں بھائی دیر تو ہو رہی ہے,2_0_5_09,1.1924263038548752,0.1668899059295654,clean_ok,ok,1,[CURR] ہاں بھائی دیر تو ہو رہی ہے
audio/5_0_4_27.wav,Disgust,مجھے اس غریب کو 10 لاکھ دیتے ہوئے ان کی جان جاتی ہے,5_0_4_27,2.9373242630385485,0.1382632851600647,clean_ok,ok,5,[CURR] مجھے اس غریب کو 10 لاکھ دیتے ہوئے ان کی جان جاتی ہے
audio/10_1_2_43.wav,Fear,اگر میں پاس نہ ہوئی تو یہ شمع بجھ جائے گی,10_1_2_43,2.3139002267573696,0.0978625565767288,clean_ok,ok,4,[CURR] اگر میں پاس نہ ہوئی تو یہ شمع بجھ جائے گی
audio/4_0_4_31.wav,Disgust,چھوڑ دیا میں نے سب کچھ چھوڑ دیا ہمیشہ ہمیشہ کے لیے,4_0_4_31,4.2260317460317465,0.1104909926652908,clean_ok,ok,5,[CURR] چھوڑ دیا میں نے سب کچھ چھوڑ دیا ہمیشہ ہمیشہ کے لیے
audio/5_0_1_47.wav,Angry,اب میرے جنات سے اجازت لے کر جانا ہوگی,5_0_1_47,2.513854875283447,0.2786258459091186,clean_ok,ok,2,[CURR] اب میرے جنات سے اجازت لے کر جانا ہوگی
audio/9_1_4_22.wav,Disgust,ارے بھائی تم لوگ کیوں نہیں سمجھتے,9_1_4_22,1.4943990929705215,0.1948091983795166,clean_ok,ok,5,[CURR] ارے بھائی تم لوگ کیوں نہیں سمجھتے
audio/4_0_6_12.wav,Neutral,اور سنیں اپ میرے لیے ایسے بلا وجہ پریشان نہ ہوا کریں,4_0_6_12,3.50859410430839,0.1739368885755539,clean_ok,ok,0,[CURR] اور سنیں اپ میرے لیے ایسے بلا وجہ پریشان نہ ہوا کریں
audio/7_1_1_11.wav,Angry,میرا دم گھٹتا ہے اس گھر میں,7_1_1_11,1.7066666666666668,0.1905241459608078,clean_ok,ok,2,[CURR] میرا دم گھٹتا ہے اس گھر میں
audio/6_1_3_03.wav,Boredum,اچھا امی,6_1_3_03,1.216734693877551,0.1239261031150817,clean_ok,ok,6,[CURR] اچھا امی
audio/2_0_6_10.wav,Neutral,اچھا میں نا تم سے کہا تھا کہ نایاب بی بی کے علاج میں جو بھی خرچہ ہوگا وہ میرے اکاؤنٹ سے جائے گا,2_0_6_10,6.048798185941043,0.1658290773630142,clean_ok,ok,0,[CURR] اچھا میں نا تم سے کہا تھا کہ نایاب بی بی کے علاج میں جو بھی خرچہ ہوگا وہ میرے اکاؤنٹ سے جائے گا
audio/7_1_3_31.wav,Boredum,اماں جی مجھے اپنے پاس یہاں رکھ لے نہ,7_1_3_31,2.8321995464852607,0.2420539706945419,clean_ok,ok,6,[CURR] اماں جی مجھے اپنے پاس یہاں رکھ لے نہ
audio/3_0_4_26.wav,Disgust,جو حیثیت میں بیتے ہوئے ایک ایک لمحے کا حساب لیں گے تم سے,3_0_4_26,4.451451247165533,0.111467495560646,clean_ok,ok,5,[CURR] جو حیثیت میں بیتے ہوئے ایک ایک لمحے کا حساب لیں گے تم سے
audio/5_0_7_39.wav,Sad,اہ بہت افسوس ہوا,5_0_7_39,3.308843537414966,0.0519601330161094,clean_ok,ok,3,[CURR] اہ بہت افسوس ہوا
audio/6_1_1_24.wav,Angry,تم کون ہوتے ہو یہ کہنے والے ہاں,6_1_1_24,2.163560090702948,0.227506086230278,clean_ok,ok,2,[CURR] تم کون ہوتے ہو یہ کہنے والے ہاں
audio/7_1_5_03.wav,Happy,بہت اچھی,7_1_5_03,0.8475283446712019,0.166998490691185,too_short,ok,1,[CURR] بہت اچھی
audio/5_0_3_01.wav,Boredum,ارے منشی کیا مدد کروں,5_0_3_01,3.7964625850340137,0.1482374370098114,clean_ok,ok,6,[CURR] ارے منشی کیا مدد کروں
audio/1_0_1_21.wav,Angry,چھوڑوں گا نہیں مرتسم خان کو,1_0_1_21,2.3568253968253967,0.1283983141183853,clean_ok,ok,2,[CURR] چھوڑوں گا نہیں مرتسم خان کو
audio/9_1_1_38.wav,Angry,کیا بک رہی ہے,9_1_1_38,1.2946031746031743,0.2573058605194092,clean_ok,ok,2,[CURR] کیا بک رہی ہے
audio/7_1_6_46.wav,Neutral,اور جلدی جلدی مت لگانا,7_1_6_46,2.13843537414966,0.1411269158124923,clean_ok,ok,0,[CURR] اور جلدی جلدی مت لگانا
audio/2_0_6_20.wav,Neutral,ہاں لیکن اس کا دل ٹوٹ جائے گا,2_0_6_20,1.8086394557823129,0.1282422095537185,clean_ok,ok,0,[CURR] ہاں لیکن اس کا دل ٹوٹ جائے گا
audio/3_0_3_05.wav,Boredum,ایسے ٹھیک ہے تم ریسٹ کرو,3_0_3_05,4.063492063492063,0.09795942902565,clean_ok,ok,6,[CURR] ایسے ٹھیک ہے تم ریسٹ کرو
audio/8_1_5_03.wav,Happy,کچھ اچھا لگ رہا ہے کیا,8_1_5_03,1.6718367346938776,0.1131377816200256,clean_ok,ok,1,[CURR] کچھ اچھا لگ رہا ہے کیا
audio/4_0_1_07.wav,Angry,چھوٹی ماں اپ کہاں تھی اپ نظر نہیں رکھ سکتی اپنی بیٹی پر,4_0_1_07,4.400181405895691,0.1554781794548034,clean_ok,ok,2,[CURR] چھوٹی ماں اپ کہاں تھی اپ نظر نہیں رکھ سکتی اپنی بیٹی پر
audio/7_1_4_50.wav,Disgust,اگر خدا نخواستہ کل کو مر مرا گئے تو حساب تو صاف ہونا چاہئے نا,7_1_4_50,4.446621315192743,0.1531351506710052,clean_ok,ok,5,[CURR] اگر خدا نخواستہ کل کو مر مرا گئے تو حساب تو صاف ہونا چاہئے نا
audio/2_0_1_01.wav,Angry,شہوار کہاں ہو تم,2_0_1_01,2.205895691609977,0.080792635679245,clean_ok,ok,2,[CURR] شہوار کہاں ہو تم
audio/8_1_2_13.wav,Fear,پاگل ہوں میں,8_1_2_13,1.497687074829932,0.0912047773599624,clean_ok,ok,4,[CURR] پاگل ہوں میں
audio/6_1_2_23.wav,Fear,میں نے جا رہی اس کے ساتھ تو جانتی ہے میں نہیں جا سکتی,6_1_2_23,1.769002267573696,0.1184834465384483,clean_ok,ok,4,[CURR] میں نے جا رہی اس کے ساتھ تو جانتی ہے میں نہیں جا سکتی
audio/9_1_1_08.wav,Angry,اور جو اپ سن رہی ہیں میں وہی میں کہہ رہی ہوں,9_1_1_08,1.9645804988662128,0.1178195998072624,clean_ok,ok,2,[CURR] اور جو اپ سن رہی ہیں میں وہی میں کہہ رہی ہوں
audio/1_0_2_18.wav,Fear,جمیل صاحب فون کیوں نہیں اٹھا رہے دل نہیں مان رہا,1_0_2_18,3.332063492063492,0.1132887154817581,clean_ok,ok,4,[CURR] جمیل صاحب فون کیوں نہیں اٹھا رہے دل نہیں مان رہا
audio/1_0_5_37.wav,Happy,ا کیا کہتی ہو تم فرانس یا ٹرکی,1_0_5_37,3.866122448979592,0.1083262115716934,clean_ok,ok,1,[CURR] ا کیا کہتی ہو تم فرانس یا ٹرکی
audio/6_1_3_33.wav,Boredum,یا پھر ایسے ہی چھپ چھپ کر ملتے رہیں گے,6_1_3_33,1.8894104308390025,0.1655903160572052,clean_ok,ok,6,[CURR] یا پھر ایسے ہی چھپ چھپ کر ملتے رہیں گے
audio/5_0_1_37.wav,Angry,اب نکل یہاں سے پھوٹا کھا نکل جا چل,5_0_1_37,4.163605442176871,0.1009421944618225,clean_ok,ok,2,[CURR] اب نکل یہاں سے پھوٹا کھا نکل جا چل
audio/8_1_3_08.wav,Boredum,سو گئی وہ کیا سمجھے گا وہ میرے متعلق,8_1_3_08,3.2254421768707484,0.1369239091873169,clean_ok,ok,6,[CURR] سو گئی وہ کیا سمجھے گا وہ میرے متعلق
audio/8_1_5_40.wav,Happy,یہ تو اچھی بات ہے نا میں بابا کی اچھی بیٹی ہوں,8_1_5_40,2.728344671201814,0.1719433963298797,clean_ok,ok,1,[CURR] یہ تو اچھی بات ہے نا میں بابا کی اچھی بیٹی ہوں
audio/10_1_1_29.wav,Angry,بتاتا ہے یا دوں میں رکھ کے,10_1_1_29,1.3296598639455783,0.1121294125914573,clean_ok,ok,2,[CURR] بتاتا ہے یا دوں میں رکھ کے
audio/7_1_5_46.wav,Happy,پورا گاؤں اتنی عزت سے ان کا نام لیتا ہے اتنی عزت کرتا ہے ان کی,7_1_5_46,4.620770975056689,0.1536694020032882,clean_ok,ok,1,[CURR] پورا گاؤں اتنی عزت سے ان کا نام لیتا ہے اتنی عزت کرتا ہے ان کی
audio/3_0_7_33.wav,Sad,تم ہی تو ہو میری خواب کی تعبیر,3_0_7_33,2.2871655328798184,0.0285581070929765,clean_ok,ok,3,[CURR] تم ہی تو ہو میری خواب کی تعبیر
audio/8_1_3_26.wav,Boredum,بے ہوشی کی حالت میں یہاں پہ رہنا ٹھیک تھا,8_1_3_26,3.192743764172336,0.1764726191759109,clean_ok,ok,6,[CURR] بے ہوشی کی حالت میں یہاں پہ رہنا ٹھیک تھا
audio/3_0_3_02.wav,Boredum,اور یہ بچہ اپ کا ہے,3_0_3_02,3.01859410430839,0.1010243743658065,clean_ok,ok,6,[CURR] اور یہ بچہ اپ کا ہے
audio/10_1_7_10.wav,Sad,میرا میرا درد میرے یہ آنسو پی گئے ہیں,10_1_7_10,5.352539682539683,0.1340764760971069,clean_ok,ok,3,[CURR] میرا میرا درد میرے یہ آنسو پی گئے ہیں
audio/6_1_7_22.wav,Sad,اب کیا میرا سب کچھ ختم ہو گیا,6_1_7_22,4.286326530612245,0.1033165082335472,clean_ok,ok,3,[CURR] اب کیا میرا سب کچھ ختم ہو گیا
audio/9_1_2_31.wav,Fear,بہت طبیعت خراب ہے نبز بھی ٹوٹ رہی ہے,9_1_2_31,3.416530612244898,0.1122454702854156,clean_ok,ok,4,[CURR] بہت طبیعت خراب ہے نبز بھی ٹوٹ رہی ہے
audio/5_0_4_45.wav,Disgust,اب ان کو تو پولیس کی نوکری مشکل ہی پرابلم ہوتی ہے بندہ تھک جاتا ہے,5_0_4_45,3.808072562358277,0.1312917917966842,clean_ok,ok,5,[CURR] اب ان کو تو پولیس کی نوکری مشکل ہی پرابلم ہوتی ہے بندہ تھک جاتا ہے
audio/6_1_2_32.wav,Fear,تو کیا وہ کوئی ناجائز کام ہے,6_1_2_32,2.627959183673469,0.1433776617050171,clean_ok,ok,4,[CURR] تو کیا وہ کوئی ناجائز کام ہے
audio/5_0_2_50.wav,Fear,اس وقت میں تھا اور میرے ساتھ حوالدار نعیم تھا,5_0_2_50,4.678412698412698,0.1000507101416587,clean_ok,ok,4,[CURR] اس وقت میں تھا اور میرے ساتھ حوالدار نعیم تھا
audio/9_1_2_10.wav,Fear,ہائے کیا بتاؤں جل رہا ہے بخار میں میرا بچہ,9_1_2_10,3.729387755102041,0.1567607820034027,clean_ok,ok,4,[CURR] ہائے کیا بتاؤں جل رہا ہے بخار میں میرا بچہ
audio/5_0_1_15.wav,Angry,جب تم نے ان کو قتل کیا بعد میں پیسے دیکھ کر بھاگ گئی,5_0_1_15,4.632380952380952,0.0636608079075813,clean_ok,ok,2,[CURR] جب تم نے ان کو قتل کیا بعد میں پیسے دیکھ کر بھاگ گئی
audio/5_0_7_21.wav,Sad,موڈ خراب ہوا چھوٹی چھوٹی بچیوں کے سمیت بیوی کو گھر سے نکال دیا,5_0_7_21,7.8585941043083904,0.0939277857542038,clean_ok,ok,3,[CURR] موڈ خراب ہوا چھوٹی چھوٹی بچیوں کے سمیت بیوی کو گھر سے نکال دیا
audio/7_1_4_44.wav,Disgust,اور وہ بھی جھوٹ بول کر نہیں سچ بول کر,7_1_4_44,3.530952380952381,0.1513357758522033,clean_ok,ok,5,[CURR] اور وہ بھی جھوٹ بول کر نہیں سچ بول کر
audio/8_1_3_02.wav,Boredum,اس کس کے کال کرنے باقی تھی,8_1_3_02,2.777891156462585,0.1421407610177993,clean_ok,ok,6,[CURR] اس کس کے کال کرنے باقی تھی
audio/10_1_5_37.wav,Happy,آپ سے ایک کام پڑ گیا تھا,10_1_5_37,1.3892063492063491,0.1076780334115028,clean_ok,ok,1,[CURR] آپ سے ایک کام پڑ گیا تھا
audio/6_1_2_13.wav,Fear,ایسی کون سی باتیں کرنی ہے جو میرے لیے کر رہی ہیں,6_1_2_13,2.8619727891156463,0.1368897259235382,clean_ok,ok,4,[CURR] ایسی کون سی باتیں کرنی ہے جو میرے لیے کر رہی ہیں
audio/6_1_1_47.wav,Angry,اتنی عزت یاد تھی تو کیوں جانے دیا مجھے,6_1_1_47,2.2927210884353744,0.1547780781984329,clean_ok,ok,2,[CURR] اتنی عزت یاد تھی تو کیوں جانے دیا مجھے
audio/1_0_2_15.wav,Fear,اب اس گھر کی مزید جنگ اسائی سے یہی بہتر ہے,1_0_2_15,3.7268027210884354,0.15384441614151,clean_ok,ok,4,[CURR] اب اس گھر کی مزید جنگ اسائی سے یہی بہتر ہے
audio/1_0_3_49.wav,Boredum,نہیں بس ویسے ہی کہہ رہا تھ,1_0_3_49,2.948934240362812,0.1005978360772132,clean_ok,ok,6,[CURR] نہیں بس ویسے ہی کہہ رہا تھ
audio/6_1_7_17.wav,Sad,ابو نہ روئیں نا,6_1_7_17,1.2924489795918368,0.2039746642112732,clean_ok,ok,3,[CURR] ابو نہ روئیں نا
audio/3_0_6_28.wav,Neutral,پرانے زیورات اگر پالش کر لیے جائیں تو ان کی چمک تو واپس لوٹ اتی ہے پر ان کے نقش و نگار نہیں بدلتے,3_0_6_28,11.104489795918369,0.0354858860373497,too_long,ok,0,[CURR] پرانے زیورات اگر پالش کر لیے جائیں تو ان کی چمک تو واپس لوٹ اتی ہے پر ان کے نقش و نگار نہیں بدلتے
audio/10_1_3_38.wav,Boredum,پتہ نہیں ماسٹر صاحب,10_1_3_38,1.6137868480725623,0.086207091808319,clean_ok,ok,6,[CURR] پتہ نہیں ماسٹر صاحب
audio/10_1_4_36.wav,Disgust,منع بھی کیا تھا قاسم کو نالے کپڑے رنگ کروانے کے لیے,10_1_4_36,2.625487528344672,0.1770395338535308,clean_ok,ok,5,[CURR] منع بھی کیا تھا قاسم کو نالے کپڑے رنگ کروانے کے لیے
audio/7_1_4_35.wav,Disgust,ہم کونسا پوری زندگی وہاں رہنے کے لیے جا رہے ہیں,7_1_4_35,2.1942857142857144,0.151502713561058,clean_ok,ok,5,[CURR] ہم کونسا پوری زندگی وہاں رہنے کے لیے جا رہے ہیں
audio/10_1_4_30.wav,Disgust,اگر تو یہ مذاق تھا تو بہت بیہودہ تھا,10_1_4_30,2.5193650793650795,0.1156610623002052,clean_ok,ok,5,[CURR] اگر تو یہ مذاق تھا تو بہت بیہودہ تھا
audio/3_0_2_25.wav,Fear,بلا کر لاؤ اسے,3_0_2_25,1.4905668934240364,0.1270442456007003,clean_ok,ok,4,[CURR] بلا کر لاؤ اسے
audio/1_0_4_06.wav,Disgust,یہی تو بات ہے کہ بچی نہیں رہی ہے بڑی ہو گئی ہے وہ,1_0_4_06,3.1579138321995464,0.1534896194934845,clean_ok,ok,5,[CURR] یہی تو بات ہے کہ بچی نہیں رہی ہے بڑی ہو گئی ہے وہ
audio/4_0_1_09.wav,Angry,اج ابھی کے ابھی یہاں فیصلہ ہوگا اپ لوگوں میں سے کوئی بھی بیچ میں نہیں ایے گا,4_0_1_09,3.7848526077097504,0.1874261051416397,clean_ok,ok,2,[CURR] اج ابھی کے ابھی یہاں فیصلہ ہوگا اپ لوگوں میں سے کوئی بھی بیچ میں نہیں ایے گا
audio/2_0_5_43.wav,Happy,اپ سمجھو جیسا,2_0_5_43,1.1675510204081632,0.1472679376602172,clean_ok,ok,1,[CURR] اپ سمجھو جیسا
audio/9_1_7_15.wav,Sad,اتنا خون بہہ گیا ہوگا,9_1_7_15,1.1276643990929704,0.1216072365641594,clean_ok,ok,3,[CURR] اتنا خون بہہ گیا ہوگا
audio/2_0_2_18.wav,Fear,اس سارے قصے میں ہمیں الزام دینا ہمارے ساتھ سراسر زیادتی ہے,2_0_2_18,3.657573696145125,0.1997045129537582,clean_ok,ok,4,[CURR] اس سارے قصے میں ہمیں الزام دینا ہمارے ساتھ سراسر زیادتی ہے
audio/6_1_1_21.wav,Angry,بھاڑ میں جاؤ تم اور تمہارا سچ مجھے تم سے کوئی لینا دینا نہیں ہے سمجھے,6_1_1_21,3.8814058956916098,0.1514902263879776,clean_ok,ok,2,[CURR] بھاڑ میں جاؤ تم اور تمہارا سچ مجھے تم سے کوئی لینا دینا نہیں ہے سمجھے
audio/2_0_4_37.wav,Disgust,اوپر جاؤ جا کر شایان کی بیوی کو بلا کر لاؤ,2_0_4_37,2.4801587301587302,0.2346391826868057,clean_ok,ok,5,[CURR] اوپر جاؤ جا کر شایان کی بیوی کو بلا کر لاؤ
audio/2_0_1_26.wav,Angry,اگر ہاتھ اٹھایا تم نے,2_0_1_26,1.4628571428571429,0.2313175350427627,clean_ok,ok,2,[CURR] اگر ہاتھ اٹھایا تم نے
audio/3_0_1_39.wav,Angry,لیکن ہم اسے ہمارے اپنوں میں شامل نہیں سمجھتے,3_0_1_39,4.284081632653061,0.1330658793449401,clean_ok,ok,2,[CURR] لیکن ہم اسے ہمارے اپنوں میں شامل نہیں سمجھتے
audio/6_1_2_45.wav,Fear,مجھے افسوس اس بات کا ہے کہ تو اس وقت مجھ سے یہ بات کر رہا ہے جب میرا باپ اندر بیمار پڑا ہے,6_1_2_45,5.036916099773243,0.142149344086647,clean_ok,ok,4,[CURR] مجھے افسوس اس بات کا ہے کہ تو اس وقت مجھ سے یہ بات کر رہا ہے جب میرا باپ اندر بیمار پڑا ہے
audio/9_1_6_16.wav,Neutral,مگر دل کا سچا اور دماغ کا کھرا ہے,9_1_6_16,2.847142857142857,0.1505880951881408,clean_ok,ok,0,[CURR] مگر دل کا سچا اور دماغ کا کھرا ہے
audio/1_0_3_47.wav,Boredum,بدر وکیل صاحب کو بلاؤ مجھے ان سے کوئی مشورہ کرنا ہے,1_0_3_47,7.558095238095238,0.061058547347784,clean_ok,ok,6,[CURR] بدر وکیل صاحب کو بلاؤ مجھے ان سے کوئی مشورہ کرنا ہے
audio/10_1_2_26.wav,Fear,تو مجھے بہت ڈر لگتا ہے,10_1_2_26,1.6664172335600906,0.0528931431472301,clean_ok,ok,4,[CURR] تو مجھے بہت ڈر لگتا ہے
audio/8_1_1_42.wav,Angry,اور یہ بات اپ ہی مجھ سے کہتے تھے نا بلکہ ساری دنیا مجھے یہی کہتی ہے,8_1_1_42,3.4713832199546486,0.1887700259685516,clean_ok,ok,2,[CURR] اور یہ بات اپ ہی مجھ سے کہتے تھے نا بلکہ ساری دنیا مجھے یہی کہتی ہے
audio/8_1_1_04.wav,Angry,تمہیں تو پیدا ہوتے ہی گلا دبا کر مار دینا چاہیے تھا,8_1_1_04,2.716734693877551,0.158510148525238,clean_ok,ok,2,[CURR] تمہیں تو پیدا ہوتے ہی گلا دبا کر مار دینا چاہیے تھا
audio/10_1_1_20.wav,Angry,ارے اُس وقت کہاں غیرت مر گئی تھی,10_1_1_20,1.7898412698412698,0.1077624931931495,clean_ok,ok,2,[CURR] ارے اُس وقت کہاں غیرت مر گئی تھی
audio/6_1_5_16.wav,Happy,چلو جھولا لیتے ہیں چل,6_1_5_16,3.297233560090703,0.137212336063385,clean_ok,ok,1,[CURR] چلو جھولا لیتے ہیں چل
audio/6_1_4_07.wav,Disgust,خدا کی قسم سے زہر لگتا ہے مجھے یہ لڑکا,6_1_4_07,1.9504761904761905,0.1076412573456764,clean_ok,ok,5,[CURR] خدا کی قسم سے زہر لگتا ہے مجھے یہ لڑکا
audio/2_0_3_33.wav,Boredum,اس کا پہلے سے کسی سے افیئر چل رہا تھا,2_0_3_33,3.7086621315192745,0.1259644031524658,clean_ok,ok,6,[CURR] اس کا پہلے سے کسی سے افیئر چل رہا تھا
audio/1_0_7_35.wav,Sad,جس کے ساتھ بھاگ کر اس نے گھر کی عزت نیلام کی ہے,1_0_7_35,3.0882539682539685,0.1463151723146438,clean_ok,ok,3,[CURR] جس کے ساتھ بھاگ کر اس نے گھر کی عزت نیلام کی ہے
audio/9_1_1_17.wav,Angry,جاؤ یہاں سے نکلو,9_1_1_17,1.100249433106576,0.1810085773468017,clean_ok,ok,2,[CURR] جاؤ یہاں سے نکلو
audio/3_0_4_18.wav,Disgust,اب دیکھو اپنے غم میں خود غرض ہو کر افضل کے باپ کی تکلیف کو مت بھولو,3_0_4_18,7.641020408163265,0.123295173048973,clean_ok,ok,5,[CURR] اب دیکھو اپنے غم میں خود غرض ہو کر افضل کے باپ کی تکلیف کو مت بھولو
audio/2_0_7_49.wav,Sad,بس تم اپنا ضروری سامان پیک کر لو جاؤ,2_0_7_49,3.3901133786848074,0.1539183259010315,clean_ok,ok,3,[CURR] بس تم اپنا ضروری سامان پیک کر لو جاؤ
audio/1_0_3_48.wav,Boredum,کیا کہنا چاہ رہی ہو بچے کھل کر بتاؤ,1_0_3_48,2.6354648526077096,0.1147187799215316,clean_ok,ok,6,[CURR] کیا کہنا چاہ رہی ہو بچے کھل کر بتاؤ
audio/5_0_3_22.wav,Boredum,وہ سا سار سا,5_0_3_22,1.9272562358276644,0.1555671393871307,clean_ok,ok,6,[CURR] وہ سا سار سا
audio/2_0_2_46.wav,Fear,اپنے بھائی کو جیل کی چکی پیسنے دیتا یہ نہیں دیکھ سکتا میں,2_0_2_46,3.1924489795918367,0.1664525866508484,clean_ok,ok,4,[CURR] اپنے بھائی کو جیل کی چکی پیسنے دیتا یہ نہیں دیکھ سکتا میں
audio/8_1_2_02.wav,Fear,جو میں کہوں گی وہی ہوگا,8_1_2_02,2.36843537414966,0.1771431118249893,clean_ok,ok,4,[CURR] جو میں کہوں گی وہی ہوگا
audio/5_0_5_21.wav,Happy,اصل وہ چھوٹے بھائی نظر نہیں ا رہے,5_0_5_21,2.5541950113378684,0.1416699886322021,clean_ok,ok,1,[CURR] اصل وہ چھوٹے بھائی نظر نہیں ا رہے
audio/3_0_1_07.wav,Angry,اپنا فرض پورا کیا ہے اس نے,3_0_1_07,1.4185487528344671,0.1333864331245422,clean_ok,ok,2,[CURR] اپنا فرض پورا کیا ہے اس نے
audio/9_1_2_35.wav,Fear,اور اس حالت میں ہم اسے تکلیف نہیں دے سکتے وہ پہلے ہی بہت دکھ میں ہے,9_1_2_35,4.231519274376417,0.1277686506509781,clean_ok,ok,4,[CURR] اور اس حالت میں ہم اسے تکلیف نہیں دے سکتے وہ پہلے ہی بہت دکھ میں ہے
audio/9_1_6_42.wav,Neutral,جی بہت شکریہ بہت نوازش ہے آپکی,9_1_6_42,2.4139455782312926,0.0952650308609008,clean_ok,ok,0,[CURR] جی بہت شکریہ بہت نوازش ہے آپکی
audio/5_0_7_17.wav,Sad,کتنی تکلیف میں اس نے دن گزارے اپنی بیماری کے,5_0_7_17,3.7317233560090703,0.1079397872090339,clean_ok,ok,3,[CURR] کتنی تکلیف میں اس نے دن گزارے اپنی بیماری کے
audio/8_1_3_05.wav,Boredum,اسے کوئی فرق نہیں پڑتا,8_1_3_05,1.504920634920635,0.1357056945562362,clean_ok,ok,6,[CURR] اسے کوئی فرق نہیں پڑتا
audio/5_0_4_32.wav,Disgust,اگر میری نیت میں فتور ہوتا نا تو میں تمہارے گھر میں کبھی تمہیں بتانے نہ اتا,5_0_4_32,4.527891156462585,0.1707490980625152,clean_ok,ok,5,[CURR] اگر میری نیت میں فتور ہوتا نا تو میں تمہارے گھر میں کبھی تمہیں بتانے نہ اتا
audio/3_0_7_45.wav,Sad,ہر وقت ڈر لگا رہتا ہے کہ مسجد سے باہر نکلوں گا تو,3_0_7_45,3.831292517006802,0.014792718924582,clean_ok,ok,3,[CURR] ہر وقت ڈر لگا رہتا ہے کہ مسجد سے باہر نکلوں گا تو
audio/3_0_3_23.wav,Boredum,اس نے ایک دولتمند شادی شدہ انسان سے شادی کر لی,3_0_3_23,4.597551020408163,0.1225764080882072,clean_ok,ok,6,[CURR] اس نے ایک دولتمند شادی شدہ انسان سے شادی کر لی
audio/3_0_6_20.wav,Neutral,ہاں ہاں کل ویسے بھی چھٹی کا دن ہے میں یہ گھنٹی والا کام بھی کر جاؤں گا اور اگر کوئی اور بھی چھوٹا موٹا کام ہو تو بندہ حاضر ہے,3_0_6_20,8.25469387755102,0.0303750913590192,too_long,ok,0,[CURR] ہاں ہاں کل ویسے بھی چھٹی کا دن ہے میں یہ گھنٹی والا کام بھی کر جاؤں گا اور اگر کوئی اور بھی چھوٹا موٹا کام ہو تو بندہ حاضر ہے
audio/10_1_7_24.wav,Sad,میری جان کے پیچھے کیوں پڑ گئے ہیں سارے,10_1_7_24,2.497891156462585,0.1729451119899749,clean_ok,ok,3,[CURR] میری جان کے پیچھے کیوں پڑ گئے ہیں سارے
audio/7_1_5_22.wav,Happy,اپ سے بڑھ کر کوئی نہیں ہے میرا دوست,7_1_5_22,2.113015873015873,0.1562955230474472,clean_ok,ok,1,[CURR] اپ سے بڑھ کر کوئی نہیں ہے میرا دوست
audio/3_0_7_02.wav,Sad,میں تھک گیا ہوں تو میں بتا بتا کے,3_0_7_02,2.658684807256236,0.0357682257890701,clean_ok,ok,3,[CURR] میں تھک گیا ہوں تو میں بتا بتا کے
audio/8_1_5_36.wav,Happy,محبت کرنا,8_1_5_36,1.520907029478458,0.1336335092782974,clean_ok,ok,1,[CURR] محبت کرنا
audio/6_1_1_41.wav,Angry,ٹھیک سے کھڑا نہیں ہو سکتا چل نہیں سکتا,6_1_1_41,1.928344671201814,0.1285047233104705,clean_ok,ok,2,[CURR] ٹھیک سے کھڑا نہیں ہو سکتا چل نہیں سکتا
audio/2_0_2_40.wav,Fear,اور شریف ادمی کو زیادتی کے لیے ایک بدمعاش کی ضرورت ہوتی ہے,2_0_2_40,5.154829931972789,0.0982368439435958,clean_ok,ok,4,[CURR] اور شریف ادمی کو زیادتی کے لیے ایک بدمعاش کی ضرورت ہوتی ہے
audio/8_1_4_39.wav,Disgust,غصے سے نہ دماغ گھومنے والا ہے,8_1_4_39,1.7066666666666668,0.1543388217687606,clean_ok,ok,5,[CURR] غصے سے نہ دماغ گھومنے والا ہے
audio/5_0_4_12.wav,Disgust,تم تو چپ رہو یاسمین,5_0_4_12,1.520907029478458,0.1384282261133194,clean_ok,ok,5,[CURR] تم تو چپ رہو یاسمین
audio/6_1_6_36.wav,Neutral,نہیں نہیں میں لڑوں گی کیونکہ ہر بار قتل ہو ہو کے تھک چکی ہوں,6_1_6_36,5.225215419501134,0.1260375380516052,clean_ok,ok,0,[CURR] نہیں نہیں میں لڑوں گی کیونکہ ہر بار قتل ہو ہو کے تھک چکی ہوں
audio/2_0_6_17.wav,Neutral,چلیں یہ بھی ٹھیک ہے لیکن حیا کی خوائشیں کبھی ختم ہونے والی نہیں ہے میں بات کر لوں گا اس سے,2_0_6_17,6.164897959183674,0.1626824140548706,clean_ok,ok,0,[CURR] چلیں یہ بھی ٹھیک ہے لیکن حیا کی خوائشیں کبھی ختم ہونے والی نہیں ہے میں بات کر لوں گا اس سے
audio/6_1_3_45.wav,Boredum,امی چپ کر جائیں نا,6_1_3_45,3.755578231292517,0.0852645933628082,clean_ok,ok,6,[CURR] امی چپ کر جائیں نا
audio/10_1_5_44.wav,Happy,پتہ ہے سیلری بھی بہت اچھی ہوگی,10_1_5_44,2.074920634920635,0.1442257910966873,clean_ok,ok,1,[CURR] پتہ ہے سیلری بھی بہت اچھی ہوگی
audio/5_0_5_49.wav,Happy,ائے ہوئے عامر خان نظریں رہ گئی ہیں تجھ پہ,5_0_5_49,4.616031746031746,0.1445586234331131,clean_ok,ok,1,[CURR] ائے ہوئے عامر خان نظریں رہ گئی ہیں تجھ پہ
audio/4_0_3_21.wav,Boredum,شاید اسی کو تقدیر کہتے ہیں,4_0_3_21,1.683446712018141,0.0831337869167327,clean_ok,ok,6,[CURR] شاید اسی کو تقدیر کہتے ہیں
audio/9_1_5_41.wav,Happy,نہیں ہم تو انتظار کر رہے تھے کہ ساتھ کھائیں گے,9_1_5_41,2.651904761904762,0.111304260790348,clean_ok,ok,1,[CURR] نہیں ہم تو انتظار کر رہے تھے کہ ساتھ کھائیں گے
audio/7_1_7_18.wav,Sad,جانتے نہیں ہیں کیا اپنی بہن کو آپ,7_1_7_18,2.5425850340136056,0.1217012852430343,clean_ok,ok,3,[CURR] جانتے نہیں ہیں کیا اپنی بہن کو آپ
audio/7_1_2_01.wav,Fear,بڑے بھیا کو کہیں مراد کے بارے میں تو پتہ نہیں چل گیا,7_1_2_01,2.8676643990929707,0.1029174849390983,clean_ok,ok,4,[CURR] بڑے بھیا کو کہیں مراد کے بارے میں تو پتہ نہیں چل گیا
audio/5_0_1_27.wav,Angry,ارے یار میں تمہیں کیا سمجھا رہا ہوں تم وہیں پھنسے ہو شکل سے شریف ادمی,5_0_1_27,3.469750566893424,0.1944667398929596,clean_ok,ok,2,[CURR] ارے یار میں تمہیں کیا سمجھا رہا ہوں تم وہیں پھنسے ہو شکل سے شریف ادمی
audio/2_0_4_15.wav,Disgust,بڑی ہمدردیاں ہو رہی تھی اس کے ساتھ گھر کی بہو بنانے کے خواب دیکھے جا رہے تھے,2_0_4_15,3.408798185941043,0.1634052395820617,clean_ok,ok,5,[CURR] بڑی ہمدردیاں ہو رہی تھی اس کے ساتھ گھر کی بہو بنانے کے خواب دیکھے جا رہے تھے
audio/6_1_6_47.wav,Neutral,اچھا ہوا تم نے یاد کروا دیا,6_1_6_47,1.9893197278911563,0.1060129478573799,clean_ok,ok,0,[CURR] اچھا ہوا تم نے یاد کروا دیا
audio/1_0_2_37.wav,Fear,تم اس کو گھر کیوں نہیں بلا لیتی بھائی,1_0_2_37,2.220204081632653,0.1152169480919838,clean_ok,ok,4,[CURR] تم اس کو گھر کیوں نہیں بلا لیتی بھائی
audio/4_0_1_40.wav,Angry,بالکل ٹھیک کر رہا ہوں میں,4_0_1_40,1.18421768707483,0.1993381083011627,clean_ok,ok,2,[CURR] بالکل ٹھیک کر رہا ہوں میں
audio/9_1_2_39.wav,Fear,اس قدر بدتمیز لڑکی ہے یہ,9_1_2_39,2.543356009070295,0.0933229923248291,clean_ok,ok,4,[CURR] اس قدر بدتمیز لڑکی ہے یہ
audio/1_0_5_34.wav,Happy,ابھی ہم تمہارا ہی ذکر کر رہے تھے,1_0_5_34,2.229115646258504,0.1371268779039383,clean_ok,ok,1,[CURR] ابھی ہم تمہارا ہی ذکر کر رہے تھے
audio/4_0_6_36.wav,Neutral,جدی پشتی نوکر ہوں نمک سے بڑا گہرا رشتہ ہے صاحب,4_0_6_36,4.049251700680272,0.1447480618953704,clean_ok,ok,0,[CURR] جدی پشتی نوکر ہوں نمک سے بڑا گہرا رشتہ ہے صاحب
audio/6_1_4_50.wav,Disgust,کیا ہر بات بتانی ضروری ہوتی ہے کیا,6_1_4_50,2.680680272108844,0.1470930129289627,clean_ok,ok,5,[CURR] کیا ہر بات بتانی ضروری ہوتی ہے کیا
audio/10_1_3_21.wav,Boredum,دائروں میں چل رہے ہیں کوئی دائرہ کسی دوسرے دائرے سے ملتا ہی نہیں,10_1_3_21,5.410249433106576,0.133987084031105,clean_ok,ok,6,[CURR] دائروں میں چل رہے ہیں کوئی دائرہ کسی دوسرے دائرے سے ملتا ہی نہیں
audio/9_1_4_31.wav,Disgust,پتہ نہیں تمہارے پاپا نے کیا دیکھ کر رشتہ لیا ہے,9_1_4_31,2.3305215419501133,0.1200428679585456,clean_ok,ok,5,[CURR] پتہ نہیں تمہارے پاپا نے کیا دیکھ کر رشتہ لیا ہے
audio/4_0_7_44.wav,Sad,اس بدلے کی اگ نے دی ہے جو میرے اندر پل رہی ہے,4_0_7_44,3.099863945578232,0.1312561780214309,clean_ok,ok,3,[CURR] اس بدلے کی اگ نے دی ہے جو میرے اندر پل رہی ہے
audio/10_1_3_13.wav,Boredum,اپنی فائل بھول گئی تھی,10_1_3_13,2.3065079365079364,0.0897607058286666,clean_ok,ok,6,[CURR] اپنی فائل بھول گئی تھی
audio/8_1_2_48.wav,Fear,نہیں ڈیڈ جان سے نہیں مارنا اسے,8_1_2_48,4.630680272108844,0.1282282173633575,clean_ok,ok,4,[CURR] نہیں ڈیڈ جان سے نہیں مارنا اسے
audio/4_0_6_08.wav,Neutral,بس اسے کسی نا محرم نے نہ دیکھا ہو,4_0_6_08,3.402857142857143,0.1090538948774337,clean_ok,ok,0,[CURR] بس اسے کسی نا محرم نے نہ دیکھا ہو
audio/5_0_4_16.wav,Disgust,اسی وقت غلطی کرتا ہے وہ,5_0_4_16,3.250793650793651,0.0811807811260223,clean_ok,ok,5,[CURR] اسی وقت غلطی کرتا ہے وہ
audio/5_0_5_01.wav,Happy,نہیں یار میں تو تجھ سے,5_0_5_01,2.4380952380952383,0.2099752128124237,clean_ok,ok,1,[CURR] نہیں یار میں تو تجھ سے
audio/2_0_1_07.wav,Angry,یہی ہونا چاہیے تھا دوسروں کی ذاتی زندگی میں گھسنے والوں کے ساتھ ایسے ہی ہوتا ہے,2_0_1_07,4.054875283446712,0.1631013005971908,clean_ok,ok,2,[CURR] یہی ہونا چاہیے تھا دوسروں کی ذاتی زندگی میں گھسنے والوں کے ساتھ ایسے ہی ہوتا ہے
audio/1_0_3_46.wav,Boredum,اگر تم سمجھتی ہو کہ انہیں بلانا چاہیے,1_0_3_46,3.441179138321996,0.1085119619965553,clean_ok,ok,6,[CURR] اگر تم سمجھتی ہو کہ انہیں بلانا چاہیے
audio/8_1_7_38.wav,Sad,کوئی بھی نہیں ہے جسے میں اپنا کہہ سکوں اب,8_1_7_38,2.796190476190476,0.1019994765520095,clean_ok,ok,3,[CURR] کوئی بھی نہیں ہے جسے میں اپنا کہہ سکوں اب
audio/9_1_7_39.wav,Sad,اولاد کے ماتھے کو چومنا اُس کو گلے سے لگانا,9_1_7_39,5.909931972789115,0.0890694484114646,clean_ok,ok,3,[CURR] اولاد کے ماتھے کو چومنا اُس کو گلے سے لگانا
audio/7_1_4_49.wav,Disgust,بس میری باری میں سب کو آگ لگ جاتی ہے ابا جی,7_1_4_49,2.126077097505669,0.2077193260192871,clean_ok,ok,5,[CURR] بس میری باری میں سب کو آگ لگ جاتی ہے ابا جی
audio/5_0_5_12.wav,Happy,چلو چلو ناشتہ کرتے ہیں ہائے,5_0_5_12,2.728344671201814,0.149848997592926,clean_ok,ok,1,[CURR] چلو چلو ناشتہ کرتے ہیں ہائے
audio/7_1_1_09.wav,Angry,زیادہ ہیرو بننے کی کوشش نہ کرو,7_1_1_09,2.5774149659863945,0.1501364409923553,clean_ok,ok,2,[CURR] زیادہ ہیرو بننے کی کوشش نہ کرو
audio/2_0_7_34.wav,Sad,مجھے اپنی پرواہ ہے ہی کہاں,2_0_7_34,2.089795918367347,0.1192104071378707,clean_ok,ok,3,[CURR] مجھے اپنی پرواہ ہے ہی کہاں
audio/6_1_7_27.wav,Sad,اِتنے دنوں سے میں اپنے آپ سے ایک جنگ کر رہی ہوں مسلسل ہارے جا رہی ہوں اُس میں,6_1_7_27,4.490408163265307,0.1530747562646865,clean_ok,ok,3,[CURR] اِتنے دنوں سے میں اپنے آپ سے ایک جنگ کر رہی ہوں مسلسل ہارے جا رہی ہوں اُس میں
audio/6_1_4_39.wav,Disgust,کیا ہوا ہے میرے حال کو,6_1_4_39,1.4628571428571429,0.1168468669056892,clean_ok,ok,5,[CURR] کیا ہوا ہے میرے حال کو
audio/3_0_2_06.wav,Fear,لیکن یہ ثابت کرنے کی کوشش نہ کرو کہ تمہارے اگے پیچھے کوئی نہیں ہے,3_0_2_06,5.166439909297052,0.1160379573702812,clean_ok,ok,4,[CURR] لیکن یہ ثابت کرنے کی کوشش نہ کرو کہ تمہارے اگے پیچھے کوئی نہیں ہے
audio/8_1_2_42.wav,Fear,اپ میرے ساتھ ایسا نہیں کر سکتے یہ جھوٹ بول رہی ہے اپ جھوٹ بول رہے ہیں,8_1_2_42,5.34453514739229,0.0891463756561279,clean_ok,ok,4,[CURR] اپ میرے ساتھ ایسا نہیں کر سکتے یہ جھوٹ بول رہی ہے اپ جھوٹ بول رہے ہیں
audio/1_0_4_27.wav,Disgust,نیلم بھتیجی ہے تمہاری اس کی شادی میں انے کا دل نہیں تھا تمہارا,1_0_4_27,3.900952380952381,0.1442738622426986,clean_ok,ok,5,[CURR] نیلم بھتیجی ہے تمہاری اس کی شادی میں انے کا دل نہیں تھا تمہارا
audio/3_0_6_25.wav,Neutral,ابراہیم صاحب نے حامی بھری ہے,3_0_6_25,2.8742176870748297,0.0742147713899612,clean_ok,ok,0,[CURR] ابراہیم صاحب نے حامی بھری ہے
audio/4_0_1_24.wav,Angry,اچھا چلو ٹھیک ہے مار دے چلا گولی اور جان لے لی اس کی,4_0_1_24,3.633922902494331,0.3091846406459808,clean_ok,ok,2,[CURR] اچھا چلو ٹھیک ہے مار دے چلا گولی اور جان لے لی اس کی
audio/7_1_1_22.wav,Angry,تم بزدل ہونے کے ساتھ ساتھ جھوٹے بھی ہو,7_1_1_22,2.670294784580499,0.1844052076339721,clean_ok,ok,2,[CURR] تم بزدل ہونے کے ساتھ ساتھ جھوٹے بھی ہو
audio/2_0_4_30.wav,Disgust,وہ لڑکی کا جو باپ ہے وہ ہمارے گھر کیوں اتا ہے,2_0_4_30,2.065374149659864,0.1940635442733764,clean_ok,ok,5,[CURR] وہ لڑکی کا جو باپ ہے وہ ہمارے گھر کیوں اتا ہے
audio/1_0_1_50.wav,Angry,اگر پرواہ نہیں ہے تو پھر جائے جہاں اس کی ماں دفن ہوئی ہے,1_0_1_50,2.705124716553288,0.1999188512563705,clean_ok,ok,2,[CURR] اگر پرواہ نہیں ہے تو پھر جائے جہاں اس کی ماں دفن ہوئی ہے
audio/1_0_2_08.wav,Fear,منور تم فون نہیں کرو گے,1_0_2_08,3.006984126984127,0.1171226501464843,clean_ok,ok,4,[CURR] منور تم فون نہیں کرو گے
audio/1_0_1_03.wav,Angry,نکلو یہاں سے باہر چلو جاؤ,1_0_1_03,2.3336054421768706,0.1856929659843444,clean_ok,ok,2,[CURR] نکلو یہاں سے باہر چلو جاؤ
audio/6_1_2_31.wav,Fear,اگر امی کو بتا کے جاتی تو امی جانے دیتی مجھے وہ بھی اپ کی طرح شک کرتی,6_1_2_31,3.962879818594104,0.1063684597611427,clean_ok,ok,4,[CURR] اگر امی کو بتا کے جاتی تو امی جانے دیتی مجھے وہ بھی اپ کی طرح شک کرتی
audio/2_0_4_18.wav,Disgust,نہ اپ اس گھر کی بہو تھی نہ بیٹی,2_0_4_18,1.7528344671201814,0.1501584500074386,clean_ok,ok,5,[CURR] نہ اپ اس گھر کی بہو تھی نہ بیٹی
audio/3_0_3_43.wav,Boredum,کوئی وقت بھی قربانی کا وقت ہو سکتا ہے,3_0_3_43,4.2260317460317465,0.0955203920602798,clean_ok,ok,6,[CURR] کوئی وقت بھی قربانی کا وقت ہو سکتا ہے
audio/6_1_6_11.wav,Neutral,امی ہمیشہ آپ ٹال دیتی ہیں,6_1_6_11,1.6253968253968254,0.1243008375167846,clean_ok,ok,0,[CURR] امی ہمیشہ آپ ٹال دیتی ہیں
audio/1_0_5_32.wav,Happy,اچھا بہرحال چھوڑو ایک کام کرو میں تو کہتا ہوں لڑکے کو کسی دن چائے پر بلا لیتے ہیں کیسے,1_0_5_32,5.932698412698413,0.1235519349575042,clean_ok,ok,1,[CURR] اچھا بہرحال چھوڑو ایک کام کرو میں تو کہتا ہوں لڑکے کو کسی دن چائے پر بلا لیتے ہیں کیسے
audio/4_0_5_45.wav,Happy,لوگوں نے بڑا پسند کیا ہے یار,4_0_5_45,1.5441269841269842,0.2332290410995483,clean_ok,ok,1,[CURR] لوگوں نے بڑا پسند کیا ہے یار
audio/8_1_5_48.wav,Happy,بس وہ چند لمحے ہی تو زندگی ہوتے ہیں,8_1_5_48,2.36843537414966,0.1497021168470382,clean_ok,ok,1,[CURR] بس وہ چند لمحے ہی تو زندگی ہوتے ہیں
audio/8_1_2_22.wav,Fear,اس طرح اپ کچھ کرتے کیوں نہیں ہیں,8_1_2_22,1.94249433106576,0.1782939583063125,clean_ok,ok,4,[CURR] اس طرح اپ کچھ کرتے کیوں نہیں ہیں
audio/5_0_2_40.wav,Fear,اوئے ہوئے اوئے ہوئے تفشیش کے دوران جو مار پڑتی ہے,5_0_2_40,3.378503401360544,0.1714268028736114,clean_ok,ok,4,[CURR] اوئے ہوئے اوئے ہوئے تفشیش کے دوران جو مار پڑتی ہے
audio/9_1_2_07.wav,Fear,ہائے میرے اللہ,9_1_2_07,1.0348526077097506,0.2493135184049606,clean_ok,ok,4,[CURR] ہائے میرے اللہ
audio/8_1_3_41.wav,Boredum,یہ پچیدہ چیز کے ساتھ رکی رہے گی,8_1_3_41,2.229115646258504,0.1810597628355026,clean_ok,ok,6,[CURR] یہ پچیدہ چیز کے ساتھ رکی رہے گی
audio/9_1_3_07.wav,Boredum,مجھے پتہ ہے میں جانتی ہوں میری اولاد ہے میں نے پیدا کیا ہے,9_1_3_07,3.0905668934240365,0.1494450718164444,clean_ok,ok,6,[CURR] مجھے پتہ ہے میں جانتی ہوں میری اولاد ہے میں نے پیدا کیا ہے
audio/5_0_4_31.wav,Disgust,پیسے پکڑو اور اپنا بڑھاپہ سوارو,5_0_4_31,2.078185941043084,0.1590135246515274,clean_ok,ok,5,[CURR] پیسے پکڑو اور اپنا بڑھاپہ سوارو
audio/10_1_4_14.wav,Disgust,میرے ہاتھ دیکھو کیا تمہیں لگتا ہے کما نہیں سکتی,10_1_4_14,4.179591836734694,0.0701247453689575,clean_ok,ok,5,[CURR] میرے ہاتھ دیکھو کیا تمہیں لگتا ہے کما نہیں سکتی
audio/3_0_5_25.wav,Happy,اور وہ بھی ایسے مردم شناس ہیں کہ اکاؤنٹس میں ہی لگوا دیا,3_0_5_25,2.7877551020408164,0.106830358505249,clean_ok,ok,1,[CURR] اور وہ بھی ایسے مردم شناس ہیں کہ اکاؤنٹس میں ہی لگوا دیا
audio/5_0_3_23.wav,Boredum,آپ چاہیں یا نہ چاہیں,5_0_3_23,2.2639455782312927,0.1304838061332702,clean_ok,ok,6,[CURR] آپ چاہیں یا نہ چاہیں
audio/7_1_3_38.wav,Boredum,نہیں جمع دارنیوں والے کام نہیں کر سکتی,7_1_3_38,3.248684807256236,0.1459277868270874,clean_ok,ok,6,[CURR] نہیں جمع دارنیوں والے کام نہیں کر سکتی
audio/6_1_1_33.wav,Angry,اگر تم میں تھوڑی سی بھی شرم ہے تو چلو,6_1_1_33,3.364920634920635,0.2122541815042495,clean_ok,ok,2,[CURR] اگر تم میں تھوڑی سی بھی شرم ہے تو چلو
audio/8_1_5_50.wav,Happy,میری تو پوری دنیا ہی تم ہو,8_1_5_50,2.10140589569161,0.2196635007858276,clean_ok,ok,1,[CURR] میری تو پوری دنیا ہی تم ہو
audio/10_1_5_28.wav,Happy,لیکن میں اسے رکھنے سے انکار نہیں کر سکتی,10_1_5_28,2.449705215419501,0.1290463805198669,clean_ok,ok,1,[CURR] لیکن میں اسے رکھنے سے انکار نہیں کر سکتی
audio/9_1_4_33.wav,Disgust,ارے چھوڑیے رہنے دیے میری بیٹی میں کون سا کوئی کمی ہے لاکھوں میں ایک ہے,9_1_4_33,4.072154195011338,0.1403152644634246,clean_ok,ok,5,[CURR] ارے چھوڑیے رہنے دیے میری بیٹی میں کون سا کوئی کمی ہے لاکھوں میں ایک ہے
audio/2_0_1_14.wav,Angry,شکل دیکھی ہے تم نے اپنی,2_0_1_14,1.5253968253968253,0.125266432762146,clean_ok,ok,2,[CURR] شکل دیکھی ہے تم نے اپنی
audio/5_0_6_38.wav,Neutral,اپ کے کہنے کے مطابق میں نے خاموشی اختیار کی,5_0_6_38,3.053424036281179,0.0961628034710884,clean_ok,ok,0,[CURR] اپ کے کہنے کے مطابق میں نے خاموشی اختیار کی
audio/9_1_6_24.wav,Neutral,دیکھو جنت بی بی نے مجھے کہا ہے کہ وہ اُنکی اولاد کی طرح ہے,9_1_6_24,3.649229024943311,0.1490119993686676,clean_ok,ok,0,[CURR] دیکھو جنت بی بی نے مجھے کہا ہے کہ وہ اُنکی اولاد کی طرح ہے
audio/2_0_1_32.wav,Angry,منہ مانگے پیسے دیے تھے میں نے تمہیں کیسے ہوا یہ سب کچھ,2_0_1_32,3.096167800453515,0.2099741250276565,clean_ok,ok,2,[CURR] منہ مانگے پیسے دیے تھے میں نے تمہیں کیسے ہوا یہ سب کچھ
audio/3_0_3_14.wav,Boredum,کرائے پر کوئی دیتا ہی نہیں,3_0_3_14,1.6773015873015873,0.1127546802163124,clean_ok,ok,6,[CURR] کرائے پر کوئی دیتا ہی نہیں
audio/4_0_4_10.wav,Disgust,گھر سے یہی سوچ کر نکل تھا لیکن اماں کی قسم نے میرے ہاتھ پاؤں باندھ دیے,4_0_4_10,3.7500226757369615,0.1096650287508964,clean_ok,ok,5,[CURR] گھر سے یہی سوچ کر نکل تھا لیکن اماں کی قسم نے میرے ہاتھ پاؤں باندھ دیے
audio/4_0_6_28.wav,Neutral,صاحب یہ جو نگاہ ہوتی ہے نا یہ بڑی خطرناک چیز ہوتی ہے,4_0_6_28,3.67297052154195,0.1968299895524978,clean_ok,ok,0,[CURR] صاحب یہ جو نگاہ ہوتی ہے نا یہ بڑی خطرناک چیز ہوتی ہے
audio/7_1_3_18.wav,Boredum,کہ اس کی اپنی دکان ہے اپنا مکان ہے اپنا یہ اپنا وہ ہر چیز اپنی ہے,7_1_3_18,4.916303854875284,0.1423221975564956,clean_ok,ok,6,[CURR] کہ اس کی اپنی دکان ہے اپنا مکان ہے اپنا یہ اپنا وہ ہر چیز اپنی ہے
audio/9_1_5_35.wav,Happy,ارے کیوں نہیں ضرور,9_1_5_35,1.757437641723356,0.1292119622230529,clean_ok,ok,1,[CURR] ارے کیوں نہیں ضرور
audio/9_1_6_07.wav,Neutral,تمہیں میں نے کہا تھا رشیدن سے بات کرو بات کی تم نے,9_1_6_07,2.458344671201814,0.1470851600170135,clean_ok,ok,0,[CURR] تمہیں میں نے کہا تھا رشیدن سے بات کرو بات کی تم نے
audio/9_1_3_10.wav,Boredum,ابھی تو زندہ ہوں میں ہوں اس کے سامنے,9_1_3_10,3.298503401360544,0.0989957153797149,clean_ok,ok,6,[CURR] ابھی تو زندہ ہوں میں ہوں اس کے سامنے
audio/1_0_4_33.wav,Disgust,تم یہاں کیا کرنے ائے ہو میں نہیں مانتا,1_0_4_33,3.1695238095238096,0.086429513990879,clean_ok,ok,5,[CURR] تم یہاں کیا کرنے ائے ہو میں نہیں مانتا
audio/7_1_6_47.wav,Neutral,اوپر اپنے کمرے میں,7_1_6_47,1.98530612244898,0.1389949023723602,clean_ok,ok,0,[CURR] اوپر اپنے کمرے میں
audio/3_0_4_24.wav,Disgust,شاید اتفاقا میری کہانی کا یہ حصہ تمہاری اپنی کہانی سے مماثلت رکھتا ہے کیوں,3_0_4_24,6.41875283446712,0.169997289776802,clean_ok,ok,5,[CURR] شاید اتفاقا میری کہانی کا یہ حصہ تمہاری اپنی کہانی سے مماثلت رکھتا ہے کیوں
audio/10_1_6_16.wav,Neutral,میں نیک ہوتی تو یہ کر رہی ہوتی,10_1_6_16,1.726621315192744,0.1618887484073639,clean_ok,ok,0,[CURR] میں نیک ہوتی تو یہ کر رہی ہوتی
audio/10_1_3_19.wav,Boredum,کبھی کبھی مجھے لگتا ہے ابا کو ابا کو حسن جہاں سے محبت تھی,10_1_3_19,5.448367346938776,0.120074488222599,clean_ok,ok,6,[CURR] کبھی کبھی مجھے لگتا ہے ابا کو ابا کو حسن جہاں سے محبت تھی
audio/3_0_3_04.wav,Boredum,لیکن کہاں ڈھونڈیں گے اس کو,3_0_3_04,2.825260770975057,0.1140290573239326,clean_ok,ok,6,[CURR] لیکن کہاں ڈھونڈیں گے اس کو
audio/7_1_4_14.wav,Disgust,آپ مجھے سسرال سے اتنا ڈراتی کیوں رہتی ہیں,7_1_4_14,2.8328344671201813,0.14129638671875,clean_ok,ok,5,[CURR] آپ مجھے سسرال سے اتنا ڈراتی کیوں رہتی ہیں
audio/7_1_3_20.wav,Boredum,جی میں بس,7_1_3_20,2.409047619047619,0.1480506509542465,clean_ok,ok,6,[CURR] جی میں بس
audio/10_1_1_46.wav,Angry,میرا راجا ہے وہ,10_1_1_46,1.3351473922902497,0.1844094842672348,clean_ok,ok,2,[CURR] میرا راجا ہے وہ
audio/3_0_3_01.wav,Boredum,ایک تو اس بندے نے بہت تنگ کیا ہے,3_0_3_01,2.693514739229025,0.1192095205187797,clean_ok,ok,6,[CURR] ایک تو اس بندے نے بہت تنگ کیا ہے
audio/6_1_6_01.wav,Neutral,میں اور حیا شاپنگ کے لیئے جا رہے تھے سوچا نایاب کو بھی لے جائیں,6_1_6_01,2.9373242630385485,0.1249428763985633,clean_ok,ok,0,[CURR] میں اور حیا شاپنگ کے لیئے جا رہے تھے سوچا نایاب کو بھی لے جائیں
audio/10_1_1_38.wav,Angry,نہیں ہوں میں گڑیا,10_1_1_38,1.0214285714285714,0.2313030809164047,clean_ok,ok,2,[CURR] نہیں ہوں میں گڑیا
audio/2_0_4_20.wav,Disgust,بیان دیتے اپ کس نے منع کیا ہے,2_0_4_20,1.92421768707483,0.1904483139514923,clean_ok,ok,5,[CURR] بیان دیتے اپ کس نے منع کیا ہے
audio/4_0_5_19.wav,Happy,کیونکہ اج کل اپ صرف ایک ہی بات کرتی ہیں,4_0_5_19,2.374671201814059,0.0885519087314605,clean_ok,ok,1,[CURR] کیونکہ اج کل اپ صرف ایک ہی بات کرتی ہیں
audio/4_0_1_06.wav,Angry,یہ کیا جواب دے گی,4_0_1_06,1.2190476190476192,0.1793259680271148,clean_ok,ok,2,[CURR] یہ کیا جواب دے گی
audio/2_0_6_46.wav,Neutral,یہ اپنی مرضی کی مالک ہے خالہ,2_0_6_46,1.9620861678004533,0.1200364828109741,clean_ok,ok,0,[CURR] یہ اپنی مرضی کی مالک ہے خالہ
audio/10_1_2_45.wav,Fear,یا اللہ میرا دل بہت گھبرا رہا ہے,10_1_2_45,1.6834920634920636,0.118802011013031,clean_ok,ok,4,[CURR] یا اللہ میرا دل بہت گھبرا رہا ہے
audio/8_1_7_11.wav,Sad,اُس نے کہا کہ مجھ سے کوئی محبت نہیں کرے گا,8_1_7_11,4.051859410430839,0.1311892867088318,clean_ok,ok,3,[CURR] اُس نے کہا کہ مجھ سے کوئی محبت نہیں کرے گا
audio/10_1_5_13.wav,Happy,مجھے تو لگ رہا ہے ہم دونوں کی شادی ساتھ ساتھ ہوگی,10_1_5_13,2.3495918367346937,0.1334045976400375,clean_ok,ok,1,[CURR] مجھے تو لگ رہا ہے ہم دونوں کی شادی ساتھ ساتھ ہوگی
audio/7_1_5_19.wav,Happy,یہ تمہارے پاس تھی,7_1_5_19,2.008526077097505,0.1609996259212494,clean_ok,ok,1,[CURR] یہ تمہارے پاس تھی
audio/7_1_5_06.wav,Happy,میں نے سوچا کہ شاید گونگٹ اس سے زیادہ اچھا لگے,7_1_5_06,2.784671201814059,0.1427021324634552,clean_ok,ok,1,[CURR] میں نے سوچا کہ شاید گونگٹ اس سے زیادہ اچھا لگے
audio/8_1_2_44.wav,Fear,بولیں میں اپ سے سننا چاہتی ہوں یہ جھوٹ ہے,8_1_2_44,2.549183673469388,0.1831719428300857,clean_ok,ok,4,[CURR] بولیں میں اپ سے سننا چاہتی ہوں یہ جھوٹ ہے
audio/10_1_3_02.wav,Boredum,میں یہ کام نہیں کرنا چاہتی,10_1_3_02,1.6551700680272108,0.0889932960271835,clean_ok,ok,6,[CURR] میں یہ کام نہیں کرنا چاہتی
audio/8_1_1_31.wav,Angry,تماشہ تو میرا بنا ہوا ہے نا دیکھیں مجھے,8_1_1_31,2.9373242630385485,0.2208131253719329,clean_ok,ok,2,[CURR] تماشہ تو میرا بنا ہوا ہے نا دیکھیں مجھے
audio/5_0_5_26.wav,Happy,ائیے ائیے جناب تشریف لائی ہے ائیے کھانا کھائیے,5_0_5_26,5.2477097505668935,0.2678866386413574,clean_ok,ok,1,[CURR] ائیے ائیے جناب تشریف لائی ہے ائیے کھانا کھائیے
audio/5_0_5_28.wav,Happy,واہ واہ,5_0_5_28,1.3931972789115643,0.1574695259332656,clean_ok,ok,1,[CURR] واہ واہ
audio/10_1_3_39.wav,Boredum,یہاں ایسا ہی ہے,10_1_3_39,1.3697732426303857,0.0776399672031402,clean_ok,ok,6,[CURR] یہاں ایسا ہی ہے
audio/8_1_1_44.wav,Angry,میں تم سے بات کر رہی ہوں,8_1_1_44,1.4038095238095238,0.2870788872241974,clean_ok,ok,2,[CURR] میں تم سے بات کر رہی ہوں
audio/6_1_3_24.wav,Boredum,چل بول نا کیا ہوا ہے,6_1_3_24,2.430975056689342,0.1615108251571655,clean_ok,ok,6,[CURR] چل بول نا کیا ہوا ہے
audio/5_0_6_07.wav,Neutral,ویسے بچے پتہ ہے کیا ہوتا ہے دکان جانے سے پہلے سارا وقت جو ہے نا وہ بازار میں ضائع ہو جاتا ہے,5_0_6_07,7.529319727891156,0.105353869497776,clean_ok,ok,0,[CURR] ویسے بچے پتہ ہے کیا ہوتا ہے دکان جانے سے پہلے سارا وقت جو ہے نا وہ بازار میں ضائع ہو جاتا ہے
audio/8_1_6_46.wav,Neutral,وہاں تو سب لوگ اپ کی خیریت معلوم کر رہے ہوں گے,8_1_6_46,2.3568253968253967,0.2058553099632263,clean_ok,ok,0,[CURR] وہاں تو سب لوگ اپ کی خیریت معلوم کر رہے ہوں گے
audio/9_1_7_20.wav,Sad,ماں بیٹا دُکھ سُکھ بھول رہے تھے,9_1_7_20,1.867641723356009,0.1915829628705978,clean_ok,ok,3,[CURR] ماں بیٹا دُکھ سُکھ بھول رہے تھے
audio/10_1_1_24.wav,Angry,کیونکہ اگر آواز اُٹھاتے تو ساری چیزیں چھن جاتی نا,10_1_1_24,2.849863945578232,0.0984163433313369,clean_ok,ok,2,[CURR] کیونکہ اگر آواز اُٹھاتے تو ساری چیزیں چھن جاتی نا
audio/3_0_4_36.wav,Disgust,خیر اس بات کا تو ٹنٹا ختم ہو گیا,3_0_4_36,3.831292517006802,0.1018653288483619,clean_ok,ok,5,[CURR] خیر اس بات کا تو ٹنٹا ختم ہو گیا
audio/10_1_5_06.wav,Happy,ہاں آج تو میں ہی کھلاؤں گی,10_1_5_06,2.1988208616780045,0.0466154590249061,clean_ok,ok,1,[CURR] ہاں آج تو میں ہی کھلاؤں گی
audio/7_1_2_49.wav,Fear,میرے دکھ کو اس نے نظر انداز کر دیا,7_1_2_49,2.3689795918367347,0.1362758576869964,clean_ok,ok,4,[CURR] میرے دکھ کو اس نے نظر انداز کر دیا
audio/2_0_4_39.wav,Disgust,کم از کم اج میں ضمیر کی عدالت میں سرخرو ہو گیا کہ میں نے تمہیں ایک لاسٹ چانس دیا,2_0_4_39,4.45546485260771,0.2383478730916977,clean_ok,ok,5,[CURR] کم از کم اج میں ضمیر کی عدالت میں سرخرو ہو گیا کہ میں نے تمہیں ایک لاسٹ چانس دیا
audio/2_0_3_30.wav,Boredum,السلام علیکم اپ نایاب کے والد بات کر رہے ہیں,2_0_3_30,3.1159863945578232,0.1561874598264694,clean_ok,ok,6,[CURR] السلام علیکم اپ نایاب کے والد بات کر رہے ہیں
audio/6_1_6_20.wav,Neutral,اور ابو آفس میں ہیں جو بات کرنی ہے اُن سے وہیں کر لیجیۓ گا,6_1_6_20,2.066575963718821,0.1392962485551834,clean_ok,ok,0,[CURR] اور ابو آفس میں ہیں جو بات کرنی ہے اُن سے وہیں کر لیجیۓ گا
audio/4_0_4_38.wav,Disgust,یاد کرو وہ دن جب میں نے تمہیں بچایا تھا ورنہ تم اج زندہ نہ ہوتے,4_0_4_38,3.58297052154195,0.2155842185020446,clean_ok,ok,5,[CURR] یاد کرو وہ دن جب میں نے تمہیں بچایا تھا ورنہ تم اج زندہ نہ ہوتے
audio/6_1_5_21.wav,Happy,ہاں پہنچ گئے,6_1_5_21,1.509297052154195,0.1220446527004242,clean_ok,ok,1,[CURR] ہاں پہنچ گئے
audio/1_0_1_13.wav,Angry,تو ساری زندگی جیل میں چکی پیستا رہتا,1_0_1_13,4.307301587301588,0.1412876397371292,clean_ok,ok,2,[CURR] تو ساری زندگی جیل میں چکی پیستا رہتا
audio/10_1_2_16.wav,Fear,شادی کا نہیں بولتا تھا,10_1_2_16,1.713877551020408,0.1061150878667831,clean_ok,ok,4,[CURR] شادی کا نہیں بولتا تھا
audio/9_1_6_40.wav,Neutral,تمہارے لیئے بہت ضروری تھا یہ,9_1_6_40,1.438798185941043,0.1369683891534805,clean_ok,ok,0,[CURR] تمہارے لیئے بہت ضروری تھا یہ
audio/5_0_6_49.wav,Neutral,اگر اپ کچھ کر سکتے ہیں نا تو اپنے گواہ پکے کریں,5_0_6_49,4.5859410430839,0.1281682252883911,clean_ok,ok,0,[CURR] اگر اپ کچھ کر سکتے ہیں نا تو اپنے گواہ پکے کریں
audio/2_0_2_39.wav,Fear,اسی دن کے لیے میں چاہتا ہوں کہ وہ عورت اس گھر سے چلی جائے,2_0_2_39,2.8087301587301585,0.1266992837190628,clean_ok,ok,4,[CURR] اسی دن کے لیے میں چاہتا ہوں کہ وہ عورت اس گھر سے چلی جائے
audio/1_0_7_28.wav,Sad,پھر تم نے اسے پھانسی دلوا دی یا عمر قید دلوا دی تو,1_0_7_28,4.632380952380952,0.0826054885983467,clean_ok,ok,3,[CURR] پھر تم نے اسے پھانسی دلوا دی یا عمر قید دلوا دی تو
audio/10_1_3_46.wav,Boredum,نہیں مومنہ کہیں بھی رہ لوں گی,10_1_3_46,3.563968253968254,0.0741327553987503,clean_ok,ok,6,[CURR] نہیں مومنہ کہیں بھی رہ لوں گی
audio/3_0_3_31.wav,Boredum,ٹھہر جا رقیہ ٹھہر,3_0_3_31,2.96609977324263,0.1012146174907684,clean_ok,ok,6,[CURR] ٹھہر جا رقیہ ٹھہر
audio/4_0_6_22.wav,Neutral,اس ناشتے سے میں عمر بھر کے تمام صبح کا اغاز کر سکتا ہوں,4_0_6_22,3.5115873015873014,0.1538581401109695,clean_ok,ok,0,[CURR] اس ناشتے سے میں عمر بھر کے تمام صبح کا اغاز کر سکتا ہوں
audio/1_0_4_45.wav,Disgust,کیا بے وقوفوں والی باتیں کر رہی ہوں تم,1_0_4_45,2.252335600907029,0.1517054736614227,clean_ok,ok,5,[CURR] کیا بے وقوفوں والی باتیں کر رہی ہوں تم
audio/2_0_5_25.wav,Happy,ہمیں ملوانا تھا نا اس نے,2_0_5_25,1.6278458049886622,0.1354088634252548,clean_ok,ok,1,[CURR] ہمیں ملوانا تھا نا اس نے
audio/8_1_5_04.wav,Happy,تمہیں جو پسند ائے لے لینا,8_1_5_04,1.6253968253968254,0.1732124090194702,clean_ok,ok,1,[CURR] تمہیں جو پسند ائے لے لینا
audio/1_0_2_17.wav,Fear,اب تو تھکنے لگا ہوں میں,1_0_2_17,1.6718367346938776,0.124322310090065,clean_ok,ok,4,[CURR] اب تو تھکنے لگا ہوں میں
audio/10_1_6_09.wav,Neutral,محبت سے زیادہ گہرا اور دائمی رشتہ ہے میرا اور تمہارا,10_1_6_09,3.388798185941043,0.1391382366418838,clean_ok,ok,0,[CURR] محبت سے زیادہ گہرا اور دائمی رشتہ ہے میرا اور تمہارا
audio/2_0_5_36.wav,Happy,پاکستان کا ٹائم,2_0_5_36,1.521156462585034,0.163062572479248,clean_ok,ok,1,[CURR] پاکستان کا ٹائم
audio/1_0_1_36.wav,Angry,ے شرم بے حیا نکلی نہ اس بد کردار جہاں کی بیٹی,1_0_1_36,4.2940589569161,0.3458807170391083,clean_ok,ok,2,[CURR] ے شرم بے حیا نکلی نہ اس بد کردار جہاں کی بیٹی
audio/3_0_7_29.wav,Sad,پر اتنی مدت بعد اچانک تمہیں دیکھ کر پرانے رشتے ناطے,3_0_7_29,5.955918367346939,0.0439597927033901,clean_ok,ok,3,[CURR] پر اتنی مدت بعد اچانک تمہیں دیکھ کر پرانے رشتے ناطے
audio/10_1_2_23.wav,Fear,اس عورت کا قاتل جس سے وہ عشق کرتا تھا,10_1_2_23,3.9721768707482994,0.0792498588562011,clean_ok,ok,4,[CURR] اس عورت کا قاتل جس سے وہ عشق کرتا تھا
audio/1_0_4_36.wav,Disgust,پتہ نہیں تمہاری وجہ سے اور مجھے کتنا خوار ہونا پڑے گا,1_0_4_36,4.655600907029479,0.0985861495137214,clean_ok,ok,5,[CURR] پتہ نہیں تمہاری وجہ سے اور مجھے کتنا خوار ہونا پڑے گا
audio/10_1_6_14.wav,Neutral,پندرہ بیس سال دو دہائیوں کو کہتے ہیں اماں,10_1_6_14,3.1226530612244896,0.1297187656164169,clean_ok,ok,0,[CURR] پندرہ بیس سال دو دہائیوں کو کہتے ہیں اماں
audio/9_1_6_13.wav,Neutral,ارے اسکی کمر میں درد ہے اسلیئے بیٹھ کر نماز پڑھتا ہے,9_1_6_13,3.1470521541950114,0.1469460278749466,clean_ok,ok,0,[CURR] ارے اسکی کمر میں درد ہے اسلیئے بیٹھ کر نماز پڑھتا ہے
audio/7_1_2_17.wav,Fear,ادھی رات نہیں ہوئی ہے,7_1_2_17,1.8459863945578232,0.0639248862862587,clean_ok,ok,4,[CURR] ادھی رات نہیں ہوئی ہے
audio/5_0_5_30.wav,Happy,ہاں یا بڑا مزہ ا رہا ہے,5_0_5_30,2.5309750566893423,0.1371337175369262,clean_ok,ok,1,[CURR] ہاں یا بڑا مزہ ا رہا ہے
audio/5_0_7_32.wav,Sad,میں نے اور تمہاری ماں نے تنکا تنکا جوڑ کے بنایا ہے,5_0_7_32,5.561179138321996,0.0765744745731353,clean_ok,ok,3,[CURR] میں نے اور تمہاری ماں نے تنکا تنکا جوڑ کے بنایا ہے
audio/4_0_1_18.wav,Angry,اگر ڈاکہ ڈالنا ہوتا تو تمہیں نکاح کی پیشکش نہ کرتا موسی,4_0_1_18,3.176394557823129,0.2476287186145782,clean_ok,ok,2,[CURR] اگر ڈاکہ ڈالنا ہوتا تو تمہیں نکاح کی پیشکش نہ کرتا موسی
audio/2_0_5_08.wav,Happy,ارے ڈولی ہنس رہی ہے,2_0_5_08,1.3962131519274377,0.1564684361219406,clean_ok,ok,1,[CURR] ارے ڈولی ہنس رہی ہے
audio/10_1_7_35.wav,Sad,میں غلط راستے پہ چل پڑی تھی,10_1_7_35,3.406054421768708,0.1645972430706024,clean_ok,ok,3,[CURR] میں غلط راستے پہ چل پڑی تھی
audio/4_0_4_42.wav,Disgust,میری ایک بات یاد رکھنا ہمیشہ,4_0_4_42,2.854716553287982,0.1895592808723449,clean_ok,ok,5,[CURR] میری ایک بات یاد رکھنا ہمیشہ
audio/7_1_6_42.wav,Neutral,تو بس رک اور دیکھتی جا,7_1_6_42,2.3568253968253967,0.1453971117734909,clean_ok,ok,0,[CURR] تو بس رک اور دیکھتی جا
audio/4_0_3_32.wav,Boredum,نہ ہاں یا نفی میں سر ہلاتی ہیں,4_0_3_32,2.2260997732426304,0.1233420744538307,clean_ok,ok,6,[CURR] نہ ہاں یا نفی میں سر ہلاتی ہیں
audio/1_0_2_13.wav,Fear,یہ اس سے تو بہتر ہے منور کہ لوگ یہ کہیں کہ اقبال حسین کی بیٹی گھر کے ملازم کے ساتھ بھاگ رہی تھی,1_0_2_13,7.813514739229025,0.1473253518342971,clean_ok,ok,4,[CURR] یہ اس سے تو بہتر ہے منور کہ لوگ یہ کہیں کہ اقبال حسین کی بیٹی گھر کے ملازم کے ساتھ بھاگ رہی تھی
audio/8_1_7_35.wav,Sad,میں وہاں نہیں جاؤں گی,8_1_7_35,1.437596371882086,0.0999640598893165,clean_ok,ok,3,[CURR] میں وہاں نہیں جاؤں گی
audio/5_0_6_18.wav,Neutral,میں جانتا ہوں بہت اچھی طرح سے جانتا ہوں,5_0_6_18,2.5463492063492064,0.1027065217494964,clean_ok,ok,0,[CURR] میں جانتا ہوں بہت اچھی طرح سے جانتا ہوں
audio/2_0_2_14.wav,Fear,جو بھی ہے منت تم اس معاملے میں نہیں بولو گی,2_0_2_14,2.7859637188208617,0.142351746559143,clean_ok,ok,4,[CURR] جو بھی ہے منت تم اس معاملے میں نہیں بولو گی
audio/4_0_5_17.wav,Happy,اتنا سب کچھ اپ میرے بارے میں کیسے کہہ سکتے ہیں,4_0_5_17,2.51281179138322,0.0862470045685768,clean_ok,ok,1,[CURR] اتنا سب کچھ اپ میرے بارے میں کیسے کہہ سکتے ہیں
audio/4_0_2_07.wav,Fear,عجیب پر اسراریت تھی ان کی اواز میں,4_0_2_07,2.635578231292517,0.1653822660446167,clean_ok,ok,4,[CURR] عجیب پر اسراریت تھی ان کی اواز میں
audio/4_0_3_42.wav,Boredum,الجام لگاتی رہتی ہیں بولو بھولا بھی ہوں,4_0_3_42,2.589024943310658,0.1609290540218353,clean_ok,ok,6,[CURR] الجام لگاتی رہتی ہیں بولو بھولا بھی ہوں
audio/8_1_7_47.wav,Sad,پر اُنہوں نے صرف اپنی ذات کو اہمیت دی,8_1_7_47,3.005487528344671,0.1541895568370819,clean_ok,ok,3,[CURR] پر اُنہوں نے صرف اپنی ذات کو اہمیت دی
audio/6_1_7_33.wav,Sad,کچھ بھی سمجھ نہیں آ رہا,6_1_7_33,1.629546485260771,0.103160485625267,clean_ok,ok,3,[CURR] کچھ بھی سمجھ نہیں آ رہا
audio/8_1_4_33.wav,Disgust,کسی پودے کو اس کی جڑ سے اکھاڑ دینا,8_1_4_33,2.2987755102040817,0.1854068785905838,clean_ok,ok,5,[CURR] کسی پودے کو اس کی جڑ سے اکھاڑ دینا
audio/1_0_4_03.wav,Disgust,کیا کروں ان سب کا باقی کام تو تم سے ہو نہیں رہے,1_0_4_03,3.776371882086168,0.1346306204795837,clean_ok,ok,5,[CURR] کیا کروں ان سب کا باقی کام تو تم سے ہو نہیں رہے
audio/1_0_4_19.wav,Disgust,کہا ہے نا کہ نہیں پینا رکھ دو ادھر تمہیں بات سمجھ نہیں اتی ہے,1_0_4_19,3.541043083900227,0.1456411629915237,clean_ok,ok,5,[CURR] کہا ہے نا کہ نہیں پینا رکھ دو ادھر تمہیں بات سمجھ نہیں اتی ہے
audio/6_1_3_17.wav,Boredum,نہیں سر وہ,6_1_3_17,1.3531519274376418,0.2132418602705001,clean_ok,ok,6,[CURR] نہیں سر وہ
audio/5_0_3_06.wav,Boredum,تھوڑا سا قرضہ ہے اور مل جائے,5_0_3_06,2.458548752834467,0.0876459628343582,clean_ok,ok,6,[CURR] تھوڑا سا قرضہ ہے اور مل جائے
audio/6_1_5_44.wav,Happy,اوئے ہوئے حسن کے ساتھ نزاکتیں میں صدقے جاؤں میری جان,6_1_5_44,4.818140589569161,0.1863190829753875,clean_ok,ok,1,[CURR] اوئے ہوئے حسن کے ساتھ نزاکتیں میں صدقے جاؤں میری جان
audio/1_0_6_08.wav,Neutral,بہت شکریہ اپا بھائی کا مان رکھنے کا,1_0_6_08,3.192743764172336,0.1015694066882133,clean_ok,ok,0,[CURR] بہت شکریہ اپا بھائی کا مان رکھنے کا
audio/2_0_7_21.wav,Sad,لیکن اس میں حیا کا کیا قصور ہے,2_0_7_21,2.1334467120181406,0.1403484940528869,clean_ok,ok,3,[CURR] لیکن اس میں حیا کا کیا قصور ہے
audio/5_0_4_04.wav,Disgust,منشی تو کیا مجھے بے وقوف ادمی سمجھتا ہے,5_0_4_04,3.428344671201814,0.1385396271944046,clean_ok,ok,5,[CURR] منشی تو کیا مجھے بے وقوف ادمی سمجھتا ہے
audio/3_0_5_16.wav,Happy,وعلیکم السلام جیتے رہو جیتے رہو,3_0_5_16,5.2477097505668935,0.1650918573141098,clean_ok,ok,1,[CURR] وعلیکم السلام جیتے رہو جیتے رہو
audio/9_1_7_29.wav,Sad,میرا بیٹا یہ میرا بیٹا ایسے کرے گا میرے ساتھ,9_1_7_29,4.686893424036281,0.12919382750988,clean_ok,ok,3,[CURR] میرا بیٹا یہ میرا بیٹا ایسے کرے گا میرے ساتھ
audio/10_1_4_02.wav,Disgust,یہاں سب کو جسم دیکھنا اور دکھانا ہے ایکٹرس نے,10_1_4_02,2.5083900226757367,0.0982710570096969,clean_ok,ok,5,[CURR] یہاں سب کو جسم دیکھنا اور دکھانا ہے ایکٹرس نے
audio/10_1_2_08.wav,Fear,اپ نے کیوں بات کی کیا سوچ رہا ہوگا اس کی منگنی ہو چکی ہے,10_1_2_08,3.7612244897959184,0.0926309674978256,clean_ok,ok,4,[CURR] اپ نے کیوں بات کی کیا سوچ رہا ہوگا اس کی منگنی ہو چکی ہے
audio/7_1_7_23.wav,Sad,میں شاید ایک دن اور یہاں پر رُکی نا میرا دم گُھٹ جائے گا,7_1_7_23,3.063628117913832,0.1858591735363006,clean_ok,ok,3,[CURR] میں شاید ایک دن اور یہاں پر رُکی نا میرا دم گُھٹ جائے گا
audio/7_1_5_29.wav,Happy,اچھا لگتا ہے,7_1_5_29,1.488798185941043,0.0988680645823478,clean_ok,ok,1,[CURR] اچھا لگتا ہے
audio/1_0_7_09.wav,Sad,میں نے زندگی میں کتنا نقصان اٹھایا ہے,1_0_7_09,4.713650793650793,0.1071905866265297,clean_ok,ok,3,[CURR] میں نے زندگی میں کتنا نقصان اٹھایا ہے
audio/10_1_6_49.wav,Neutral,پا کے کھو دیتی اسی لیئے کھو دیا,10_1_6_49,2.278798185941043,0.1071660965681076,clean_ok,ok,0,[CURR] پا کے کھو دیتی اسی لیئے کھو دیا
audio/8_1_5_19.wav,Happy,کبھی کبھی پہیلیاں بجھوانے میں مزہ اتا ہے,8_1_5_19,2.2679138321995467,0.1395711153745651,clean_ok,ok,1,[CURR] کبھی کبھی پہیلیاں بجھوانے میں مزہ اتا ہے
audio/6_1_1_48.wav,Angry,ماری رہی تھی نا انتظار نہیں کر سکتا تھا کیا تھوڑا,6_1_1_48,2.131814058956916,0.2833900451660156,clean_ok,ok,2,[CURR] ماری رہی تھی نا انتظار نہیں کر سکتا تھا کیا تھوڑا
audio/2_0_6_39.wav,Neutral,یہ ہمارا ذاتی معاملہ ہے بس گھر میں ہی رہے تو اچھا ہے,2_0_6_39,3.526145124716553,0.1699917465448379,clean_ok,ok,0,[CURR] یہ ہمارا ذاتی معاملہ ہے بس گھر میں ہی رہے تو اچھا ہے
audio/3_0_1_27.wav,Angry,فورا طور پر یہاں سے رخصت ہو جاؤ,3_0_1_27,2.691428571428572,0.142626017332077,clean_ok,ok,2,[CURR] فورا طور پر یہاں سے رخصت ہو جاؤ
audio/2_0_1_35.wav,Angry,تم اپنا منہ بند رکھو,2_0_1_35,1.290884353741497,0.3079183399677276,clean_ok,ok,2,[CURR] تم اپنا منہ بند رکھو
audio/4_0_7_30.wav,Sad,اماں کا کیا ہوگا گھر کیا ہوگا سوچنا سمجھ بھائی تیری مہربانی ہے یار,4_0_7_30,7.308888888888889,0.1152592524886131,clean_ok,ok,3,[CURR] اماں کا کیا ہوگا گھر کیا ہوگا سوچنا سمجھ بھائی تیری مہربانی ہے یار
audio/4_0_4_20.wav,Disgust,اگر میں تم سے عزت نیک نامی کا سودا کرنا چاہتا ہوں تو بدلے میں تم بھی بدنامی اور رسوائی کے ازمائش سے گزارنا چاہتی ہو مجھے سوداگر تو تم بھی ہو زوہرا,4_0_4_20,8.055714285714286,0.1666083335876464,too_long,ok,5,[CURR] اگر میں تم سے عزت نیک نامی کا سودا کرنا چاہتا ہوں تو بدلے میں تم بھی بدنامی اور رسوائی کے ازمائش سے گزارنا چاہتی ہو مجھے سوداگر تو تم بھی ہو زوہرا
audio/2_0_3_12.wav,Boredum,جا کر سو جاؤ بہت دیر ہو گئی ہے,2_0_3_12,2.678367346938776,0.1732410043478012,clean_ok,ok,6,[CURR] جا کر سو جاؤ بہت دیر ہو گئی ہے
audio/8_1_7_08.wav,Sad,لوگوں کی نظریں اُن کے سوالات اُن کے جوابات میں کیسے دوں گی ڈیڈ,8_1_7_08,5.343106575963719,0.1802911013364792,clean_ok,ok,3,[CURR] لوگوں کی نظریں اُن کے سوالات اُن کے جوابات میں کیسے دوں گی ڈیڈ
audio/7_1_3_44.wav,Boredum,سب خیریت ہے نا,7_1_3_44,1.3184580498866214,0.1955398768186569,clean_ok,ok,6,[CURR] سب خیریت ہے نا
audio/10_1_7_21.wav,Sad,اگر کوئی اجر تھا بھی تو اُسے میرے گناہ کھا گئے,10_1_7_21,3.772766439909297,0.1363435238599777,clean_ok,ok,3,[CURR] اگر کوئی اجر تھا بھی تو اُسے میرے گناہ کھا گئے
audio/1_0_7_49.wav,Sad,کو تم سے کی ہوئی پہلی محبت میری ساری زندگی نگل گئی,1_0_7_49,4.818140589569161,0.092557854950428,clean_ok,ok,3,[CURR] کو تم سے کی ہوئی پہلی محبت میری ساری زندگی نگل گئی
audio/9_1_5_34.wav,Happy,وعلیکم السلام بالکل ٹھیک کیسی ہو,9_1_5_34,2.349138321995465,0.1334648579359054,clean_ok,ok,1,[CURR] وعلیکم السلام بالکل ٹھیک کیسی ہو
audio/9_1_3_36.wav,Boredum,ہاں کچھ دوائیاں ختم ہوئی ہیں لیتی انا,9_1_3_36,3.490793650793651,0.1565253585577011,clean_ok,ok,6,[CURR] ہاں کچھ دوائیاں ختم ہوئی ہیں لیتی انا
audio/3_0_6_08.wav,Neutral,اچھا بہرحال تمہیں کوئی بھی پرابلم ہو فورا اس سے کہنا,3_0_6_08,4.08671201814059,0.0451568216085433,clean_ok,ok,0,[CURR] اچھا بہرحال تمہیں کوئی بھی پرابلم ہو فورا اس سے کہنا
audio/8_1_6_43.wav,Neutral,میں میں اپ کی ساری ذمہ داری کو اپ کے ساتھ نبھاؤں گی,8_1_6_43,18.703650793650795,0.0672269612550735,too_long,ok,0,[CURR] میں میں اپ کی ساری ذمہ داری کو اپ کے ساتھ نبھاؤں گی
audio/7_1_5_04.wav,Happy,اپ کی اجازت ہو تو میں یہ ربن اتار دوں,7_1_5_04,2.252335600907029,0.1407770663499832,clean_ok,ok,1,[CURR] اپ کی اجازت ہو تو میں یہ ربن اتار دوں
audio/10_1_1_05.wav,Angry,تم مجھے پا نہیں سکتے,10_1_1_05,1.0938775510204082,0.1277355551719665,clean_ok,ok,2,[CURR] تم مجھے پا نہیں سکتے
audio/2_0_7_16.wav,Sad,اور بہت اکیلا ہو گیا ہوں شاید مجھے تمہاری ضرورت ہے,2_0_7_16,3.3320861678004534,0.1455589979887008,clean_ok,ok,3,[CURR] اور بہت اکیلا ہو گیا ہوں شاید مجھے تمہاری ضرورت ہے
audio/4_0_1_48.wav,Angry,تو ملائکہ کو مارو نا بے وفائی تو ملائکہ نے کی ہے نا تمہارے ساتھ,4_0_1_48,4.1342176870748295,0.2135606110095977,clean_ok,ok,2,[CURR] تو ملائکہ کو مارو نا بے وفائی تو ملائکہ نے کی ہے نا تمہارے ساتھ
audio/6_1_7_20.wav,Sad,آہ میرے خدا میں کس عذاب میں پھنس گئی ہوں,6_1_7_20,3.8582766439909295,0.2210698872804641,clean_ok,ok,3,[CURR] آہ میرے خدا میں کس عذاب میں پھنس گئی ہوں
audio/3_0_2_21.wav,Fear,اور اگر تم بھی سن رہے ہو تو یاد رکھنا,3_0_2_21,3.564263038548753,0.1625896543264389,clean_ok,ok,4,[CURR] اور اگر تم بھی سن رہے ہو تو یاد رکھنا
audio/10_1_1_18.wav,Angry,لیکن میرا بھائی اپنی بیوی کے اشاروں پہ چلنے والا ایک زن مُرید ہے,10_1_1_18,3.42843537414966,0.1158634722232818,clean_ok,ok,2,[CURR] لیکن میرا بھائی اپنی بیوی کے اشاروں پہ چلنے والا ایک زن مُرید ہے
audio/1_0_5_15.wav,Happy,پرہیزی کھانا کھا کھا کے میرا دل خراب ہو رہا ہے اج تم اچھا سا بنا ہو بس,1_0_5_15,3.831292517006802,0.1567638367414474,clean_ok,ok,1,[CURR] پرہیزی کھانا کھا کھا کے میرا دل خراب ہو رہا ہے اج تم اچھا سا بنا ہو بس
audio/2_0_5_13.wav,Happy,میری طرف سے ٹریٹ تھی میں دے دوں گا,2_0_5_13,1.945283446712018,0.1688596606254577,clean_ok,ok,1,[CURR] میری طرف سے ٹریٹ تھی میں دے دوں گا
audio/1_0_6_41.wav,Neutral,اور منیر صاحب کو اندر بھیجو میرے پاس,1_0_6_41,2.705124716553288,0.1307462602853775,clean_ok,ok,0,[CURR] اور منیر صاحب کو اندر بھیجو میرے پاس
audio/7_1_5_38.wav,Happy,ہاں ویسے ایسے بھی کیا جا سکتا ہے,7_1_5_38,3.1695238095238096,0.1103943362832069,clean_ok,ok,1,[CURR] ہاں ویسے ایسے بھی کیا جا سکتا ہے
audio/10_1_4_45.wav,Disgust,اپنے کسی دوست سے بات نہیں کرتی,10_1_4_45,1.7324263038548753,0.1067899912595748,clean_ok,ok,5,[CURR] اپنے کسی دوست سے بات نہیں کرتی
audio/10_1_2_24.wav,Fear,ابا میں اسے نہیں ملوں گی,10_1_2_24,1.487233560090703,0.0940047577023506,clean_ok,ok,4,[CURR] ابا میں اسے نہیں ملوں گی
audio/1_0_3_29.wav,Boredum,بچہ ہے ابھی سمجھ رہا ہے کام کو,1_0_3_29,4.040272108843538,0.1419114172458648,clean_ok,ok,6,[CURR] بچہ ہے ابھی سمجھ رہا ہے کام کو
audio/5_0_4_41.wav,Disgust,سر اتنا بڑا فارم ہاؤس بنایا ہے اور پلیٹیں چھوٹی چھوٹی,5_0_4_41,3.657142857142857,0.1553606837987899,clean_ok,ok,5,[CURR] سر اتنا بڑا فارم ہاؤس بنایا ہے اور پلیٹیں چھوٹی چھوٹی
audio/6_1_3_07.wav,Boredum,ارے نہیں یار,6_1_3_07,1.3340589569161,0.1859029531478881,clean_ok,ok,6,[CURR] ارے نہیں یار
audio/5_0_1_32.wav,Angry,کیا بہن بہن لگایا ہوا ہے تو نے,5_0_1_32,3.05655328798186,0.1254884153604507,clean_ok,ok,2,[CURR] کیا بہن بہن لگایا ہوا ہے تو نے
audio/5_0_5_04.wav,Happy,اگر یہ شادی کے لیے تیار ہو جائے تو میرا تو بینڈ بج جائے گا,5_0_5_04,4.2280045351473925,0.1823159903287887,clean_ok,ok,1,[CURR] اگر یہ شادی کے لیے تیار ہو جائے تو میرا تو بینڈ بج جائے گا
audio/6_1_4_09.wav,Disgust,تو کیا کروں یار اٹھ سال پہلے ماں باپ نے منگنی کر دی,6_1_4_09,3.680362811791383,0.1052845865488052,clean_ok,ok,5,[CURR] تو کیا کروں یار اٹھ سال پہلے ماں باپ نے منگنی کر دی
audio/4_0_7_35.wav,Sad,اچھا نہیں کیا اپ نے میرے ساتھ دکھ ہوا,4_0_7_35,2.658684807256236,0.1434358656406402,clean_ok,ok,3,[CURR] اچھا نہیں کیا اپ نے میرے ساتھ دکھ ہوا
audio/4_0_6_42.wav,Neutral,میرے دولت خانے کے دروازے اپ کے لیے ہمیشہ کھولے ہیں اپ ائیں گے تو خوشی ہوگی مجھے,4_0_6_42,4.250884353741497,0.1712670177221298,clean_ok,ok,0,[CURR] میرے دولت خانے کے دروازے اپ کے لیے ہمیشہ کھولے ہیں اپ ائیں گے تو خوشی ہوگی مجھے
audio/5_0_3_31.wav,Boredum,ابھی عشق کے امتحاں اور بھی ہیں,5_0_3_31,3.738412698412698,0.1382194608449936,clean_ok,ok,6,[CURR] ابھی عشق کے امتحاں اور بھی ہیں
audio/3_0_3_47.wav,Boredum,سب خیریت ہے نا شیخ صاحب,3_0_3_47,1.6566439909297053,0.1083552464842796,clean_ok,ok,6,[CURR] سب خیریت ہے نا شیخ صاحب
audio/3_0_7_25.wav,Sad,تھی ایک لڑکی جب میری شریک حیات بننے والی تھی,3_0_7_25,4.876190476190477,0.0219489932060241,clean_ok,ok,3,[CURR] تھی ایک لڑکی جب میری شریک حیات بننے والی تھی
audio/9_1_1_27.wav,Angry,ارے کلیجہ منہ کو اگیا میرے,9_1_1_27,2.5135827664399093,0.2130014300346374,clean_ok,ok,2,[CURR] ارے کلیجہ منہ کو اگیا میرے
audio/6_1_2_22.wav,Fear,مجھے تو ابو نے لینے انا تھا یہ کہاں سے اگئے,6_1_2_22,1.9657142857142853,0.1702334731817245,clean_ok,ok,4,[CURR] مجھے تو ابو نے لینے انا تھا یہ کہاں سے اگئے
audio/3_0_6_17.wav,Neutral,ہم یہ کر سکتے ہیں کہ کل کسی وقت ا کر اس گیٹ کو کنڈی اور تالا لگا دیں,3_0_6_17,5.050340136054421,0.0140889175236225,clean_ok,ok,0,[CURR] ہم یہ کر سکتے ہیں کہ کل کسی وقت ا کر اس گیٹ کو کنڈی اور تالا لگا دیں
audio/7_1_5_18.wav,Happy,تم تو یار میرا دماغ پر لے,7_1_5_18,1.792312925170068,0.1926231384277343,clean_ok,ok,1,[CURR] تم تو یار میرا دماغ پر لے
audio/3_0_1_49.wav,Angry,نوکروں کی فوج کی خدمت,3_0_1_49,2.4961451247165534,0.1057157516479492,clean_ok,ok,2,[CURR] نوکروں کی فوج کی خدمت
audio/4_0_7_03.wav,Sad,کچھ اور دکھائی نہیں دیتا نا تمہیں,4_0_7_03,1.5808843537414965,0.1609490811824798,clean_ok,ok,3,[CURR] کچھ اور دکھائی نہیں دیتا نا تمہیں
audio/2_0_3_17.wav,Boredum,تمیز نہیں ہے کسی اچھے محفل میں جانے کی,2_0_3_17,2.043061224489796,0.1449227631092071,clean_ok,ok,6,[CURR] تمیز نہیں ہے کسی اچھے محفل میں جانے کی
audio/3_0_5_04.wav,Happy,ہا ہا ماں جی اپ تو خامخواہ تکلف سے کام لے رہی ہیں اس عمر میں بھی,3_0_5_04,4.643990929705216,0.0900536552071571,clean_ok,ok,1,[CURR] ہا ہا ماں جی اپ تو خامخواہ تکلف سے کام لے رہی ہیں اس عمر میں بھی
audio/10_1_3_09.wav,Boredum,اپ بار بار مجھے حسن جہاں بنا کے دنیا میں بھیجتے ہیں,10_1_3_09,3.799569160997733,0.1005149409174919,clean_ok,ok,6,[CURR] اپ بار بار مجھے حسن جہاں بنا کے دنیا میں بھیجتے ہیں
audio/3_0_5_30.wav,Happy,چائے پلا دو تو رقیہ کی ساری بے وقوفیاں معاف کر دوں گا,3_0_5_30,5.038730158730159,0.1027306243777275,clean_ok,ok,1,[CURR] چائے پلا دو تو رقیہ کی ساری بے وقوفیاں معاف کر دوں گا
audio/8_1_5_01.wav,Happy,تمہاری پسند تھی نا,8_1_5_01,1.4396371882086167,0.1523246616125106,clean_ok,ok,1,[CURR] تمہاری پسند تھی نا
audio/4_0_7_19.wav,Sad,اگر اپ نے مجھے نہ رکھا تو انہی گلیوں میں نوکری ڈھونڈتا رہوں گا مجھے یہ ماحول چاہیے,4_0_7_19,5.677278911564626,0.1111741438508033,clean_ok,ok,3,[CURR] اگر اپ نے مجھے نہ رکھا تو انہی گلیوں میں نوکری ڈھونڈتا رہوں گا مجھے یہ ماحول چاہیے
audio/7_1_5_07.wav,Happy,بہت کچھ,7_1_5_07,1.509297052154195,0.1565455496311187,clean_ok,ok,1,[CURR] بہت کچھ
audio/2_0_3_48.wav,Boredum,تم نے اس سے کہا ہے ائندہ یہاں نہیں اؤں گی,2_0_3_48,2.279546485260771,0.1432537138462066,clean_ok,ok,6,[CURR] تم نے اس سے کہا ہے ائندہ یہاں نہیں اؤں گی
audio/3_0_3_30.wav,Boredum,ہیلو بھائی اج سے یہ ذمہ داری بھی میں تمہارے ہاتھ پر رکھ رہا ہوں,3_0_3_30,6.257777777777778,0.1058506593108177,clean_ok,ok,6,[CURR] ہیلو بھائی اج سے یہ ذمہ داری بھی میں تمہارے ہاتھ پر رکھ رہا ہوں
