file_id,true_label,v21_prediction,v21_confidence,v21_margin,v21_entropy,v21_prob_Neutral,v21_prob_Happy,v21_prob_Angry,v21_prob_Sad,v21_prob_Fear,v21_prob_Disgust,v21_prob_Boredom,v13_prediction,v13_confidence,v13_margin,v13_entropy,v13_prob_Neutral,v13_prob_Happy,v13_prob_Angry,v13_prob_Sad,v13_prob_Fear,v13_prob_Disgust,v13_prob_Boredom,protected_prediction,protected_confidence,protected_margin,protected_entropy,protected_prob_Neutral,protected_prob_Happy,protected_prob_Angry,protected_prob_Sad,protected_prob_Fear,protected_prob_Disgust,protected_prob_Boredom,audio_prediction,audio_confidence,audio_margin,audio_entropy,audio_prob_Neutral,audio_prob_Happy,audio_prob_Angry,audio_prob_Sad,audio_prob_Fear,audio_prob_Disgust,audio_prob_Boredom,final_prediction,final_confidence,final_margin,final_entropy,final_prob_Neutral,final_prob_Happy,final_prob_Angry,final_prob_Sad,final_prob_Fear,final_prob_Disgust,final_prob_Boredom,final_changed_protected_prediction,audio_agrees_with_final,audio_agrees_with_protected,v21_correct,v13_correct,protected_correct,audio_correct,final_correct,fusion_effect,changed,corrected,damaged,selective_rule_triggered
5_0_5_14,Happy,Happy,0.35683739100002815,0.1341982910025098,1.6872742717165035,0.22263909999751835,0.35683739100002815,0.07761051749900941,0.04624198342760621,0.037409118810932805,0.09756639113777722,0.16169549812712783,Happy,0.3568373910000281,0.1341982910025097,1.6872742717165035,0.22263909999751838,0.3568373910000281,0.07761051749900942,0.046241983427606215,0.03740911881093281,0.09756639113777722,0.16169549812712786,Happy,0.35683739100002815,0.13419829100250977,1.6872742717165035,0.22263909999751838,0.35683739100002815,0.07761051749900942,0.046241983427606215,0.03740911881093281,0.09756639113777724,0.16169549812712786,Fear,0.20505419618094833,0.025126796111082317,1.8556457932112,0.13753161237509792,0.17446258289873104,0.033833960629124304,0.17992740006986602,0.20505419618094833,0.09855786501189841,0.17063238283433402,Happy,0.35683739100002815,0.1341982910025098,1.6872742717165035,0.22263909999751835,0.35683739100002815,0.07761051749900941,0.04624198342760621,0.037409118810932805,0.09756639113777722,0.16169549812712783,False,False,False,True,True,True,False,True,remained correct,False,False,False,False
6_1_6_41,Neutral,Neutral,0.6125512625827714,0.48829715409348545,1.2938339794990732,0.6125512625827714,0.042115283383764204,0.014855877180519301,0.041332594389293806,0.12425410848928592,0.10190382915146731,0.06298704482289812,Neutral,0.6125512625827713,0.48829715409348534,1.2938339794990734,0.6125512625827713,0.042115283383764204,0.014855877180519303,0.041332594389293806,0.12425410848928593,0.10190382915146733,0.06298704482289812,Neutral,0.6125512625827713,0.4882971540934854,1.2938339794990732,0.6125512625827713,0.0421152833837642,0.014855877180519297,0.0413325943892938,0.12425410848928589,0.10190382915146728,0.06298704482289812,Disgust,0.35025404468452653,0.1513054567054405,1.7239920770036448,0.15188704193668734,0.10535639773127033,0.07738192020884492,0.027735816067540008,0.08843619139204481,0.35025404468452653,0.19894858797908604,Neutral,0.6125512625827714,0.48829715409348545,1.2938339794990732,0.6125512625827714,0.0421152833837642,0.0148558771805193,0.0413325943892938,0.1242541084892859,0.1019038291514673,0.0629870448228981,False,False,False,True,True,True,False,True,remained correct,False,False,False,False
3_0_5_21,Happy,Happy,0.8073481434321025,0.7232676348960315,0.7853600562665702,0.0156607522449625,0.8073481434321025,0.0176358710885458,0.084080508536071,0.0423802936482314,0.0204511698170289,0.0124432612330579,Happy,0.8073481434321025,0.7232676348960314,0.7853600562665705,0.015660752244962505,0.8073481434321025,0.017635871088545804,0.08408050853607102,0.042380293648231405,0.020451169817028905,0.012443261233057903,Happy,0.8073481434321025,0.7232676348960314,0.7853600562665705,0.015660752244962505,0.8073481434321025,0.017635871088545804,0.08408050853607102,0.0423802936482314,0.020451169817028905,0.012443261233057903,Sad,0.3325806121103829,0.14554518341591696,1.785029723493964,0.08290410225636063,0.18703542869446596,0.05042599826833721,0.3325806121103829,0.11912397263489814,0.11883403383008494,0.10909585220547025,Happy,0.8073481434321025,0.7232676348960315,0.7853600562665702,0.0156607522449625,0.8073481434321025,0.0176358710885458,0.084080508536071,0.0423802936482314,0.0204511698170289,0.0124432612330579,False,False,False,True,True,True,False,True,remained correct,False,False,False,False
9_1_4_18,Disgust,Disgust,0.705824331850483,0.5884424034470402,1.0775716263800383,0.03172004925002761,0.029667743321511404,0.057322002636980104,0.03839868080302541,0.11738192840344272,0.705824331850483,0.019685263734529803,Disgust,0.7058243318504829,0.5884424034470401,1.0775716263800388,0.03172004925002762,0.02966774332151141,0.05732200263698012,0.038398680803025415,0.11738192840344275,0.7058243318504829,0.019685263734529806,Disgust,0.7058243318504829,0.5884424034470401,1.0775716263800383,0.03172004925002761,0.02966774332151141,0.05732200263698012,0.038398680803025415,0.11738192840344273,0.7058243318504829,0.019685263734529806,Angry,0.6905207751198925,0.570470171961542,1.1161656094807437,0.017549539884335306,0.05267544174095102,0.6905207751198925,0.05245149872189582,0.12005060315835044,0.040664159650019016,0.02608798172455581,Disgust,0.705824331850483,0.5884424034470402,1.0775716263800383,0.03172004925002761,0.029667743321511404,0.057322002636980104,0.03839868080302541,0.11738192840344272,0.705824331850483,0.019685263734529803,False,False,False,True,True,True,False,True,remained correct,False,False,False,False
1_0_2_35,Fear,Fear,0.5814714834705497,0.43471039339897305,1.356591847560121,0.03913323941637361,0.10043148571684202,0.037490179906618806,0.026057774779097105,0.5814714834705497,0.14676109007157662,0.06865474663894232,Fear,0.5814714834705496,0.4347103933989729,1.356591847560121,0.039133239416373616,0.10043148571684203,0.03749017990661881,0.026057774779097112,0.5814714834705496,0.14676109007157664,0.06865474663894233,Fear,0.5814714834705496,0.43471039339897294,1.356591847560121,0.03913323941637361,0.100431485716842,0.037490179906618806,0.0260577747790971,0.5814714834705496,0.14676109007157662,0.06865474663894232,Happy,0.22549902584856857,0.021504044921322324,1.837247013219023,0.10284842648522143,0.22549902584856857,0.20399498092724624,0.037777677357410104,0.15080275024867723,0.18560475686861394,0.09347238226426251,Fear,0.5814714834705497,0.4347103933989731,1.3565918475601209,0.0391332394163736,0.100431485716842,0.0374901799066188,0.0260577747790971,0.5814714834705497,0.1467610900715766,0.0686547466389423,False,False,False,True,True,True,False,True,remained correct,False,False,False,False
1_0_2_49,Fear,Disgust,0.393007085381239,0.09279049954223251,1.5261666340842759,0.06258255689987413,0.08192505786168373,0.3002165858390065,0.019801055697658807,0.11871294905490794,0.393007085381239,0.023754709265630006,Disgust,0.393007085381239,0.09279049954223262,1.5261666340842759,0.06258255689987413,0.08192505786168373,0.3002165858390064,0.019801055697658807,0.11871294905490794,0.393007085381239,0.023754709265630006,Disgust,0.39300708538123896,0.09279049954223256,1.5261666340842759,0.06258255689987412,0.08192505786168373,0.3002165858390064,0.019801055697658807,0.11871294905490792,0.39300708538123896,0.023754709265630003,Disgust,0.24566499931275623,0.011210786448719395,1.7154848530542361,0.11913255672986152,0.18467498273354813,0.17430932297074253,0.016474712849185103,0.23445421286403684,0.24566499931275623,0.025289212539869703,Disgust,0.393007085381239,0.09279049954223251,1.5261666340842759,0.06258255689987413,0.08192505786168373,0.3002165858390065,0.019801055697658807,0.11871294905490794,0.393007085381239,0.023754709265630006,False,True,True,False,False,False,False,False,remained incorrect,False,False,False,False
5_0_4_02,Disgust,Disgust,0.7408853206417004,0.6743028258596702,1.0097049552746586,0.06658249478203031,0.03532622046571861,0.021446544518418202,0.019383231667558704,0.06502693556778362,0.7408853206417004,0.051349252356790206,Disgust,0.7408853206417003,0.6743028258596699,1.0097049552746586,0.06658249478203032,0.035326220465718615,0.021446544518418206,0.019383231667558707,0.06502693556778363,0.7408853206417003,0.05134925235679021,Disgust,0.7408853206417004,0.6743028258596702,1.0097049552746586,0.06658249478203032,0.03532622046571861,0.021446544518418206,0.019383231667558704,0.06502693556778363,0.7408853206417004,0.051349252356790206,Disgust,0.25212584459923626,0.0628876804657689,1.8216240706859075,0.17186005453363143,0.18923816413346736,0.07230678936603391,0.059197406550087615,0.18448448729341133,0.25212584459923626,0.07078725352413211,Disgust,0.7408853206417004,0.6743028258596702,1.0097049552746586,0.06658249478203031,0.03532622046571861,0.021446544518418202,0.019383231667558704,0.06502693556778362,0.7408853206417004,0.051349252356790206,False,True,True,True,True,True,True,True,remained correct,False,False,False,False
4_0_6_37,Neutral,Neutral,0.8776199975497159,0.8471614737005867,0.5831651791534279,0.8776199975497159,0.0234090124377362,0.0111301151701745,0.0186982137164314,0.0121578157332697,0.0265263215435432,0.0304585238491292,Neutral,0.8776199975497159,0.8471614737005867,0.583165179153428,0.8776199975497159,0.023409012437736205,0.011130115170174502,0.018698213716431402,0.012157815733269704,0.026526321543543206,0.030458523849129206,Neutral,0.8776199975497159,0.8471614737005867,0.5831651791534279,0.8776199975497159,0.023409012437736205,0.011130115170174502,0.0186982137164314,0.012157815733269704,0.026526321543543202,0.030458523849129206,Neutral,0.24314933339515332,0.02196225487457612,1.7664615615395745,0.24314933339515332,0.029209244755958114,0.04172255855480592,0.2211870785205772,0.12586614344347777,0.12996051258415744,0.20890512874587028,Neutral,0.8776199975497159,0.8471614737005867,0.5831651791534279,0.8776199975497159,0.0234090124377362,0.0111301151701745,0.0186982137164314,0.0121578157332697,0.0265263215435432,0.0304585238491292,False,True,True,True,True,True,True,True,remained correct,False,False,False,False
5_0_2_04,Fear,Fear,0.6947729683569501,0.5764488747668547,1.1021395652210657,0.023144076584491705,0.06669658681195331,0.11832409359009541,0.024167513200311703,0.6947729683569501,0.026852674990996504,0.046042086465201304,Fear,0.69477296835695,0.5764488747668546,1.102139565221066,0.023144076584491708,0.06669658681195333,0.11832409359009544,0.024167513200311706,0.69477296835695,0.02685267499099651,0.04604208646520131,Fear,0.69477296835695,0.5764488747668546,1.102139565221066,0.0231440765844917,0.0666965868119533,0.11832409359009541,0.0241675132003117,0.69477296835695,0.0268526749909965,0.046042086465201304,Angry,0.3433599262633813,0.08427630240265072,1.6437894025245743,0.0338949114802801,0.1580385347765485,0.3433599262633813,0.0573178940358052,0.2590836238607306,0.1190659720055602,0.029239137577694,Fear,0.6947729683569501,0.5764488747668547,1.1021395652210657,0.0231440765844917,0.0666965868119533,0.1183240935900954,0.0241675132003117,0.6947729683569501,0.0268526749909965,0.0460420864652013,False,False,False,True,True,True,False,True,remained correct,False,False,False,False
1_0_4_01,Disgust,Disgust,0.2772132307607425,0.05174895653579281,1.711831342158339,0.0732727916675798,0.0303960637758191,0.0292404339275609,0.1963754782577947,0.1680377273855532,0.2772132307607425,0.2254642742249497,Disgust,0.27721323076074245,0.0517489565357927,1.7118313421583393,0.07327279166757981,0.030396063775819108,0.029240433927560906,0.19637547825779467,0.16803772738555323,0.27721323076074245,0.22546427422494975,Disgust,0.2772132307607425,0.051748956535792756,1.7118313421583393,0.07327279166757981,0.030396063775819104,0.029240433927560906,0.1963754782577947,0.16803772738555323,0.2772132307607425,0.22546427422494975,Sad,0.4704442304739304,0.3290389054121404,1.5754449778028523,0.0346765067827477,0.0415033125603712,0.0718179858975933,0.4704442304739304,0.14140532506179,0.1020278694867922,0.1381247697367752,Disgust,0.2772132307607425,0.05174895653579281,1.711831342158339,0.0732727916675798,0.0303960637758191,0.0292404339275609,0.1963754782577947,0.1680377273855532,0.2772132307607425,0.2254642742249497,False,False,False,True,True,True,False,True,remained correct,False,False,False,False
1_0_5_22,Happy,Happy,0.6244795459994219,0.4778693537537152,1.1842273156004322,0.1466101922457067,0.6244795459994219,0.0186641164482231,0.0119957441791488,0.0225235806926872,0.0369301165292159,0.1387967039055964,Happy,0.6244795459994219,0.4778693537537152,1.1842273156004322,0.14661019224570673,0.6244795459994219,0.018664116448223102,0.011995744179148803,0.022523580692687204,0.036930116529215906,0.13879670390559642,Happy,0.6244795459994219,0.4778693537537152,1.1842273156004322,0.14661019224570673,0.6244795459994219,0.018664116448223102,0.011995744179148803,0.022523580692687204,0.036930116529215906,0.13879670390559642,Happy,0.33034878322941985,0.0965467385668825,1.7019766144725037,0.23380204466253734,0.33034878322941985,0.061394257154052216,0.025212394762869506,0.14731427544071501,0.13674835560443802,0.06517988914596802,Happy,0.6244795459994219,0.4778693537537152,1.1842273156004322,0.1466101922457067,0.6244795459994219,0.0186641164482231,0.0119957441791488,0.0225235806926872,0.0369301165292159,0.1387967039055964,False,True,True,True,True,True,True,True,remained correct,False,False,False,False
4_0_7_05,Sad,Sad,0.7971496953679852,0.7048196357549388,0.8132858200378134,0.0144422794314557,0.0206337101597404,0.0164702494156713,0.7971496953679852,0.0403832756326933,0.0185907303794077,0.0923300596130464,Sad,0.7971496953679851,0.7048196357549387,0.8132858200378136,0.014442279431455705,0.020633710159740408,0.016470249415671306,0.7971496953679851,0.04038327563269331,0.018590730379407706,0.09233005961304643,Sad,0.7971496953679852,0.7048196357549388,0.8132858200378135,0.014442279431455703,0.020633710159740408,0.016470249415671302,0.7971496953679852,0.04038327563269331,0.018590730379407703,0.09233005961304641,Sad,0.3486741498278354,0.0903108430891848,1.6309430727413248,0.13522633112912816,0.03120433271353001,0.013686110979514604,0.3486741498278354,0.09971421324261442,0.11313155536872684,0.2583633067386506,Sad,0.7971496953679852,0.7048196357549388,0.8132858200378134,0.0144422794314557,0.0206337101597404,0.0164702494156713,0.7971496953679852,0.0403832756326933,0.0185907303794077,0.0923300596130464,False,True,True,True,True,True,True,True,remained correct,False,False,False,False
3_0_2_16,Fear,Fear,0.8344361153814726,0.7931435024299484,0.7291836785727841,0.0108534685657774,0.0189091455742615,0.036186159427675,0.0396354222200401,0.8344361153814726,0.0412926129515242,0.0186870758792492,Fear,0.8344361153814726,0.7931435024299484,0.7291836785727842,0.010853468565777402,0.018909145574261505,0.03618615942767501,0.03963542222004011,0.8344361153814726,0.041292612951524206,0.018687075879249202,Fear,0.8344361153814726,0.7931435024299484,0.7291836785727841,0.010853468565777402,0.0189091455742615,0.036186159427675,0.0396354222200401,0.8344361153814726,0.041292612951524206,0.0186870758792492,Angry,0.44486143749275703,0.24481625993299613,1.6179215743381472,0.07779240390413443,0.08149794447607904,0.44486143749275703,0.07311150858440033,0.2000451775597609,0.06924553394028263,0.05344599404258582,Fear,0.8344361153814726,0.7931435024299484,0.7291836785727841,0.0108534685657774,0.0189091455742615,0.036186159427675,0.0396354222200401,0.8344361153814726,0.0412926129515242,0.0186870758792492,False,False,False,True,True,True,False,True,remained correct,False,False,False,False
6_1_1_45,Angry,Angry,0.9429042333793668,0.9306818933481567,0.3202710566844372,0.0068274396562582,0.0091481030767439,0.9429042333793668,0.0087940817269165,0.0122223400312102,0.0090915273814865,0.0110122747480179,Angry,0.9429042333793667,0.9306818933481564,0.3202710566844374,0.0068274396562582025,0.009148103076743904,0.9429042333793667,0.008794081726916503,0.012222340031210203,0.009091527381486504,0.011012274748017904,Angry,0.9429042333793668,0.9306818933481565,0.3202710566844373,0.006827439656258202,0.009148103076743904,0.9429042333793668,0.008794081726916501,0.012222340031210203,0.009091527381486504,0.011012274748017904,Angry,0.7980127456351965,0.707139874934366,0.8138804963893888,0.0091078305996478,0.0240388135020457,0.7980127456351965,0.0296132381864781,0.0908728707008305,0.0284113909854882,0.0199431103903131,Angry,0.9429042333793668,0.9306818933481567,0.3202710566844372,0.0068274396562582,0.0091481030767439,0.9429042333793668,0.0087940817269165,0.0122223400312102,0.0090915273814865,0.0110122747480179,False,True,True,True,True,True,True,True,remained correct,False,False,False,False
1_0_5_21,Happy,Happy,0.873153829348212,0.8108755050527361,0.5698671487409277,0.010524328665839,0.873153829348212,0.0090919024604721,0.0171376782968204,0.0107294280287102,0.0170845089044704,0.0622783242954759,Happy,0.873153829348212,0.8108755050527361,0.5698671487409278,0.010524328665839003,0.873153829348212,0.009091902460472104,0.01713767829682041,0.010729428028710204,0.017084508904470407,0.06227832429547592,Happy,0.873153829348212,0.8108755050527361,0.5698671487409278,0.010524328665839001,0.873153829348212,0.009091902460472104,0.017137678296820405,0.010729428028710204,0.017084508904470403,0.06227832429547592,Happy,0.3019763316220884,0.12019334688139297,1.8114385585811417,0.11550697301517344,0.3019763316220884,0.05596814186567712,0.10030022723347932,0.16491160491107357,0.07955373661181273,0.18178298474069546,Happy,0.873153829348212,0.8108755050527361,0.5698671487409277,0.010524328665839,0.873153829348212,0.0090919024604721,0.0171376782968204,0.0107294280287102,0.0170845089044704,0.0622783242954759,False,True,True,True,True,True,True,True,remained correct,False,False,False,False
3_0_6_19,Neutral,Neutral,0.822282892390649,0.7710217946319925,0.7706870154013855,0.822282892390649,0.0512610977586565,0.011579447996473,0.0219461301159463,0.0321778670388885,0.025475592616346,0.0352769720830407,Neutral,0.822282892390649,0.7710217946319925,0.7706870154013855,0.822282892390649,0.05126109775865651,0.011579447996473001,0.021946130115946302,0.03217786703888851,0.025475592616346007,0.03527697208304071,Neutral,0.8222828923906491,0.7710217946319926,0.7706870154013854,0.8222828923906491,0.051261097758656504,0.011579447996473001,0.021946130115946302,0.0321778670388885,0.025475592616346004,0.0352769720830407,Neutral,0.5620919110124675,0.3475487287171985,1.3165451190218411,0.5620919110124675,0.07224044001520792,0.012668636952088504,0.21454318229526897,0.025441149796467607,0.049715078174021814,0.06329960175447773,Neutral,0.822282892390649,0.7710217946319925,0.7706870154013855,0.822282892390649,0.0512610977586565,0.011579447996473,0.0219461301159463,0.0321778670388885,0.025475592616346,0.0352769720830407,False,True,True,True,True,True,True,True,remained correct,False,False,False,False
4_0_5_34,Happy,Happy,0.7408100358830984,0.6130375254466718,0.9585006711746711,0.0336297632224849,0.7408100358830984,0.0170322451283288,0.1277725104364266,0.0256979728430859,0.0201951590715378,0.0348623134150376,Happy,0.7408100358830984,0.6130375254466718,0.9585006711746711,0.033629763222484906,0.7408100358830984,0.017032245128328804,0.12777251043642662,0.025697972843085903,0.020195159071537804,0.03486231341503761,Happy,0.7408100358830985,0.6130375254466718,0.9585006711746711,0.033629763222484906,0.7408100358830985,0.0170322451283288,0.12777251043642662,0.025697972843085903,0.020195159071537804,0.03486231341503761,Sad,0.3341270869995084,0.124556858911785,1.6970719031589205,0.10783312246810504,0.13835541520821865,0.02211882776537531,0.3341270869995084,0.15257692977815304,0.03541838969291621,0.20957022808772338,Happy,0.7408100358830984,0.6130375254466718,0.9585006711746711,0.0336297632224849,0.7408100358830984,0.0170322451283288,0.1277725104364266,0.0256979728430859,0.0201951590715378,0.0348623134150376,False,False,False,True,True,True,False,True,remained correct,False,False,False,False
7_1_6_49,Neutral,Neutral,0.8277722152128175,0.769675450335691,0.7505705683157594,0.8277722152128175,0.025608167475699502,0.013872035709317101,0.024298656447418403,0.026943520485521504,0.023408639792099502,0.05809676487712661,Neutral,0.8277722152128174,0.7696754503356907,0.7505705683157595,0.8277722152128174,0.02560816747569951,0.013872035709317106,0.02429865644741841,0.02694352048552151,0.02340863979209951,0.05809676487712663,Neutral,0.8277722152128175,0.7696754503356908,0.7505705683157594,0.8277722152128175,0.025608167475699505,0.013872035709317105,0.02429865644741841,0.02694352048552151,0.023408639792099506,0.05809676487712662,Neutral,0.2825568408032746,0.09846508655512584,1.777980403927255,0.2825568408032746,0.16079198385492374,0.023849919169317106,0.05938323460222072,0.13458275707536427,0.18409175424814875,0.15474351024675076,Neutral,0.8277722152128175,0.769675450335691,0.7505705683157593,0.8277722152128175,0.0256081674756995,0.0138720357093171,0.0242986564474184,0.0269435204855215,0.0234086397920995,0.0580967648771266,False,True,True,True,True,True,True,True,remained correct,False,False,False,False
10_1_3_14,Boredom,Boredom,0.7563219838088958,0.6617411321712913,0.9350049245307316,0.05363606250979121,0.018105857811518803,0.013539052649867902,0.09458085163760452,0.04648265271519931,0.017333538867122505,0.7563219838088958,Boredom,0.7563219838088957,0.6617411321712912,0.9350049245307317,0.05363606250979122,0.018105857811518807,0.013539052649867905,0.09458085163760453,0.046482652715199316,0.017333538867122508,0.7563219838088957,Boredom,0.7563219838088958,0.6617411321712913,0.9350049245307316,0.05363606250979122,0.018105857811518807,0.013539052649867905,0.09458085163760452,0.046482652715199316,0.017333538867122508,0.7563219838088958,Boredom,0.5321720031318633,0.3341581125619732,1.415365924125593,0.0568129873815464,0.076860395952824,0.0225001965104137,0.1980138905698901,0.0828797129023777,0.0307608135510847,0.5321720031318633,Boredom,0.7563219838088958,0.6617411321712913,0.9350049245307316,0.05363606250979121,0.018105857811518803,0.013539052649867902,0.09458085163760452,0.04648265271519931,0.017333538867122505,0.7563219838088958,False,True,True,True,True,True,True,True,remained correct,False,False,False,False
9_1_5_44,Happy,Happy,0.8092339075719973,0.7606161384451138,0.821723338999218,0.030875425384426104,0.8092339075719973,0.024154092327455905,0.04861776912688351,0.027756421734762504,0.03764644317063571,0.021715940683839002,Happy,0.8092339075719972,0.7606161384451137,0.8217233389992182,0.03087542538442611,0.8092339075719972,0.024154092327455908,0.048617769126883516,0.02775642173476251,0.037646443170635716,0.021715940683839006,Happy,0.8092339075719971,0.7606161384451136,0.8217233389992181,0.0308754253844261,0.8092339075719971,0.0241540923274559,0.048617769126883495,0.027756421734762504,0.03764644317063571,0.021715940683839,Boredom,0.21703851016693737,0.0359269279724701,1.8676917773420714,0.18111158219446727,0.11580393158521914,0.04155144029025901,0.17545417873192015,0.12913648640464925,0.13990387062654785,0.21703851016693737,Happy,0.8092339075719973,0.7606161384451138,0.821723338999218,0.030875425384426104,0.8092339075719973,0.024154092327455905,0.04861776912688351,0.027756421734762504,0.03764644317063571,0.021715940683839002,False,False,False,True,True,True,False,True,remained correct,False,False,False,False
10_1_4_21,Disgust,Disgust,0.3558123865227702,0.15643721044892694,1.6803433203064329,0.19159128505072245,0.04598507260909821,0.050583580689028615,0.04255741278162961,0.19937517607384325,0.3558123865227702,0.11409508627290774,Neutral,0.28507760159223783,0.022751531610983033,1.7048870216625653,0.28507760159223783,0.04598507260909821,0.050583580689028615,0.04255741278162961,0.19937517607384325,0.2623260699812548,0.11409508627290774,Disgust,0.3137435440790882,0.0800834165846839,1.6994809128168469,0.23366012749440432,0.045985072609098204,0.0505835806890286,0.042557412781629604,0.1993751760738432,0.3137435440790882,0.11409508627290771,Neutral,0.26123676381373134,0.04394974895007653,1.714406508340455,0.26123676381373134,0.21728701486365481,0.004075126581427201,0.056628351042008106,0.11265771457990241,0.21025946432784504,0.13785556479143113,Disgust,0.3137435440790883,0.08008341658468393,1.6994809128168469,0.23366012749440435,0.045985072609098204,0.050583580689028615,0.042557412781629604,0.19937517607384325,0.3137435440790883,0.11409508627290772,False,False,False,True,False,True,False,True,remained correct,False,False,False,False
6_1_7_03,Sad,Sad,0.707654423540329,0.5243628168633299,0.9691208853277865,0.016888385981678,0.0332970252121438,0.0195117090014365,0.707654423540329,0.0216474353087344,0.0177094142786791,0.1832916066769992,Sad,0.707654423540329,0.5243628168633299,0.9691208853277868,0.016888385981678005,0.03329702521214381,0.019511709001436502,0.707654423540329,0.021647435308734402,0.017709414278679104,0.18329160667699923,Sad,0.707654423540329,0.5243628168633299,0.9691208853277868,0.016888385981678005,0.03329702521214381,0.019511709001436502,0.707654423540329,0.021647435308734402,0.017709414278679104,0.18329160667699923,Boredom,0.36682287921122636,0.18219897921673564,1.6777099035145326,0.18462389999449072,0.10609175810488693,0.024352133080429907,0.16196251762800803,0.11986739330575603,0.03627941867520191,0.36682287921122636,Sad,0.707654423540329,0.5243628168633299,0.9691208853277865,0.016888385981678,0.0332970252121438,0.0195117090014365,0.707654423540329,0.0216474353087344,0.0177094142786791,0.1832916066769992,False,False,False,True,True,True,False,True,remained correct,False,False,False,False
9_1_5_13,Happy,Happy,0.7102335368108494,0.6017085728159719,1.0669961417551908,0.03841128405582701,0.7102335368108494,0.016742589064055503,0.061754521496266215,0.043058946228349104,0.021274158349775304,0.10852496399487753,Happy,0.7102335368108493,0.6017085728159718,1.0669961417551908,0.03841128405582701,0.7102335368108493,0.016742589064055503,0.061754521496266215,0.043058946228349104,0.021274158349775304,0.10852496399487753,Happy,0.7102335368108493,0.6017085728159718,1.0669961417551908,0.03841128405582701,0.7102335368108493,0.016742589064055503,0.0617545214962662,0.0430589462283491,0.021274158349775304,0.10852496399487752,Fear,0.30795299878666216,0.08635823503945311,1.7549726734198439,0.11600479632561073,0.053419981588149416,0.03438797318856371,0.14603428712969482,0.30795299878666216,0.12060519923411013,0.22159476374720904,Happy,0.7102335368108494,0.6017085728159719,1.0669961417551908,0.03841128405582701,0.7102335368108494,0.016742589064055503,0.061754521496266215,0.043058946228349104,0.021274158349775304,0.10852496399487753,False,False,False,True,True,True,False,True,remained correct,False,False,False,False
4_0_6_31,Neutral,Neutral,0.37334956449620865,0.1470557914233156,1.6581430500389875,0.37334956449620865,0.03946053979093671,0.03252921791572411,0.09909604937759182,0.14924676852128374,0.08002408682536191,0.22629377307289306,Neutral,0.37334956449620865,0.1470557914233156,1.6581430500389875,0.37334956449620865,0.03946053979093671,0.03252921791572411,0.09909604937759182,0.14924676852128374,0.08002408682536191,0.22629377307289306,Neutral,0.37334956449620865,0.1470557914233156,1.6581430500389875,0.37334956449620865,0.03946053979093671,0.03252921791572411,0.09909604937759184,0.14924676852128377,0.08002408682536191,0.22629377307289306,Sad,0.2829899348999377,0.040921175191158815,1.740196456268845,0.24206875970877886,0.04259196124321651,0.03834955343442291,0.2829899348999377,0.12315702204012532,0.08486402176849961,0.18597874690501912,Neutral,0.37334956449620865,0.1470557914233156,1.6581430500389875,0.37334956449620865,0.03946053979093671,0.03252921791572411,0.09909604937759182,0.14924676852128374,0.08002408682536191,0.22629377307289306,False,False,False,True,True,True,False,True,remained correct,False,False,False,False
8_1_5_37,Happy,Neutral,0.4192485822778706,0.19673764100942634,1.5960393871321916,0.4192485822778706,0.22251094126844426,0.023874651323984607,0.03862496080660731,0.08852604154257912,0.08902593323009972,0.11818888955041443,Neutral,0.41924858227787054,0.19673764100942626,1.5960393871321916,0.41924858227787054,0.22251094126844428,0.023874651323984607,0.038624960806607316,0.08852604154257913,0.08902593323009973,0.11818888955041444,Neutral,0.4192485822778705,0.19673764100942626,1.5960393871321916,0.4192485822778705,0.22251094126844423,0.0238746513239846,0.03862496080660731,0.08852604154257912,0.08902593323009972,0.11818888955041441,Happy,0.2469561901039385,0.028296118739511905,1.829657724906666,0.08609741945369853,0.2469561901039385,0.07025764970532523,0.08674827539655673,0.21866007136442658,0.09347057460763662,0.19780981936841777,Neutral,0.4192485822778706,0.19673764100942634,1.5960393871321916,0.4192485822778706,0.22251094126844426,0.023874651323984607,0.03862496080660731,0.08852604154257912,0.08902593323009972,0.11818888955041443,False,False,False,False,False,False,True,False,remained incorrect,False,False,False,False
4_0_1_26,Angry,Angry,0.6557870272919984,0.5017363444332599,1.1377430338806303,0.023664458224938203,0.026225450165883304,0.6557870272919984,0.025950814127927702,0.15405068285873863,0.09840809166882011,0.015913475661693703,Angry,0.6557870272919983,0.5017363444332597,1.1377430338806305,0.023664458224938206,0.02622545016588331,0.6557870272919983,0.025950814127927706,0.15405068285873866,0.09840809166882013,0.015913475661693707,Angry,0.6557870272919983,0.5017363444332597,1.1377430338806305,0.023664458224938206,0.026225450165883308,0.6557870272919983,0.025950814127927706,0.15405068285873863,0.09840809166882011,0.015913475661693707,Neutral,0.24975908019542925,0.037110708448627905,1.8271315123018763,0.24975908019542925,0.11448643809479912,0.039943480142060006,0.09842790951904502,0.21264837174680135,0.17708737468139343,0.10764734562047183,Angry,0.6557870272919984,0.5017363444332599,1.1377430338806303,0.023664458224938203,0.026225450165883304,0.6557870272919984,0.025950814127927702,0.15405068285873863,0.09840809166882011,0.015913475661693703,False,False,False,True,True,True,False,True,remained correct,False,False,False,False
5_0_1_20,Angry,Angry,0.4311243284249396,0.09728363079095165,1.4191179520088206,0.05964624295172191,0.03380379019640681,0.4311243284249396,0.013227297981141703,0.33384069763398794,0.07608769982285771,0.05226994298894441,Angry,0.43112432842493953,0.09728363079095159,1.4191179520088206,0.05964624295172191,0.03380379019640681,0.43112432842493953,0.013227297981141703,0.33384069763398794,0.07608769982285771,0.05226994298894441,Angry,0.4311243284249396,0.09728363079095165,1.4191179520088206,0.05964624295172191,0.03380379019640681,0.4311243284249396,0.013227297981141705,0.33384069763398794,0.07608769982285771,0.05226994298894441,Angry,0.33826414348755535,0.04525259080359678,1.5977576430984637,0.07476559547658582,0.03888988037231081,0.33826414348755535,0.03193872102324251,0.18205232889675851,0.29301155268395856,0.041077778059588406,Angry,0.4311243284249396,0.09728363079095165,1.4191179520088206,0.05964624295172191,0.03380379019640681,0.4311243284249396,0.013227297981141703,0.33384069763398794,0.07608769982285771,0.05226994298894441,False,True,True,True,True,True,True,True,remained correct,False,False,False,False
2_0_6_15,Neutral,Neutral,0.8600798345670828,0.81368023891762,0.6436033889208177,0.8600798345670828,0.020968709364193202,0.015258918036747702,0.017786029896531903,0.020952969088842904,0.018553943397138704,0.046399595649462805,Neutral,0.8600798345670827,0.8136802389176199,0.6436033889208179,0.8600798345670827,0.02096870936419321,0.015258918036747707,0.017786029896531906,0.02095296908884291,0.018553943397138707,0.04639959564946282,Neutral,0.8600798345670828,0.81368023891762,0.6436033889208178,0.8600798345670828,0.020968709364193205,0.015258918036747705,0.017786029896531906,0.020952969088842907,0.018553943397138707,0.04639959564946281,Boredom,0.27827543566948715,0.09723341985414502,1.7598286659983544,0.14383359294736062,0.04910456068685341,0.018492853113374903,0.18104201581534213,0.17063993133365712,0.15861161043392463,0.27827543566948715,Neutral,0.8600798345670828,0.81368023891762,0.6436033889208175,0.8600798345670828,0.0209687093641932,0.0152589180367477,0.0177860298965319,0.0209529690888429,0.0185539433971387,0.0463995956494628,False,False,False,True,True,True,False,True,remained correct,False,False,False,False
3_0_4_31,Disgust,Disgust,0.8589747921241814,0.8176167836787841,0.6431573358950504,0.0357814187029187,0.0216427615870433,0.0121638730219818,0.0108785006650071,0.0413580084453973,0.8589747921241814,0.0192006454534704,Disgust,0.8589747921241814,0.8176167836787841,0.6431573358950505,0.03578141870291871,0.021642761587043306,0.012163873021981804,0.010878500665007104,0.04135800844539731,0.8589747921241814,0.019200645453470406,Disgust,0.8589747921241815,0.8176167836787842,0.6431573358950504,0.035781418702918705,0.021642761587043303,0.012163873021981802,0.010878500665007102,0.041358008445397304,0.8589747921241815,0.019200645453470402,Neutral,0.28670409669400615,0.0934053460689378,1.7762130062146273,0.28670409669400615,0.12898563435444751,0.016705783786016202,0.08444730235567631,0.15551665418750674,0.19329875062506835,0.13434177799727862,Disgust,0.8589747921241814,0.8176167836787841,0.6431573358950504,0.0357814187029187,0.0216427615870433,0.0121638730219818,0.0108785006650071,0.0413580084453973,0.8589747921241814,0.0192006454534704,False,False,False,True,True,True,False,True,remained correct,False,False,False,False
8_1_5_09,Happy,Angry,0.2861263066726398,0.062160872022312574,1.7301631041588648,0.0393145307182704,0.1830914960150131,0.2861263066726398,0.0606527977594036,0.0410117850270215,0.1658376491573243,0.2239654346503272,Angry,0.2861263066726398,0.062160872022312574,1.7301631041588648,0.0393145307182704,0.1830914960150131,0.2861263066726398,0.0606527977594036,0.0410117850270215,0.1658376491573243,0.2239654346503272,Angry,0.2861263066726398,0.062160872022312574,1.7301631041588648,0.0393145307182704,0.1830914960150131,0.2861263066726398,0.060652797759403604,0.041011785027021505,0.1658376491573243,0.2239654346503272,Boredom,0.31614173664696865,0.07186912873952708,1.7289275935436397,0.24427260790744157,0.10418291442808963,0.018310803501642405,0.10308534797704942,0.11628804249479353,0.09771854704401482,0.31614173664696865,Angry,0.2861263066726398,0.062160872022312574,1.7301631041588648,0.0393145307182704,0.1830914960150131,0.2861263066726398,0.0606527977594036,0.0410117850270215,0.1658376491573243,0.2239654346503272,False,False,False,False,False,False,False,False,remained incorrect,False,False,False,False
7_1_1_41,Angry,Angry,0.4236683858382589,0.006032722049456984,1.2593040785750187,0.0202622740855785,0.0199687703760029,0.4236683858382589,0.0303566119938616,0.4176356637888019,0.062020562157947,0.0260877317595492,Angry,0.4236683858382589,0.006032722049456929,1.2593040785750187,0.020262274085578506,0.019968770376002906,0.4236683858382589,0.03035661199386161,0.41763566378880196,0.06202056215794702,0.02608773175954921,Angry,0.42366838583825883,0.006032722049456984,1.2593040785750187,0.020262274085578503,0.019968770376002903,0.42366838583825883,0.030356611993861603,0.41763566378880185,0.062020562157947,0.0260877317595492,Fear,0.4522759297891955,0.3058717053728761,1.6174907189822585,0.0471442434090533,0.0502873418968717,0.1153782641527857,0.1464042244163194,0.4522759297891955,0.1267181313468507,0.0617918649889236,Angry,0.4236683858382589,0.006032722049456984,1.2593040785750187,0.0202622740855785,0.0199687703760029,0.4236683858382589,0.0303566119938616,0.4176356637888019,0.062020562157947,0.0260877317595492,False,False,False,True,True,True,False,True,remained correct,False,False,False,False
10_1_7_28,Sad,Sad,0.9505141973684672,0.933786315756736,0.27816938006491587,0.003888547159458,0.0087198329522902,0.0042395060710254,0.9505141973684672,0.0167278816117312,0.0045551302061718,0.0113549046308562,Sad,0.9505141973684672,0.933786315756736,0.2781693800649159,0.003888547159458002,0.008719832952290204,0.004239506071025401,0.9505141973684672,0.016727881611731207,0.004555130206171802,0.011354904630856205,Sad,0.9505141973684672,0.933786315756736,0.27816938006491587,0.0038885471594580015,0.008719832952290202,0.0042395060710254005,0.9505141973684672,0.016727881611731204,0.004555130206171801,0.011354904630856203,Sad,0.26624295233724676,0.04681406193654475,1.7859593202361603,0.04369697687595531,0.11584099475111072,0.19343912045833364,0.26624295233724676,0.21942889040070201,0.10826818575715601,0.05308287941949551,Sad,0.9505141973684672,0.933786315756736,0.27816938006491587,0.003888547159458,0.0087198329522902,0.0042395060710254,0.9505141973684672,0.0167278816117312,0.0045551302061718,0.0113549046308562,False,True,True,True,True,True,True,True,remained correct,False,False,False,False
10_1_1_07,Angry,Fear,0.712089379845436,0.5987152562802418,1.008356520218642,0.015985911898252103,0.018562487885759205,0.10401631204999941,0.015559451948390202,0.712089379845436,0.11337412356519422,0.020412332806969004,Fear,0.7120893798454359,0.5987152562802416,1.0083565202186422,0.015985911898252103,0.018562487885759205,0.10401631204999942,0.015559451948390203,0.7120893798454359,0.11337412356519423,0.020412332806969004,Fear,0.7120893798454359,0.5987152562802417,1.0083565202186422,0.0159859118982521,0.0185624878857592,0.1040163120499994,0.015559451948390202,0.7120893798454359,0.1133741235651942,0.020412332806969,Fear,0.38671946464819673,0.12497655007001807,1.6227016223366455,0.05172989390051201,0.09135084828175331,0.26174291457817866,0.06478361500629731,0.38671946464819673,0.11135464248065523,0.032318621104406704,Fear,0.712089379845436,0.5987152562802418,1.008356520218642,0.0159859118982521,0.0185624878857592,0.1040163120499994,0.0155594519483902,0.712089379845436,0.1133741235651942,0.020412332806969,False,True,True,False,False,False,False,False,remained incorrect,False,False,False,False
7_1_6_41,Neutral,Neutral,0.8948584412069356,0.851960483904682,0.5033147240875987,0.8948584412069356,0.0428979573022535,0.0077867547772855,0.0088271520576657,0.0107810706311885,0.0209234763013077,0.0139251477233634,Neutral,0.8948584412069356,0.851960483904682,0.5033147240875988,0.8948584412069356,0.04289795730225351,0.0077867547772855015,0.008827152057665702,0.010781070631188501,0.020923476301307704,0.013925147723363403,Neutral,0.8948584412069356,0.851960483904682,0.5033147240875988,0.8948584412069356,0.0428979573022535,0.0077867547772855015,0.008827152057665702,0.010781070631188501,0.020923476301307704,0.013925147723363403,Neutral,0.37437068309440086,0.17917397573962338,1.6141742752261024,0.37437068309440086,0.19519670735477748,0.011459854505277506,0.043182291346004424,0.04985615323870902,0.1695706692764828,0.1563636411843481,Neutral,0.8948584412069356,0.851960483904682,0.5033147240875987,0.8948584412069356,0.0428979573022535,0.0077867547772855,0.0088271520576657,0.0107810706311885,0.0209234763013077,0.0139251477233634,False,True,True,True,True,True,True,True,remained correct,False,False,False,False
9_1_6_46,Neutral,Neutral,0.6077711505577715,0.5193647564800475,1.3494914092709642,0.6077711505577715,0.08166347475745651,0.028309835296819602,0.05853381204930741,0.051966835120335904,0.08334849814058512,0.08840639407772401,Neutral,0.6077711505577714,0.5193647564800474,1.3494914092709642,0.6077711505577714,0.08166347475745651,0.028309835296819602,0.05853381204930741,0.051966835120335904,0.08334849814058512,0.08840639407772401,Neutral,0.6077711505577714,0.5193647564800474,1.3494914092709642,0.6077711505577714,0.0816634747574565,0.028309835296819595,0.058533812049307396,0.0519668351203359,0.0833484981405851,0.08840639407772401,Neutral,0.21139085431375368,0.013190952707137216,1.8568570361718453,0.21139085431375368,0.13546823152513984,0.06290736387391753,0.19819990160661646,0.18321083230651466,0.14935838069246965,0.05946443568158822,Neutral,0.6077711505577715,0.5193647564800475,1.3494914092709642,0.6077711505577715,0.08166347475745651,0.028309835296819602,0.05853381204930741,0.051966835120335904,0.08334849814058512,0.08840639407772401,False,True,True,True,True,True,True,True,remained correct,False,False,False,False
7_1_6_06,Neutral,Boredom,0.5823313343554434,0.35242612249635275,1.2233093393127081,0.22990521185909063,0.09635059770635711,0.025457050295629103,0.019528753166809104,0.023237006533071803,0.023190046083598904,0.5823313343554434,Boredom,0.5823313343554433,0.3524261224963526,1.2233093393127084,0.22990521185909069,0.09635059770635712,0.025457050295629106,0.019528753166809108,0.023237006533071806,0.023190046083598908,0.5823313343554433,Boredom,0.5823313343554433,0.35242612249635263,1.2233093393127081,0.22990521185909063,0.0963505977063571,0.0254570502956291,0.0195287531668091,0.023237006533071803,0.023190046083598904,0.5823313343554433,Boredom,0.2970274700586542,0.10529854966415084,1.7228351315417316,0.19062810497457489,0.19172892039450337,0.02597877573380031,0.04139958320702562,0.07652940234812573,0.17670774328331587,0.2970274700586542,Boredom,0.5823313343554434,0.35242612249635275,1.2233093393127081,0.22990521185909063,0.09635059770635711,0.025457050295629103,0.019528753166809104,0.023237006533071803,0.023190046083598904,0.5823313343554434,False,True,True,False,False,False,False,False,remained incorrect,False,False,False,False
4_0_3_06,Boredom,Happy,0.26078818568834033,0.0803634633032537,1.8060723114569295,0.16802493588339423,0.26078818568834033,0.18042472238508664,0.03980045837232651,0.04892841354890571,0.15024575218741743,0.15178753193452912,Happy,0.2607881856883403,0.08036346330325364,1.8060723114569295,0.16802493588339423,0.2607881856883403,0.18042472238508664,0.03980045837232651,0.04892841354890571,0.15024575218741743,0.15178753193452912,Happy,0.26078818568834033,0.08036346330325367,1.8060723114569295,0.16802493588339423,0.26078818568834033,0.18042472238508667,0.03980045837232651,0.048928413548905716,0.15024575218741743,0.15178753193452915,Neutral,0.3791468745506138,0.23957307277611578,1.6951875666172653,0.3791468745506138,0.13653750254615962,0.013303481114207304,0.13957380177449802,0.08018536054591452,0.12002311760294063,0.13122986186566613,Happy,0.26078818568834033,0.0803634633032537,1.8060723114569295,0.16802493588339423,0.26078818568834033,0.18042472238508664,0.03980045837232651,0.04892841354890571,0.15024575218741743,0.15178753193452912,False,False,False,False,False,False,False,False,remained incorrect,False,False,False,False
10_1_1_47,Angry,Angry,0.8594463131934909,0.8197287070748869,0.6476367390068541,0.0124588202596326,0.0162311524443671,0.8594463131934909,0.0249730367461263,0.0286620853963894,0.0185109858413898,0.039717606118604,Angry,0.8594463131934907,0.8197287070748868,0.6476367390068543,0.012458820259632606,0.016231152444367108,0.8594463131934907,0.02497303674612631,0.028662085396389415,0.018510985841389806,0.03971760611860402,Angry,0.8594463131934909,0.8197287070748869,0.6476367390068541,0.012458820259632604,0.016231152444367104,0.8594463131934909,0.024973036746126307,0.02866208539638941,0.018510985841389806,0.039717606118604004,Angry,0.8040168614776891,0.7563088298826525,0.826095610019833,0.008452007361090103,0.024589215742061205,0.8040168614776891,0.03016140159965321,0.04770803159503671,0.040326851775218414,0.044745630449251214,Angry,0.8594463131934909,0.8197287070748869,0.6476367390068541,0.0124588202596326,0.0162311524443671,0.8594463131934909,0.0249730367461263,0.0286620853963894,0.0185109858413898,0.039717606118604,False,True,True,True,True,True,True,True,remained correct,False,False,False,False
8_1_1_27,Angry,Angry,0.6656787135300855,0.45576541998752007,1.047430615873312,0.0140623322584976,0.0228591638586104,0.6656787135300855,0.0182939862428516,0.0454324263878612,0.2099132935425654,0.0237600841795284,Angry,0.6656787135300855,0.45576541998752,1.047430615873312,0.014062332258497602,0.022859163858610403,0.6656787135300855,0.018293986242851605,0.045432426387861206,0.20991329354256544,0.023760084179528403,Angry,0.6656787135300853,0.45576541998751996,1.047430615873312,0.014062332258497599,0.0228591638586104,0.6656787135300853,0.0182939862428516,0.0454324263878612,0.20991329354256538,0.023760084179528393,Angry,0.8633966223587108,0.7956304754498966,0.6005753278076728,0.006092201531956403,0.015406044652857807,0.8633966223587108,0.018083775382982708,0.06776614690881423,0.016227269397107107,0.013027939767570905,Angry,0.6656787135300856,0.4557654199875201,1.0474306158733113,0.014062332258497501,0.022859163858610403,0.6656787135300856,0.018293986242851605,0.045432426387861206,0.20991329354256544,0.023760084179528303,False,True,True,True,True,True,True,True,remained correct,False,False,False,False
4_0_2_08,Fear,Fear,0.8213352579173262,0.7221846473375252,0.7188806083763414,0.0158453182944787,0.0136050547805427,0.0122760429657796,0.0178233408252659,0.8213352579173262,0.099150610579801,0.0199643746368059,Fear,0.8213352579173262,0.7221846473375252,0.7188806083763415,0.015845318294478702,0.013605054780542703,0.012276042965779603,0.017823340825265904,0.8213352579173262,0.09915061057980103,0.019964374636805903,Fear,0.8213352579173261,0.7221846473375251,0.7188806083763415,0.0158453182944787,0.013605054780542698,0.012276042965779598,0.0178233408252659,0.8213352579173261,0.09915061057980099,0.019964374636805896,Angry,0.2672784648972365,0.06849220543380516,1.7774235509759182,0.10345032269752263,0.02883289720243071,0.2672784648972365,0.05762132913121882,0.19588781804485417,0.19878625946343134,0.14814290856330586,Fear,0.8213352579173262,0.7221846473375252,0.7188806083763414,0.0158453182944787,0.0136050547805427,0.0122760429657796,0.0178233408252659,0.8213352579173262,0.099150610579801,0.0199643746368059,False,False,False,True,True,True,False,True,remained correct,False,False,False,False
6_1_5_07,Happy,Happy,0.5838359149298984,0.4276663393462449,1.3694742138258946,0.0535281772089103,0.5838359149298984,0.1561695755836535,0.0374203509969436,0.0512219107474533,0.0555452789576385,0.0622787915755023,Happy,0.5838359149298984,0.4276663393462449,1.3694742138258946,0.0535281772089103,0.5838359149298984,0.1561695755836535,0.0374203509969436,0.0512219107474533,0.0555452789576385,0.0622787915755023,Happy,0.5838359149298984,0.4276663393462449,1.3694742138258946,0.0535281772089103,0.5838359149298984,0.15616957558365352,0.0374203509969436,0.0512219107474533,0.0555452789576385,0.0622787915755023,Happy,0.44362862627117,0.2801140879244709,1.618493113483488,0.04535820509993192,0.44362862627117,0.16351453834669907,0.07358449240381533,0.10778863194405654,0.12654429104368006,0.03958121489064722,Happy,0.5838359149298984,0.4276663393462449,1.3694742138258946,0.0535281772089103,0.5838359149298984,0.1561695755836535,0.0374203509969436,0.0512219107474533,0.0555452789576385,0.0622787915755023,False,True,True,True,True,True,True,True,remained correct,False,False,False,False
2_0_2_33,Fear,Fear,0.8524913116075192,0.7888723685953745,0.6448299415568985,0.017064980440335005,0.011336539989864702,0.06361894301214481,0.012368640273678802,0.8524913116075192,0.033097991057457206,0.010021593619000402,Fear,0.8524913116075191,0.7888723685953742,0.6448299415568987,0.01706498044033501,0.011336539989864704,0.06361894301214482,0.012368640273678804,0.8524913116075191,0.03309799105745721,0.010021593619000404,Fear,0.852491311607519,0.7888723685953742,0.6448299415568988,0.017064980440335005,0.011336539989864702,0.06361894301214481,0.0123686402736788,0.852491311607519,0.033097991057457206,0.010021593619000402,Fear,0.36945553263897624,0.12777692890366918,1.6728007497748614,0.058802667564580614,0.06625734037488751,0.24167860373530706,0.05194216777917291,0.36945553263897624,0.14401543405473363,0.06784825385234201,Fear,0.8524913116075192,0.7888723685953745,0.6448299415568985,0.017064980440335005,0.011336539989864702,0.06361894301214481,0.012368640273678802,0.8524913116075192,0.033097991057457206,0.010021593619000402,False,True,True,True,True,True,True,True,remained correct,False,False,False,False
6_1_7_47,Sad,Angry,0.41289549081391164,0.13329954283106327,1.509643252862983,0.022959335201343502,0.14478614398422243,0.41289549081391164,0.27959594798284837,0.042671422126839005,0.030751015797385706,0.06634064409344942,Angry,0.4128954908139115,0.13329954283106316,1.5096432528629833,0.022959335201343502,0.14478614398422243,0.4128954908139115,0.27959594798284837,0.042671422126839005,0.030751015797385706,0.06634064409344942,Angry,0.41289549081391164,0.13329954283106327,1.509643252862983,0.022959335201343502,0.14478614398422246,0.41289549081391164,0.27959594798284837,0.04267142212683901,0.030751015797385706,0.06634064409344942,Sad,0.23989681769850257,0.024855184984062,1.8297728395995172,0.15680627686292695,0.21504163271444057,0.03229392021657401,0.23989681769850257,0.13862054634271476,0.09897174003282953,0.11836906613201165,Angry,0.4128954908139117,0.13329954283106332,1.5096432528629833,0.022959335201343502,0.14478614398422243,0.4128954908139117,0.27959594798284837,0.042671422126839005,0.030751015797385706,0.06634064409344942,False,False,False,False,False,False,True,False,remained incorrect,False,False,False,False
3_0_4_34,Disgust,Disgust,0.7516436707891414,0.6783926177292743,0.9791902406879922,0.0431420462808394,0.0456091022899638,0.0212437332098714,0.0166498571028826,0.0484605372674343,0.7516436707891414,0.0732510530598671,Disgust,0.7516436707891414,0.6783926177292743,0.9791902406879924,0.043142046280839404,0.04560910228996381,0.021243733209871402,0.016649857102882602,0.04846053726743431,0.7516436707891414,0.07325105305986711,Disgust,0.7516436707891414,0.6783926177292743,0.9791902406879924,0.0431420462808394,0.04560910228996381,0.021243733209871402,0.016649857102882602,0.04846053726743431,0.7516436707891414,0.07325105305986711,Disgust,0.29546771858184323,0.14166322291333,1.798550012334923,0.15380449566851323,0.13609155728767713,0.11353225129120123,0.021651128465789003,0.15162308842969013,0.29546771858184323,0.12782976027528603,Disgust,0.7516436707891414,0.6783926177292743,0.9791902406879922,0.0431420462808394,0.0456091022899638,0.0212437332098714,0.0166498571028826,0.0484605372674343,0.7516436707891414,0.0732510530598671,False,True,True,True,True,True,True,True,remained correct,False,False,False,False
8_1_7_28,Sad,Sad,0.5656053151979518,0.42094099100268084,1.4048729005979035,0.10301621045523332,0.04955303776089761,0.03739302003375071,0.5656053151979518,0.14466432419527092,0.039550624841173304,0.060217467515722406,Sad,0.5656053151979517,0.4209409910026807,1.4048729005979035,0.10301621045523333,0.04955303776089762,0.03739302003375072,0.5656053151979517,0.14466432419527095,0.03955062484117331,0.06021746751572242,Sad,0.5656053151979517,0.42094099100268073,1.4048729005979035,0.1030162104552333,0.0495530377608976,0.0373930200337507,0.5656053151979517,0.14466432419527092,0.0395506248411733,0.0602174675157224,Fear,0.28312648358948456,0.10002253636195424,1.83469528915787,0.06712189997000322,0.18310394722753032,0.15285081332225522,0.12878602879143103,0.28312648358948456,0.06866404341498461,0.11634678368431103,Sad,0.5656053151979518,0.42094099100268084,1.4048729005979035,0.10301621045523332,0.04955303776089761,0.03739302003375071,0.5656053151979518,0.14466432419527092,0.039550624841173304,0.060217467515722406,False,False,False,True,True,True,False,True,remained correct,False,False,False,False
9_1_4_23,Disgust,Disgust,0.8484431646516415,0.7748927673641879,0.6519650535250839,0.0735503972874536,0.0160006161500147,0.0211556318157519,0.0088095949597987,0.0205621186358887,0.8484431646516415,0.0114784764994509,Disgust,0.8484431646516415,0.7748927673641879,0.651965053525084,0.07355039728745363,0.016000616150014708,0.021155631815751908,0.008809594959798703,0.020562118635888707,0.8484431646516415,0.011478476499450904,Disgust,0.8484431646516415,0.7748927673641879,0.6519650535250839,0.07355039728745362,0.016000616150014704,0.021155631815751905,0.008809594959798701,0.020562118635888707,0.8484431646516415,0.011478476499450902,Neutral,0.32571297070992494,0.10542503014728982,1.7311430014574525,0.32571297070992494,0.14904046267649462,0.06661410512947771,0.024158762739671304,0.10420186385050911,0.22028794056263512,0.10998389433128711,Disgust,0.8484431646516415,0.7748927673641879,0.6519650535250839,0.0735503972874536,0.0160006161500147,0.0211556318157519,0.0088095949597987,0.0205621186358887,0.8484431646516415,0.0114784764994509,False,False,False,True,True,True,False,True,remained correct,False,False,False,False
4_0_5_25,Happy,Happy,0.5069952276664278,0.3477431621358535,1.5278888388987004,0.0822554364344651,0.5069952276664278,0.0380945035817999,0.1592520655305743,0.0674313004218956,0.0583759956006679,0.0875954707641694,Happy,0.5069952276664278,0.34774316213585343,1.5278888388987006,0.08225543643446512,0.5069952276664278,0.03809450358179991,0.15925206553057433,0.06743130042189562,0.05837599560066791,0.08759547076416942,Happy,0.5069952276664278,0.34774316213585343,1.5278888388987006,0.08225543643446512,0.5069952276664278,0.0380945035817999,0.15925206553057433,0.06743130042189562,0.058375995600667904,0.08759547076416942,Fear,0.24081274219360319,0.008994729368356907,1.8181313196390523,0.10623977883352734,0.05273661726750112,0.05798088660560062,0.14761197577956395,0.24081274219360319,0.16279998649495744,0.23181801282524628,Happy,0.5069952276664278,0.3477431621358535,1.5278888388987004,0.0822554364344651,0.5069952276664278,0.0380945035817999,0.1592520655305743,0.0674313004218956,0.0583759956006679,0.0875954707641694,False,False,False,True,True,True,False,True,remained correct,False,False,False,False
2_0_1_31,Angry,Angry,0.6719980735806963,0.4887636353649227,1.0773699007624982,0.019863096727352703,0.024122054786251203,0.6719980735806963,0.019096898861682202,0.05526619777924931,0.18323443821577362,0.026419240048994704,Angry,0.6719980735806962,0.4887636353649225,1.0773699007624984,0.019863096727352706,0.024122054786251207,0.6719980735806962,0.019096898861682206,0.05526619777924932,0.18323443821577365,0.02641924004899471,Angry,0.6719980735806962,0.48876363536492257,1.0773699007624984,0.019863096727352703,0.0241220547862512,0.6719980735806962,0.019096898861682202,0.05526619777924931,0.18323443821577362,0.0264192400489947,Angry,0.8424425225963322,0.7997551530598608,0.7059817090442395,0.013211359920002202,0.034253087981282106,0.8424425225963322,0.020279612709515303,0.042687369536471405,0.029476113225970903,0.017649934030425803,Angry,0.6719980735806963,0.48876363536492273,1.0773699007624982,0.0198630967273527,0.0241220547862512,0.6719980735806963,0.0190968988616822,0.0552661977792493,0.1832344382157736,0.0264192400489947,False,True,True,True,True,True,True,True,remained correct,False,False,False,False
4_0_7_22,Sad,Sad,0.7812885331261789,0.6850136984637352,0.8648832014220683,0.015215662187815405,0.021329281529573908,0.017441235934493208,0.7812885331261789,0.09627483466244363,0.038968635128843916,0.02948181743065121,Sad,0.7812885331261789,0.6850136984637352,0.8648832014220684,0.015215662187815409,0.02132928152957391,0.01744123593449321,0.7812885331261789,0.09627483466244366,0.03896863512884392,0.029481817430651217,Sad,0.7812885331261786,0.685013698463735,0.8648832014220684,0.0152156621878154,0.0213292815295739,0.017441235934493204,0.7812885331261786,0.0962748346624436,0.03896863512884391,0.029481817430651203,Sad,0.4063826657884448,0.1746135613182982,1.610782606755342,0.07185928761022672,0.05256209204642632,0.028353949534364712,0.4063826657884448,0.2317691044701466,0.07062894443599532,0.13844395611439544,Sad,0.781288533126179,0.6850136984637354,0.8648832014220682,0.015215662187815403,0.021329281529573904,0.017441235934493204,0.781288533126179,0.09627483466244363,0.03896863512884391,0.029481817430651206,False,True,True,True,True,True,True,True,remained correct,False,False,False,False
8_1_7_26,Sad,Sad,0.7173004414489529,0.6179737889068695,1.0575750321408446,0.0134713461024948,0.0399248538112265,0.0993266525420834,0.7173004414489529,0.0543359265935952,0.0277386041013767,0.0479021754002704,Sad,0.7173004414489529,0.6179737889068695,1.0575750321408446,0.0134713461024948,0.0399248538112265,0.0993266525420834,0.7173004414489529,0.0543359265935952,0.0277386041013767,0.0479021754002704,Sad,0.717300441448953,0.6179737889068696,1.0575750321408446,0.0134713461024948,0.0399248538112265,0.0993266525420834,0.717300441448953,0.05433592659359521,0.0277386041013767,0.047902175400270405,Sad,0.4905702828101943,0.3111366740840832,1.5327328494665398,0.049408716140360416,0.055374942052568814,0.054098965155068415,0.4905702828101943,0.11752436279912253,0.05358912231657431,0.17943360872611114,Sad,0.7173004414489529,0.6179737889068695,1.0575750321408446,0.0134713461024948,0.0399248538112265,0.0993266525420834,0.7173004414489529,0.0543359265935952,0.0277386041013767,0.0479021754002704,False,True,True,True,True,True,True,True,remained correct,False,False,False,False
2_0_2_45,Fear,Fear,0.47746445886364014,0.18205528636855128,1.4001862824438123,0.042684329004245104,0.07579200484982891,0.025211955218374604,0.03523371590760831,0.47746445886364014,0.04820436366121421,0.29540917249508886,Fear,0.47746445886364014,0.18205528636855128,1.4001862824438123,0.042684329004245104,0.07579200484982891,0.025211955218374604,0.03523371590760831,0.47746445886364014,0.04820436366121421,0.29540917249508886,Fear,0.4774644588636401,0.18205528636855123,1.4001862824438123,0.042684329004245104,0.0757920048498289,0.025211955218374597,0.0352337159076083,0.4774644588636401,0.048204363661214195,0.29540917249508886,Boredom,0.18859326011631525,0.012555068724506901,1.9238638409904887,0.14337938307795636,0.09705030516718083,0.11802219115857915,0.17603819139180835,0.15076956821936566,0.12614710086879447,0.18859326011631525,Fear,0.47746445886364014,0.18205528636855128,1.4001862824438123,0.042684329004245104,0.07579200484982891,0.025211955218374604,0.03523371590760831,0.47746445886364014,0.04820436366121421,0.29540917249508886,False,False,False,True,True,True,False,True,remained correct,False,False,False,False
6_1_3_38,Boredom,Boredom,0.8442065985454358,0.7838715959949937,0.6758023641954245,0.0603350025504421,0.0113367300513649,0.0112760307482946,0.04029742289592,0.0210034095687959,0.0115448056397467,0.8442065985454358,Boredom,0.8442065985454358,0.7838715959949937,0.6758023641954246,0.060335002550442114,0.011336730051364902,0.011276030748294601,0.040297422895920004,0.021003409568795903,0.011544805639746702,0.8442065985454358,Boredom,0.8442065985454358,0.7838715959949937,0.6758023641954246,0.06033500255044211,0.011336730051364902,0.011276030748294601,0.040297422895920004,0.021003409568795903,0.011544805639746702,0.8442065985454358,Boredom,0.3483082460975222,0.033152310201341406,1.5312105249006847,0.3151559358961808,0.07608352227531773,0.007079145714151903,0.15803568822693376,0.07180005172792273,0.023537410061970906,0.3483082460975222,Boredom,0.8442065985454358,0.7838715959949937,0.6758023641954245,0.0603350025504421,0.0113367300513649,0.0112760307482946,0.04029742289592,0.0210034095687959,0.0115448056397467,0.8442065985454358,False,True,True,True,True,True,True,True,remained correct,False,False,False,False
9_1_4_27,Disgust,Disgust,0.8773008236688911,0.8372748488865368,0.5757361490295965,0.0202094743778905,0.0164107308056386,0.026121009789281,0.0064278368696594,0.0400259747823543,0.8773008236688911,0.0135041497062851,Disgust,0.8773008236688911,0.8372748488865368,0.5757361490295966,0.020209474377890505,0.016410730805638603,0.026121009789281002,0.006427836869659401,0.040025974782354305,0.8773008236688911,0.013504149706285102,Disgust,0.8773008236688911,0.8372748488865368,0.5757361490295966,0.020209474377890505,0.016410730805638603,0.026121009789281002,0.006427836869659401,0.040025974782354305,0.8773008236688911,0.013504149706285102,Neutral,0.3024430981268027,0.05223908568206531,1.753536737795077,0.3024430981268027,0.14436350639537335,0.06752616277466413,0.04541681789166832,0.11426125265747765,0.2502040124447374,0.07578514970927652,Disgust,0.8773008236688911,0.8372748488865368,0.5757361490295965,0.0202094743778905,0.0164107308056386,0.026121009789281,0.0064278368696594,0.0400259747823543,0.8773008236688911,0.0135041497062851,False,False,False,True,True,True,False,True,remained correct,False,False,False,False
7_1_6_23,Neutral,Neutral,0.7186417268775135,0.641580992166672,1.0746712795113653,0.7186417268775135,0.034646085356539805,0.05487336294580591,0.016611255678484805,0.050280343583097006,0.07706073471084152,0.04788649084771761,Neutral,0.7186417268775134,0.6415809921666719,1.0746712795113655,0.7186417268775134,0.03464608535653981,0.05487336294580593,0.01661125567848481,0.05028034358309702,0.07706073471084153,0.04788649084771762,Neutral,0.7186417268775134,0.6415809921666719,1.0746712795113653,0.7186417268775134,0.034646085356539805,0.05487336294580592,0.01661125567848481,0.05028034358309701,0.07706073471084152,0.04788649084771762,Fear,0.25635457502262005,0.05214929282547959,1.8250538858815182,0.04866526918492672,0.09765801011286662,0.18867351208443556,0.12108164432244943,0.25635457502262005,0.20420528219714046,0.08336170707556112,Neutral,0.7186417268775135,0.641580992166672,1.0746712795113653,0.7186417268775135,0.0346460853565398,0.0548733629458059,0.0166112556784848,0.050280343583097,0.0770607347108415,0.0478864908477176,False,False,False,True,True,True,False,True,remained correct,False,False,False,False
8_1_4_24,Disgust,Neutral,0.5946800773491497,0.4328369151824809,1.3141961191782126,0.5946800773491497,0.054080265061662004,0.020487235525556403,0.04473750291680801,0.16184316216666883,0.08797865040022951,0.03619310657992561,Neutral,0.5946800773491496,0.4328369151824808,1.3141961191782128,0.5946800773491496,0.05408026506166202,0.020487235525556407,0.04473750291680802,0.16184316216666886,0.08797865040022952,0.03619310657992562,Neutral,0.5946800773491496,0.4328369151824808,1.3141961191782126,0.5946800773491496,0.054080265061662,0.020487235525556403,0.04473750291680801,0.16184316216666883,0.08797865040022951,0.0361931065799256,Neutral,0.3941863861505382,0.21973115742759494,1.659885758309622,0.3941863861505382,0.08818339989141183,0.012093424648314404,0.17445522872294325,0.08313878195771603,0.10278358560441873,0.14515919302465755,Neutral,0.5946800773491497,0.4328369151824809,1.3141961191782126,0.5946800773491497,0.054080265061662,0.0204872355255564,0.044737502916808,0.1618431621666688,0.0879786504002295,0.0361931065799256,False,True,True,False,False,False,False,False,remained incorrect,False,False,False,False
7_1_3_39,Boredom,Boredom,0.8736592439549629,0.844527311409767,0.6031488599962243,0.0180853227358406,0.0221189641009013,0.0192989861292342,0.0223475304989336,0.0153580200349316,0.0291319325451959,0.8736592439549629,Boredom,0.8736592439549629,0.844527311409767,0.6031488599962244,0.018085322735840605,0.022118964100901303,0.019298986129234204,0.022347530498933604,0.015358020034931603,0.02913193254519591,0.8736592439549629,Boredom,0.8736592439549629,0.844527311409767,0.6031488599962244,0.018085322735840605,0.022118964100901303,0.019298986129234204,0.022347530498933604,0.015358020034931601,0.02913193254519591,0.8736592439549629,Boredom,0.30266846307140155,0.11322662827520433,1.828981108020941,0.13335161017505803,0.09485251443516281,0.07495237618015252,0.18944183479619722,0.09318532773446861,0.11154787360755931,0.30266846307140155,Boredom,0.8736592439549629,0.844527311409767,0.6031488599962243,0.0180853227358406,0.0221189641009013,0.0192989861292342,0.0223475304989336,0.0153580200349316,0.0291319325451959,0.8736592439549629,False,True,True,True,True,True,True,True,remained correct,False,False,False,False
4_0_3_38,Boredom,Boredom,0.7196468590245708,0.6238657105290895,1.048220982763653,0.0710485725364048,0.0186338048074994,0.0296317770182234,0.0229308854024459,0.0957811484954813,0.0423269527153743,0.7196468590245708,Boredom,0.7196468590245707,0.6238657105290893,1.0482209827636533,0.07104857253640481,0.018633804807499404,0.029631777018223407,0.022930885402445905,0.09578114849548133,0.04232695271537431,0.7196468590245707,Boredom,0.7196468590245708,0.6238657105290895,1.048220982763653,0.07104857253640481,0.018633804807499404,0.029631777018223403,0.0229308854024459,0.09578114849548133,0.0423269527153743,0.7196468590245708,Boredom,0.2636517944977328,0.024550428318850598,1.7729367125699602,0.14790861652223306,0.03990393908179851,0.05527029034845092,0.08214004751321723,0.17202394585768535,0.2391013661788822,0.2636517944977328,Boredom,0.7196468590245708,0.6238657105290895,1.048220982763653,0.0710485725364048,0.0186338048074994,0.0296317770182234,0.0229308854024459,0.0957811484954813,0.0423269527153743,0.7196468590245708,False,True,True,True,True,True,True,True,remained correct,False,False,False,False
5_0_6_31,Neutral,Neutral,0.7456667157884689,0.6628498277258271,0.9876386156542747,0.7456667157884689,0.0213190767716468,0.0196701224495952,0.0576509985076768,0.0462859240778464,0.0265902743421241,0.0828168880626418,Neutral,0.7456667157884689,0.662849827725827,0.9876386156542749,0.7456667157884689,0.021319076771646805,0.019670122449595203,0.05765099850767681,0.04628592407784641,0.026590274342124107,0.08281688806264181,Neutral,0.7456667157884689,0.662849827725827,0.9876386156542748,0.7456667157884689,0.0213190767716468,0.019670122449595203,0.05765099850767681,0.04628592407784641,0.026590274342124104,0.08281688806264181,Boredom,0.22117324791785087,0.013618838797713723,1.8720606638088126,0.12078322519257013,0.17142933592779472,0.09139444732248621,0.12163705576035493,0.20755440912013715,0.06602827875880592,0.22117324791785087,Neutral,0.7456667157884689,0.6628498277258271,0.9876386156542747,0.7456667157884689,0.0213190767716468,0.0196701224495952,0.0576509985076768,0.0462859240778464,0.0265902743421241,0.0828168880626418,False,False,False,True,True,True,False,True,remained correct,False,False,False,False
4_0_2_44,Fear,Fear,0.7400549989404248,0.6743406301915,1.0133572055587088,0.054121579631410906,0.022593705589249405,0.04737037058292111,0.015734357997805603,0.7400549989404248,0.05441061850926341,0.06571436874892482,Fear,0.7400549989404247,0.6743406301914998,1.013357205558709,0.05412157963141092,0.02259370558924941,0.047370370582921116,0.015734357997805606,0.7400549989404247,0.054410618509263424,0.06571436874892483,Fear,0.7400549989404248,0.6743406301915,1.0133572055587088,0.05412157963141091,0.022593705589249405,0.04737037058292111,0.015734357997805606,0.7400549989404248,0.05441061850926342,0.06571436874892483,Fear,0.3615453928394666,0.11852302331673217,1.6966446179198018,0.11162016894974255,0.07789865388297723,0.09032065954332384,0.04054309520162122,0.3615453928394666,0.2430223695227344,0.07504966006013422,Fear,0.7400549989404248,0.6743406301915,1.0133572055587088,0.0541215796314109,0.0225937055892494,0.0473703705829211,0.0157343579978056,0.7400549989404248,0.0544106185092634,0.0657143687489248,False,True,True,True,True,True,True,True,remained correct,False,False,False,False
9_1_7_46,Sad,Sad,0.8634475005613622,0.8105211966048129,0.6102282202845098,0.0087170374605844,0.0176332799806944,0.0093320893061097,0.8634475005613622,0.0529263039565493,0.0112388857623995,0.0367049029723004,Sad,0.8634475005613622,0.8105211966048129,0.61022822028451,0.008717037460584401,0.017633279980694402,0.009332089306109702,0.8634475005613622,0.052926303956549306,0.011238885762399502,0.036704902972300404,Sad,0.8634475005613622,0.8105211966048129,0.61022822028451,0.008717037460584401,0.017633279980694402,0.009332089306109702,0.8634475005613622,0.052926303956549306,0.011238885762399502,0.036704902972300404,Sad,0.33895477324541656,0.1794529799188458,1.7632584970291405,0.05180090623062252,0.08937938871766964,0.05613599619361643,0.33895477324541656,0.15950179332657077,0.15106910491710665,0.15315803736899755,Sad,0.8634475005613622,0.8105211966048129,0.6102282202845098,0.0087170374605844,0.0176332799806944,0.0093320893061097,0.8634475005613622,0.0529263039565493,0.0112388857623995,0.0367049029723004,False,True,True,True,True,True,True,True,remained correct,False,False,False,False
3_0_6_14,Neutral,Neutral,0.5237615356354446,0.34438422021670306,1.4797322185995943,0.5237615356354446,0.06291806713740881,0.04787376232367731,0.05246490937567891,0.17937731541874152,0.05289208470591051,0.08071232540313841,Neutral,0.5237615356354445,0.34438422021670295,1.4797322185995943,0.5237615356354445,0.06291806713740881,0.04787376232367731,0.05246490937567891,0.17937731541874152,0.05289208470591051,0.08071232540313841,Neutral,0.5237615356354445,0.344384220216703,1.479732218599594,0.5237615356354445,0.0629180671374088,0.047873762323677294,0.052464909375678895,0.1793773154187415,0.0528920847059105,0.0807123254031384,Neutral,0.580032271264775,0.4385439238676838,1.340059763888024,0.580032271264775,0.05983873636819471,0.016948811028349203,0.14148834739709112,0.029098768206624204,0.04978410083788741,0.12280896489707842,Neutral,0.5237615356354447,0.3443842202167031,1.4797322185995943,0.5237615356354447,0.06291806713740883,0.04787376232367722,0.05246490937567882,0.17937731541874155,0.05289208470591042,0.08071232540313843,False,True,True,True,True,True,True,True,remained correct,False,False,False,False
9_1_7_49,Sad,Sad,0.9050590970161021,0.873221324434575,0.4752745822253326,0.011013702145734302,0.016250945630459705,0.011308688923633601,0.9050590970161021,0.031837772581527105,0.012010813181952702,0.012518980520590401,Sad,0.9050590970161021,0.873221324434575,0.4752745822253326,0.011013702145734302,0.016250945630459705,0.011308688923633601,0.9050590970161021,0.031837772581527105,0.012010813181952702,0.012518980520590401,Sad,0.9050590970161021,0.873221324434575,0.4752745822253326,0.011013702145734303,0.016250945630459705,0.011308688923633601,0.9050590970161021,0.031837772581527105,0.012010813181952702,0.012518980520590401,Sad,0.3476394057552322,0.06723099899622742,1.6718406548751739,0.0641236052130875,0.0497688768680376,0.0753828982425662,0.3476394057552322,0.2804084067590048,0.1205958317617257,0.062080975400346,Sad,0.9050590970161021,0.873221324434575,0.4752745822253326,0.011013702145734302,0.016250945630459705,0.011308688923633601,0.9050590970161021,0.031837772581527105,0.012010813181952702,0.012518980520590401,False,True,True,True,True,True,True,True,remained correct,False,False,False,False
8_1_2_31,Fear,Fear,0.6954618147582354,0.560469997908507,1.0756367279288102,0.0270761445832911,0.0487030662040933,0.0171699870700467,0.0590279067038883,0.6954618147582354,0.1349918168497284,0.0175692638307168,Fear,0.6954618147582354,0.560469997908507,1.0756367279288104,0.027076144583291103,0.04870306620409331,0.017169987070046702,0.05902790670388831,0.6954618147582354,0.13499181684972844,0.017569263830716803,Fear,0.6954618147582354,0.560469997908507,1.0756367279288104,0.0270761445832911,0.0487030662040933,0.017169987070046702,0.0590279067038883,0.6954618147582354,0.13499181684972844,0.017569263830716803,Neutral,0.30541316822157355,0.08734317562261742,1.7434401135337587,0.30541316822157355,0.21806999259895612,0.050181342017314806,0.04909786243855581,0.09022963882531401,0.20050068924441214,0.08650730665387352,Fear,0.6954618147582354,0.560469997908507,1.0756367279288102,0.0270761445832911,0.0487030662040933,0.0171699870700467,0.0590279067038883,0.6954618147582354,0.1349918168497284,0.0175692638307168,False,False,False,True,True,True,False,True,remained correct,False,False,False,False
8_1_3_30,Boredom,Boredom,0.7387966625019871,0.6655819394138112,1.0246282356218832,0.047226445508860515,0.07321472308817592,0.027484335448322007,0.052862620286290414,0.027480165579046107,0.03293504758731801,0.7387966625019871,Boredom,0.738796662501987,0.665581939413811,1.0246282356218832,0.047226445508860515,0.07321472308817592,0.027484335448322007,0.052862620286290414,0.027480165579046107,0.03293504758731801,0.738796662501987,Boredom,0.7387966625019871,0.6655819394138112,1.0246282356218832,0.047226445508860515,0.07321472308817592,0.027484335448322007,0.052862620286290414,0.02748016557904611,0.03293504758731801,0.7387966625019871,Happy,0.2721312542362721,0.001895803887927816,1.7484571162294855,0.14618967571137967,0.2721312542362721,0.021567663941971807,0.10416994381215564,0.08935359397240503,0.09635241797747163,0.2702354503483443,Boredom,0.7387966625019871,0.6655819394138112,1.0246282356218832,0.0472264455088605,0.0732147230881759,0.027484335448322,0.0528626202862904,0.0274801655790461,0.032935047587318,0.7387966625019871,False,False,False,True,True,True,False,True,remained correct,False,False,False,False
7_1_6_43,Neutral,Neutral,0.887765796245734,0.8510284854770825,0.5389135928007092,0.887765796245734,0.0236161021746833,0.0140898307088523,0.0073504308306426,0.0168660340006978,0.0367373107686515,0.0135744952707385,Neutral,0.887765796245734,0.8510284854770825,0.5389135928007093,0.887765796245734,0.023616102174683306,0.014089830708852304,0.007350430830642602,0.01686603400069781,0.03673731076865151,0.013574495270738505,Neutral,0.8877657962457342,0.8510284854770827,0.5389135928007092,0.8877657962457342,0.023616102174683302,0.014089830708852301,0.007350430830642601,0.016866034000697805,0.036737310768651506,0.013574495270738503,Neutral,0.3589295476063112,0.10701692769000498,1.6236440491521575,0.3589295476063112,0.09676437542708534,0.019383671603991508,0.02626640675981041,0.14996416254445777,0.2519126199163062,0.09677921614203765,Neutral,0.887765796245734,0.8510284854770825,0.5389135928007092,0.887765796245734,0.0236161021746833,0.0140898307088523,0.0073504308306426,0.0168660340006978,0.0367373107686515,0.0135744952707385,False,True,True,True,True,True,True,True,remained correct,False,False,False,False
10_1_6_20,Neutral,Neutral,0.7635802877146199,0.6704805100930582,0.9309890468195442,0.7635802877146199,0.0296003159198143,0.0184903859606777,0.0218354910682402,0.0381345908589506,0.0352591508561355,0.0930997776215618,Neutral,0.7635802877146199,0.6704805100930581,0.9309890468195443,0.7635802877146199,0.029600315919814307,0.018490385960677702,0.021835491068240204,0.03813459085895061,0.035259150856135506,0.09309977762156181,Neutral,0.7635802877146197,0.670480510093058,0.9309890468195443,0.7635802877146197,0.029600315919814296,0.0184903859606777,0.0218354910682402,0.038134590858950594,0.0352591508561355,0.09309977762156178,Boredom,0.3800148441037592,0.17912119090431983,1.660682235204627,0.09983048402783012,0.20089365319943936,0.012818501504528703,0.11510835475143204,0.13079408016989624,0.06054008224311442,0.3800148441037592,Neutral,0.7635802877146199,0.6704805100930581,0.9309890468195443,0.7635802877146199,0.029600315919814307,0.018490385960677702,0.021835491068240204,0.03813459085895061,0.035259150856135506,0.09309977762156181,False,False,False,True,True,True,False,True,remained correct,False,False,False,False
3_0_1_15,Angry,Angry,0.9108902830128454,0.888546779794661,0.4554684151602188,0.011142834988955698,0.008673705451119798,0.9108902830128454,0.022343503218184298,0.019894453999682798,0.014795926600001097,0.012259292729210796,Angry,0.9108902830128455,0.8885467797946611,0.4554684151602189,0.011142834988955705,0.008673705451119803,0.9108902830128455,0.02234350321818431,0.01989445399968281,0.014795926600001107,0.012259292729210804,Angry,0.9108902830128455,0.8885467797946611,0.4554684151602188,0.011142834988955703,0.008673705451119802,0.9108902830128455,0.022343503218184305,0.019894453999682805,0.014795926600001102,0.012259292729210801,Angry,0.6340331308533422,0.49329684707526655,1.239752848169024,0.03123658769568351,0.07393084597758443,0.6340331308533422,0.02728040075020331,0.14073628377807565,0.06659535261984252,0.02618739832526841,Angry,0.9108902830128454,0.888546779794661,0.4554684151602188,0.011142834988955698,0.008673705451119798,0.9108902830128454,0.022343503218184298,0.019894453999682798,0.014795926600001097,0.012259292729210796,False,True,True,True,True,True,True,True,remained correct,False,False,False,False
10_1_1_01,Angry,Angry,0.5605820731626276,0.36993962458892427,1.3601911436546923,0.0254166343663398,0.0412822696624941,0.5605820731626276,0.1906424485737034,0.0524857191297396,0.0948190666504576,0.0347717884546378,Angry,0.5605820731626276,0.36993962458892427,1.3601911436546923,0.0254166343663398,0.0412822696624941,0.5605820731626276,0.1906424485737034,0.0524857191297396,0.0948190666504576,0.0347717884546378,Angry,0.5605820731626276,0.36993962458892427,1.3601911436546923,0.0254166343663398,0.0412822696624941,0.5605820731626276,0.1906424485737034,0.05248571912973961,0.09481906665045761,0.0347717884546378,Disgust,0.3149223909525695,0.038882483186472805,1.688043159336678,0.08265994884322132,0.12770940063034086,0.10125861209390012,0.08277744622434033,0.2760399077660967,0.3149223909525695,0.014632293489531205,Angry,0.5605820731626276,0.36993962458892427,1.3601911436546923,0.0254166343663398,0.0412822696624941,0.5605820731626276,0.1906424485737034,0.0524857191297396,0.0948190666504576,0.0347717884546378,False,False,False,True,True,True,False,True,remained correct,False,False,False,False
6_1_2_18,Fear,Fear,0.6036053147144564,0.48418686109306724,1.3329082580020972,0.0436371527934258,0.0545027310585433,0.0592279716583349,0.0971438854739445,0.6036053147144564,0.0224644906799058,0.1194184536213892,Fear,0.6036053147144564,0.4841868610930672,1.3329082580020972,0.04363715279342581,0.054502731058543315,0.05922797165833491,0.09714388547394452,0.6036053147144564,0.022464490679905802,0.11941845362138923,Fear,0.6036053147144564,0.4841868610930672,1.3329082580020972,0.04363715279342581,0.05450273105854331,0.059227971658334905,0.09714388547394451,0.6036053147144564,0.022464490679905802,0.11941845362138923,Boredom,0.32009887265505366,0.1188087889248374,1.7439063040543865,0.11135029198411903,0.13826249415729744,0.020028380148295603,0.20129008373021626,0.13913375955472493,0.06983611777029301,0.32009887265505366,Fear,0.6036053147144564,0.48418686109306724,1.3329082580020972,0.0436371527934258,0.0545027310585433,0.0592279716583349,0.0971438854739445,0.6036053147144564,0.0224644906799058,0.1194184536213892,False,False,False,True,True,True,False,True,remained correct,False,False,False,False
10_1_1_10,Angry,Angry,0.9032332514350871,0.880862655103278,0.4895044889082133,0.01246010097241,0.0161769658406031,0.9032332514350871,0.0142761899984451,0.0142130868257298,0.0223705963318092,0.0172698085959157,Angry,0.9032332514350871,0.880862655103278,0.4895044889082134,0.012460100972410003,0.016176965840603106,0.9032332514350871,0.014276189998445106,0.014213086825729805,0.022370596331809208,0.017269808595915707,Angry,0.9032332514350871,0.880862655103278,0.4895044889082134,0.012460100972410001,0.016176965840603102,0.9032332514350871,0.014276189998445106,0.014213086825729804,0.022370596331809205,0.017269808595915703,Angry,0.2958574014883612,0.14699647919363124,1.8568565957689622,0.09043380213556462,0.12976417989674435,0.2958574014883612,0.11442760846357965,0.13063892136334096,0.09001716435767933,0.14886092229472997,Angry,0.9032332514350871,0.880862655103278,0.4895044889082133,0.01246010097241,0.0161769658406031,0.9032332514350871,0.0142761899984451,0.0142130868257298,0.0223705963318092,0.0172698085959157,False,True,True,True,True,True,True,True,remained correct,False,False,False,False
4_0_4_09,Disgust,Disgust,0.8976035949569526,0.8718137219416048,0.5063573239187691,0.0210960231581661,0.0213626761846731,0.0257898730153479,0.0081937087325665,0.015830335439329,0.8976035949569526,0.0101237885129648,Disgust,0.8976035949569526,0.8718137219416047,0.5063573239187691,0.021096023158166104,0.021362676184673104,0.02578987301534791,0.008193708732566501,0.015830335439329005,0.8976035949569526,0.010123788512964802,Disgust,0.8976035949569525,0.8718137219416047,0.5063573239187692,0.0210960231581661,0.0213626761846731,0.025789873015347898,0.0081937087325665,0.015830335439329,0.8976035949569525,0.010123788512964799,Happy,0.35517004716896483,0.08559223802427524,1.5966632662018059,0.18514729115622555,0.35517004716896483,0.2695778091446896,0.03305630559565041,0.053853474108232324,0.07655366403424733,0.02664140879198991,Disgust,0.8976035949569526,0.8718137219416048,0.5063573239187691,0.0210960231581661,0.0213626761846731,0.0257898730153479,0.0081937087325665,0.015830335439329,0.8976035949569526,0.0101237885129648,False,False,False,True,True,True,False,True,remained correct,False,False,False,False
9_1_3_39,Boredom,Boredom,0.37514338711384526,0.14892503539482332,1.65478496361865,0.048988440936020006,0.046608799225403404,0.22621835171902194,0.09173641939268191,0.16389542645980232,0.04740917515322521,0.37514338711384526,Boredom,0.37514338711384526,0.14892503539482332,1.65478496361865,0.048988440936020006,0.046608799225403404,0.22621835171902194,0.09173641939268191,0.16389542645980232,0.04740917515322521,0.37514338711384526,Boredom,0.37514338711384526,0.14892503539482332,1.65478496361865,0.048988440936020006,0.046608799225403404,0.22621835171902194,0.09173641939268193,0.16389542645980232,0.04740917515322521,0.37514338711384526,Boredom,0.3311216555213993,0.10437377898321903,1.743599982623168,0.0900968081222274,0.0513009751573555,0.0537564599090424,0.1383583753888952,0.2267478765381803,0.1086178493628997,0.3311216555213993,Boredom,0.37514338711384526,0.14892503539482332,1.65478496361865,0.048988440936020006,0.046608799225403404,0.22621835171902194,0.09173641939268191,0.16389542645980232,0.04740917515322521,0.37514338711384526,False,True,True,True,True,True,True,True,remained correct,False,False,False,False
9_1_7_03,Sad,Sad,0.660915621389367,0.4873317430608324,1.1354036932904412,0.021094761463721304,0.041549066398280904,0.17358387832853464,0.660915621389367,0.044649767141992903,0.03294254797534891,0.025264357302754503,Sad,0.6609156213893669,0.4873317430608322,1.1354036932904414,0.021094761463721308,0.04154906639828091,0.17358387832853467,0.6609156213893669,0.04464976714199291,0.032942547975348915,0.025264357302754507,Sad,0.6609156213893669,0.48733174306083227,1.1354036932904412,0.021094761463721304,0.0415490663982809,0.17358387832853464,0.6609156213893669,0.044649767141992903,0.03294254797534891,0.025264357302754496,Angry,0.4775236713810718,0.24437054790877757,1.4172410647220384,0.013155834992125803,0.050875074219611315,0.4775236713810718,0.23315312347229425,0.15823577328510044,0.043674655727135206,0.023381866922661105,Sad,0.660915621389367,0.4873317430608324,1.135403693290441,0.021094761463721304,0.041549066398280904,0.17358387832853464,0.660915621389367,0.044649767141992903,0.03294254797534891,0.025264357302754403,False,False,False,True,True,True,False,True,remained correct,False,False,False,False
8_1_4_25,Disgust,Fear,0.3112298740711348,0.012897483744369609,1.6271035072632933,0.15580056332029574,0.13083033749545353,0.03526011994088621,0.026139248553260504,0.3112298740711348,0.2983323903267652,0.04240746629220421,Fear,0.3112298740711347,0.012897483744369609,1.6271035072632933,0.15580056332029577,0.13083033749545356,0.035260119940886216,0.02613924855326051,0.3112298740711347,0.2983323903267651,0.04240746629220422,Fear,0.3112298740711347,0.012897483744369609,1.6271035072632933,0.1558005633202957,0.13083033749545353,0.03526011994088621,0.026139248553260504,0.3112298740711347,0.2983323903267651,0.0424074662922042,Disgust,0.3096219496777556,0.06448086383513363,1.6463521067611826,0.24514108584262195,0.23531285096273036,0.03965025937904091,0.02630511225091201,0.054560243294190215,0.3096219496777556,0.08940849859274902,Fear,0.3112298740711348,0.012897483744369609,1.6271035072632931,0.15580056332029574,0.13083033749545353,0.03526011994088621,0.026139248553260403,0.3112298740711348,0.2983323903267652,0.04240746629220421,False,False,False,False,False,False,True,False,remained incorrect,False,False,False,False
3_0_4_10,Disgust,Neutral,0.5127145335523077,0.2861443448984167,1.419924076469961,0.5127145335523077,0.08166781806371722,0.027960380475613805,0.02792465260314971,0.08185346728026971,0.041308959371051106,0.22657018865389095,Neutral,0.5127145335523076,0.2861443448984166,1.419924076469961,0.5127145335523076,0.08166781806371722,0.027960380475613805,0.02792465260314971,0.08185346728026971,0.041308959371051106,0.22657018865389095,Neutral,0.5127145335523076,0.28614434489841667,1.419924076469961,0.5127145335523076,0.08166781806371722,0.0279603804756138,0.0279246526031497,0.0818534672802697,0.0413089593710511,0.2265701886538909,Boredom,0.22085285120892895,0.056782334953524416,1.8744933814638314,0.14890474832991793,0.14362536513187513,0.04398774976007581,0.11452856538035493,0.16403020393344273,0.16407051625540453,0.22085285120892895,Neutral,0.5127145335523077,0.2861443448984167,1.419924076469961,0.5127145335523077,0.08166781806371722,0.027960380475613805,0.02792465260314971,0.08185346728026971,0.041308959371051106,0.22657018865389095,False,False,False,False,False,False,False,False,remained incorrect,False,False,False,False
3_0_7_24,Sad,Sad,0.773533357945333,0.6986053335854933,0.9041630823928182,0.0749280243598397,0.0236648397798112,0.0263758305718982,0.773533357945333,0.0179569830342645,0.0212069158775195,0.0623340484313339,Sad,0.773533357945333,0.6986053335854933,0.9041630823928182,0.07492802435983971,0.023664839779811202,0.026375830571898202,0.773533357945333,0.017956983034264504,0.021206915877519505,0.06233404843133391,Sad,0.773533357945333,0.6986053335854933,0.9041630823928182,0.07492802435983971,0.023664839779811202,0.0263758305718982,0.773533357945333,0.017956983034264504,0.021206915877519505,0.06233404843133391,Sad,0.5236437075274158,0.2625805027208757,1.3179721935877529,0.10134200427635143,0.04197328337384051,0.015038875160125803,0.5236437075274158,0.03641325214184741,0.020525672713878805,0.26106320480654016,Sad,0.773533357945333,0.6986053335854933,0.9041630823928182,0.0749280243598397,0.0236648397798112,0.0263758305718982,0.773533357945333,0.0179569830342645,0.0212069158775195,0.0623340484313339,False,True,True,True,True,True,True,True,remained correct,False,False,False,False
2_0_5_20,Happy,Happy,0.8089586295360985,0.7558112714833004,0.8024096035515765,0.0106486275934339,0.8089586295360985,0.0202501527082529,0.0178325123459693,0.0528576776928926,0.0531473580527981,0.0363050420705546,Happy,0.8089586295360985,0.7558112714833004,0.8024096035515765,0.010648627593433902,0.8089586295360985,0.020250152708252905,0.017832512345969304,0.05285767769289262,0.05314735805279811,0.036305042070554606,Happy,0.8089586295360987,0.7558112714833005,0.8024096035515765,0.010648627593433902,0.8089586295360987,0.0202501527082529,0.017832512345969304,0.05285767769289261,0.053147358052798105,0.0363050420705546,Happy,0.23302075243007142,0.04593524142621458,1.8914935635370196,0.08338163554358072,0.23302075243007142,0.13464812965768494,0.11877556736231912,0.14355366273656733,0.18708551100385684,0.09953474126591952,Happy,0.8089586295360985,0.7558112714833004,0.8024096035515765,0.0106486275934339,0.8089586295360985,0.0202501527082529,0.0178325123459693,0.0528576776928926,0.0531473580527981,0.0363050420705546,False,True,True,True,True,True,True,True,remained correct,False,False,False,False
10_1_1_44,Angry,Angry,0.938565802594552,0.924241387393473,0.3386363711696171,0.0143244152010791,0.0109707922294799,0.938565802594552,0.01020076716527,0.0059366628826239,0.007746124771767,0.0122554351552282,Angry,0.938565802594552,0.924241387393473,0.3386363711696172,0.014324415201079107,0.010970792229479906,0.938565802594552,0.010200767165270005,0.0059366628826239025,0.007746124771767004,0.012255435155228206,Angry,0.9385658025945518,0.9242413873934727,0.3386363711696173,0.014324415201079101,0.010970792229479902,0.9385658025945518,0.01020076716527,0.0059366628826239,0.007746124771767001,0.0122554351552282,Angry,0.6372071927527777,0.5347988510362389,1.262055010320579,0.024710850000467806,0.04438164254250421,0.6372071927527777,0.09631616248576623,0.10240834171653883,0.03566723934707561,0.05930857115486951,Angry,0.938565802594552,0.924241387393473,0.3386363711696167,0.014324415201079103,0.010970792229479902,0.938565802594552,0.010200767165270002,0.005936662882623802,0.007746124771767002,0.012255435155228204,False,True,True,True,True,True,True,True,remained correct,False,False,False,False
7_1_7_46,Sad,Sad,0.812034393414239,0.7420900630343551,0.7933215425770082,0.0295025190125976,0.0186605906311953,0.0153549345897283,0.812034393414239,0.0699443303798839,0.0234480593754468,0.0310551725969091,Sad,0.812034393414239,0.7420900630343551,0.7933215425770083,0.02950251901259761,0.018660590631195302,0.015354934589728303,0.812034393414239,0.06994433037988391,0.023448059375446806,0.031055172596909108,Sad,0.812034393414239,0.7420900630343551,0.7933215425770083,0.02950251901259761,0.018660590631195302,0.015354934589728302,0.812034393414239,0.06994433037988391,0.023448059375446806,0.031055172596909104,Angry,0.2489222245466189,0.04359826627910843,1.8212873368737807,0.043854611432188016,0.13669854598090936,0.2489222245466189,0.12175016430843234,0.17912147928086405,0.20532395826751046,0.06432901618347693,Sad,0.812034393414239,0.7420900630343551,0.7933215425770082,0.0295025190125976,0.0186605906311953,0.0153549345897283,0.812034393414239,0.0699443303798839,0.0234480593754468,0.0310551725969091,False,False,False,True,True,True,False,True,remained correct,False,False,False,False
5_0_1_29,Angry,Angry,0.8038200001924518,0.6927461479941336,0.7615150464918435,0.0166209461812647,0.0154044143660566,0.8038200001924518,0.0086193736258045,0.026173988023574,0.1110738521983182,0.0182874254125303,Angry,0.8038200001924518,0.6927461479941336,0.7615150464918437,0.016620946181264702,0.015404414366056603,0.8038200001924518,0.008619373625804502,0.026173988023574006,0.11107385219831822,0.018287425412530305,Angry,0.8038200001924518,0.6927461479941336,0.7615150464918437,0.016620946181264702,0.015404414366056603,0.8038200001924518,0.008619373625804502,0.026173988023574006,0.11107385219831822,0.018287425412530305,Angry,0.4175850226511592,0.25423954938521787,1.6463957216349054,0.08980330617136902,0.16334547326594132,0.4175850226511592,0.03131923453844631,0.10754067698265553,0.14443329547196582,0.045972990918462804,Angry,0.8038200001924518,0.6927461479941336,0.7615150464918435,0.0166209461812647,0.0154044143660566,0.8038200001924518,0.0086193736258045,0.026173988023574,0.1110738521983182,0.0182874254125303,False,True,True,True,True,True,True,True,remained correct,False,False,False,False
7_1_3_30,Boredom,Boredom,0.5740580011272994,0.4241952791576502,1.3864424645996827,0.034331930967898806,0.14986272196964923,0.05985045159923081,0.050082868373396906,0.04140698695988701,0.09040703900263791,0.5740580011272994,Boredom,0.5740580011272993,0.4241952791576501,1.386442464599683,0.03433193096789881,0.14986272196964925,0.059850451599230824,0.05008286837339691,0.04140698695988702,0.09040703900263793,0.5740580011272993,Boredom,0.5740580011272994,0.4241952791576502,1.386442464599683,0.03433193096789881,0.14986272196964925,0.05985045159923082,0.05008286837339691,0.04140698695988701,0.09040703900263793,0.5740580011272994,Angry,0.2970713375943325,0.08688185420018224,1.7315408291614893,0.06996256957101422,0.19288089744396317,0.2970713375943325,0.02863800561571351,0.21018948339415028,0.14904711104445287,0.05221059533637352,Boredom,0.5740580011272994,0.4241952791576502,1.3864424645996827,0.034331930967898806,0.14986272196964923,0.05985045159923081,0.050082868373396906,0.04140698695988701,0.09040703900263791,0.5740580011272994,False,False,False,True,True,True,False,True,remained correct,False,False,False,False
4_0_4_25,Disgust,Disgust,0.8125582348409356,0.7462317760060602,0.7809823893934729,0.0273851510830972,0.0206064351566179,0.0493360905396835,0.0112652077271811,0.0663264588348754,0.8125582348409356,0.0125224218176093,Disgust,0.8125582348409356,0.7462317760060602,0.780982389393473,0.027385151083097203,0.020606435156617902,0.049336090539683505,0.011265207727181101,0.06632645883487541,0.8125582348409356,0.012522421817609302,Disgust,0.8125582348409357,0.7462317760060603,0.7809823893934728,0.027385151083097203,0.020606435156617902,0.049336090539683505,0.0112652077271811,0.0663264588348754,0.8125582348409357,0.012522421817609302,Happy,0.25734486103005605,0.07909463747411341,1.8555462709025095,0.17825022355594264,0.25734486103005605,0.08204436495757521,0.10662983182554403,0.14982562506496694,0.16203445967638302,0.06387063388953221,Disgust,0.8125582348409356,0.7462317760060602,0.7809823893934729,0.0273851510830972,0.0206064351566179,0.0493360905396835,0.0112652077271811,0.0663264588348754,0.8125582348409356,0.0125224218176093,False,False,False,True,True,True,False,True,remained correct,False,False,False,False
4_0_5_26,Happy,Happy,0.5252937615760276,0.36213067993232384,1.450272037046974,0.16316308164370372,0.5252937615760276,0.026945218734682603,0.07589063518875071,0.06211663251497591,0.026409780057940105,0.12018089028391941,Happy,0.5252937615760275,0.36213067993232373,1.450272037046974,0.16316308164370374,0.5252937615760275,0.02694521873468261,0.07589063518875072,0.06211663251497592,0.026409780057940112,0.12018089028391944,Happy,0.5252937615760276,0.36213067993232384,1.450272037046974,0.16316308164370374,0.5252937615760276,0.026945218734682606,0.07589063518875072,0.062116632514975914,0.026409780057940112,0.12018089028391943,Happy,0.29729442738645556,0.14948998375387423,1.8272086016219888,0.14686883295419453,0.29729442738645556,0.04377766015062551,0.12859643166198692,0.13466002517169082,0.14780444363258133,0.10099817904246533,Happy,0.5252937615760276,0.3621306799323239,1.450272037046974,0.1631630816437037,0.5252937615760276,0.0269452187346826,0.0758906351887507,0.0621166325149759,0.0264097800579401,0.1201808902839194,False,True,True,True,True,True,True,True,remained correct,False,False,False,False
1_0_1_41,Angry,Angry,0.6299168059854573,0.3495912352561267,1.0064573593676267,0.0238176706644879,0.012941062257635,0.6299168059854573,0.0147990898193572,0.0195685404998389,0.2803255707293306,0.018631260043893,Angry,0.6299168059854573,0.3495912352561267,1.0064573593676267,0.0238176706644879,0.012941062257635,0.6299168059854573,0.0147990898193572,0.0195685404998389,0.2803255707293306,0.018631260043893,Angry,0.6299168059854573,0.3495912352561267,1.0064573593676267,0.0238176706644879,0.012941062257635,0.6299168059854573,0.0147990898193572,0.019568540499838902,0.2803255707293306,0.018631260043893,Angry,0.6234274835111704,0.46783959172801803,1.2596639542771348,0.04641548929487941,0.15558789178315233,0.6234274835111704,0.022258455064381705,0.06603446633437102,0.05293268928074541,0.03334352473129971,Angry,0.6299168059854573,0.3495912352561267,1.0064573593676267,0.0238176706644879,0.012941062257635,0.6299168059854573,0.0147990898193572,0.0195685404998389,0.2803255707293306,0.018631260043893,False,True,True,True,True,True,True,True,remained correct,False,False,False,False
5_0_6_25,Neutral,Neutral,0.6810149024216939,0.5588926398480413,1.1435760163286388,0.6810149024216939,0.04118771272736851,0.019839038405402902,0.12212226257365262,0.05261710499233921,0.029600511551137503,0.05361846732840541,Neutral,0.6810149024216938,0.5588926398480412,1.1435760163286388,0.6810149024216938,0.041187712727368514,0.019839038405402906,0.12212226257365265,0.05261710499233922,0.02960051155113751,0.053618467328405424,Neutral,0.6810149024216938,0.5588926398480412,1.1435760163286388,0.6810149024216938,0.04118771272736851,0.019839038405402902,0.1221222625736526,0.05261710499233921,0.0296005115511375,0.0536184673284054,Sad,0.4652023471231068,0.3339247872158902,1.5857021684455668,0.13127755990721662,0.06785251094427111,0.021639682717942203,0.4652023471231068,0.11862984626285253,0.06714098249161961,0.12825707055299113,Neutral,0.6810149024216939,0.5588926398480413,1.1435760163286388,0.6810149024216939,0.04118771272736851,0.019839038405402902,0.12212226257365262,0.05261710499233921,0.029600511551137503,0.05361846732840541,False,False,False,True,True,True,False,True,remained correct,False,False,False,False
5_0_3_18,Boredom,Boredom,0.8197197424908191,0.7545244588589589,0.7640117202130928,0.04067361921877691,0.028736454751433604,0.013976854685984301,0.06519528363186021,0.013822798183524002,0.017875247037601905,0.8197197424908191,Boredom,0.819719742490819,0.7545244588589588,0.7640117202130929,0.040673619218776914,0.02873645475143361,0.013976854685984304,0.06519528363186022,0.013822798183524006,0.017875247037601908,0.819719742490819,Boredom,0.8197197424908191,0.7545244588589589,0.7640117202130929,0.040673619218776914,0.02873645475143361,0.013976854685984304,0.06519528363186022,0.013822798183524006,0.017875247037601905,0.8197197424908191,Boredom,0.5243278707659671,0.41802748418674707,1.52344757642977,0.09764589481555352,0.10630038657922003,0.036437621628213505,0.07636404827791361,0.07665847766609142,0.08226570026704082,0.5243278707659671,Boredom,0.8197197424908191,0.7545244588589589,0.7640117202130928,0.0406736192187769,0.0287364547514336,0.0139768546859843,0.0651952836318602,0.013822798183524,0.0178752470376019,0.8197197424908191,False,True,True,True,True,True,True,True,remained correct,False,False,False,False
9_1_4_44,Disgust,Disgust,0.6419408427834619,0.554636754179612,1.2713616273417478,0.0310092266253715,0.073285023760893,0.0366008375600468,0.0552289774642848,0.0873040886038499,0.6419408427834619,0.0746310032020921,Disgust,0.6419408427834619,0.554636754179612,1.2713616273417478,0.0310092266253715,0.073285023760893,0.0366008375600468,0.0552289774642848,0.0873040886038499,0.6419408427834619,0.0746310032020921,Disgust,0.6419408427834619,0.554636754179612,1.2713616273417478,0.0310092266253715,0.07328502376089302,0.0366008375600468,0.055228977464284804,0.0873040886038499,0.6419408427834619,0.0746310032020921,Fear,0.31493886913365227,0.11456419251246783,1.7768457229429757,0.07927666512134951,0.05960237090720621,0.17901280101736522,0.07711988399193842,0.31493886913365227,0.20037467662118444,0.08967473320730392,Disgust,0.6419408427834619,0.554636754179612,1.2713616273417478,0.0310092266253715,0.073285023760893,0.0366008375600468,0.0552289774642848,0.0873040886038499,0.6419408427834619,0.0746310032020921,False,False,False,True,True,True,False,True,remained correct,False,False,False,False
4_0_2_11,Fear,Fear,0.6702180617354239,0.5517365914437442,1.1821530083582303,0.028883098747887,0.0410777837007167,0.0318499885899776,0.057290596093276,0.6702180617354239,0.0521990008410391,0.1184814702916796,Fear,0.6702180617354239,0.5517365914437442,1.1821530083582303,0.028883098747887,0.0410777837007167,0.0318499885899776,0.057290596093276,0.6702180617354239,0.0521990008410391,0.1184814702916796,Fear,0.6702180617354239,0.5517365914437442,1.1821530083582303,0.028883098747887002,0.0410777837007167,0.0318499885899776,0.057290596093276004,0.6702180617354239,0.05219900084103911,0.1184814702916796,Sad,0.3371858877876246,0.17474077758091064,1.7636310982749068,0.14712486862347596,0.06744495914508512,0.03520224584044462,0.3371858877876246,0.11920111943208794,0.13139580896456785,0.16244511020671396,Fear,0.6702180617354239,0.5517365914437442,1.1821530083582303,0.028883098747887,0.0410777837007167,0.0318499885899776,0.057290596093276,0.6702180617354239,0.0521990008410391,0.1184814702916796,False,False,False,True,True,True,False,True,remained correct,False,False,False,False
7_1_1_18,Angry,Angry,0.7805288723159907,0.7168147755119316,0.8924485631688489,0.0229608612885378,0.0183084562092313,0.7805288723159907,0.0257842953489489,0.063714096804059,0.0616858225055907,0.0270175955276416,Angry,0.7805288723159906,0.7168147755119315,0.8924485631688492,0.022960861288537807,0.018308456209231307,0.7805288723159906,0.025784295348948907,0.06371409680405903,0.06168582250559072,0.02701759552764161,Angry,0.7805288723159907,0.7168147755119316,0.892448563168849,0.022960861288537804,0.018308456209231303,0.7805288723159907,0.025784295348948903,0.06371409680405901,0.06168582250559071,0.027017595527641606,Angry,0.2629836504702321,0.05189718866460702,1.7809222141598813,0.03931970705886322,0.08312007948013435,0.2629836504702321,0.13967997589775955,0.20429913650567838,0.21108646180562507,0.05951098878170743,Angry,0.7805288723159907,0.7168147755119316,0.8924485631688489,0.0229608612885378,0.0183084562092313,0.7805288723159907,0.0257842953489489,0.063714096804059,0.0616858225055907,0.0270175955276416,False,True,True,True,True,True,True,True,remained correct,False,False,False,False
9_1_1_22,Angry,Angry,0.45015395775581096,0.16509121086618073,1.4846669786318507,0.041873941266780505,0.038709173227124506,0.45015395775581096,0.07605579238224681,0.28506274688963024,0.042301782225291205,0.06584260625311582,Angry,0.4501539577558109,0.16509121086618067,1.4846669786318507,0.041873941266780505,0.038709173227124506,0.4501539577558109,0.07605579238224681,0.28506274688963024,0.042301782225291205,0.06584260625311582,Angry,0.45015395775581085,0.16509121086618062,1.4846669786318507,0.041873941266780505,0.038709173227124506,0.45015395775581085,0.07605579238224681,0.28506274688963024,0.0423017822252912,0.0658426062531158,Angry,0.7338768491786675,0.6194053029587309,0.9645933770052293,0.006519234070468902,0.020714525773006903,0.7338768491786675,0.020885168566208204,0.11447154621993663,0.028267096773885905,0.07526557941782601,Angry,0.45015395775581096,0.16509121086618073,1.4846669786318507,0.041873941266780505,0.038709173227124506,0.45015395775581096,0.07605579238224681,0.28506274688963024,0.042301782225291205,0.06584260625311582,False,True,True,True,True,True,True,True,remained correct,False,False,False,False
10_1_1_37,Angry,Angry,0.7220460156846745,0.6445912834099021,1.0610772530838555,0.0233850701196265,0.0668566834163335,0.7220460156846745,0.0234458707394306,0.0774547322747724,0.0361279958097238,0.0506836319554387,Angry,0.7220460156846745,0.6445912834099021,1.0610772530838555,0.023385070119626504,0.06685668341633351,0.7220460156846745,0.023445870739430604,0.07745473227477241,0.036127995809723805,0.05068363195543871,Angry,0.7220460156846745,0.6445912834099021,1.0610772530838553,0.0233850701196265,0.06685668341633348,0.7220460156846745,0.023445870739430597,0.0774547322747724,0.03612799580972379,0.05068363195543869,Happy,0.4719320058029879,0.24263794019690624,1.5192254355880535,0.04424713629389631,0.4719320058029879,0.22929406560608165,0.03227541398242341,0.07408873688513191,0.07215748965448061,0.07600515177499821,Angry,0.7220460156846745,0.6445912834099021,1.0610772530838555,0.0233850701196265,0.0668566834163335,0.7220460156846745,0.0234458707394306,0.0774547322747724,0.0361279958097238,0.0506836319554387,False,False,False,True,True,True,False,True,remained correct,False,False,False,False
4_0_2_50,Fear,Fear,0.7240837510427857,0.5963803661874423,1.0114525376232884,0.041287060602444706,0.023462769251981902,0.018622505151532204,0.03884963967325801,0.7240837510427857,0.12770338485534344,0.025990889422654102,Fear,0.7240837510427856,0.5963803661874421,1.0114525376232888,0.04128706060244471,0.023462769251981905,0.018622505151532208,0.03884963967325802,0.7240837510427856,0.12770338485534347,0.025990889422654106,Fear,0.7240837510427857,0.5963803661874422,1.0114525376232884,0.041287060602444706,0.023462769251981905,0.018622505151532208,0.03884963967325801,0.7240837510427857,0.12770338485534347,0.025990889422654102,Neutral,0.26202761062413843,0.06524685088307858,1.8368465999294383,0.26202761062413843,0.04982128284861531,0.10033397295415562,0.10670303376134763,0.17477296838220452,0.19678075974105985,0.10956037168847872,Fear,0.7240837510427857,0.5963803661874423,1.0114525376232884,0.041287060602444706,0.023462769251981902,0.018622505151532204,0.03884963967325801,0.7240837510427857,0.12770338485534344,0.025990889422654102,False,False,False,True,True,True,False,True,remained correct,False,False,False,False
1_0_7_31,Sad,Sad,0.7736014367324225,0.7005840994633237,0.8952374338077872,0.034721070345363106,0.016249006734129802,0.06749045525880151,0.7736014367324225,0.07301733726909891,0.012645014014747501,0.022275679645436804,Sad,0.7736014367324224,0.7005840994633235,0.8952374338077874,0.03472107034536311,0.016249006734129805,0.06749045525880153,0.7736014367324224,0.07301733726909893,0.012645014014747503,0.022275679645436808,Sad,0.7736014367324223,0.7005840994633235,0.8952374338077873,0.034721070345363106,0.0162490067341298,0.0674904552588015,0.7736014367324223,0.07301733726909891,0.012645014014747498,0.022275679645436804,Sad,0.3747149961585148,0.18733164011616976,1.7218854392470062,0.05238068798816361,0.058103825984041804,0.12107840570878571,0.3747149961585148,0.18738335604234502,0.08330191219088111,0.12303681592726791,Sad,0.7736014367324225,0.7005840994633237,0.8952374338077872,0.034721070345363106,0.016249006734129802,0.06749045525880151,0.7736014367324225,0.07301733726909891,0.012645014014747501,0.022275679645436804,False,True,True,True,True,True,True,True,remained correct,False,False,False,False
8_1_1_49,Angry,Fear,0.7785106531968855,0.7253657022315575,0.9075113505897345,0.0127215910583872,0.0405790846479515,0.0479745773899829,0.0423516344151823,0.7785106531968855,0.053144950965328,0.0247175083262826,Fear,0.7785106531968855,0.7253657022315575,0.9075113505897348,0.012721591058387204,0.040579084647951506,0.04797457738998291,0.042351634415182304,0.7785106531968855,0.053144950965328015,0.024717508326282608,Fear,0.7785106531968855,0.7253657022315575,0.9075113505897348,0.012721591058387202,0.0405790846479515,0.047974577389982904,0.042351634415182304,0.7785106531968855,0.05314495096532801,0.024717508326282604,Fear,0.28171731797019944,0.0728771417722871,1.7914090132678406,0.07301691314987441,0.17909043086632434,0.09747931321155733,0.12131476045602423,0.28171731797019944,0.20884017619791234,0.038541088148108006,Fear,0.7785106531968855,0.7253657022315575,0.9075113505897345,0.0127215910583872,0.0405790846479515,0.0479745773899829,0.0423516344151823,0.7785106531968855,0.053144950965328,0.0247175083262826,False,True,True,False,False,False,False,False,remained incorrect,False,False,False,False
2_0_2_41,Fear,Fear,0.49585034143848256,0.24681496021509164,1.3949110609928776,0.041928413216854206,0.05417555476851651,0.24903538122339092,0.014896525793107802,0.49585034143848256,0.11805758565493592,0.026056197904712104,Fear,0.49585034143848256,0.24681496021509164,1.3949110609928776,0.041928413216854206,0.05417555476851651,0.24903538122339092,0.014896525793107802,0.49585034143848256,0.11805758565493592,0.026056197904712104,Fear,0.4958503414384826,0.2468149602150917,1.3949110609928779,0.04192841321685421,0.05417555476851651,0.24903538122339092,0.014896525793107802,0.4958503414384826,0.11805758565493593,0.026056197904712107,Disgust,0.2583974351668407,0.08636251425799427,1.8728760769556168,0.10571305025234465,0.17203492090884645,0.14390042477543735,0.06867424919145253,0.13830133429907646,0.2583974351668407,0.11297858540600184,Fear,0.4958503414384826,0.24681496021509172,1.3949110609928776,0.0419284132168542,0.0541755547685165,0.2490353812233909,0.0148965257931078,0.4958503414384826,0.1180575856549359,0.0260561979047121,False,False,False,True,True,True,False,True,remained correct,False,False,False,False
8_1_7_22,Sad,Sad,0.8731063584492096,0.820477750096233,0.5842931055379119,0.010127767422191701,0.017645751288264105,0.017710898612093004,0.8731063584492096,0.05262860835297651,0.011982171841385801,0.016798444033879305,Sad,0.8731063584492095,0.8204777500962329,0.584293105537912,0.010127767422191701,0.017645751288264105,0.017710898612093004,0.8731063584492095,0.05262860835297651,0.011982171841385801,0.016798444033879305,Sad,0.8731063584492096,0.820477750096233,0.5842931055379119,0.010127767422191701,0.017645751288264108,0.017710898612093004,0.8731063584492096,0.052628608352976516,0.011982171841385801,0.016798444033879305,Fear,0.30595557650604044,0.14860723311628257,1.811275859515982,0.035278102219542515,0.15734834338975787,0.11251419667541875,0.13781903333543885,0.30595557650604044,0.12667842847909286,0.12440631939470874,Sad,0.8731063584492096,0.820477750096233,0.5842931055379118,0.0101277674221917,0.0176457512882641,0.017710898612093,0.8731063584492096,0.0526286083529765,0.0119821718413858,0.0167984440338793,False,False,False,True,True,True,False,True,remained correct,False,False,False,False
8_1_3_50,Boredom,Boredom,0.5862118060388362,0.36290425420934613,1.2364271789324952,0.22330755182949,0.0215935109628081,0.0174575553485002,0.0576033396286939,0.0200239635656886,0.073802272625983,0.5862118060388362,Boredom,0.5862118060388362,0.36290425420934613,1.2364271789324954,0.22330755182949005,0.021593510962808104,0.017457555348500204,0.05760333962869391,0.020023963565688602,0.07380227262598302,0.5862118060388362,Boredom,0.5862118060388362,0.36290425420934613,1.2364271789324954,0.22330755182949003,0.021593510962808104,0.0174575553485002,0.057603339628693906,0.0200239635656886,0.07380227262598302,0.5862118060388362,Boredom,0.520462920688436,0.3995235001893152,1.497865501003115,0.12011418398678293,0.09136881079353092,0.021554691725383903,0.12093942049912083,0.07053913092685062,0.055020841379894714,0.520462920688436,Boredom,0.5862118060388362,0.36290425420934613,1.2364271789324952,0.22330755182949,0.0215935109628081,0.0174575553485002,0.0576033396286939,0.0200239635656886,0.073802272625983,0.5862118060388362,False,True,True,True,True,True,True,True,remained correct,False,False,False,False
3_0_4_03,Disgust,Happy,0.44772214594653686,0.21867120878283502,1.535919318669109,0.10857892718826412,0.44772214594653686,0.04576907872448821,0.042569611215922606,0.10285763912261761,0.22905093716370184,0.023451660638468704,Happy,0.44772214594653686,0.21867120878283502,1.535919318669109,0.10857892718826412,0.44772214594653686,0.04576907872448821,0.042569611215922606,0.10285763912261761,0.22905093716370184,0.023451660638468704,Happy,0.4477221459465369,0.21867120878283505,1.5359193186691087,0.10857892718826412,0.4477221459465369,0.04576907872448821,0.042569611215922606,0.10285763912261761,0.22905093716370187,0.023451660638468704,Disgust,0.27071884728427237,0.06646708402200482,1.845702041783443,0.10474132368412703,0.20425176326226754,0.10672513822428363,0.13715740843929602,0.11521685648802743,0.27071884728427237,0.061188662617726014,Happy,0.44772214594653686,0.21867120878283502,1.535919318669109,0.10857892718826412,0.44772214594653686,0.04576907872448821,0.042569611215922606,0.10285763912261761,0.22905093716370184,0.023451660638468704,False,False,False,False,False,False,True,False,remained incorrect,False,False,False,False
4_0_4_02,Disgust,Disgust,0.29853464550671727,0.05784699410078245,1.6790719027173102,0.032623331466453305,0.04388915417291621,0.16711927017501832,0.24068765140593482,0.18213607094358553,0.29853464550671727,0.035009876329374606,Disgust,0.2985346455067172,0.05784699410078234,1.6790719027173104,0.03262333146645331,0.043889154172916216,0.16711927017501835,0.24068765140593487,0.18213607094358555,0.2985346455067172,0.03500987632937461,Disgust,0.2985346455067172,0.05784699410078242,1.67907190271731,0.032623331466453305,0.04388915417291621,0.16711927017501832,0.2406876514059348,0.18213607094358553,0.2985346455067172,0.0350098763293746,Angry,0.33852209419134516,0.15168337539569532,1.732407582295601,0.05135359880701461,0.10444652110184151,0.33852209419134516,0.09478545292379681,0.18683871879564984,0.18386547142452322,0.04018814275582891,Disgust,0.29853464550671727,0.05784699410078245,1.6790719027173102,0.032623331466453305,0.04388915417291621,0.16711927017501832,0.24068765140593482,0.18213607094358553,0.29853464550671727,0.035009876329374606,False,False,False,True,True,True,False,True,remained correct,False,False,False,False
4_0_4_14,Disgust,Happy,0.2826432527215043,0.0621492190397496,1.7516001795098246,0.1880158966104876,0.2826432527215043,0.03980691027783082,0.05110106420351952,0.06708744959506983,0.15085139290983327,0.22049403368175471,Happy,0.2826432527215043,0.0621492190397496,1.7516001795098246,0.1880158966104876,0.2826432527215043,0.03980691027783082,0.05110106420351952,0.06708744959506983,0.15085139290983327,0.22049403368175471,Happy,0.28264325272150426,0.06214921903974957,1.7516001795098246,0.18801589661048757,0.28264325272150426,0.039806910277830815,0.05110106420351951,0.06708744959506982,0.15085139290983327,0.2204940336817547,Happy,0.3097171321218231,0.09583842963461053,1.8011116824320255,0.09025044513635502,0.3097171321218231,0.06004862876072442,0.10326171267726453,0.09981551073152713,0.12302786808509314,0.21387870248721258,Happy,0.2826432527215043,0.0621492190397496,1.7516001795098246,0.1880158966104876,0.2826432527215043,0.03980691027783082,0.05110106420351952,0.06708744959506983,0.15085139290983327,0.22049403368175471,False,True,True,False,False,False,False,False,remained incorrect,False,False,False,False
1_0_7_12,Sad,Sad,0.8279018221195454,0.7474845387878435,0.7130427208419059,0.0074277238945823,0.0355268943620529,0.0184134984260457,0.8279018221195454,0.0804172833317019,0.019946136406488,0.0103666414595837,Sad,0.8279018221195454,0.7474845387878435,0.713042720841906,0.007427723894582302,0.035526894362052905,0.018413498426045703,0.8279018221195454,0.08041728333170191,0.019946136406488003,0.010366641459583702,Sad,0.8279018221195453,0.7474845387878435,0.713042720841906,0.0074277238945822995,0.0355268943620529,0.0184134984260457,0.8279018221195453,0.0804172833317019,0.019946136406487996,0.0103666414595837,Sad,0.2860541488903908,0.11962053804586317,1.82850621831792,0.06948363005801993,0.16643361084452765,0.07807386723558003,0.2860541488903908,0.15626758730769755,0.16465269923002515,0.07903445643375882,Sad,0.8279018221195454,0.7474845387878435,0.7130427208419059,0.0074277238945823,0.0355268943620529,0.0184134984260457,0.8279018221195454,0.0804172833317019,0.019946136406488,0.0103666414595837,False,True,True,True,True,True,True,True,remained correct,False,False,False,False
3_0_3_22,Boredom,Boredom,0.7505188064796843,0.701481259822339,1.0074157858524422,0.0431841121708992,0.0403322406342895,0.03465722844609,0.0395453251303738,0.0427247404813179,0.0490375466573453,0.7505188064796843,Boredom,0.7505188064796843,0.701481259822339,1.0074157858524422,0.04318411217089921,0.04033224063428951,0.034657228446090003,0.03954532513037381,0.042724740481317906,0.049037546657345304,0.7505188064796843,Boredom,0.7505188064796842,0.7014812598223389,1.0074157858524422,0.0431841121708992,0.040332240634289494,0.03465722844609,0.0395453251303738,0.0427247404813179,0.04903754665734529,0.7505188064796842,Neutral,0.37310047460366014,0.1950949129113259,1.6895947101479236,0.37310047460366014,0.11438761402497613,0.03288147746700021,0.05598724254419561,0.07132120125695382,0.17431642841087983,0.17800556169233422,Boredom,0.7505188064796843,0.701481259822339,1.0074157858524422,0.0431841121708992,0.0403322406342895,0.03465722844609,0.0395453251303738,0.0427247404813179,0.0490375466573453,0.7505188064796843,False,False,False,True,True,True,False,True,remained correct,False,False,False,False
10_1_4_38,Disgust,Angry,0.4372548098471984,0.14161424453997973,1.4598758096791,0.023139852178690804,0.08670647482484421,0.4372548098471984,0.016337734563059404,0.08319520073380811,0.29564056530721866,0.057725362545180514,Angry,0.4372548098471984,0.14161424453997978,1.4598758096791,0.023139852178690808,0.08670647482484423,0.4372548098471984,0.016337734563059408,0.08319520073380812,0.2956405653072186,0.05772536254518052,Angry,0.43725480984719833,0.14161424453997973,1.4598758096791,0.023139852178690804,0.08670647482484421,0.43725480984719833,0.016337734563059404,0.08319520073380811,0.2956405653072186,0.0577253625451805,Angry,0.2947658258821006,0.12346605395955354,1.797484798162456,0.03966376807886771,0.16611390887086194,0.2947658258821006,0.13586702637219747,0.17129977192254706,0.13049053421290385,0.06179916466052142,Angry,0.4372548098471984,0.14161424453997973,1.4598758096791,0.023139852178690804,0.08670647482484421,0.4372548098471984,0.016337734563059404,0.08319520073380811,0.29564056530721866,0.057725362545180514,False,True,True,False,False,False,False,False,remained incorrect,False,False,False,False
3_0_5_49,Happy,Happy,0.8706695841053417,0.8346631312910104,0.6060862771177281,0.0360064528143312,0.8706695841053417,0.0142495899679196,0.0115533853683798,0.0149632918812344,0.0296363895214433,0.02292130634135,Happy,0.8706695841053417,0.8346631312910104,0.6060862771177281,0.03600645281433121,0.8706695841053417,0.014249589967919602,0.011553385368379802,0.014963291881234402,0.029636389521443304,0.022921306341350003,Happy,0.8706695841053418,0.8346631312910106,0.606086277117728,0.03600645281433121,0.8706695841053418,0.014249589967919602,0.011553385368379802,0.014963291881234402,0.029636389521443304,0.02292130634135,Happy,0.32182380940876065,0.08818319091967944,1.6610089985737688,0.23364061848908121,0.32182380940876065,0.031215332832646304,0.028421774325051902,0.07072288661329941,0.21498511977307594,0.09919045855808462,Happy,0.8706695841053417,0.8346631312910104,0.6060862771177281,0.0360064528143312,0.8706695841053417,0.0142495899679196,0.0115533853683798,0.0149632918812344,0.0296363895214433,0.02292130634135,False,True,True,True,True,True,True,True,remained correct,False,False,False,False
6_1_7_43,Sad,Sad,0.7739399980202512,0.717937295745669,0.9248868819889657,0.041439904846671406,0.05600270227458211,0.018519012198605904,0.7739399980202512,0.022718802362797302,0.04660108641403541,0.04077849388305681,Sad,0.773939998020251,0.7179372957456689,0.924886881988966,0.04143990484667141,0.05600270227458212,0.018519012198605907,0.773939998020251,0.022718802362797306,0.04660108641403542,0.040778493883056814,Sad,0.7739399980202509,0.7179372957456688,0.924886881988966,0.041439904846671406,0.05600270227458211,0.0185190121986059,0.7739399980202509,0.022718802362797302,0.04660108641403541,0.04077849388305681,Sad,0.4448105405921866,0.23784847187967104,1.6018652542082246,0.06346000979538183,0.20696206871251557,0.038418617396282516,0.4448105405921866,0.07504895023889052,0.08575208873961083,0.08554772452513214,Sad,0.7739399980202512,0.717937295745669,0.9248868819889657,0.041439904846671406,0.05600270227458211,0.018519012198605904,0.7739399980202512,0.022718802362797302,0.04660108641403541,0.04077849388305681,False,True,True,True,True,True,True,True,remained correct,False,False,False,False
6_1_6_29,Neutral,Neutral,0.7170957261116109,0.628042746298026,1.0539021115713059,0.7170957261116109,0.0576859315874231,0.0186625330024486,0.0662960715738451,0.0130937982573801,0.0381129596537074,0.0890529798135848,Neutral,0.7170957261116108,0.6280427462980259,1.0539021115713063,0.7170957261116108,0.05768593158742312,0.018662533002448606,0.06629607157384512,0.013093798257380105,0.038112959653707416,0.08905297981358483,Neutral,0.7170957261116109,0.628042746298026,1.053902111571306,0.7170957261116109,0.05768593158742311,0.018662533002448606,0.06629607157384511,0.013093798257380104,0.03811295965370741,0.08905297981358481,Neutral,0.37496439270044707,0.033013111957646835,1.5184047977801256,0.37496439270044707,0.05753982948668141,0.014242675282051904,0.08305667735872871,0.06108589602477541,0.06715924840451501,0.34195128074280023,Neutral,0.7170957261116109,0.628042746298026,1.0539021115713059,0.7170957261116109,0.0576859315874231,0.0186625330024486,0.0662960715738451,0.0130937982573801,0.0381129596537074,0.0890529798135848,False,True,True,True,True,True,True,True,remained correct,False,False,False,False
9_1_7_37,Sad,Sad,0.6921212346917521,0.5784883520863285,1.0680377978508897,0.014864689797816803,0.10424530838760851,0.011929538392597201,0.6921212346917521,0.11363288260542362,0.021592828814527704,0.04161351731027411,Sad,0.692121234691752,0.5784883520863284,1.0680377978508901,0.014864689797816804,0.10424530838760852,0.011929538392597203,0.692121234691752,0.11363288260542363,0.021592828814527704,0.04161351731027411,Sad,0.6921212346917521,0.5784883520863285,1.06803779785089,0.014864689797816803,0.10424530838760851,0.011929538392597201,0.6921212346917521,0.11363288260542363,0.021592828814527704,0.04161351731027411,Fear,0.29120782931294215,0.1187562543197069,1.8395448783248292,0.12412558877971881,0.11333799037396501,0.053613178499685804,0.17245157499323524,0.29120782931294215,0.12715887153213962,0.11810496650831341,Sad,0.6921212346917521,0.5784883520863285,1.0680377978508897,0.0148646897978168,0.1042453083876085,0.0119295383925972,0.6921212346917521,0.1136328826054236,0.0215928288145277,0.0416135173102741,False,False,False,True,True,True,False,True,remained correct,False,False,False,False
5_0_6_26,Neutral,Neutral,0.757638912602944,0.6706046510423505,0.9510781374098876,0.757638912602944,0.08703426156059352,0.017868101815274203,0.022341736530224303,0.025293945465141604,0.04840793598126461,0.04141510604455781,Neutral,0.7576389126029439,0.6706046510423503,0.9510781374098879,0.7576389126029439,0.08703426156059353,0.017868101815274207,0.022341736530224306,0.025293945465141607,0.04840793598126462,0.041415106044557816,Neutral,0.7576389126029438,0.6706046510423502,0.9510781374098878,0.7576389126029438,0.08703426156059352,0.017868101815274203,0.022341736530224303,0.025293945465141597,0.0484079359812646,0.04141510604455781,Disgust,0.33067419797425646,0.05347489664130811,1.668275136022219,0.27719930133294834,0.11208557199559503,0.020249505063274803,0.09127390682994742,0.11687413618870453,0.33067419797425646,0.05164338061527341,Neutral,0.757638912602944,0.6706046510423505,0.9510781374098876,0.757638912602944,0.08703426156059352,0.017868101815274203,0.022341736530224303,0.025293945465141604,0.04840793598126461,0.04141510604455781,False,False,False,True,True,True,False,True,remained correct,False,False,False,False
6_1_1_35,Angry,Angry,0.9016635308787032,0.8770449373313672,0.49324827217216205,0.013535321726626,0.024618593547336,0.9016635308787032,0.0102272052143486,0.0210892426373686,0.0131865978505063,0.0156795081451114,Angry,0.9016635308787031,0.8770449373313671,0.49324827217216227,0.013535321726626005,0.024618593547336007,0.9016635308787031,0.010227205214348603,0.021089242637368607,0.013186597850506306,0.015679508145111407,Angry,0.9016635308787032,0.8770449373313672,0.49324827217216205,0.013535321726626002,0.024618593547336004,0.9016635308787032,0.010227205214348601,0.021089242637368603,0.013186597850506304,0.015679508145111404,Angry,0.8072604890245512,0.727518500664237,0.7742779446112908,0.005611282429998301,0.025682825762458606,0.8072604890245512,0.019995966324021404,0.07974198836031421,0.05218925044248771,0.009518197656168601,Angry,0.9016635308787032,0.8770449373313672,0.49324827217216205,0.013535321726626,0.024618593547336,0.9016635308787032,0.0102272052143486,0.0210892426373686,0.0131865978505063,0.0156795081451114,False,True,True,True,True,True,True,True,remained correct,False,False,False,False
5_0_1_13,Angry,Angry,0.7514151397054077,0.6815542964399185,0.9878995735340326,0.0232630455426804,0.0526569852649927,0.7514151397054077,0.0442446597427213,0.0698608432654892,0.0292395608340015,0.0293197656447072,Angry,0.7514151397054076,0.6815542964399184,0.9878995735340327,0.023263045542680407,0.05265698526499272,0.7514151397054076,0.044244659742721314,0.06986084326548923,0.02923956083400151,0.02931976564470721,Angry,0.7514151397054075,0.6815542964399183,0.9878995735340326,0.0232630455426804,0.0526569852649927,0.7514151397054075,0.0442446597427213,0.0698608432654892,0.029239560834001498,0.029319765644707195,Happy,0.26140977451233577,0.07548157140637493,1.8441377137520982,0.08323596791806191,0.26140977451233577,0.18592820310596084,0.18159481832490093,0.13159554529211404,0.06795305727649412,0.08828263357013241,Angry,0.7514151397054077,0.6815542964399185,0.9878995735340326,0.0232630455426804,0.0526569852649927,0.7514151397054077,0.0442446597427213,0.0698608432654892,0.0292395608340015,0.0293197656447072,False,False,False,True,True,True,False,True,remained correct,False,False,False,False
9_1_4_38,Disgust,Angry,0.629008583862601,0.42306283919950527,1.17053214514356,0.0549812371582853,0.0260113913492367,0.629008583862601,0.0230578993233371,0.0351657008939455,0.2059457446630957,0.0258294427494987,Angry,0.629008583862601,0.4230628391995052,1.17053214514356,0.054981237158285304,0.026011391349236704,0.629008583862601,0.023057899323337103,0.03516570089394551,0.20594574466309573,0.025829442749498704,Angry,0.629008583862601,0.4230628391995052,1.17053214514356,0.054981237158285304,0.026011391349236704,0.629008583862601,0.023057899323337103,0.03516570089394551,0.20594574466309573,0.025829442749498704,Angry,0.37024064318618716,0.1405196723857812,1.6595162496530127,0.12086298446172032,0.05441833632797481,0.37024064318618716,0.04792113277399122,0.22972097080040596,0.14183994034542913,0.034995992104291405,Angry,0.629008583862601,0.42306283919950527,1.17053214514356,0.0549812371582853,0.0260113913492367,0.629008583862601,0.0230578993233371,0.0351657008939455,0.2059457446630957,0.0258294427494987,False,True,True,False,False,False,False,False,remained incorrect,False,False,False,False
2_0_4_07,Disgust,Disgust,0.789852120922385,0.7178911738287321,0.8636423517598895,0.07196094709365283,0.012995612131298804,0.02671562966393831,0.03272722172646492,0.04038886998984141,0.789852120922385,0.025359598472418806,Disgust,0.7898521209223849,0.717891173828732,0.8636423517598895,0.07196094709365283,0.012995612131298804,0.02671562966393831,0.03272722172646492,0.04038886998984141,0.7898521209223849,0.025359598472418806,Disgust,0.7898521209223848,0.7178911738287319,0.8636423517598896,0.07196094709365282,0.012995612131298802,0.026715629663938305,0.03272722172646491,0.040388869989841404,0.7898521209223848,0.0253595984724188,Fear,0.39933436267864086,0.15473475898651234,1.624283210353842,0.07980944272847251,0.029880393603220305,0.08091924432912562,0.055418318209362404,0.39933436267864086,0.24459960369212852,0.11003863475904971,Disgust,0.789852120922385,0.7178911738287321,0.8636423517598895,0.07196094709365283,0.012995612131298804,0.02671562966393831,0.03272722172646492,0.04038886998984141,0.789852120922385,0.025359598472418806,False,False,False,True,True,True,False,True,remained correct,False,False,False,False
8_1_5_10,Happy,Angry,0.44000192729464804,0.25334819976063805,1.593752234406572,0.029553267346691302,0.13805952378043382,0.44000192729464804,0.09697840222980192,0.06232040356815001,0.04643274824626491,0.18665372753401002,Angry,0.44000192729464793,0.25334819976063794,1.5937522344065722,0.029553267346691305,0.13805952378043382,0.44000192729464793,0.09697840222980193,0.062320403568150017,0.04643274824626491,0.18665372753401002,Angry,0.44000192729464804,0.253348199760638,1.5937522344065722,0.029553267346691305,0.13805952378043382,0.44000192729464804,0.09697840222980193,0.06232040356815001,0.04643274824626491,0.18665372753401005,Neutral,0.26895443112614353,0.004494971121167923,1.7318581683379923,0.26895443112614353,0.18647540658547157,0.01972084074952071,0.08777607149859944,0.08306957491302024,0.08954421512226904,0.2644594600049756,Angry,0.44000192729464804,0.25334819976063805,1.593752234406572,0.029553267346691302,0.13805952378043382,0.44000192729464804,0.09697840222980192,0.06232040356815001,0.04643274824626491,0.18665372753401002,False,False,False,False,False,False,False,False,remained incorrect,False,False,False,False
4_0_1_33,Angry,Angry,0.7719118363334952,0.6621849852193012,0.8767074358531743,0.0154386242766215,0.0167954294826063,0.7719118363334952,0.0398054777875302,0.109726851114194,0.0287591140839071,0.0175626669216456,Angry,0.7719118363334952,0.6621849852193012,0.8767074358531745,0.015438624276621503,0.016795429482606303,0.7719118363334952,0.03980547778753021,0.10972685111419403,0.028759114083907106,0.017562666921645605,Angry,0.7719118363334954,0.6621849852193014,0.8767074358531742,0.015438624276621501,0.016795429482606303,0.7719118363334954,0.0398054777875302,0.10972685111419403,0.028759114083907106,0.017562666921645605,Angry,0.28657126961417023,0.08877081961267139,1.754301576787388,0.09843609833056143,0.023463599218688107,0.28657126961417023,0.17451307161819546,0.19780045000149885,0.16554941584847466,0.05366609536841132,Angry,0.7719118363334952,0.6621849852193012,0.8767074358531743,0.0154386242766215,0.0167954294826063,0.7719118363334952,0.0398054777875302,0.109726851114194,0.0287591140839071,0.0175626669216456,False,True,True,True,True,True,True,True,remained correct,False,False,False,False
2_0_4_31,Disgust,Disgust,0.4684071906832264,0.16603864895593468,1.3852898127359208,0.0416143634110113,0.0941098428876855,0.0473734201522411,0.0128461313697625,0.3023685417272917,0.4684071906832264,0.0332805097687814,Disgust,0.4684071906832264,0.16603864895593473,1.3852898127359208,0.04161436341101131,0.09410984288768552,0.047373420152241115,0.012846131369762504,0.30236854172729166,0.4684071906832264,0.033280509768781406,Disgust,0.46840719068322645,0.16603864895593473,1.3852898127359208,0.04161436341101131,0.09410984288768551,0.04737342015224111,0.012846131369762502,0.3023685417272917,0.46840719068322645,0.0332805097687814,Neutral,0.24071005213652055,0.0036029009801946954,1.764894281281447,0.24071005213652055,0.21443609766591787,0.08375348172445231,0.020891010106483802,0.08598588055407412,0.23710715115632586,0.11711632665622562,Disgust,0.4684071906832265,0.1660386489559348,1.3852898127359208,0.0416143634110113,0.0941098428876855,0.0473734201522411,0.0128461313697625,0.3023685417272917,0.4684071906832265,0.0332805097687814,False,False,False,True,True,True,False,True,remained correct,False,False,False,False
7_1_3_07,Boredom,Boredom,0.5510948111415848,0.37615202489939575,1.4189622652179483,0.0619513472271651,0.0614979724123067,0.0283474188741453,0.0677234545410127,0.0544422095615964,0.174942786242189,0.5510948111415848,Boredom,0.5510948111415848,0.37615202489939575,1.4189622652179483,0.0619513472271651,0.0614979724123067,0.0283474188741453,0.0677234545410127,0.0544422095615964,0.174942786242189,0.5510948111415848,Boredom,0.5510948111415848,0.37615202489939575,1.4189622652179483,0.0619513472271651,0.0614979724123067,0.028347418874145304,0.0677234545410127,0.0544422095615964,0.174942786242189,0.5510948111415848,Disgust,0.32194978501161087,0.09571879776142461,1.7152162350053572,0.05594790526070261,0.14612521862729122,0.22623098725018626,0.04308447178249301,0.15996511006811312,0.32194978501161087,0.046696521999602905,Boredom,0.5510948111415849,0.3761520248993958,1.418962265217948,0.06195134722716501,0.061497972412306715,0.028347418874145307,0.06772345454101271,0.054442209561596414,0.17494278624218904,0.5510948111415849,False,False,False,True,True,True,False,True,remained correct,False,False,False,False
1_0_4_29,Disgust,Disgust,0.6643999035430038,0.48487937841161555,1.1138250619680006,0.0297399992889077,0.0216904603384637,0.0208702652886808,0.0457140762904241,0.1795205251313883,0.6643999035430038,0.0380647701191316,Disgust,0.6643999035430038,0.4848793784116155,1.1138250619680006,0.029739999288907703,0.021690460338463703,0.020870265288680804,0.04571407629042411,0.17952052513138833,0.6643999035430038,0.038064770119131605,Disgust,0.6643999035430038,0.48487937841161555,1.1138250619680006,0.029739999288907696,0.0216904603384637,0.0208702652886808,0.0457140762904241,0.1795205251313883,0.6643999035430038,0.0380647701191316,Fear,0.3139185121743168,0.09167195163175765,1.7508318371666702,0.22224656054255917,0.05271341176314912,0.041772768073418315,0.12336370238216184,0.3139185121743168,0.09073632519603472,0.15524871986836006,Disgust,0.6643999035430038,0.48487937841161555,1.1138250619680006,0.0297399992889077,0.0216904603384637,0.0208702652886808,0.0457140762904241,0.1795205251313883,0.6643999035430038,0.0380647701191316,False,False,False,True,True,True,False,True,remained correct,False,False,False,False
9_1_4_48,Disgust,Disgust,0.6923733117693367,0.5790166423552575,1.1210063133193686,0.039582358097891,0.1133566694140792,0.0346814779145901,0.0175123945240781,0.0534734798598256,0.6923733117693367,0.0490203084201993,Disgust,0.6923733117693367,0.5790166423552575,1.1210063133193688,0.039582358097891006,0.11335666941407921,0.03468147791459011,0.017512394524078104,0.053473479859825604,0.6923733117693367,0.049020308420199304,Disgust,0.6923733117693367,0.5790166423552575,1.1210063133193688,0.039582358097891,0.11335666941407921,0.03468147791459011,0.0175123945240781,0.053473479859825604,0.6923733117693367,0.049020308420199304,Angry,0.46457653570752633,0.257987007121004,1.5000670383957564,0.057975192709723025,0.07558670388481273,0.46457653570752633,0.019380233640928307,0.14871772133682515,0.20658952858652238,0.02717408413366211,Disgust,0.6923733117693367,0.5790166423552575,1.1210063133193686,0.039582358097891,0.1133566694140792,0.0346814779145901,0.0175123945240781,0.0534734798598256,0.6923733117693367,0.0490203084201993,False,False,False,True,True,True,False,True,remained correct,False,False,False,False
2_0_2_31,Fear,Fear,0.6812586305889671,0.5280891003900223,1.1097580227574295,0.0284557819047405,0.0342678337105481,0.0237645113977103,0.0431330921988441,0.6812586305889671,0.1531695301989448,0.0359506200002451,Fear,0.6812586305889671,0.5280891003900222,1.1097580227574297,0.028455781904740508,0.034267833710548104,0.023764511397710308,0.043133092198844106,0.6812586305889671,0.15316953019894483,0.035950620000245105,Fear,0.6812586305889671,0.5280891003900223,1.1097580227574295,0.028455781904740497,0.0342678337105481,0.023764511397710297,0.0431330921988441,0.6812586305889671,0.1531695301989448,0.03595062000024509,Disgust,0.28779310651689893,0.07198107411126797,1.754397554675112,0.10122799617466423,0.04438480928267011,0.09190480534232201,0.04907198722793081,0.20980526304988295,0.28779310651689893,0.21581203240563096,Fear,0.6812586305889671,0.5280891003900223,1.1097580227574295,0.0284557819047405,0.0342678337105481,0.0237645113977103,0.0431330921988441,0.6812586305889671,0.1531695301989448,0.0359506200002451,False,False,False,True,True,True,False,True,remained correct,False,False,False,False
3_0_6_07,Neutral,Neutral,0.8863400409108477,0.8570271227091972,0.5474483277150705,0.8863400409108477,0.0145811137150171,0.0085626046617159,0.0112632263988611,0.0228411368701538,0.0270989592417539,0.0293129182016505,Neutral,0.8863400409108477,0.8570271227091972,0.5474483277150706,0.8863400409108477,0.014581113715017108,0.008562604661715904,0.011263226398861105,0.02284113687015381,0.02709895924175391,0.029312918201650513,Neutral,0.8863400409108477,0.8570271227091972,0.5474483277150706,0.8863400409108477,0.014581113715017104,0.008562604661715902,0.011263226398861102,0.022841136870153808,0.027098959241753907,0.02931291820165051,Neutral,0.5108803432586135,0.33255949097292414,1.4858354241924903,0.5108803432586135,0.17832085228568942,0.020235091773349905,0.06033555087436462,0.05917828300354371,0.09469429362057533,0.07635558518386351,Neutral,0.8863400409108477,0.8570271227091972,0.5474483277150705,0.8863400409108477,0.0145811137150171,0.0085626046617159,0.0112632263988611,0.0228411368701538,0.0270989592417539,0.0293129182016505,False,True,True,True,True,True,True,True,remained correct,False,False,False,False
10_1_2_37,Fear,Fear,0.61592061339283,0.47442159470583045,1.2532845827402952,0.033288929727183704,0.05439524607005361,0.016113959599782304,0.14149901868699952,0.61592061339283,0.025271513199236702,0.11351071932391421,Fear,0.6159206133928299,0.47442159470583034,1.2532845827402954,0.03328892972718371,0.054395246070053624,0.016113959599782308,0.14149901868699954,0.6159206133928299,0.025271513199236706,0.11351071932391424,Fear,0.6159206133928299,0.47442159470583034,1.2532845827402952,0.033288929727183704,0.0543952460700536,0.0161139595997823,0.14149901868699952,0.6159206133928299,0.0252715131992367,0.11351071932391421,Happy,0.2281399064251951,0.036088439783773435,1.8023182182074593,0.19183319416004888,0.2281399064251951,0.019034799438090406,0.19205146664142167,0.14500219328506306,0.15138527579624037,0.07255316425394062,Fear,0.61592061339283,0.47442159470583045,1.2532845827402952,0.033288929727183704,0.05439524607005361,0.016113959599782304,0.14149901868699952,0.61592061339283,0.025271513199236702,0.11351071932391421,False,False,False,True,True,True,False,True,remained correct,False,False,False,False
6_1_4_31,Disgust,Disgust,0.8722442042173053,0.8406807870788133,0.6004716845200042,0.0208980822525428,0.0221660372304871,0.0309471994061888,0.008731537452047,0.031563417138492,0.8722442042173053,0.013449522302937,Disgust,0.8722442042173053,0.8406807870788133,0.6004716845200042,0.020898082252542804,0.022166037230487105,0.030947199406188806,0.008731537452047002,0.031563417138492006,0.8722442042173053,0.013449522302937004,Disgust,0.8722442042173053,0.8406807870788133,0.6004716845200042,0.020898082252542804,0.022166037230487105,0.030947199406188806,0.008731537452047002,0.031563417138492006,0.8722442042173053,0.013449522302937002,Disgust,0.49033008603118633,0.36545868619142347,1.5676662388450089,0.06863720821790782,0.06863170310615863,0.11012944660640356,0.03237123847794161,0.12487139983976285,0.49033008603118633,0.10502891772063924,Disgust,0.8722442042173053,0.8406807870788133,0.6004716845200042,0.0208980822525428,0.0221660372304871,0.0309471994061888,0.008731537452047,0.031563417138492,0.8722442042173053,0.013449522302937,False,True,True,True,True,True,True,True,remained correct,False,False,False,False
4_0_2_36,Fear,Fear,0.7199201779417886,0.5929875610556044,1.023742807747181,0.024104236447504503,0.029607676055913204,0.022991781196242903,0.12693261688618432,0.7199201779417886,0.05205333658625281,0.024390174886113704,Fear,0.7199201779417885,0.5929875610556041,1.023742807747181,0.024104236447504507,0.02960767605591321,0.022991781196242907,0.12693261688618435,0.7199201779417885,0.052053336586252816,0.024390174886113707,Fear,0.7199201779417886,0.5929875610556044,1.023742807747181,0.024104236447504507,0.02960767605591321,0.022991781196242907,0.12693261688618435,0.7199201779417886,0.052053336586252816,0.024390174886113704,Sad,0.48388817517532273,0.3509729397896641,1.58737357748789,0.04272556654193731,0.07190645611025762,0.07602158904712761,0.48388817517532273,0.11223270826824211,0.13291523538565864,0.08031026947145402,Fear,0.7199201779417886,0.5929875610556044,1.023742807747181,0.024104236447504503,0.029607676055913204,0.022991781196242903,0.12693261688618432,0.7199201779417886,0.05205333658625281,0.024390174886113704,False,False,False,True,True,True,False,True,remained correct,False,False,False,False
9_1_4_14,Disgust,Disgust,0.7477938915748137,0.6794137017431517,0.9930740758884772,0.0177890640218868,0.0594138344250166,0.045880271136169,0.0351408504243487,0.0256018985861033,0.7477938915748137,0.0683801898316619,Disgust,0.7477938915748137,0.6794137017431517,0.9930740758884772,0.0177890640218868,0.0594138344250166,0.045880271136169,0.0351408504243487,0.0256018985861033,0.7477938915748137,0.0683801898316619,Disgust,0.7477938915748137,0.6794137017431517,0.9930740758884772,0.017789064021886805,0.0594138344250166,0.045880271136169,0.03514085042434871,0.025601898586103303,0.7477938915748137,0.06838018983166191,Angry,0.287648312331616,0.13097209179850663,1.8502544838931492,0.07173087890502011,0.15667622053310934,0.287648312331616,0.14578785911552714,0.12540480681186292,0.13023109414301634,0.08252082815984821,Disgust,0.7477938915748137,0.6794137017431517,0.9930740758884772,0.0177890640218868,0.0594138344250166,0.045880271136169,0.0351408504243487,0.0256018985861033,0.7477938915748137,0.0683801898316619,False,False,False,True,True,True,False,True,remained correct,False,False,False,False
9_1_7_16,Sad,Sad,0.7479963896929034,0.6572228233543626,0.9610039736976043,0.016418608896374802,0.032484645603084505,0.09077356633854082,0.7479963896929034,0.06946810632827062,0.029017921228221805,0.013840761912604202,Sad,0.7479963896929032,0.6572228233543623,0.9610039736976045,0.016418608896374805,0.03248464560308451,0.09077356633854083,0.7479963896929032,0.06946810632827063,0.02901792122822181,0.013840761912604206,Sad,0.7479963896929033,0.6572228233543624,0.9610039736976044,0.0164186088963748,0.0324846456030845,0.09077356633854082,0.7479963896929033,0.06946810632827062,0.029017921228221805,0.0138407619126042,Angry,0.5221806021923753,0.36748092768393414,1.4481994613553792,0.020047843348118204,0.055480909723897215,0.5221806021923753,0.13569718958695443,0.15469967450844113,0.030236937185497307,0.08165684345471641,Sad,0.7479963896929034,0.6572228233543626,0.9610039736976043,0.016418608896374802,0.032484645603084505,0.09077356633854082,0.7479963896929034,0.06946810632827062,0.029017921228221805,0.013840761912604202,False,False,False,True,True,True,False,True,remained correct,False,False,False,False
7_1_6_12,Neutral,Neutral,0.7183892416604951,0.5919185198764552,1.0333859472673972,0.7183892416604951,0.12647072178403992,0.023283667860554705,0.025924109306397502,0.031367734276317706,0.04547985117812311,0.029084673934072002,Neutral,0.718389241660495,0.591918519876455,1.0333859472673972,0.718389241660495,0.12647072178403995,0.02328366786055471,0.025924109306397505,0.03136773427631771,0.045479851178123115,0.02908467393407201,Neutral,0.718389241660495,0.591918519876455,1.0333859472673972,0.718389241660495,0.12647072178403992,0.023283667860554705,0.0259241093063975,0.031367734276317706,0.04547985117812311,0.029084673934072,Happy,0.23521575765556288,0.005803603586997802,1.77590943690351,0.20809292360281825,0.23521575765556288,0.07886359906653413,0.09488614453804092,0.13341728412450016,0.22941215406856508,0.020112136943978606,Neutral,0.7183892416604952,0.5919185198764553,1.0333859472673967,0.7183892416604952,0.12647072178403995,0.02328366786055471,0.025924109306397408,0.03136773427631771,0.045479851178123115,0.029084673934071912,False,False,False,True,True,True,False,True,remained correct,False,False,False,False
10_1_6_34,Neutral,Neutral,0.83711854420944,0.7760267868576628,0.7123705708261602,0.83711854420944,0.0181787601275404,0.0113783852359128,0.0228290786921134,0.0228401957423051,0.0610917573517772,0.0265632786409111,Neutral,0.83711854420944,0.7760267868576628,0.7123705708261602,0.83711854420944,0.018178760127540404,0.011378385235912801,0.022829078692113404,0.022840195742305103,0.06109175735177721,0.026563278640911105,Neutral,0.83711854420944,0.7760267868576628,0.7123705708261602,0.83711854420944,0.018178760127540404,0.011378385235912801,0.022829078692113404,0.022840195742305103,0.0610917573517772,0.026563278640911105,Neutral,0.31385365736448445,0.06545441717902278,1.6588718631556718,0.31385365736448445,0.18319774066440322,0.007928363585522602,0.11102631983410982,0.043365990248961504,0.24839924018546167,0.09222868811705671,Neutral,0.83711854420944,0.7760267868576628,0.7123705708261602,0.83711854420944,0.0181787601275404,0.0113783852359128,0.0228290786921134,0.0228401957423051,0.0610917573517772,0.0265632786409111,False,True,True,True,True,True,True,True,remained correct,False,False,False,False
2_0_5_44,Happy,Happy,0.8183352210233749,0.75739907198417,0.7749423484207146,0.060936149039204905,0.8183352210233749,0.027235972211483103,0.011675379905928701,0.018195605979887505,0.03970013480588411,0.023921537034236905,Happy,0.8183352210233747,0.7573990719841698,0.7749423484207147,0.060936149039204926,0.8183352210233747,0.02723597221148311,0.011675379905928705,0.018195605979887508,0.03970013480588412,0.02392153703423691,Happy,0.8183352210233746,0.7573990719841698,0.7749423484207147,0.060936149039204905,0.8183352210233746,0.0272359722114831,0.011675379905928701,0.018195605979887505,0.039700134805884114,0.0239215370342369,Happy,0.5999695353160344,0.5072080327884958,1.3727581405906264,0.06378498488392122,0.5999695353160344,0.08465959050231832,0.033795922160200303,0.06201066392149781,0.09276150252753851,0.06301780068848951,Happy,0.8183352210233749,0.75739907198417,0.7749423484207146,0.060936149039204905,0.8183352210233749,0.027235972211483103,0.011675379905928701,0.018195605979887505,0.03970013480588411,0.023921537034236905,False,True,True,True,True,True,True,True,remained correct,False,False,False,False
6_1_6_22,Neutral,Neutral,0.5202865648063824,0.3006783951384956,1.4191912451358126,0.5202865648063824,0.0419248611124426,0.0211863725689233,0.0473985683977262,0.0821350382351815,0.2196081696678868,0.0674604252114572,Neutral,0.5202865648063824,0.30067839513849554,1.4191912451358126,0.5202865648063824,0.041924861112442605,0.021186372568923303,0.04739856839772621,0.08213503823518152,0.21960816966788682,0.06746042521145722,Neutral,0.5202865648063824,0.30067839513849554,1.4191912451358126,0.5202865648063824,0.041924861112442605,0.021186372568923303,0.04739856839772621,0.0821350382351815,0.21960816966788682,0.06746042521145722,Boredom,0.3868634814179263,0.222222033102985,1.6753902957904832,0.16464144831494132,0.10132738693166533,0.011921628448297503,0.14736689869611583,0.08829885426684411,0.09958030192420962,0.3868634814179263,Neutral,0.5202865648063824,0.3006783951384956,1.4191912451358126,0.5202865648063824,0.0419248611124426,0.0211863725689233,0.0473985683977262,0.0821350382351815,0.2196081696678868,0.0674604252114572,False,False,False,True,True,True,False,True,remained correct,False,False,False,False
9_1_1_48,Angry,Angry,0.42647007460336495,0.026917910781107612,1.2820338586310902,0.031321913283570105,0.07708753675327862,0.42647007460336495,0.012208209064032102,0.03222061134784661,0.39955216382225733,0.021139491125650302,Angry,0.42647007460336495,0.026917910781107612,1.2820338586310902,0.031321913283570105,0.07708753675327862,0.42647007460336495,0.012208209064032102,0.03222061134784661,0.39955216382225733,0.021139491125650302,Angry,0.42647007460336495,0.026917910781107612,1.2820338586310902,0.031321913283570105,0.07708753675327862,0.42647007460336495,0.012208209064032104,0.03222061134784661,0.39955216382225733,0.021139491125650302,Boredom,0.2068365329317425,0.003974258705319894,1.861760554206679,0.07576611077747344,0.1919616260789542,0.060260393293993735,0.14822834037798419,0.11408472231342937,0.2028622742264226,0.2068365329317425,Angry,0.42647007460336495,0.026917910781107612,1.2820338586310902,0.031321913283570105,0.07708753675327862,0.42647007460336495,0.012208209064032102,0.03222061134784661,0.39955216382225733,0.021139491125650302,False,False,False,True,True,True,False,True,remained correct,False,False,False,False
10_1_2_20,Fear,Fear,0.5993080301183389,0.49635177595173935,1.3528236501199808,0.07268962754571072,0.06053032094398551,0.037923369732583104,0.027199360785963408,0.5993080301183389,0.10295625416659952,0.09939303670681893,Fear,0.5993080301183388,0.49635177595173924,1.3528236501199808,0.07268962754571073,0.06053032094398553,0.03792336973258311,0.02719936078596341,0.5993080301183388,0.10295625416659954,0.09939303670681894,Fear,0.5993080301183388,0.4963517759517393,1.3528236501199808,0.07268962754571072,0.06053032094398551,0.037923369732583104,0.027199360785963404,0.5993080301183388,0.10295625416659951,0.0993930367068189,Disgust,0.19707635630671497,0.022786305428726145,1.875002569710684,0.15950928952000223,0.17429005087798882,0.047819865710805716,0.08982854964040371,0.16418862820794303,0.19707635630671497,0.16728725973614153,Fear,0.5993080301183389,0.4963517759517394,1.3528236501199804,0.0726896275457107,0.0605303209439855,0.0379233697325831,0.0271993607859634,0.5993080301183389,0.1029562541665995,0.0993930367068189,False,False,False,True,True,True,False,True,remained correct,False,False,False,False
10_1_6_42,Neutral,Neutral,0.8075902042267339,0.7492564415047331,0.8146530601164385,0.8075902042267339,0.0583337627220008,0.0206145377661007,0.0424327730890853,0.0289085897035547,0.0134266292956028,0.0286935031969219,Neutral,0.8075902042267339,0.749256441504733,0.8146530601164386,0.8075902042267339,0.05833376272200081,0.020614537766100702,0.04243277308908531,0.028908589703554706,0.013426629295602803,0.028693503196921908,Neutral,0.8075902042267338,0.749256441504733,0.8146530601164385,0.8075902042267338,0.05833376272200079,0.0206145377661007,0.0424327730890853,0.0289085897035547,0.013426629295602798,0.028693503196921898,Happy,0.3617349413699502,0.07904211937256678,1.604119131202836,0.28269282199738344,0.3617349413699502,0.008516006955763303,0.07323601062428142,0.060552408145416424,0.10923510514814494,0.10403270575906023,Neutral,0.8075902042267339,0.7492564415047331,0.8146530601164385,0.8075902042267339,0.0583337627220008,0.0206145377661007,0.0424327730890853,0.0289085897035547,0.0134266292956028,0.0286935031969219,False,False,False,True,True,True,False,True,remained correct,False,False,False,False
4_0_3_27,Boredom,Boredom,0.6697318228354738,0.5783527238050308,1.1919844150461214,0.08996011659000001,0.04725060479336471,0.034139822985897905,0.09137909903044311,0.03145664694508231,0.036081886819738104,0.6697318228354738,Boredom,0.6697318228354737,0.5783527238050306,1.1919844150461216,0.08996011659000003,0.047250604793364716,0.03413982298589791,0.09137909903044313,0.031456646945082316,0.03608188681973811,0.6697318228354737,Boredom,0.6697318228354738,0.5783527238050307,1.1919844150461216,0.08996011659000003,0.047250604793364716,0.03413982298589791,0.09137909903044313,0.031456646945082316,0.03608188681973811,0.6697318228354738,Boredom,0.392515110112693,0.20373398309285698,1.6233297033444072,0.18878112701983604,0.08471017713042392,0.010857084500492201,0.17510599536871724,0.051150251239895216,0.09688025462794232,0.392515110112693,Boredom,0.6697318228354738,0.5783527238050308,1.1919844150461212,0.08996011659,0.0472506047933647,0.0341398229858979,0.0913790990304431,0.0314566469450823,0.0360818868197381,0.6697318228354738,False,True,True,True,True,True,True,True,remained correct,False,False,False,False
10_1_4_03,Disgust,Disgust,0.7976946826923237,0.7285079688137658,0.8250917157092077,0.0564669610988164,0.0691867138785579,0.031893779396377,0.0151096608025368,0.012422124782971,0.7976946826923237,0.0172260773484172,Disgust,0.7976946826923237,0.7285079688137658,0.8250917157092077,0.056466961098816416,0.06918671387855792,0.031893779396377005,0.015109660802536803,0.012422124782971004,0.7976946826923237,0.017226077348417204,Disgust,0.7976946826923237,0.7285079688137658,0.8250917157092077,0.05646696109881641,0.0691867138785579,0.031893779396377,0.015109660802536803,0.012422124782971004,0.7976946826923237,0.017226077348417204,Happy,0.30699383253770873,0.04163994451719166,1.6777933290205296,0.26535388802051707,0.30699383253770873,0.020337271761819403,0.06924428436328671,0.13352163942217402,0.16119913269125302,0.043349951203241005,Disgust,0.7976946826923237,0.7285079688137658,0.8250917157092077,0.0564669610988164,0.0691867138785579,0.031893779396377,0.0151096608025368,0.012422124782971,0.7976946826923237,0.0172260773484172,False,False,False,True,True,True,False,True,remained correct,False,False,False,False
5_0_4_44,Disgust,Disgust,0.7185323964218183,0.6350177999377292,1.0544958457558145,0.044485129245407505,0.07807114653733721,0.038298190967653106,0.014763517060290401,0.08351459648408911,0.7185323964218183,0.022335023283404403,Disgust,0.7185323964218182,0.6350177999377291,1.0544958457558147,0.044485129245407505,0.07807114653733721,0.038298190967653106,0.014763517060290403,0.08351459648408911,0.7185323964218182,0.022335023283404403,Disgust,0.7185323964218183,0.6350177999377292,1.0544958457558145,0.044485129245407505,0.07807114653733721,0.038298190967653106,0.014763517060290403,0.08351459648408911,0.7185323964218183,0.022335023283404407,Neutral,0.2949740246173743,0.0069520174596937045,1.7298924218350864,0.2949740246173743,0.11590180261351996,0.04812936887967152,0.05446126812853582,0.08668947966800514,0.2880220071576806,0.11182204893521265,Disgust,0.7185323964218183,0.6350177999377292,1.0544958457558145,0.0444851292454075,0.0780711465373372,0.0382981909676531,0.0147635170602904,0.0835145964840891,0.7185323964218183,0.0223350232834044,False,False,False,True,True,True,False,True,remained correct,False,False,False,False
4_0_5_11,Happy,Happy,0.819941210305964,0.7418393846932723,0.754566249722336,0.0312205579678582,0.819941210305964,0.0170668065886821,0.0147009003416221,0.0162062927887274,0.0781018256126917,0.0227624063944545,Happy,0.8199412103059639,0.7418393846932722,0.7545662497223362,0.03122055796785821,0.8199412103059639,0.017066806588682107,0.014700900341622105,0.016206292788727407,0.07810182561269173,0.022762406394454506,Happy,0.819941210305964,0.7418393846932723,0.754566249722336,0.031220557967858206,0.819941210305964,0.017066806588682103,0.014700900341622102,0.016206292788727403,0.07810182561269172,0.022762406394454503,Disgust,0.36160633345061743,0.1489494478321984,1.691177406469958,0.14541355134988443,0.21265688561841903,0.11561875715603472,0.026476247273268003,0.07811739987851651,0.36160633345061743,0.06011082527325991,Happy,0.819941210305964,0.7418393846932723,0.754566249722336,0.0312205579678582,0.819941210305964,0.0170668065886821,0.0147009003416221,0.0162062927887274,0.0781018256126917,0.0227624063944545,False,False,False,True,True,True,False,True,remained correct,False,False,False,False
3_0_2_27,Fear,Fear,0.5297787990704766,0.23209323196684123,1.2728214918409553,0.0249570964183945,0.0457387685715015,0.025786804150759,0.0331159203594435,0.5297787990704766,0.2976855671036354,0.0429370443257895,Fear,0.5297787990704765,0.23209323196684117,1.2728214918409557,0.024957096418394508,0.045738768571501505,0.025786804150759006,0.03311592035944351,0.5297787990704765,0.29768556710363536,0.04293704432578951,Fear,0.5297787990704766,0.23209323196684128,1.2728214918409557,0.024957096418394505,0.045738768571501505,0.025786804150759002,0.03311592035944351,0.5297787990704766,0.29768556710363536,0.04293704432578951,Fear,0.37585685532066626,0.13340851794965436,1.6636947120767769,0.04404969364065662,0.13472587396948066,0.06713783886680233,0.07896483563234274,0.37585685532066626,0.2424483373710119,0.056816565199039624,Fear,0.5297787990704766,0.23209323196684123,1.2728214918409553,0.0249570964183945,0.0457387685715015,0.025786804150759,0.0331159203594435,0.5297787990704766,0.2976855671036354,0.0429370443257895,False,True,True,True,True,True,True,True,remained correct,False,False,False,False
1_0_1_08,Angry,Angry,0.8430742019071262,0.7680865368167339,0.669884088287653,0.011691732931034602,0.016211149312334902,0.8430742019071262,0.010761634421539901,0.07498766509039231,0.027783064647490308,0.015490551690081903,Angry,0.843074201907126,0.7680865368167337,0.6698840882876533,0.011691732931034605,0.016211149312334906,0.843074201907126,0.010761634421539905,0.07498766509039233,0.027783064647490315,0.015490551690081907,Angry,0.843074201907126,0.7680865368167337,0.6698840882876531,0.011691732931034602,0.016211149312334902,0.843074201907126,0.010761634421539901,0.0749876650903923,0.027783064647490304,0.015490551690081901,Angry,0.3285003479274076,0.16964747902192176,1.7869384582771728,0.05294916320922562,0.12507984900971886,0.3285003479274076,0.13121359291782467,0.14386579826326965,0.15885286890548586,0.05953837976706782,Angry,0.8430742019071261,0.7680865368167338,0.669884088287653,0.0116917329310346,0.0162111493123349,0.8430742019071261,0.0107616344215399,0.0749876650903923,0.0277830646474903,0.0154905516900819,False,True,True,True,True,True,True,True,remained correct,False,False,False,False
3_0_6_30,Neutral,Neutral,0.9033473518646364,0.8747539737918598,0.4840435972305657,0.9033473518646364,0.0146441124625031,0.0090006882686946,0.0110817943622677,0.0158633431555314,0.0285933780727766,0.0174693318135902,Neutral,0.9033473518646363,0.8747539737918597,0.4840435972305659,0.9033473518646363,0.014644112462503103,0.009000688268694601,0.011081794362267701,0.015863343155531402,0.028593378072776603,0.017469331813590203,Neutral,0.9033473518646364,0.8747539737918598,0.4840435972305658,0.9033473518646364,0.014644112462503103,0.009000688268694601,0.011081794362267701,0.015863343155531402,0.028593378072776603,0.0174693318135902,Neutral,0.5314729378184148,0.4267941511629798,1.4814861625511533,0.5314729378184148,0.09515871293231826,0.01717844539940971,0.10467878665543495,0.05534063287881363,0.09926470608806336,0.09690577822754545,Neutral,0.9033473518646364,0.8747539737918598,0.4840435972305657,0.9033473518646364,0.0146441124625031,0.0090006882686946,0.0110817943622677,0.0158633431555314,0.0285933780727766,0.0174693318135902,False,True,True,True,True,True,True,True,remained correct,False,False,False,False
4_0_2_38,Fear,Fear,0.30379343736385167,0.05113349067752543,1.7109495657187088,0.12119892417696711,0.032742057136453506,0.043414071158786205,0.25265994668632624,0.30379343736385167,0.16984149218739772,0.07635007129021751,Fear,0.30379343736385167,0.05113349067752543,1.7109495657187088,0.12119892417696711,0.032742057136453506,0.043414071158786205,0.25265994668632624,0.30379343736385167,0.16984149218739772,0.07635007129021751,Fear,0.30379343736385167,0.05113349067752537,1.7109495657187088,0.12119892417696712,0.032742057136453506,0.043414071158786205,0.2526599466863263,0.30379343736385167,0.16984149218739772,0.07635007129021751,Fear,0.29397763347752043,0.1114450189600672,1.827148711850721,0.09151850302833982,0.06679204432600902,0.08074617820663692,0.15256717172932144,0.29397763347752043,0.18253261451745323,0.13186585471471912,Fear,0.30379343736385167,0.05113349067752543,1.7109495657187088,0.12119892417696711,0.032742057136453506,0.043414071158786205,0.25265994668632624,0.30379343736385167,0.16984149218739772,0.07635007129021751,False,True,True,True,True,True,True,True,remained correct,False,False,False,False
6_1_7_50,Sad,Angry,0.43025893801863085,0.19733213694999263,1.5768886331575886,0.10725906567659002,0.06528503902514751,0.43025893801863085,0.23292680106863822,0.08756084544742701,0.05376034837724251,0.022948962386323803,Angry,0.43025893801863085,0.19733213694999263,1.5768886331575886,0.10725906567659002,0.06528503902514751,0.43025893801863085,0.23292680106863822,0.08756084544742701,0.05376034837724251,0.022948962386323803,Angry,0.4302589380186309,0.19733213694999266,1.5768886331575886,0.10725906567659002,0.06528503902514751,0.4302589380186309,0.23292680106863825,0.08756084544742701,0.05376034837724251,0.022948962386323803,Angry,0.5346155859294702,0.3953456735456673,1.4139896236924168,0.014380324869023301,0.06977369200274972,0.5346155859294702,0.13858875472646093,0.08431165134755621,0.13926991238380293,0.019060078740936702,Angry,0.43025893801863085,0.19733213694999263,1.5768886331575886,0.10725906567659002,0.06528503902514751,0.43025893801863085,0.23292680106863822,0.08756084544742701,0.05376034837724251,0.022948962386323803,False,True,True,False,False,False,False,False,remained incorrect,False,False,False,False
4_0_5_32,Happy,Happy,0.3873486015380563,0.20246929206511696,1.687351746362351,0.18487930947293932,0.3873486015380563,0.03931395470307561,0.11194173209552391,0.11238396042207661,0.04194429503063691,0.12218814673769131,Happy,0.3873486015380562,0.20246929206511688,1.6873517463623515,0.18487930947293935,0.3873486015380562,0.03931395470307562,0.11194173209552394,0.11238396042207664,0.041944295030636916,0.12218814673769134,Happy,0.3873486015380563,0.20246929206511693,1.6873517463623515,0.18487930947293935,0.3873486015380563,0.03931395470307562,0.11194173209552394,0.11238396042207663,0.041944295030636916,0.12218814673769132,Angry,0.34581481665298247,0.19461559184101815,1.7691935439175066,0.13447380171770532,0.15119922481196432,0.34581481665298247,0.043249702328130905,0.13443751063103182,0.12183711922967803,0.06898782462850701,Happy,0.38734860153805634,0.20246929206511702,1.687351746362351,0.18487930947293932,0.38734860153805634,0.03931395470307561,0.11194173209552391,0.11238396042207661,0.04194429503063691,0.12218814673769131,False,False,False,True,True,True,False,True,remained correct,False,False,False,False
7_1_2_13,Fear,Fear,0.8474336872813103,0.811856508935179,0.6902214393806204,0.0304472298182447,0.019186929097609,0.0093928561001743,0.0282756898977292,0.8474336872813103,0.0355771783461313,0.0296864294588012,Fear,0.8474336872813103,0.811856508935179,0.6902214393806205,0.030447229818244707,0.019186929097609003,0.009392856100174301,0.028275689897729207,0.8474336872813103,0.035577178346131305,0.029686429458801206,Fear,0.8474336872813102,0.8118565089351789,0.6902214393806205,0.0304472298182447,0.019186929097609,0.0093928561001743,0.028275689897729196,0.8474336872813102,0.0355771783461313,0.0296864294588012,Fear,0.25238087097211304,0.009480076646871421,1.7451643437311963,0.22465082088367544,0.10518130339558011,0.027375260846341405,0.06348959188968802,0.25238087097211304,0.24290079432524161,0.08402135768736041,Fear,0.8474336872813103,0.811856508935179,0.6902214393806204,0.0304472298182447,0.019186929097609,0.0093928561001743,0.0282756898977292,0.8474336872813103,0.0355771783461313,0.0296864294588012,False,True,True,True,True,True,True,True,remained correct,False,False,False,False
7_1_7_31,Sad,Sad,0.8908426528699204,0.8552708717802106,0.52991738733055,0.0135842912986618,0.0355717810897098,0.0131316667203713,0.8908426528699204,0.0138416612540264,0.0111189853364509,0.0219089614308594,Sad,0.8908426528699204,0.8552708717802106,0.5299173873305502,0.013584291298661804,0.035571781089709806,0.013131666720371303,0.8908426528699204,0.013841661254026404,0.011118985336450901,0.021908961430859405,Sad,0.8908426528699205,0.8552708717802107,0.52991738733055,0.013584291298661802,0.035571781089709806,0.013131666720371301,0.8908426528699205,0.013841661254026402,0.011118985336450901,0.021908961430859405,Sad,0.39223209360126987,0.24143509298800606,1.7407247238523753,0.07388686388484872,0.15079700061326382,0.09587983194738321,0.39223209360126987,0.10457776953427352,0.10536557799354042,0.07726086242542052,Sad,0.8908426528699204,0.8552708717802106,0.52991738733055,0.0135842912986618,0.0355717810897098,0.0131316667203713,0.8908426528699204,0.0138416612540264,0.0111189853364509,0.0219089614308594,False,True,True,True,True,True,True,True,remained correct,False,False,False,False
3_0_1_29,Angry,Angry,0.9317787588569462,0.9171902158042433,0.3686004881118816,0.0060901184409086,0.0112414580118006,0.9317787588569462,0.0089449460384275,0.014356966363443,0.0145885430527028,0.0129992092357712,Angry,0.9317787588569462,0.9171902158042433,0.3686004881118817,0.006090118440908601,0.011241458011800601,0.9317787588569462,0.008944946038427501,0.014356966363443002,0.014588543052702801,0.012999209235771202,Angry,0.9317787588569462,0.9171902158042433,0.3686004881118817,0.0060901184409086,0.011241458011800601,0.9317787588569462,0.008944946038427501,0.014356966363443,0.0145885430527028,0.012999209235771202,Angry,0.6897436499628157,0.5692047345562298,1.1108302650673834,0.017312288167781305,0.06848166693423921,0.6897436499628157,0.023440531018929005,0.12053891540658591,0.03459429686148661,0.04588865164816241,Angry,0.9317787588569462,0.9171902158042433,0.3686004881118816,0.0060901184409086,0.0112414580118006,0.9317787588569462,0.0089449460384275,0.014356966363443,0.0145885430527028,0.0129992092357712,False,True,True,True,True,True,True,True,remained correct,False,False,False,False
6_1_1_31,Angry,Angry,0.6889998163963468,0.5718407547839296,1.1018479945183506,0.021055796118522704,0.017768950795045504,0.6889998163963468,0.055183963938673905,0.07898303784694422,0.11715906161241721,0.020849373292049802,Angry,0.6889998163963467,0.5718407547839295,1.1018479945183506,0.021055796118522707,0.017768950795045507,0.6889998163963467,0.05518396393867392,0.07898303784694423,0.11715906161241724,0.020849373292049805,Angry,0.6889998163963467,0.5718407547839295,1.1018479945183506,0.021055796118522704,0.017768950795045504,0.6889998163963467,0.055183963938673905,0.07898303784694422,0.11715906161241721,0.020849373292049802,Angry,0.6793007043956097,0.5594949570226632,1.1230077891053858,0.017387810505160705,0.06414717707598282,0.6793007043956097,0.07690893655809632,0.11980574737294662,0.02654607014045641,0.015903553951747404,Angry,0.6889998163963468,0.5718407547839296,1.1018479945183506,0.021055796118522704,0.017768950795045504,0.6889998163963468,0.055183963938673905,0.07898303784694422,0.11715906161241721,0.020849373292049802,False,True,True,True,True,True,True,True,remained correct,False,False,False,False
2_0_4_19,Disgust,Disgust,0.7153199242408723,0.5537245675325866,0.970135557310651,0.019360256303249904,0.020496590406282204,0.054882456014007604,0.014979361979127102,0.16159535670828573,0.7153199242408723,0.013366054348175201,Disgust,0.7153199242408722,0.5537245675325865,0.9701355573106512,0.019360256303249907,0.020496590406282208,0.05488245601400762,0.014979361979127106,0.16159535670828576,0.7153199242408722,0.013366054348175204,Disgust,0.7153199242408722,0.5537245675325865,0.970135557310651,0.0193602563032499,0.0204965904062822,0.0548824560140076,0.014979361979127102,0.16159535670828573,0.7153199242408722,0.0133660543481752,Disgust,0.41647009155997283,0.19009213215089665,1.6159025915845584,0.09208177652064013,0.03284713324216381,0.09326469896070942,0.04496568263505881,0.22637795940907618,0.41647009155997283,0.09399265767237873,Disgust,0.7153199242408723,0.5537245675325866,0.9701355573106509,0.0193602563032499,0.0204965904062822,0.0548824560140076,0.0149793619791271,0.1615953567082857,0.7153199242408723,0.0133660543481752,False,True,True,True,True,True,True,True,remained correct,False,False,False,False
1_0_7_40,Sad,Sad,0.5449078972331928,0.24052718039281995,1.2058856571082135,0.0221014857271708,0.0426787598746972,0.0171248853193226,0.5449078972331928,0.0500327881502947,0.0187734668549492,0.3043807168403728,Sad,0.5449078972331928,0.24052718039281995,1.2058856571082135,0.022101485727170807,0.042678759874697214,0.017124885319322606,0.5449078972331928,0.050032788150294716,0.018773466854949208,0.3043807168403728,Sad,0.5449078972331928,0.24052718039281995,1.2058856571082135,0.022101485727170803,0.04267875987469721,0.017124885319322602,0.5449078972331928,0.050032788150294716,0.018773466854949204,0.3043807168403728,Boredom,0.4101998682119567,0.2545281119428875,1.671915841285675,0.15567175626906923,0.058726459385054816,0.03157477550186881,0.12585586150265704,0.12624865690290232,0.09172262222649111,0.4101998682119567,Sad,0.5449078972331928,0.24052718039281995,1.2058856571082135,0.0221014857271708,0.0426787598746972,0.0171248853193226,0.5449078972331928,0.0500327881502947,0.0187734668549492,0.3043807168403728,False,False,False,True,True,True,False,True,remained correct,False,False,False,False
6_1_3_05,Boredom,Boredom,0.48861471673755436,0.21094238792257192,1.4011557730921333,0.025790560731884103,0.08105059179606071,0.029699707895674103,0.04202968393806461,0.27767232881498244,0.055142410085779706,0.48861471673755436,Boredom,0.4886147167375543,0.21094238792257186,1.4011557730921333,0.025790560731884106,0.08105059179606071,0.029699707895674107,0.04202968393806461,0.27767232881498244,0.05514241008577971,0.4886147167375543,Boredom,0.48861471673755436,0.21094238792257186,1.4011557730921333,0.025790560731884106,0.08105059179606072,0.029699707895674107,0.04202968393806461,0.2776723288149825,0.05514241008577971,0.48861471673755436,Fear,0.24573981042557763,0.0872571611148254,1.8946617800408299,0.09566452363924792,0.13726052601924732,0.10327821935392162,0.10775040374878692,0.24573981042557763,0.15182386750246632,0.15848264931075223,Boredom,0.48861471673755436,0.21094238792257192,1.4011557730921333,0.025790560731884103,0.08105059179606071,0.029699707895674103,0.04202968393806461,0.27767232881498244,0.055142410085779706,0.48861471673755436,False,False,False,True,True,True,False,True,remained correct,False,False,False,False
1_0_2_36,Fear,Fear,0.6167084937317394,0.3805605141532093,1.1552165894228088,0.029068749774507702,0.030070173518362702,0.034028422280931205,0.034186441723427906,0.6167084937317394,0.23614797957853012,0.019789739392501105,Fear,0.6167084937317393,0.3805605141532092,1.155216589422809,0.029068749774507702,0.030070173518362702,0.034028422280931205,0.034186441723427906,0.6167084937317393,0.23614797957853012,0.019789739392501105,Fear,0.6167084937317393,0.38056051415320924,1.1552165894228088,0.0290687497745077,0.0300701735183627,0.0340284222809312,0.0341864417234279,0.6167084937317393,0.23614797957853007,0.019789739392501105,Fear,0.22809008197231326,0.013143832297672714,1.839273511402894,0.19512590554202475,0.10077337103175303,0.05225529197604992,0.08291175340160961,0.22809008197231326,0.21494624967464054,0.12589734640160893,Fear,0.6167084937317394,0.3805605141532093,1.1552165894228088,0.029068749774507702,0.030070173518362702,0.034028422280931205,0.034186441723427906,0.6167084937317394,0.23614797957853012,0.019789739392501105,False,True,True,True,True,True,True,True,remained correct,False,False,False,False
7_1_3_08,Boredom,Boredom,0.8650011700402161,0.8296929387559139,0.6289958010717811,0.0129335665422702,0.0245125375410399,0.0141445331967799,0.0293576757031401,0.0353082312843023,0.0187422856922514,0.8650011700402161,Boredom,0.8650011700402161,0.8296929387559139,0.6289958010717811,0.012933566542270203,0.024512537541039908,0.014144533196779904,0.02935767570314011,0.035308231284302306,0.018742285692251403,0.8650011700402161,Boredom,0.8650011700402163,0.829692938755914,0.628995801071781,0.012933566542270201,0.024512537541039905,0.014144533196779902,0.029357675703140105,0.035308231284302306,0.0187422856922514,0.8650011700402163,Boredom,0.39976574233589346,0.22336111374727718,1.6866524270372414,0.08521217385160754,0.17640462858861627,0.03315455437002821,0.10981760480633816,0.12213388829972316,0.07351140774779323,0.39976574233589346,Boredom,0.8650011700402161,0.8296929387559139,0.6289958010717811,0.0129335665422702,0.0245125375410399,0.0141445331967799,0.0293576757031401,0.0353082312843023,0.0187422856922514,0.8650011700402161,False,True,True,True,True,True,True,True,remained correct,False,False,False,False
6_1_7_02,Sad,Sad,0.7947924916598803,0.6923029980155856,0.8079323449144168,0.0113096440948535,0.0289203471536383,0.0162737593513212,0.7947924916598803,0.0304578248064034,0.0157564392896086,0.1024894936442947,Sad,0.7947924916598803,0.6923029980155856,0.8079323449144169,0.011309644094853502,0.028920347153638306,0.016273759351321204,0.7947924916598803,0.030457824806403407,0.015756439289608605,0.10248949364429473,Sad,0.7947924916598803,0.6923029980155856,0.8079323449144169,0.011309644094853502,0.028920347153638306,0.016273759351321204,0.7947924916598803,0.030457824806403404,0.015756439289608605,0.10248949364429472,Happy,0.3273523208088089,0.12080285403293853,1.7731806340919862,0.08829331461710971,0.3273523208088089,0.06007283874517411,0.15033773246648852,0.09483251071013003,0.07256181587641841,0.20654946677587036,Sad,0.7947924916598803,0.6923029980155856,0.8079323449144168,0.0113096440948535,0.0289203471536383,0.0162737593513212,0.7947924916598803,0.0304578248064034,0.0157564392896086,0.1024894936442947,False,False,False,True,True,True,False,True,remained correct,False,False,False,False
8_1_5_28,Happy,Happy,0.6093070840029805,0.4689236385864072,1.3081873617808903,0.1403834454165733,0.6093070840029805,0.022996582286074,0.0443125649681177,0.0759007397991223,0.0402183047859769,0.0668812787411552,Happy,0.6093070840029805,0.4689236385864072,1.3081873617808903,0.14038344541657333,0.6093070840029805,0.022996582286074003,0.04431256496811771,0.07590073979912232,0.040218304785976905,0.06688127874115521,Happy,0.6093070840029806,0.4689236385864073,1.3081873617808903,0.14038344541657333,0.6093070840029806,0.022996582286074003,0.04431256496811771,0.07590073979912232,0.040218304785976905,0.06688127874115521,Happy,0.39696976083924174,0.193398151782649,1.6594659143276305,0.10994539107253644,0.39696976083924174,0.20357160905659274,0.03218758492260811,0.12170952708894994,0.08774473461508013,0.04787139240499081,Happy,0.6093070840029805,0.4689236385864072,1.3081873617808903,0.1403834454165733,0.6093070840029805,0.022996582286074,0.0443125649681177,0.0759007397991223,0.0402183047859769,0.0668812787411552,False,True,True,True,True,True,True,True,remained correct,False,False,False,False
3_0_5_14,Happy,Happy,0.6840869286746111,0.5684587028057387,1.1258070098524067,0.0749218155131788,0.6840869286746111,0.0230004444342635,0.0165323025024252,0.0529006498490371,0.032929633157612,0.1156282258688723,Happy,0.684086928674611,0.5684587028057386,1.125807009852407,0.07492181551317882,0.684086928674611,0.023000444434263505,0.016532302502425208,0.05290064984903712,0.032929633157612014,0.11562822586887234,Happy,0.6840869286746111,0.5684587028057387,1.1258070098524067,0.07492181551317881,0.6840869286746111,0.023000444434263502,0.016532302502425204,0.05290064984903711,0.03292963315761201,0.11562822586887232,Happy,0.3252075680154476,0.14865476591489193,1.739084275360561,0.13654910303078396,0.3252075680154476,0.024894075938617307,0.052024947617082214,0.17655280210055566,0.11559924438672114,0.16917225891079216,Happy,0.6840869286746111,0.5684587028057387,1.1258070098524067,0.0749218155131788,0.6840869286746111,0.0230004444342635,0.0165323025024252,0.0529006498490371,0.032929633157612,0.1156282258688723,False,True,True,True,True,True,True,True,remained correct,False,False,False,False
8_1_3_27,Boredom,Boredom,0.4733700120032845,0.19061383588975195,1.364397665611091,0.28275617611353254,0.029391642490432406,0.027182819410656207,0.13884993681125804,0.032450053523529004,0.015999359647307403,0.4733700120032845,Boredom,0.47337001200328443,0.1906138358897519,1.364397665611091,0.28275617611353254,0.029391642490432406,0.027182819410656207,0.13884993681125804,0.032450053523529004,0.015999359647307403,0.47337001200328443,Boredom,0.47337001200328455,0.190613835889752,1.364397665611091,0.28275617611353254,0.02939164249043241,0.027182819410656207,0.13884993681125804,0.032450053523529004,0.015999359647307407,0.47337001200328455,Sad,0.3889118004737938,0.16441919351445783,1.6633369713492097,0.10650923258122784,0.056278481797000623,0.03732430026929561,0.3889118004737938,0.11465664749454155,0.07182693042480463,0.22449260695933598,Boredom,0.4733700120032845,0.190613835889752,1.3643976656110905,0.2827561761135325,0.0293916424904324,0.0271828194106562,0.138849936811258,0.032450053523529,0.0159993596473074,0.4733700120032845,False,False,False,True,True,True,False,True,remained correct,False,False,False,False
8_1_2_47,Fear,Fear,0.6984087353241871,0.6035847846688257,1.1043871321303196,0.09482395065536141,0.06674834744112851,0.017606465156273503,0.05052561809074841,0.6984087353241871,0.05563012046173171,0.016256762870569402,Fear,0.698408735324187,0.6035847846688256,1.1043871321303198,0.09482395065536144,0.06674834744112852,0.017606465156273506,0.050525618090748424,0.698408735324187,0.05563012046173173,0.016256762870569406,Fear,0.698408735324187,0.6035847846688256,1.1043871321303196,0.0948239506553614,0.06674834744112851,0.0176064651562735,0.0505256180907484,0.698408735324187,0.05563012046173171,0.0162567628705694,Neutral,0.3415745128940032,0.16227874501369424,1.719303208565517,0.3415745128940032,0.17929576788030896,0.015280670516315506,0.14685258900402026,0.07450814531297383,0.14918630076401915,0.09330201362835913,Fear,0.6984087353241871,0.6035847846688257,1.1043871321303196,0.09482395065536141,0.06674834744112851,0.017606465156273503,0.05052561809074841,0.6984087353241871,0.05563012046173171,0.016256762870569402,False,False,False,True,True,True,False,True,remained correct,False,False,False,False
6_1_2_20,Fear,Fear,0.8050847146134171,0.7507290071697394,0.8277702563909695,0.021809659638023803,0.03935854797151061,0.05435570744367771,0.018242020617157503,0.8050847146134171,0.038607913015939604,0.022541436700273802,Fear,0.8050847146134169,0.7507290071697392,0.8277702563909699,0.021809659638023806,0.039358547971510616,0.05435570744367772,0.018242020617157507,0.8050847146134169,0.03860791301593961,0.022541436700273806,Fear,0.805084714613417,0.7507290071697393,0.8277702563909696,0.021809659638023803,0.039358547971510616,0.05435570744367772,0.018242020617157503,0.805084714613417,0.038607913015939604,0.022541436700273802,Happy,0.2546791255836566,0.08086411037231855,1.874118560799578,0.07408257052388452,0.2546791255836566,0.17381501521133802,0.13609731610871242,0.15489730071308214,0.10840540806243693,0.09802326379688933,Fear,0.8050847146134171,0.7507290071697394,0.8277702563909695,0.021809659638023803,0.03935854797151061,0.05435570744367771,0.018242020617157503,0.8050847146134171,0.038607913015939604,0.022541436700273802,False,False,False,True,True,True,False,True,remained correct,False,False,False,False
5_0_5_32,Happy,Happy,0.7499691737159534,0.6894849664632906,0.9964893955715344,0.0469264304049639,0.7499691737159534,0.0430951922649119,0.0173600246296593,0.0464079514970216,0.0604842072526628,0.0357570202348271,Happy,0.7499691737159533,0.6894849664632905,0.9964893955715344,0.046926430404963915,0.7499691737159533,0.04309519226491191,0.017360024629659302,0.04640795149702161,0.06048420725266281,0.03575702023482711,Happy,0.7499691737159534,0.6894849664632906,0.9964893955715344,0.046926430404963915,0.7499691737159534,0.0430951922649119,0.0173600246296593,0.04640795149702161,0.060484207252662806,0.03575702023482711,Happy,0.4446726563880842,0.28271677508177173,1.6262271069765049,0.12169693328733772,0.4446726563880842,0.16195588130631242,0.03435687092217591,0.08408673716263561,0.09158371872011081,0.061647202213343404,Happy,0.7499691737159534,0.6894849664632906,0.9964893955715344,0.0469264304049639,0.7499691737159534,0.0430951922649119,0.0173600246296593,0.0464079514970216,0.0604842072526628,0.0357570202348271,False,True,True,True,True,True,True,True,remained correct,False,False,False,False
3_0_2_12,Fear,Fear,0.6701395133720434,0.5075516776407002,1.1077995429067273,0.021516079531232503,0.023767222389629607,0.02413992344242071,0.07303036407996451,0.6701395133720434,0.024819061453366206,0.16258783573134314,Fear,0.6701395133720432,0.5075516776407001,1.1077995429067276,0.021516079531232503,0.023767222389629607,0.02413992344242071,0.07303036407996451,0.6701395133720432,0.024819061453366206,0.16258783573134314,Fear,0.6701395133720434,0.5075516776407002,1.1077995429067276,0.021516079531232503,0.023767222389629607,0.024139923442420712,0.07303036407996451,0.6701395133720434,0.02481906145336621,0.16258783573134314,Boredom,0.22444841002987825,0.028569320694047107,1.8881548988236092,0.13715378699950573,0.09732268260481823,0.12175205988016793,0.07565600006387681,0.19587908933583115,0.14778797108592193,0.22444841002987825,Fear,0.6701395133720434,0.5075516776407003,1.107799542906727,0.0215160795312325,0.0237672223896296,0.0241399234424207,0.0730303640799645,0.6701395133720434,0.0248190614533662,0.1625878357313431,False,False,False,True,True,True,False,True,remained correct,False,False,False,False
2_0_2_25,Fear,Fear,0.7180379367786395,0.6260604437162526,1.0667516547975726,0.052451214353891405,0.025171188405289903,0.020890203849360002,0.039483826332730704,0.7180379367786395,0.09197749306238691,0.05198813721770171,Fear,0.7180379367786394,0.6260604437162525,1.0667516547975726,0.05245121435389142,0.025171188405289906,0.020890203849360005,0.03948382633273071,0.7180379367786394,0.09197749306238692,0.051988137217701715,Fear,0.7180379367786394,0.6260604437162525,1.0667516547975724,0.0524512143538914,0.0251711884052899,0.020890203849360002,0.0394838263327307,0.7180379367786394,0.09197749306238691,0.0519881372177017,Boredom,0.4411693887749291,0.27776327210893126,1.5581680100106696,0.12116808953992403,0.029928731329845006,0.014336795271429203,0.07020587353192112,0.16340611666599783,0.15978500488595374,0.4411693887749291,Fear,0.7180379367786395,0.6260604437162526,1.0667516547975722,0.0524512143538914,0.0251711884052899,0.02089020384936,0.0394838263327307,0.7180379367786395,0.0919774930623869,0.0519881372177017,False,False,False,True,True,True,False,True,remained correct,False,False,False,False
7_1_7_30,Sad,Sad,0.7455978974871599,0.6786187462459948,1.0118597082657192,0.0365314827025583,0.066979151241165,0.0263174999456198,0.7455978974871599,0.0492481111804427,0.0370989780090961,0.0382268794339582,Sad,0.7455978974871598,0.6786187462459947,1.0118597082657195,0.03653148270255831,0.06697915124116502,0.026317499945619806,0.7455978974871598,0.049248111180442714,0.037098978009096104,0.03822687943395821,Sad,0.7455978974871599,0.6786187462459948,1.0118597082657195,0.03653148270255831,0.06697915124116502,0.026317499945619802,0.7455978974871599,0.049248111180442714,0.037098978009096104,0.03822687943395821,Happy,0.3872559822686569,0.22141774925191318,1.6944024997262832,0.15584249002977035,0.3872559822686569,0.07368514429909913,0.06063279357137653,0.11878333671854066,0.1658382330167437,0.03796202009581271,Sad,0.7455978974871599,0.6786187462459948,1.0118597082657192,0.0365314827025583,0.066979151241165,0.0263174999456198,0.7455978974871599,0.0492481111804427,0.0370989780090961,0.0382268794339582,False,False,False,True,True,True,False,True,remained correct,False,False,False,False
1_0_7_17,Sad,Sad,0.7233574079961679,0.5353088880141228,0.9028263633392039,0.011715630367238702,0.014485766828834302,0.022978349128945304,0.7233574079961679,0.18804851998204503,0.023095617804653905,0.016318707892115005,Sad,0.7233574079961678,0.5353088880141227,0.9028263633392041,0.011715630367238704,0.014485766828834306,0.022978349128945308,0.7233574079961678,0.18804851998204505,0.02309561780465391,0.01631870789211501,Sad,0.7233574079961678,0.5353088880141227,0.9028263633392041,0.011715630367238702,0.014485766828834304,0.022978349128945308,0.7233574079961678,0.18804851998204505,0.023095617804653905,0.01631870789211501,Sad,0.6326233477173523,0.500783392888339,1.265861202236936,0.0259673139676454,0.0404231098967945,0.0679962451785882,0.6326233477173523,0.1318399548290134,0.0526667600176626,0.0484832683929436,Sad,0.7233574079961679,0.5353088880141229,0.9028263633392039,0.0117156303672387,0.0144857668288343,0.0229783491289453,0.7233574079961679,0.188048519982045,0.0230956178046539,0.016318707892115,False,True,True,True,True,True,True,True,remained correct,False,False,False,False
1_0_6_03,Neutral,Neutral,0.6322814343126649,0.4600511999437838,1.1821059193865784,0.6322814343126649,0.05425901425115961,0.014603154931890301,0.012671459946975301,0.17223023436888113,0.08302421499501891,0.030930487193409902,Neutral,0.6322814343126648,0.46005119994378363,1.1821059193865786,0.6322814343126648,0.05425901425115962,0.014603154931890305,0.012671459946975303,0.17223023436888116,0.08302421499501893,0.03093048719340991,Neutral,0.6322814343126648,0.4600511999437837,1.1821059193865786,0.6322814343126648,0.0542590142511596,0.014603154931890301,0.0126714599469753,0.17223023436888113,0.08302421499501891,0.0309304871934099,Neutral,0.24494503943113174,0.010534336707318293,1.7096194101446094,0.24494503943113174,0.13143228020459952,0.010567548181104901,0.03716897158059001,0.11925219001129322,0.22222326786746716,0.23441070272381345,Neutral,0.6322814343126649,0.4600511999437838,1.1821059193865784,0.6322814343126649,0.05425901425115961,0.014603154931890301,0.012671459946975301,0.17223023436888113,0.08302421499501891,0.030930487193409902,False,True,True,True,True,True,True,True,remained correct,False,False,False,False
4_0_6_19,Neutral,Neutral,0.7713003918737532,0.6937429311065209,0.912912553785143,0.7713003918737532,0.05409291114857101,0.017053762024979904,0.017678989819850305,0.03464973337830301,0.07755746076723241,0.027666750987310303,Neutral,0.7713003918737531,0.6937429311065206,0.9129125537851431,0.7713003918737531,0.054092911148571024,0.017053762024979907,0.01767898981985031,0.034649733378303016,0.07755746076723243,0.02766675098731031,Neutral,0.771300391873753,0.6937429311065206,0.9129125537851432,0.771300391873753,0.05409291114857101,0.017053762024979904,0.0176789898198503,0.03464973337830301,0.0775574607672324,0.0276667509873103,Disgust,0.27493290489121547,0.03306449152810004,1.7445120413257027,0.24186841336311543,0.14707310977026142,0.022389895062545902,0.04651239131979211,0.12025596358724741,0.27493290489121547,0.14696732200582222,Neutral,0.7713003918737532,0.6937429311065209,0.912912553785143,0.7713003918737532,0.05409291114857101,0.017053762024979904,0.017678989819850305,0.03464973337830301,0.07755746076723241,0.027666750987310303,False,False,False,True,True,True,False,True,remained correct,False,False,False,False
7_1_6_26,Neutral,Neutral,0.4985209812895069,0.31588485078548106,1.5002626206264744,0.4985209812895069,0.18263613050402583,0.06967015843578482,0.02445351005837291,0.08640729737946691,0.10046901063466952,0.03784291169817311,Neutral,0.4985209812895067,0.3158848507854809,1.5002626206264749,0.4985209812895067,0.18263613050402583,0.06967015843578482,0.02445351005837291,0.08640729737946691,0.10046901063466952,0.03784291169817311,Neutral,0.49852098128950684,0.315884850785481,1.5002626206264749,0.49852098128950684,0.18263613050402583,0.06967015843578483,0.02445351005837291,0.08640729737946692,0.10046901063466954,0.03784291169817311,Disgust,0.3078703890472867,0.058677300987624775,1.6516621070163493,0.07965536643070845,0.08175522147893455,0.2252839667149743,0.02601732655542991,0.24919308805966192,0.3078703890472867,0.030224641713004215,Neutral,0.4985209812895069,0.31588485078548106,1.5002626206264744,0.4985209812895069,0.18263613050402583,0.06967015843578482,0.02445351005837291,0.08640729737946691,0.10046901063466952,0.03784291169817311,False,False,False,True,True,True,False,True,remained correct,False,False,False,False
9_1_6_19,Neutral,Neutral,0.7842829839280124,0.7143038257588513,0.8593157088920675,0.7842829839280124,0.06997915816916113,0.017727065461837208,0.011308893472338304,0.017645550168439106,0.02934604976074301,0.06971029903946883,Neutral,0.7842829839280124,0.7143038257588513,0.8593157088920675,0.7842829839280124,0.06997915816916113,0.017727065461837208,0.011308893472338304,0.017645550168439106,0.02934604976074301,0.06971029903946883,Neutral,0.7842829839280123,0.7143038257588512,0.8593157088920675,0.7842829839280123,0.06997915816916113,0.017727065461837204,0.011308893472338303,0.017645550168439102,0.029346049760743002,0.06971029903946883,Neutral,0.39100972938421374,0.2400280527891422,1.7049355712250136,0.39100972938421374,0.13543941236857784,0.15098167659507156,0.04223839515716832,0.12851986767901716,0.09909884934435344,0.05271206947159792,Neutral,0.7842829839280125,0.7143038257588514,0.8593157088920673,0.7842829839280125,0.06997915816916112,0.017727065461837204,0.011308893472338303,0.017645550168439102,0.029346049760743002,0.06971029903946882,False,True,True,True,True,True,True,True,remained correct,False,False,False,False
6_1_6_04,Neutral,Neutral,0.7889442092585094,0.7108012319863771,0.8546262658230654,0.7889442092585094,0.0144330898591499,0.0142288414267722,0.0447474281910782,0.0362865938596512,0.0781429772721323,0.0232168601327069,Neutral,0.7889442092585094,0.710801231986377,0.8546262658230656,0.7889442092585094,0.014433089859149904,0.014228841426772203,0.04474742819107821,0.03628659385965121,0.07814297727213232,0.023216860132706903,Neutral,0.7889442092585092,0.7108012319863769,0.8546262658230657,0.7889442092585092,0.0144330898591499,0.014228841426772198,0.0447474281910782,0.036286593859651196,0.0781429772721323,0.0232168601327069,Disgust,0.36563348900348985,0.2112716215916207,1.7217300780972462,0.13317189692319137,0.11568364183545886,0.02222109045210221,0.07384515660533333,0.13508285776855525,0.36563348900348985,0.15436186741186916,Neutral,0.7889442092585094,0.7108012319863771,0.8546262658230654,0.7889442092585094,0.0144330898591499,0.0142288414267722,0.0447474281910782,0.0362865938596512,0.0781429772721323,0.0232168601327069,False,False,False,True,True,True,False,True,remained correct,False,False,False,False
3_0_3_09,Boredom,Boredom,0.8247689746611387,0.7854538403322011,0.7729202583851328,0.022648463351610405,0.030430162717377203,0.019145159237378605,0.03931513432893761,0.027749299764601203,0.03594280593895631,0.8247689746611387,Boredom,0.8247689746611386,0.785453840332201,0.7729202583851329,0.022648463351610408,0.03043016271737721,0.019145159237378608,0.039315134328937615,0.02774929976460121,0.03594280593895632,0.8247689746611386,Boredom,0.8247689746611387,0.7854538403322011,0.7729202583851328,0.022648463351610408,0.03043016271737721,0.019145159237378608,0.039315134328937615,0.027749299764601207,0.03594280593895631,0.8247689746611387,Disgust,0.28233215622377283,0.04798433492082982,1.75683146494011,0.09351637717451101,0.15987928383733674,0.024137346062821204,0.06695282101325452,0.13883419438536074,0.28233215622377283,0.23434782130294302,Boredom,0.8247689746611387,0.7854538403322011,0.7729202583851328,0.022648463351610405,0.030430162717377203,0.019145159237378605,0.03931513432893761,0.027749299764601203,0.03594280593895631,0.8247689746611387,False,False,False,True,True,True,False,True,remained correct,False,False,False,False
8_1_7_44,Sad,Sad,0.821213365666038,0.7519403482454096,0.7598860709144694,0.0301102299042597,0.0692730174206284,0.0156874348238995,0.821213365666038,0.0160173806111399,0.0305008098107243,0.0171977617633102,Sad,0.821213365666038,0.7519403482454096,0.7598860709144694,0.030110229904259704,0.06927301742062841,0.015687434823899504,0.821213365666038,0.016017380611139904,0.030500809810724304,0.017197761763310202,Sad,0.8212133656660379,0.7519403482454095,0.7598860709144694,0.030110229904259697,0.0692730174206284,0.0156874348238995,0.8212133656660379,0.016017380611139897,0.030500809810724297,0.0171977617633102,Sad,0.43316441386351745,0.2697157494078757,1.5885185220032478,0.16344866445564177,0.05666219306740032,0.015832093613806306,0.43316441386351745,0.13064708418107285,0.051200586201469514,0.14904496461709185,Sad,0.821213365666038,0.7519403482454096,0.7598860709144694,0.0301102299042597,0.0692730174206284,0.0156874348238995,0.821213365666038,0.0160173806111399,0.0305008098107243,0.0171977617633102,False,True,True,True,True,True,True,True,remained correct,False,False,False,False
9_1_7_40,Sad,Sad,0.8642998276270422,0.8319569140363043,0.6345903253964195,0.0234327993850836,0.0323429135907378,0.011511385270812,0.8642998276270422,0.0253662720818969,0.0237424783359558,0.0193043237084718,Sad,0.8642998276270422,0.8319569140363043,0.6345903253964195,0.023432799385083608,0.032342913590737814,0.011511385270812004,0.8642998276270422,0.025366272081896908,0.023742478335955806,0.019304323708471807,Sad,0.8642998276270422,0.8319569140363043,0.6345903253964195,0.023432799385083605,0.03234291359073781,0.011511385270812004,0.8642998276270422,0.025366272081896905,0.023742478335955802,0.019304323708471807,Sad,0.5049930444001581,0.2983259446210904,1.4404110062135738,0.02694271816502381,0.03942750915685302,0.03522940974876671,0.5049930444001581,0.2066670997790677,0.05531870513110053,0.13142151361903015,Sad,0.8642998276270422,0.8319569140363043,0.6345903253964195,0.0234327993850836,0.0323429135907378,0.011511385270812,0.8642998276270422,0.0253662720818969,0.0237424783359558,0.0193043237084718,False,True,True,True,True,True,True,True,remained correct,False,False,False,False
4_0_7_01,Sad,Fear,0.30970229721434883,0.022374275470999683,1.681447455201072,0.11901503506869333,0.07490220135571281,0.03987068414449381,0.28732802174334915,0.30970229721434883,0.13610821195842251,0.03307354851497961,Fear,0.3097022972143488,0.022374275470999627,1.681447455201072,0.11901503506869333,0.07490220135571281,0.03987068414449381,0.28732802174334915,0.3097022972143488,0.13610821195842251,0.03307354851497961,Fear,0.30970229721434883,0.022374275470999683,1.681447455201072,0.11901503506869335,0.07490220135571281,0.03987068414449381,0.28732802174334915,0.30970229721434883,0.13610821195842251,0.03307354851497961,Boredom,0.28620725124941865,0.0385704966735117,1.767480862743907,0.24763675457590695,0.09470344020376323,0.027522194820014306,0.09426263555129083,0.13225156389031964,0.11741615970928633,0.28620725124941865,Fear,0.30970229721434883,0.022374275470999683,1.681447455201072,0.11901503506869333,0.07490220135571281,0.03987068414449381,0.28732802174334915,0.30970229721434883,0.13610821195842251,0.03307354851497961,False,False,False,False,False,False,False,False,remained incorrect,False,False,False,False
2_0_1_46,Angry,Angry,0.8243812185016616,0.7323247811429177,0.7109297966005783,0.0097083754372754,0.015685079781416,0.8243812185016616,0.0138442568287882,0.0335426808048997,0.0920564373587439,0.0107819512872152,Angry,0.8243812185016616,0.7323247811429177,0.7109297966005785,0.009708375437275402,0.015685079781416002,0.8243812185016616,0.013844256828788202,0.03354268080489971,0.09205643735874391,0.010781951287215201,Angry,0.8243812185016616,0.7323247811429177,0.7109297966005785,0.009708375437275402,0.015685079781416002,0.8243812185016616,0.013844256828788202,0.03354268080489971,0.09205643735874391,0.010781951287215201,Angry,0.25800887286379204,0.024968579561171295,1.7746158908668475,0.18821479872280505,0.11660217549750383,0.25800887286379204,0.04916123250828831,0.11925577465387353,0.23304029330262074,0.03571685245111661,Angry,0.8243812185016616,0.7323247811429177,0.7109297966005783,0.0097083754372754,0.015685079781416,0.8243812185016616,0.0138442568287882,0.0335426808048997,0.0920564373587439,0.0107819512872152,False,True,True,True,True,True,True,True,remained correct,False,False,False,False
5_0_7_50,Sad,Fear,0.41833131523941897,0.22716191453516812,1.581824493481296,0.03259961065060991,0.12986105918461072,0.19116940070425084,0.15924985170293512,0.41833131523941897,0.036542744225003504,0.03224601829317101,Fear,0.4183313152394189,0.22716191453516804,1.581824493481296,0.03259961065060991,0.12986105918461072,0.19116940070425087,0.15924985170293512,0.4183313152394189,0.036542744225003504,0.03224601829317101,Fear,0.41833131523941897,0.2271619145351681,1.581824493481296,0.032599610650609914,0.12986105918461072,0.19116940070425087,0.15924985170293515,0.41833131523941897,0.036542744225003504,0.03224601829317101,Angry,0.47270293076484093,0.31667371806450384,1.5514005774222204,0.047317644834976615,0.13706759589901574,0.47270293076484093,0.025639271093969008,0.15602921270033712,0.10779565440939863,0.053447690297461915,Angry,0.39617546536338544,0.182850214783101,1.5973407087663887,0.03259961065060991,0.12986105918461072,0.39617546536338544,0.15924985170293512,0.21332525058028443,0.036542744225003504,0.03224601829317101,True,True,False,False,False,False,False,False,remained incorrect,True,False,False,True
8_1_4_05,Disgust,Disgust,0.7600657099586289,0.6516566005793252,0.921458734775562,0.032269826809861804,0.018549291030269102,0.10840910937930372,0.019293150606254902,0.039885099602518403,0.7600657099586289,0.021527812613163305,Disgust,0.7600657099586288,0.651656600579325,0.9214587347755624,0.03226982680986182,0.018549291030269113,0.10840910937930377,0.019293150606254913,0.039885099602518424,0.7600657099586288,0.021527812613163316,Disgust,0.7600657099586287,0.651656600579325,0.9214587347755622,0.032269826809861804,0.018549291030269106,0.10840910937930372,0.019293150606254906,0.03988509960251841,0.7600657099586287,0.02152781261316331,Angry,0.3805198670683465,0.14194674740687643,1.6083661272392398,0.05192915162020911,0.06504054709479783,0.3805198670683465,0.04681590560519151,0.18411815225732225,0.23857311966147007,0.033003256692662714,Disgust,0.7600657099586289,0.6516566005793252,0.921458734775562,0.032269826809861804,0.018549291030269102,0.10840910937930372,0.019293150606254902,0.039885099602518403,0.7600657099586289,0.021527812613163305,False,False,False,True,True,True,False,True,remained correct,False,False,False,False
10_1_4_20,Disgust,Disgust,0.6786469062220303,0.5666836719979459,1.1470849367373845,0.1119632342240844,0.0544768741117733,0.0188600459451669,0.0181252363245942,0.066955510948462,0.6786469062220303,0.0509721922238889,Disgust,0.6786469062220303,0.5666836719979459,1.1470849367373848,0.11196323422408441,0.05447687411177331,0.018860045945166902,0.018125236324594205,0.06695551094846201,0.6786469062220303,0.05097219222388891,Disgust,0.6786469062220304,0.566683671997946,1.1470849367373845,0.11196323422408441,0.05447687411177331,0.018860045945166902,0.0181252363245942,0.06695551094846201,0.6786469062220304,0.05097219222388891,Disgust,0.35757916930257544,0.12359667966413479,1.6771012646895285,0.23398248963844065,0.12648658541564123,0.025891041273536405,0.05718064779298351,0.12961465482854354,0.35757916930257544,0.06926541174827922,Disgust,0.6786469062220303,0.5666836719979459,1.1470849367373845,0.1119632342240844,0.0544768741117733,0.0188600459451669,0.0181252363245942,0.066955510948462,0.6786469062220303,0.0509721922238889,False,True,True,True,True,True,True,True,remained correct,False,False,False,False
6_1_1_01,Angry,Angry,0.413565787951198,0.17928288046071408,1.5294999179916828,0.035846411659881505,0.23428290749048394,0.413565787951198,0.020271351377913503,0.15592926734434662,0.11812026203865593,0.021984012137520503,Angry,0.41356578795119797,0.17928288046071397,1.5294999179916833,0.03584641165988151,0.234282907490484,0.41356578795119797,0.02027135137791351,0.15592926734434664,0.11812026203865596,0.02198401213752051,Angry,0.4135657879511979,0.179282880460714,1.5294999179916828,0.0358464116598815,0.23428290749048392,0.4135657879511979,0.020271351377913503,0.15592926734434662,0.11812026203865592,0.021984012137520503,Happy,0.34318005221496034,0.17255483673573202,1.790947093907938,0.06499675653371062,0.34318005221496034,0.08652195043958161,0.11025783745844313,0.17062521547922832,0.12386587821360552,0.10055230966047032,Angry,0.41356578795119814,0.1792828804607142,1.5294999179916828,0.035846411659881505,0.23428290749048394,0.41356578795119814,0.020271351377913503,0.15592926734434662,0.11812026203865593,0.021984012137520503,False,False,False,True,True,True,False,True,remained correct,False,False,False,False
10_1_1_42,Angry,Angry,0.9340467185391214,0.9199699378053918,0.35991275662726674,0.0106002818012461,0.0095224795689823,0.9340467185391214,0.0140767807337295,0.0102460509565247,0.007903513995566,0.01360417440483,Angry,0.9340467185391215,0.9199699378053919,0.35991275662726674,0.010600281801246106,0.009522479568982303,0.9340467185391215,0.014076780733729507,0.010246050956524705,0.007903513995566004,0.013604174404830005,Angry,0.9340467185391212,0.9199699378053917,0.35991275662726685,0.010600281801246102,0.0095224795689823,0.9340467185391212,0.0140767807337295,0.010246050956524701,0.007903513995566,0.01360417440483,Angry,0.8751973283991602,0.8316724231265213,0.579875125415426,0.005122293452016403,0.01698925311781491,0.8751973283991602,0.026663769331959113,0.043524905272638824,0.01590568180293631,0.01659676862347431,Angry,0.9340467185391214,0.9199699378053918,0.35991275662726674,0.0106002818012461,0.0095224795689823,0.9340467185391214,0.0140767807337295,0.0102460509565247,0.007903513995566,0.01360417440483,False,True,True,True,True,True,True,True,remained correct,False,False,False,False
4_0_7_39,Sad,Sad,0.9242040601960102,0.9000487812551049,0.3961903937963677,0.0062676681619216,0.0108503971162904,0.013535702994839,0.9242040601960102,0.0241552789409053,0.0142050198179091,0.0067818727721244,Sad,0.9242040601960102,0.9000487812551049,0.3961903937963679,0.006267668161921602,0.010850397116290402,0.013535702994839003,0.9242040601960102,0.024155278940905307,0.014205019817909104,0.006781872772124402,Sad,0.9242040601960102,0.9000487812551049,0.3961903937963679,0.006267668161921602,0.010850397116290402,0.013535702994839003,0.9242040601960102,0.024155278940905304,0.014205019817909103,0.006781872772124402,Sad,0.42678060548420327,0.25953717123787323,1.6043750527641538,0.16724343424633006,0.044093188490331114,0.02099882001747101,0.42678060548420327,0.16601407107873006,0.07761233454113133,0.09725754614180333,Sad,0.9242040601960102,0.9000487812551049,0.3961903937963677,0.0062676681619216,0.0108503971162904,0.013535702994839,0.9242040601960102,0.0241552789409053,0.0142050198179091,0.0067818727721244,False,True,True,True,True,True,True,True,remained correct,False,False,False,False
7_1_4_39,Disgust,Disgust,0.8168910690911677,0.7768962564620249,0.7952943873567723,0.0319394526379894,0.0338953770341283,0.0130017564660445,0.0399948126291428,0.0270519879322383,0.8168910690911677,0.037225544209289,Disgust,0.8168910690911677,0.7768962564620249,0.7952943873567724,0.031939452637989404,0.03389537703412831,0.013001756466044503,0.039994812629142805,0.027051987932238307,0.8168910690911677,0.03722554420928901,Disgust,0.8168910690911677,0.7768962564620249,0.7952943873567724,0.031939452637989404,0.03389537703412831,0.013001756466044501,0.039994812629142805,0.027051987932238307,0.8168910690911677,0.03722554420928901,Sad,0.2671459558742261,0.04481586790840095,1.8106115149583173,0.13019865640242675,0.12073397222991504,0.047522131637773614,0.2671459558742261,0.22233008796582518,0.14868557795197426,0.06338361793785913,Disgust,0.8168910690911677,0.7768962564620249,0.7952943873567723,0.0319394526379894,0.0338953770341283,0.0130017564660445,0.0399948126291428,0.0270519879322383,0.8168910690911677,0.037225544209289,False,False,False,True,True,True,False,True,remained correct,False,False,False,False
9_1_3_42,Boredom,Boredom,0.7380125395938796,0.6215639631412109,0.9838576713895513,0.0326840273797096,0.0214209430833854,0.0182097261326699,0.1164485764526687,0.0360821205002485,0.0371420668574383,0.7380125395938796,Boredom,0.7380125395938796,0.6215639631412109,0.9838576713895513,0.03268402737970961,0.021420943083385404,0.018209726132669902,0.11644857645266872,0.036082120500248505,0.03714206685743831,0.7380125395938796,Boredom,0.7380125395938796,0.6215639631412109,0.9838576713895513,0.03268402737970961,0.021420943083385404,0.0182097261326699,0.1164485764526687,0.036082120500248505,0.03714206685743831,0.7380125395938796,Sad,0.5707424734496789,0.4316059367773618,1.3649299656340605,0.032628946707572506,0.023314663467039903,0.030026348733995907,0.5707424734496789,0.13913653667231704,0.10356705196753933,0.10058397900185642,Boredom,0.7380125395938796,0.6215639631412109,0.9838576713895513,0.0326840273797096,0.0214209430833854,0.0182097261326699,0.1164485764526687,0.0360821205002485,0.0371420668574383,0.7380125395938796,False,False,False,True,True,True,False,True,remained correct,False,False,False,False
6_1_5_47,Happy,Happy,0.6980747715978386,0.588075356613401,1.063952081247636,0.10999941498443751,0.6980747715978386,0.011784599703541902,0.10094827852262181,0.019902792979700604,0.031732606610761105,0.027557535601098502,Happy,0.6980747715978386,0.588075356613401,1.063952081247636,0.10999941498443754,0.6980747715978386,0.011784599703541903,0.10094827852262182,0.019902792979700608,0.03173260661076111,0.02755753560109851,Happy,0.6980747715978385,0.5880753566134009,1.0639520812476357,0.1099994149844375,0.6980747715978385,0.011784599703541898,0.1009482785226218,0.019902792979700604,0.031732606610761105,0.0275575356010985,Sad,0.23547085191559639,0.0034044217529415055,1.8146424314813354,0.14114648330546645,0.23206643016265488,0.045328145342597215,0.23547085191559639,0.14150012739559625,0.15124840555176974,0.05323955632631902,Happy,0.6980747715978387,0.5880753566134012,1.0639520812476357,0.10999941498443751,0.6980747715978387,0.011784599703541902,0.10094827852262181,0.019902792979700604,0.031732606610761105,0.027557535601098502,False,False,False,True,True,True,False,True,remained correct,False,False,False,False
1_0_5_33,Happy,Happy,0.9166362051382922,0.8986541674576358,0.4335405626083828,0.0171706776730986,0.9166362051382922,0.0074630517171292,0.0129282602256029,0.0139695132155552,0.0179820376806564,0.0138502543496655,Happy,0.9166362051382922,0.8986541674576358,0.4335405626083829,0.017170677673098603,0.9166362051382922,0.007463051717129202,0.012928260225602903,0.013969513215555203,0.017982037680656402,0.013850254349665504,Happy,0.9166362051382921,0.8986541674576357,0.4335405626083829,0.017170677673098596,0.9166362051382921,0.0074630517171292,0.012928260225602898,0.013969513215555198,0.017982037680656395,0.0138502543496655,Happy,0.4909518766216445,0.2990384780737165,1.5135891878058565,0.19191339854792805,0.4909518766216445,0.022292341057757403,0.051535027509723816,0.07237031518940691,0.09242899557824212,0.07850804549529722,Happy,0.9166362051382922,0.8986541674576358,0.4335405626083828,0.0171706776730986,0.9166362051382922,0.0074630517171292,0.0129282602256029,0.0139695132155552,0.0179820376806564,0.0138502543496655,False,True,True,True,True,True,True,True,remained correct,False,False,False,False
3_0_7_31,Sad,Sad,0.916079804022914,0.8954749096186552,0.43531170137957476,0.0129163630817973,0.0107935061003027,0.0102057347294531,0.916079804022914,0.018300908135184,0.0110987895260901,0.0206048944042588,Sad,0.9160798040229139,0.8954749096186551,0.435311701379575,0.012916363081797302,0.010793506100302701,0.010205734729453101,0.9160798040229139,0.018300908135184004,0.011098789526090102,0.020604894404258802,Sad,0.916079804022914,0.8954749096186552,0.43531170137957487,0.012916363081797302,0.010793506100302701,0.010205734729453101,0.916079804022914,0.018300908135184,0.0110987895260901,0.020604894404258802,Sad,0.7595607013181724,0.6943883112484688,0.9434322224647089,0.05552344178284891,0.047647231006596215,0.013101436624346503,0.7595607013181724,0.06517239006970371,0.010258336399324101,0.048736462799008215,Sad,0.916079804022914,0.8954749096186552,0.43531170137957476,0.0129163630817973,0.0107935061003027,0.0102057347294531,0.916079804022914,0.018300908135184,0.0110987895260901,0.0206048944042588,False,True,True,True,True,True,True,True,remained correct,False,False,False,False
6_1_4_18,Disgust,Disgust,0.7846427213315154,0.6975380629022931,0.8298597882035662,0.0871046584292222,0.0727783320007723,0.0096556213665421,0.0137267935141876,0.0165502004978629,0.7846427213315154,0.0155416728598976,Disgust,0.7846427213315154,0.6975380629022931,0.8298597882035664,0.08710465842922221,0.07277833200077231,0.009655621366542102,0.013726793514187603,0.016550200497862905,0.7846427213315154,0.015541672859897604,Disgust,0.7846427213315152,0.697538062902293,0.8298597882035662,0.0871046584292222,0.07277833200077229,0.0096556213665421,0.0137267935141876,0.0165502004978629,0.7846427213315152,0.0155416728598976,Disgust,0.3988588732833988,0.20889960656726536,1.6525243295007244,0.15692079980617396,0.08249795490586563,0.05841523644758582,0.08717453238077053,0.18995926671613345,0.3988588732833988,0.02617333646007191,Disgust,0.7846427213315154,0.6975380629022931,0.8298597882035662,0.0871046584292222,0.0727783320007723,0.0096556213665421,0.0137267935141876,0.0165502004978629,0.7846427213315154,0.0155416728598976,False,True,True,True,True,True,True,True,remained correct,False,False,False,False
5_0_5_35,Happy,Happy,0.6159192061440661,0.42879345852964496,1.2426025725894443,0.1871257476144212,0.6159192061440661,0.028425507966534,0.030341056006842,0.0350868566366119,0.0503916800169272,0.0527099456145975,Happy,0.615919206144066,0.4287934585296448,1.2426025725894445,0.18712574761442122,0.615919206144066,0.028425507966534008,0.030341056006842008,0.03508685663661191,0.05039168001692721,0.05270994561459751,Happy,0.6159192061440661,0.4287934585296449,1.2426025725894445,0.18712574761442122,0.6159192061440661,0.028425507966534008,0.030341056006842004,0.0350868566366119,0.050391680016927204,0.052709945614597506,Boredom,0.3784685699109471,0.21193941911858089,1.6960090807794377,0.11939253035755645,0.10447725556333014,0.014727595375474207,0.12713694222893165,0.08926795577139435,0.1665291507923662,0.3784685699109471,Happy,0.6159192061440661,0.42879345852964496,1.2426025725894443,0.1871257476144212,0.6159192061440661,0.028425507966534,0.030341056006842,0.0350868566366119,0.0503916800169272,0.0527099456145975,False,False,False,True,True,True,False,True,remained correct,False,False,False,False
8_1_2_37,Fear,Fear,0.765678574768367,0.6267606020040415,0.849581502866561,0.011231252748083701,0.020160377069825403,0.023259239014135204,0.13891797276432552,0.765678574768367,0.029593428445296905,0.011159155189966302,Fear,0.7656785747683669,0.6267606020040413,0.8495815028665612,0.011231252748083705,0.02016037706982541,0.02325923901413521,0.13891797276432555,0.7656785747683669,0.029593428445296915,0.011159155189966305,Fear,0.765678574768367,0.6267606020040415,0.8495815028665612,0.011231252748083703,0.02016037706982541,0.023259239014135208,0.13891797276432555,0.765678574768367,0.029593428445296915,0.011159155189966304,Fear,0.4015172193029426,0.12415042294717676,1.5563607735311487,0.020238843793360002,0.08341080162738472,0.27736679635576583,0.06786831310363341,0.4015172193029426,0.11461414032181153,0.03498388549510191,Fear,0.765678574768367,0.6267606020040415,0.849581502866561,0.0112312527480837,0.0201603770698254,0.0232592390141352,0.1389179727643255,0.765678574768367,0.0295934284452969,0.0111591551899663,False,True,True,True,True,True,True,True,remained correct,False,False,False,False
2_0_3_44,Boredom,Boredom,0.7598640093931701,0.6794429405720636,0.9525348359136132,0.08042106882110651,0.019839839005833103,0.019617696670883904,0.04413447107320851,0.03487898303734291,0.041243931998455004,0.7598640093931701,Boredom,0.75986400939317,0.6794429405720634,0.9525348359136134,0.08042106882110653,0.019839839005833106,0.019617696670883908,0.04413447107320852,0.034878983037342916,0.04124393199845501,0.75986400939317,Boredom,0.7598640093931701,0.6794429405720636,0.9525348359136132,0.08042106882110653,0.019839839005833103,0.019617696670883908,0.04413447107320852,0.03487898303734291,0.04124393199845501,0.7598640093931701,Boredom,0.40618222018256633,0.15763775939772529,1.5799887865832214,0.08430779582130142,0.05051525927224231,0.011758242917512004,0.24854446078484105,0.11460148119442942,0.08409053982710751,0.40618222018256633,Boredom,0.7598640093931701,0.6794429405720637,0.9525348359136132,0.0804210688211065,0.0198398390058331,0.0196176966708839,0.0441344710732085,0.0348789830373429,0.041243931998455,0.7598640093931701,False,True,True,True,True,True,True,True,remained correct,False,False,False,False
1_0_2_03,Fear,Fear,0.7149542034929559,0.5750118540456832,1.0035741147140134,0.0163668965358242,0.020185022922773,0.1399423494472727,0.013693311825947,0.7149542034929559,0.0634784666176211,0.031379749157606,Fear,0.7149542034929559,0.5750118540456832,1.0035741147140136,0.016366896535824203,0.020185022922773004,0.13994234944727274,0.013693311825947003,0.7149542034929559,0.06347846661762112,0.03137974915760601,Fear,0.7149542034929559,0.5750118540456832,1.0035741147140134,0.016366896535824203,0.020185022922773,0.13994234944727274,0.013693311825947001,0.7149542034929559,0.06347846661762112,0.03137974915760601,Disgust,0.2807710948542056,0.09468947044037498,1.8500338855071201,0.0902347018897985,0.1256597335028944,0.09010907600605,0.0832767448081222,0.1860816244138306,0.2807710948542056,0.1438670245250987,Fear,0.7149542034929559,0.5750118540456832,1.0035741147140134,0.0163668965358242,0.020185022922773,0.1399423494472727,0.013693311825947,0.7149542034929559,0.0634784666176211,0.031379749157606,False,False,False,True,True,True,False,True,remained correct,False,False,False,False
7_1_3_16,Boredom,Boredom,0.7057241161299532,0.6145035073804229,1.08275929825849,0.020697256854196502,0.07630808887747881,0.013039134557446501,0.09122060874953031,0.04351602861315201,0.049494766218242704,0.7057241161299532,Boredom,0.7057241161299531,0.6145035073804228,1.0827592982584902,0.020697256854196502,0.07630808887747881,0.013039134557446503,0.09122060874953031,0.04351602861315201,0.04949476621824271,0.7057241161299531,Boredom,0.7057241161299532,0.6145035073804229,1.08275929825849,0.020697256854196502,0.07630808887747881,0.013039134557446503,0.09122060874953031,0.04351602861315201,0.04949476621824271,0.7057241161299532,Boredom,0.32491585730814426,0.1351079758554612,1.7913922042427122,0.12014056643777572,0.07935019060571681,0.05182234105428762,0.12341781593656223,0.11054534720483022,0.18980788145268307,0.32491585730814426,Boredom,0.7057241161299532,0.6145035073804229,1.0827592982584897,0.0206972568541965,0.0763080888774788,0.0130391345574465,0.0912206087495303,0.043516028613152,0.0494947662182427,0.7057241161299532,False,True,True,True,True,True,True,True,remained correct,False,False,False,False
8_1_5_21,Happy,Happy,0.8160130708692489,0.7150221245920461,0.7342145469439928,0.1009909462772029,0.8160130708692489,0.0134169358557398,0.0123857419415933,0.0167999621184268,0.0261034864760133,0.014289856461775,Happy,0.8160130708692489,0.715022124592046,0.7342145469439928,0.10099094627720293,0.8160130708692489,0.013416935855739803,0.012385741941593304,0.016799962118426805,0.026103486476013307,0.014289856461775004,Happy,0.8160130708692489,0.715022124592046,0.7342145469439928,0.10099094627720291,0.8160130708692489,0.013416935855739803,0.012385741941593302,0.016799962118426805,0.026103486476013307,0.014289856461775004,Neutral,0.4011474526262582,0.12397423483829578,1.5060959943036771,0.4011474526262582,0.27717321778796244,0.024657555935649306,0.03921275512075581,0.04182241505590881,0.17700783090245512,0.038978772571010206,Happy,0.8160130708692489,0.7150221245920461,0.7342145469439928,0.1009909462772029,0.8160130708692489,0.0134169358557398,0.0123857419415933,0.0167999621184268,0.0261034864760133,0.014289856461775,False,False,False,True,True,True,False,True,remained correct,False,False,False,False
7_1_4_41,Disgust,Disgust,0.6558198035654549,0.5549073349846297,1.2152199302538167,0.10091246858082512,0.023756350689703103,0.038799056655639104,0.08555205842517051,0.028409456576154304,0.6558198035654549,0.06675080550705301,Disgust,0.6558198035654548,0.5549073349846296,1.215219930253817,0.10091246858082513,0.023756350689703106,0.03879905665563911,0.08555205842517052,0.02840945657615431,0.6558198035654548,0.06675080550705302,Disgust,0.6558198035654548,0.5549073349846296,1.215219930253817,0.10091246858082513,0.023756350689703106,0.03879905665563911,0.08555205842517052,0.028409456576154308,0.6558198035654548,0.06675080550705301,Disgust,0.2804479466819079,0.10970319536606907,1.8407597223258034,0.14331837288531965,0.12009001709549424,0.05425267890427552,0.08642575382265753,0.14472047929450635,0.2804479466819079,0.17074475131583886,Disgust,0.6558198035654549,0.5549073349846297,1.2152199302538167,0.1009124685808251,0.0237563506897031,0.0387990566556391,0.0855520584251705,0.0284094565761543,0.6558198035654549,0.066750805507053,False,True,True,True,True,True,True,True,remained correct,False,False,False,False
4_0_3_29,Boredom,Sad,0.7480696497845094,0.648790654480017,0.9504925448159955,0.015621937985012402,0.020210502550541604,0.017068241519442303,0.7480696497845094,0.029774840549818105,0.09927899530449241,0.06997583230618391,Sad,0.7480696497845093,0.6487906544800168,0.9504925448159958,0.015621937985012406,0.020210502550541607,0.017068241519442306,0.7480696497845093,0.02977484054981811,0.09927899530449243,0.06997583230618393,Sad,0.7480696497845093,0.6487906544800169,0.9504925448159955,0.0156219379850124,0.0202105025505416,0.017068241519442303,0.7480696497845093,0.029774840549818105,0.09927899530449238,0.06997583230618391,Sad,0.33753660332500196,0.01668018646488373,1.5981543881106788,0.05625361188820181,0.04827889387530242,0.019610794936971303,0.33753660332500196,0.11923057384533423,0.09823310526907003,0.32085641686011823,Sad,0.7480696497845094,0.648790654480017,0.9504925448159953,0.0156219379850124,0.0202105025505416,0.0170682415194423,0.7480696497845094,0.0297748405498181,0.0992789953044924,0.0699758323061839,False,True,True,False,False,False,False,False,remained incorrect,False,False,False,False
6_1_6_19,Neutral,Neutral,0.46531414946187305,0.23853363002477093,1.4922015187860695,0.46531414946187305,0.08413050993661692,0.023349682068177405,0.027167945096504803,0.12544501237130823,0.22678051943710212,0.04781218162841751,Neutral,0.46531414946187305,0.23853363002477096,1.4922015187860698,0.46531414946187305,0.08413050993661693,0.023349682068177408,0.02716794509650481,0.12544501237130826,0.2267805194371021,0.047812181628417515,Neutral,0.465314149461873,0.23853363002477093,1.4922015187860695,0.465314149461873,0.08413050993661692,0.023349682068177405,0.027167945096504803,0.1254450123713082,0.22678051943710206,0.0478121816284175,Boredom,0.21580587778691068,0.013526538503954827,1.8561872895720657,0.18151806646098637,0.16055954853675355,0.05306899523912042,0.09577713679816922,0.09099103589510382,0.20227933928295586,0.21580587778691068,Neutral,0.46531414946187305,0.23853363002477093,1.4922015187860695,0.46531414946187305,0.08413050993661692,0.023349682068177405,0.027167945096504803,0.12544501237130823,0.22678051943710212,0.04781218162841751,False,False,False,True,True,True,False,True,remained correct,False,False,False,False
6_1_1_02,Angry,Angry,0.34073505580824603,0.06865164086129166,1.6188066329630324,0.27208341494695437,0.08049800344145382,0.34073505580824603,0.028502316484844005,0.07637702113822481,0.17753585638122774,0.024268331799049303,Angry,0.340735055808246,0.06865164086129161,1.6188066329630326,0.27208341494695437,0.08049800344145382,0.340735055808246,0.02850231648484401,0.07637702113822481,0.17753585638122774,0.024268331799049307,Angry,0.340735055808246,0.06865164086129161,1.6188066329630324,0.27208341494695437,0.08049800344145382,0.340735055808246,0.028502316484843998,0.0763770211382248,0.17753585638122774,0.024268331799049296,Angry,0.33626812145711255,0.12850787633519148,1.6877723302382257,0.023765395369235907,0.06419303979261111,0.33626812145711255,0.10471208196794353,0.20270558918653825,0.20776024512192107,0.06059552710463752,Angry,0.34073505580824603,0.06865164086129166,1.6188066329630324,0.27208341494695437,0.08049800344145382,0.34073505580824603,0.028502316484844005,0.07637702113822481,0.17753585638122774,0.024268331799049303,False,True,True,True,True,True,True,True,remained correct,False,False,False,False
5_0_6_14,Neutral,Neutral,0.396239268181349,0.18588670032607568,1.5822160244310575,0.396239268181349,0.21035256785527334,0.04267027671036311,0.021965449988361804,0.05033971462817292,0.20310878221143255,0.07532394042504731,Neutral,0.39623926818134897,0.1858867003260756,1.5822160244310575,0.39623926818134897,0.21035256785527337,0.04267027671036312,0.02196544998836181,0.050339714628172924,0.20310878221143258,0.07532394042504732,Neutral,0.396239268181349,0.18588670032607568,1.5822160244310575,0.396239268181349,0.21035256785527334,0.04267027671036312,0.021965449988361807,0.050339714628172924,0.20310878221143258,0.07532394042504731,Disgust,0.36956516026614084,0.2165487683632154,1.753222223194302,0.10940951596442433,0.15301639190292543,0.10934954100342113,0.050663186654973616,0.13243726565936081,0.36956516026614084,0.07555893854875381,Neutral,0.39623926818134914,0.1858867003260758,1.5822160244310575,0.39623926818134914,0.21035256785527334,0.04267027671036311,0.021965449988361804,0.05033971462817292,0.20310878221143255,0.07532394042504731,False,False,False,True,True,True,False,True,remained correct,False,False,False,False
8_1_1_23,Angry,Angry,0.8615786438866326,0.7903381296069047,0.6046232482156547,0.0112881306755867,0.01486825747308,0.8615786438866326,0.0098946018673881,0.0712405142797279,0.0180047407879065,0.0131251110296782,Angry,0.8615786438866326,0.7903381296069047,0.6046232482156548,0.011288130675586703,0.014868257473080005,0.8615786438866326,0.009894601867388103,0.07124051427972793,0.018004740787906506,0.013125111029678204,Angry,0.8615786438866326,0.7903381296069047,0.6046232482156547,0.011288130675586702,0.014868257473080003,0.8615786438866326,0.009894601867388102,0.07124051427972791,0.018004740787906502,0.013125111029678203,Fear,0.34503961925087717,0.06505661168985633,1.6685870042916988,0.030094028282553607,0.09960409142439203,0.27998300756102085,0.08603520322982491,0.34503961925087717,0.09777217739391182,0.06147187285741961,Angry,0.8615786438866326,0.7903381296069047,0.6046232482156547,0.0112881306755867,0.01486825747308,0.8615786438866326,0.0098946018673881,0.0712405142797279,0.0180047407879065,0.0131251110296782,False,False,False,True,True,True,False,True,remained correct,False,False,False,False
7_1_3_43,Boredom,Fear,0.24807021365774554,0.07411357169254881,1.8502741826086246,0.10509880126332881,0.14632957321496193,0.037596847839705204,0.14918878005387382,0.24807021365774554,0.17395664196519672,0.13975914200518802,Fear,0.2480702136577455,0.07411357169254881,1.8502741826086249,0.10509880126332884,0.14632957321496196,0.03759684783970521,0.14918878005387376,0.2480702136577455,0.1739566419651967,0.13975914200518805,Fear,0.2480702136577455,0.07411357169254881,1.8502741826086244,0.1050988012633288,0.1463295732149619,0.037596847839705204,0.14918878005387376,0.2480702136577455,0.1739566419651967,0.139759142005188,Happy,0.28209130316641917,0.04248202038054155,1.815209746897837,0.23960928278587762,0.28209130316641917,0.09840934561211162,0.09824155794993092,0.07199942219160842,0.12112426622085261,0.08852482207319971,Fear,0.24807021365774554,0.07411357169254881,1.8502741826086246,0.10509880126332881,0.14632957321496193,0.037596847839705204,0.14918878005387382,0.24807021365774554,0.17395664196519672,0.13975914200518802,False,False,False,False,False,False,False,False,remained incorrect,False,False,False,False
1_0_2_23,Fear,Fear,0.6093912792880288,0.40843988052802294,1.2361833532221933,0.050430348999875,0.0251162226083762,0.0283032987256691,0.2009513987600059,0.6093912792880288,0.0529472359598265,0.0328602156582184,Fear,0.6093912792880288,0.4084398805280229,1.2361833532221937,0.050430348999875016,0.025116222608376208,0.028303298725669106,0.20095139876000595,0.6093912792880288,0.05294723595982651,0.03286021565821841,Fear,0.6093912792880288,0.40843988052802294,1.2361833532221933,0.050430348999874995,0.025116222608376197,0.0283032987256691,0.2009513987600059,0.6093912792880288,0.05294723595982649,0.0328602156582184,Fear,0.24010834888082422,0.007475164948158891,1.801101132258153,0.13316349426637453,0.06476591708106681,0.030324080323902405,0.23263318393266533,0.24010834888082422,0.15967910394491444,0.13932587157025222,Fear,0.6093912792880288,0.40843988052802294,1.2361833532221933,0.050430348999875,0.0251162226083762,0.0283032987256691,0.2009513987600059,0.6093912792880288,0.0529472359598265,0.0328602156582184,False,True,True,True,True,True,True,True,remained correct,False,False,False,False
1_0_7_16,Sad,Sad,0.7342813296165249,0.6404600468351106,0.9998686381738353,0.0101644818798046,0.0520263507296151,0.0360059479511341,0.7342813296165249,0.0938212827814143,0.016147442599908,0.057553164441599,Sad,0.7342813296165248,0.6404600468351105,0.9998686381738355,0.010164481879804602,0.05202635072961512,0.036005947951134105,0.7342813296165248,0.09382128278141433,0.016147442599908003,0.05755316444159901,Sad,0.7342813296165249,0.6404600468351106,0.9998686381738353,0.0101644818798046,0.05202635072961512,0.0360059479511341,0.7342813296165249,0.09382128278141433,0.016147442599908003,0.057553164441599004,Boredom,0.27867291023935287,0.11462054168313765,1.842442035156185,0.11597900231979302,0.16362347331838462,0.051227283124178916,0.16405236855621522,0.12714329205482522,0.09930167038725013,0.27867291023935287,Sad,0.7342813296165249,0.6404600468351106,0.9998686381738353,0.0101644818798046,0.0520263507296151,0.0360059479511341,0.7342813296165249,0.0938212827814143,0.016147442599908,0.057553164441599,False,False,False,True,True,True,False,True,remained correct,False,False,False,False
8_1_6_16,Neutral,Neutral,0.800647302051996,0.7186256771310312,0.8151335636543824,0.800647302051996,0.0820216249209648,0.0202605131231737,0.0126646607701258,0.0170180526374073,0.0357133427804545,0.031674503715878,Neutral,0.800647302051996,0.7186256771310311,0.8151335636543824,0.800647302051996,0.08202162492096482,0.020260513123173705,0.012664660770125803,0.017018052637407303,0.03571334278045451,0.03167450371587801,Neutral,0.8006473020519957,0.718625677131031,0.8151335636543825,0.8006473020519957,0.0820216249209648,0.020260513123173698,0.012664660770125798,0.0170180526374073,0.035713342780454495,0.031674503715878,Neutral,0.3043766439995664,0.12599555479166666,1.738161204722556,0.3043766439995664,0.17838108920789972,0.015000045050812304,0.051191670025062815,0.13731831992422142,0.14975692688211734,0.16397530491032003,Neutral,0.8006473020519964,0.7186256771310315,0.815133563654381,0.8006473020519964,0.08202162492096488,0.020260513123173618,0.012664660770125711,0.017018052637407213,0.035713342780454425,0.031674503715877926,False,True,True,True,True,True,True,True,remained correct,False,False,False,False
3_0_4_09,Disgust,Fear,0.4453063669318894,0.18989277409244953,1.521166664317413,0.086747895061714,0.0306173313302496,0.0927304562633915,0.0306957217646347,0.4453063669318894,0.2554135928394399,0.0584886358086809,Fear,0.4453063669318894,0.18989277409244953,1.521166664317413,0.08674789506171401,0.030617331330249607,0.09273045626339152,0.03069572176463471,0.4453063669318894,0.2554135928394399,0.05848863580868091,Fear,0.4453063669318894,0.18989277409244953,1.521166664317413,0.08674789506171401,0.030617331330249603,0.09273045626339152,0.030695721764634705,0.4453063669318894,0.2554135928394399,0.05848863580868091,Happy,0.22903204838128946,0.01748752453425889,1.7895557566698599,0.11805799408319052,0.22903204838128946,0.15197486383208933,0.03653617306391871,0.20925019261900304,0.21154452384703057,0.043604204173478406,Fear,0.4453063669318894,0.18989277409244953,1.521166664317413,0.086747895061714,0.0306173313302496,0.0927304562633915,0.0306957217646347,0.4453063669318894,0.2554135928394399,0.0584886358086809,False,False,False,False,False,False,False,False,remained incorrect,False,False,False,False
8_1_6_22,Neutral,Neutral,0.8664486314715649,0.8213152637753841,0.6173699393216556,0.8664486314715649,0.04513336769618081,0.012282528139361502,0.013149607873355002,0.015897845219243503,0.022703101204897103,0.024384918395397304,Neutral,0.8664486314715648,0.821315263775384,0.6173699393216558,0.8664486314715648,0.04513336769618082,0.012282528139361506,0.013149607873355005,0.015897845219243506,0.02270310120489711,0.02438491839539731,Neutral,0.8664486314715647,0.8213152637753839,0.6173699393216558,0.8664486314715647,0.04513336769618081,0.012282528139361502,0.013149607873355,0.015897845219243503,0.022703101204897106,0.024384918395397304,Neutral,0.5647662427251836,0.40150549171380845,1.3666707135020602,0.5647662427251836,0.16326075101137513,0.019813991255879005,0.027683905814741904,0.050408234565194804,0.10668251483201222,0.06738435979561332,Neutral,0.8664486314715649,0.8213152637753841,0.6173699393216556,0.8664486314715649,0.04513336769618081,0.012282528139361504,0.013149607873355004,0.015897845219243503,0.022703101204897103,0.024384918395397307,False,True,True,True,True,True,True,True,remained correct,False,False,False,False
8_1_4_27,Disgust,Disgust,0.5751651282530743,0.4385681051594235,1.3898469289500692,0.1365970230936508,0.0429315564721097,0.0326077767485437,0.0970546843432611,0.0709095648218816,0.5751651282530743,0.0447342662674788,Disgust,0.5751651282530743,0.43856810515942346,1.3898469289500694,0.13659702309365082,0.04293155647210971,0.032607776748543704,0.09705468434326112,0.07090956482188161,0.5751651282530743,0.044734266267478805,Disgust,0.5751651282530743,0.4385681051594235,1.3898469289500692,0.1365970230936508,0.04293155647210971,0.032607776748543704,0.09705468434326112,0.0709095648218816,0.5751651282530743,0.044734266267478805,Happy,0.3861512587585426,0.25499623151314443,1.7387986100310393,0.09863786109846742,0.3861512587585426,0.05300460347786212,0.13115502724539815,0.12712975979272195,0.12857265535414805,0.07534883427285982,Disgust,0.5751651282530743,0.4385681051594235,1.3898469289500692,0.1365970230936508,0.0429315564721097,0.0326077767485437,0.0970546843432611,0.0709095648218816,0.5751651282530743,0.0447342662674788,False,False,False,True,True,True,False,True,remained correct,False,False,False,False
1_0_2_24,Fear,Fear,0.6859194910975088,0.5322794974184237,1.073772138297034,0.06672022698705041,0.021494760055703905,0.028153461196437305,0.03173765348798191,0.6859194910975088,0.15363999367908504,0.012334413496232701,Fear,0.6859194910975087,0.5322794974184237,1.073772138297034,0.06672022698705041,0.021494760055703905,0.02815346119643731,0.03173765348798191,0.6859194910975087,0.15363999367908504,0.012334413496232703,Fear,0.6859194910975088,0.5322794974184237,1.073772138297034,0.06672022698705041,0.02149476005570391,0.02815346119643731,0.03173765348798191,0.6859194910975088,0.15363999367908504,0.012334413496232703,Disgust,0.31933016860519886,0.10294849483927818,1.7362402621696296,0.1764379495599317,0.06671364600379982,0.12201319952900636,0.05540904058471413,0.21638167376592068,0.31933016860519886,0.043714321951428624,Fear,0.6859194910975088,0.5322794974184238,1.0737721382970338,0.0667202269870504,0.0214947600557039,0.0281534611964373,0.0317376534879819,0.6859194910975088,0.153639993679085,0.0123344134962327,False,False,False,True,True,True,False,True,remained correct,False,False,False,False
7_1_3_46,Boredom,Fear,0.3896517075523191,0.16800933356025963,1.6500620225664888,0.12111355951671973,0.049865561740858017,0.029519614497494406,0.07226651999864532,0.3896517075523191,0.22164237399205947,0.11594066270190402,Fear,0.38965170755231904,0.16800933356025957,1.6500620225664888,0.12111355951671973,0.049865561740858017,0.029519614497494406,0.07226651999864532,0.38965170755231904,0.22164237399205947,0.11594066270190402,Fear,0.3896517075523191,0.1680093335602596,1.6500620225664888,0.12111355951671973,0.049865561740858017,0.029519614497494406,0.07226651999864533,0.3896517075523191,0.2216423739920595,0.11594066270190403,Boredom,0.36849816108805944,0.20098651603339882,1.7075653677449596,0.15980062870064424,0.16751164505466062,0.019904753600191703,0.10277147341504983,0.09034134961980171,0.09117198852159251,0.36849816108805944,Fear,0.3896517075523191,0.16800933356025963,1.6500620225664888,0.12111355951671973,0.049865561740858017,0.029519614497494406,0.07226651999864532,0.3896517075523191,0.22164237399205947,0.11594066270190402,False,False,False,False,False,False,True,False,remained incorrect,False,False,False,False
2_0_7_29,Sad,Sad,0.7982850788439544,0.6908130041780782,0.7897461714251034,0.0291490741215785,0.0159684401553007,0.0130608918371777,0.7982850788439544,0.0153066068155087,0.0207578335606039,0.1074720746658762,Sad,0.7982850788439544,0.6908130041780781,0.7897461714251034,0.029149074121578508,0.015968440155300703,0.013060891837177704,0.7982850788439544,0.015306606815508703,0.020757833560603903,0.10747207466587623,Sad,0.7982850788439544,0.6908130041780782,0.7897461714251034,0.029149074121578505,0.015968440155300703,0.013060891837177704,0.7982850788439544,0.015306606815508703,0.0207578335606039,0.10747207466587622,Sad,0.46396082662111315,0.3078465455696659,1.5702182997825873,0.09775007714509702,0.035294875695853815,0.02879259884367571,0.46396082662111315,0.15611428105144726,0.08201333489935873,0.13607400574345435,Sad,0.7982850788439544,0.6908130041780782,0.7897461714251034,0.0291490741215785,0.0159684401553007,0.0130608918371777,0.7982850788439544,0.0153066068155087,0.0207578335606039,0.1074720746658762,False,True,True,True,True,True,True,True,remained correct,False,False,False,False
3_0_7_50,Sad,Sad,0.8930937444647288,0.8589983980084588,0.5227128084985871,0.0150376516384931,0.012131594820638,0.0187976196928881,0.8930937444647288,0.03409534645627,0.0107861485865829,0.0160578943403992,Sad,0.8930937444647288,0.8589983980084588,0.5227128084985873,0.015037651638493106,0.012131594820638004,0.018797619692888106,0.8930937444647288,0.03409534645627001,0.010786148586582904,0.01605789434039921,Sad,0.8930937444647288,0.8589983980084588,0.5227128084985871,0.015037651638493105,0.012131594820638001,0.018797619692888103,0.8930937444647288,0.034095346456270006,0.010786148586582903,0.016057894340399205,Sad,0.41097609054889117,0.16282322958393905,1.5844050379376788,0.24815286096495212,0.06076491552608371,0.019588396280955003,0.41097609054889117,0.10725479581915992,0.053222885634201106,0.10004005522575701,Sad,0.8930937444647288,0.8589983980084588,0.5227128084985871,0.0150376516384931,0.012131594820638,0.0187976196928881,0.8930937444647288,0.03409534645627,0.0107861485865829,0.0160578943403992,False,True,True,True,True,True,True,True,remained correct,False,False,False,False
9_1_5_17,Happy,Sad,0.5215007277097632,0.26918495876871235,1.3670206111627872,0.04751020013962091,0.07156105148208382,0.022184579891097702,0.5215007277097632,0.05850761305874691,0.026420058777636802,0.25231576894105084,Sad,0.5215007277097631,0.26918495876871223,1.3670206111627872,0.047510200139620914,0.07156105148208382,0.022184579891097702,0.5215007277097631,0.05850761305874692,0.026420058777636805,0.25231576894105084,Sad,0.5215007277097631,0.2691849587687123,1.3670206111627872,0.0475102001396209,0.0715610514820838,0.022184579891097702,0.5215007277097631,0.0585076130587469,0.0264200587776368,0.2523157689410508,Fear,0.2434217734403259,0.03857712192770593,1.8253274717955799,0.09921051120614953,0.07551373702603643,0.047168839289487216,0.13295290599368315,0.2434217734403259,0.20484465151261996,0.19688758153169786,Sad,0.5215007277097632,0.2691849587687124,1.3670206111627872,0.0475102001396209,0.0715610514820838,0.0221845798910977,0.5215007277097632,0.0585076130587469,0.0264200587776368,0.2523157689410508,False,False,False,False,False,False,False,False,remained incorrect,False,False,False,False
1_0_7_06,Sad,Sad,0.9170603500040129,0.8917607127747508,0.4282241772711768,0.0072546996809920005,0.012166895068458002,0.010404029084707202,0.9170603500040129,0.014011920593971001,0.025299637229262102,0.013802468338596802,Sad,0.9170603500040129,0.8917607127747508,0.4282241772711769,0.007254699680992001,0.012166895068458004,0.010404029084707202,0.9170603500040129,0.014011920593971003,0.025299637229262106,0.013802468338596803,Sad,0.9170603500040129,0.8917607127747508,0.4282241772711769,0.007254699680992001,0.012166895068458004,0.010404029084707202,0.9170603500040129,0.014011920593971001,0.025299637229262102,0.013802468338596802,Sad,0.36899894807314887,0.21557368592651524,1.7456955532177831,0.08391498441111052,0.11386382672578502,0.07992673777556031,0.36899894807314887,0.15104133896111052,0.15342526214663363,0.04882890190665111,Sad,0.9170603500040129,0.8917607127747508,0.4282241772711768,0.0072546996809920005,0.012166895068458002,0.010404029084707202,0.9170603500040129,0.014011920593971001,0.025299637229262102,0.013802468338596802,False,True,True,True,True,True,True,True,remained correct,False,False,False,False
9_1_2_23,Fear,Fear,0.6319506029956816,0.4939275636572229,1.2391626436263077,0.030976340886398904,0.029916023186152302,0.031852516991502704,0.13802303933845872,0.6319506029956816,0.03780903011554481,0.09947244648626101,Fear,0.6319506029956815,0.4939275636572228,1.239162643626308,0.030976340886398914,0.029916023186152312,0.03185251699150271,0.13802303933845875,0.6319506029956815,0.03780903011554482,0.09947244648626104,Fear,0.6319506029956816,0.4939275636572229,1.2391626436263077,0.03097634088639891,0.02991602318615231,0.03185251699150271,0.13802303933845872,0.6319506029956816,0.03780903011554482,0.09947244648626102,Sad,0.26985297469852565,0.002315898120538895,1.6888145504541625,0.020002051503387804,0.12224069305498562,0.18855864203020356,0.26985297469852565,0.26753707657798675,0.10559803956047693,0.026210522574433705,Fear,0.6319506029956816,0.4939275636572229,1.2391626436263077,0.0309763408863989,0.0299160231861523,0.0318525169915027,0.1380230393384587,0.6319506029956816,0.0378090301155448,0.099472446486261,False,False,False,True,True,True,False,True,remained correct,False,False,False,False
10_1_3_07,Boredom,Boredom,0.8098479422482248,0.7615893371324067,0.8119214804160932,0.0321602750833765,0.0389799245606714,0.0140391087293562,0.048258605115818,0.0390485660528015,0.0176655782097517,0.8098479422482248,Boredom,0.8098479422482248,0.7615893371324067,0.8119214804160932,0.03216027508337651,0.038979924560671404,0.014039108729356204,0.04825860511581801,0.039048566052801506,0.017665578209751703,0.8098479422482248,Boredom,0.8098479422482248,0.7615893371324067,0.8119214804160932,0.03216027508337651,0.038979924560671404,0.014039108729356202,0.048258605115818004,0.039048566052801506,0.017665578209751703,0.8098479422482248,Boredom,0.40066822946845754,0.17400765303078708,1.5214084045290288,0.059139146083821315,0.21773991869412745,0.013453837609963003,0.22666057643767046,0.04842702542684731,0.03391126627911291,0.40066822946845754,Boredom,0.8098479422482248,0.7615893371324067,0.8119214804160932,0.0321602750833765,0.0389799245606714,0.0140391087293562,0.048258605115818,0.0390485660528015,0.0176655782097517,0.8098479422482248,False,True,True,True,True,True,True,True,remained correct,False,False,False,False
5_0_3_16,Boredom,Boredom,0.8397481114772836,0.7935095308732054,0.7144745293460681,0.022882728417121,0.0367404526389111,0.0184364591974829,0.0462385806040781,0.0158256855523523,0.020127982112771,0.8397481114772836,Boredom,0.8397481114772836,0.7935095308732054,0.7144745293460681,0.022882728417121002,0.036740452638911104,0.018436459197482904,0.04623858060407811,0.015825685552352302,0.020127982112771003,0.8397481114772836,Boredom,0.8397481114772836,0.7935095308732054,0.7144745293460681,0.022882728417121002,0.0367404526389111,0.018436459197482904,0.04623858060407811,0.015825685552352302,0.020127982112771003,0.8397481114772836,Boredom,0.27672358490313653,0.07952819556806318,1.79134382012964,0.14071273632387332,0.19719538933507336,0.03151040861895771,0.18318680835015813,0.08138933821907002,0.08928173424973092,0.27672358490313653,Boredom,0.8397481114772836,0.7935095308732054,0.7144745293460681,0.022882728417121,0.0367404526389111,0.0184364591974829,0.0462385806040781,0.0158256855523523,0.020127982112771,0.8397481114772836,False,True,True,True,True,True,True,True,remained correct,False,False,False,False
7_1_4_10,Disgust,Happy,0.29893000421127286,0.01766710595760823,1.6453124864232251,0.022881600123219104,0.29893000421127286,0.03990431078313081,0.07488778776618452,0.28126289825366463,0.20895259952361286,0.07318079933891532,Happy,0.29893000421127286,0.017667105957608287,1.6453124864232251,0.022881600123219104,0.29893000421127286,0.03990431078313081,0.07488778776618452,0.2812628982536646,0.20895259952361286,0.07318079933891532,Happy,0.2989300042112728,0.017667105957608287,1.645312486423225,0.0228816001232191,0.2989300042112728,0.0399043107831308,0.0748877877661845,0.2812628982536645,0.20895259952361284,0.07318079933891532,Fear,0.20261814863484964,0.029805147412839406,1.9017380437139255,0.07653288981994462,0.12763226539418612,0.15492018591197754,0.09734951296287973,0.20261814863484964,0.16813399605415202,0.17281300122201024,Happy,0.29893000421127286,0.017667105957608287,1.6453124864232251,0.022881600123219104,0.29893000421127286,0.03990431078313081,0.07488778776618452,0.2812628982536646,0.20895259952361286,0.07318079933891532,False,False,False,False,False,False,False,False,remained incorrect,False,False,False,False
1_0_4_22,Disgust,Disgust,0.5886155102525106,0.4050399369825127,1.2679476632414932,0.18357557326999782,0.08752387349275892,0.013809838538255301,0.024393665968919502,0.018922767391119904,0.5886155102525106,0.08315877108643802,Disgust,0.5886155102525105,0.4050399369825126,1.2679476632414934,0.18357557326999782,0.08752387349275892,0.013809838538255303,0.024393665968919506,0.018922767391119904,0.5886155102525105,0.08315877108643802,Disgust,0.5886155102525105,0.40503993698251267,1.2679476632414932,0.1835755732699978,0.0875238734927589,0.0138098385382553,0.024393665968919495,0.018922767391119904,0.5886155102525105,0.083158771086438,Disgust,0.27925575027100713,0.07013919856210898,1.8165402709647482,0.20911655170889815,0.12243736540952432,0.04352067062546441,0.09406572515353352,0.14929817668423262,0.27925575027100713,0.10230576014733983,Disgust,0.5886155102525107,0.40503993698251284,1.2679476632414928,0.18357557326999785,0.08752387349275893,0.013809838538255206,0.02439366596891941,0.018922767391119907,0.5886155102525107,0.08315877108643803,False,True,True,True,True,True,True,True,remained correct,False,False,False,False
9_1_4_09,Disgust,Disgust,0.8147012741390901,0.7645499798971338,0.7924151252540187,0.0497081253286506,0.0501512942419563,0.0263294718571284,0.013253387787647,0.0221687093600144,0.8147012741390901,0.0236877372855132,Disgust,0.8147012741390901,0.7645499798971338,0.7924151252540187,0.04970812532865061,0.050151294241956315,0.026329471857128407,0.013253387787647003,0.022168709360014402,0.8147012741390901,0.023687737285513207,Disgust,0.8147012741390902,0.7645499798971339,0.7924151252540186,0.049708125328650606,0.050151294241956315,0.026329471857128403,0.013253387787647002,0.022168709360014402,0.8147012741390902,0.023687737285513204,Disgust,0.28539991228272377,0.13031085709466433,1.8473346908116168,0.059992632169262504,0.12725685975976483,0.14959513617313272,0.13160323060378762,0.15508905518805943,0.28539991228272377,0.09106317382326912,Disgust,0.8147012741390901,0.7645499798971338,0.7924151252540187,0.0497081253286506,0.0501512942419563,0.0263294718571284,0.013253387787647,0.0221687093600144,0.8147012741390901,0.0236877372855132,False,True,True,True,True,True,True,True,remained correct,False,False,False,False
6_1_3_23,Boredom,Boredom,0.8152088765774509,0.762298635136228,0.7965077700840993,0.0529102414412229,0.032792126272675,0.0171329545279127,0.018565368270121,0.0335823684055489,0.0298080645050686,0.8152088765774509,Boredom,0.8152088765774509,0.762298635136228,0.7965077700840995,0.052910241441222916,0.032792126272675005,0.017132954527912702,0.018565368270121004,0.03358236840554891,0.029808064505068607,0.8152088765774509,Boredom,0.8152088765774509,0.762298635136228,0.7965077700840993,0.052910241441222916,0.032792126272675005,0.0171329545279127,0.018565368270121,0.0335823684055489,0.029808064505068607,0.8152088765774509,Fear,0.32183462001965407,0.12491214879600082,1.768570749275863,0.049586314615805815,0.06736509752057421,0.08625475344751632,0.10808014248729332,0.32183462001965407,0.19692247122365325,0.16995660068550292,Boredom,0.8152088765774509,0.762298635136228,0.7965077700840993,0.0529102414412229,0.032792126272675,0.0171329545279127,0.018565368270121,0.0335823684055489,0.0298080645050686,0.8152088765774509,False,False,False,True,True,True,False,True,remained correct,False,False,False,False
1_0_6_40,Neutral,Neutral,0.7514651553653156,0.668858576804665,0.9658676059703649,0.7514651553653156,0.0454946397652158,0.0197016538935915,0.0175156821511426,0.0597959106012553,0.0826065785606506,0.0234203796628286,Neutral,0.7514651553653156,0.668858576804665,0.9658676059703649,0.7514651553653156,0.0454946397652158,0.0197016538935915,0.0175156821511426,0.0597959106012553,0.0826065785606506,0.0234203796628286,Neutral,0.7514651553653156,0.668858576804665,0.9658676059703649,0.7514651553653156,0.0454946397652158,0.0197016538935915,0.017515682151142603,0.0597959106012553,0.0826065785606506,0.0234203796628286,Boredom,0.24041040798626714,0.0432512329471631,1.8387682588323941,0.17433977138593013,0.12242376370346193,0.042426331409005306,0.07970063122682831,0.14353991924940313,0.19715917503910405,0.24041040798626714,Neutral,0.7514651553653156,0.668858576804665,0.9658676059703649,0.7514651553653156,0.0454946397652158,0.0197016538935915,0.0175156821511426,0.0597959106012553,0.0826065785606506,0.0234203796628286,False,False,False,True,True,True,False,True,remained correct,False,False,False,False
8_1_7_25,Sad,Sad,0.6360376356087492,0.4444799154098064,1.1724890571786717,0.021188787691490702,0.034157338844670905,0.19155772019894274,0.6360376356087492,0.057598331912072205,0.021468632357847402,0.03799155338622711,Sad,0.636037635608749,0.4444799154098063,1.1724890571786717,0.021188787691490702,0.034157338844670905,0.19155772019894274,0.636037635608749,0.057598331912072205,0.021468632357847402,0.03799155338622711,Sad,0.636037635608749,0.44447991540980636,1.1724890571786717,0.021188787691490702,0.0341573388446709,0.19155772019894268,0.636037635608749,0.0575983319120722,0.0214686323578474,0.0379915533862271,Sad,0.512735912044233,0.3574238285739503,1.5099766615749224,0.044021344897068604,0.056101153621196616,0.050194128336669114,0.512735912044233,0.11543087340882423,0.06620450422172572,0.15531208347028272,Sad,0.6360376356087492,0.44447991540980647,1.1724890571786712,0.021188787691490702,0.034157338844670905,0.19155772019894265,0.6360376356087492,0.057598331912072115,0.021468632357847402,0.03799155338622711,False,True,True,True,True,True,True,True,remained correct,False,False,False,False
8_1_1_11,Angry,Angry,0.9121569070657958,0.887430407649733,0.45038546731332146,0.0102248045925117,0.0147895082486916,0.9121569070657958,0.0119851696682109,0.0247264994160627,0.0105779301247505,0.0155391808839768,Angry,0.9121569070657958,0.887430407649733,0.4503854673133215,0.010224804592511702,0.014789508248691604,0.9121569070657958,0.011985169668210904,0.024726499416062708,0.010577930124750501,0.015539180883976803,Angry,0.9121569070657957,0.887430407649733,0.4503854673133216,0.0102248045925117,0.014789508248691598,0.9121569070657957,0.011985169668210898,0.024726499416062697,0.0105779301247505,0.015539180883976798,Angry,0.5303246749420786,0.32855002803159034,1.4089821922727044,0.021817780640823903,0.04080249469055601,0.5303246749420786,0.10007885082611513,0.20177464691048824,0.03731031566768691,0.06789123632225111,Angry,0.9121569070657958,0.887430407649733,0.45038546731332146,0.0102248045925117,0.0147895082486916,0.9121569070657958,0.0119851696682109,0.0247264994160627,0.0105779301247505,0.0155391808839768,False,True,True,True,True,True,True,True,remained correct,False,False,False,False
2_0_1_30,Angry,Disgust,0.5040699131689927,0.15358352892429533,1.1715633780773689,0.015484131984690504,0.018376595424033706,0.3504863842446974,0.012247847560926204,0.08687989382596693,0.5040699131689927,0.012455233790692603,Disgust,0.5040699131689925,0.15358352892429517,1.1715633780773698,0.015484131984690602,0.018376595424033703,0.35048638424469736,0.012247847560926301,0.08687989382596692,0.5040699131689925,0.012455233790692702,Disgust,0.5040699131689925,0.15358352892429517,1.171563378077369,0.015484131984690546,0.018376595424033703,0.35048638424469736,0.012247847560926246,0.08687989382596692,0.5040699131689925,0.012455233790692646,Angry,0.6454978440124919,0.5418592380181477,1.254579076142519,0.034289819932477504,0.054547380060546505,0.6454978440124919,0.032789846213787305,0.10363860599434412,0.07916523081418891,0.050071272972163704,Disgust,0.5040699131689927,0.1535835289242954,1.1715633780773687,0.015484131984690501,0.018376595424033703,0.35048638424469736,0.012247847560926202,0.08687989382596692,0.5040699131689927,0.012455233790692601,False,False,False,False,False,False,True,False,remained incorrect,False,False,False,False
1_0_7_50,Sad,Sad,0.5183460977870951,0.33576677704480595,1.4716460856003277,0.0512583533010926,0.0325405694396707,0.1825793207422891,0.5183460977870951,0.0418300714859549,0.0845895485538007,0.0888560386900969,Sad,0.5183460977870951,0.33576677704480595,1.471646085600328,0.051258353301092616,0.03254056943967071,0.18257932074228914,0.5183460977870951,0.041830071485954905,0.08458954855380071,0.08885603869009691,Sad,0.5183460977870951,0.33576677704480595,1.4716460856003277,0.05125835330109261,0.03254056943967071,0.18257932074228914,0.5183460977870951,0.0418300714859549,0.08458954855380071,0.08885603869009691,Sad,0.4025510163228647,0.2336134278746381,1.6204617357574904,0.10969859280730612,0.026559665966757507,0.016905241538057805,0.4025510163228647,0.16893758844822662,0.13766320630288584,0.13768468861390143,Sad,0.5183460977870951,0.33576677704480595,1.4716460856003277,0.0512583533010926,0.0325405694396707,0.1825793207422891,0.5183460977870951,0.0418300714859549,0.0845895485538007,0.0888560386900969,False,True,True,True,True,True,True,True,remained correct,False,False,False,False
7_1_7_48,Sad,Sad,0.8443716479176681,0.767432868457068,0.6579506184164916,0.0102883531334954,0.0150023400136574,0.0128897745231414,0.8443716479176681,0.0769387794606,0.0092194849717297,0.031289619979708,Sad,0.8443716479176681,0.767432868457068,0.6579506184164918,0.010288353133495402,0.015002340013657401,0.012889774523141401,0.8443716479176681,0.07693877946060002,0.009219484971729702,0.03128961997970801,Sad,0.8443716479176682,0.7674328684570682,0.6579506184164916,0.010288353133495402,0.015002340013657401,0.012889774523141401,0.8443716479176682,0.07693877946060002,0.0092194849717297,0.03128961997970801,Angry,0.4440762926711285,0.2511649506767635,1.5983862410237457,0.06530926276279435,0.19291134199436502,0.4440762926711285,0.08409459613304913,0.12150838371391937,0.030236742688037017,0.06186338003670674,Sad,0.8443716479176681,0.767432868457068,0.6579506184164916,0.0102883531334954,0.0150023400136574,0.0128897745231414,0.8443716479176681,0.0769387794606,0.0092194849717297,0.031289619979708,False,False,False,True,True,True,False,True,remained correct,False,False,False,False
7_1_4_05,Disgust,Fear,0.30304153160380276,0.08097018125841654,1.6715888332695166,0.14405075658308258,0.030080183693236416,0.22207135034538622,0.03698206563857142,0.30304153160380276,0.2205466476870363,0.04322746444888432,Fear,0.30304153160380265,0.08097018125841643,1.6715888332695163,0.14405075658308253,0.030080183693236503,0.22207135034538622,0.036982065638571406,0.30304153160380265,0.22054664768703633,0.043227464448884305,Fear,0.30304153160380276,0.08097018125841654,1.6715888332695163,0.14405075658308256,0.030080183693236458,0.22207135034538622,0.03698206563857141,0.30304153160380276,0.22054664768703633,0.04322746444888431,Disgust,0.29228058472322316,0.12014362185835564,1.795927415384614,0.15876062427855683,0.16882602366706442,0.08119992106215741,0.17213696286486752,0.09116281683114481,0.29228058472322316,0.03563306657298591,Fear,0.30304153160380276,0.08097018125841654,1.671588833269516,0.14405075658308253,0.030080183693236402,0.22207135034538622,0.036982065638571406,0.30304153160380276,0.22054664768703633,0.043227464448884305,False,False,False,False,False,False,True,False,remained incorrect,False,False,False,False
6_1_7_05,Sad,Sad,0.6419950183458385,0.44222439185806367,1.1429016904721891,0.014555906771131302,0.038081910851289105,0.04636003241456261,0.6419950183458385,0.19977062648777483,0.026934924715580903,0.032301580413822806,Sad,0.6419950183458384,0.4422243918580635,1.1429016904721891,0.014555906771131303,0.038081910851289105,0.04636003241456261,0.6419950183458384,0.19977062648777485,0.026934924715580906,0.032301580413822806,Sad,0.6419950183458385,0.44222439185806367,1.1429016904721891,0.014555906771131303,0.038081910851289105,0.046360032414562616,0.6419950183458385,0.19977062648777483,0.026934924715580906,0.032301580413822806,Fear,0.3755724181540424,0.13122836964711576,1.5988206525333115,0.023049378910291504,0.04603208540142561,0.24434404850692665,0.18093938611065882,0.3755724181540424,0.04435841949979841,0.08570426341685651,Sad,0.6419950183458385,0.4422243918580637,1.1429016904721891,0.0145559067711313,0.0380819108512891,0.0463600324145626,0.6419950183458385,0.1997706264877748,0.0269349247155809,0.0323015804138228,False,False,False,True,True,True,False,True,remained correct,False,False,False,False
4_0_3_47,Boredom,Boredom,0.8719441920821402,0.8357783253427142,0.6034827145809409,0.0132949268681721,0.0217055706353731,0.0147950830960877,0.0266269612610287,0.036165866739426,0.0154673993177722,0.8719441920821402,Boredom,0.8719441920821402,0.8357783253427142,0.603482714580941,0.013294926868172106,0.021705570635373105,0.014795083096087706,0.02662696126102871,0.03616586673942601,0.015467399317772206,0.8719441920821402,Boredom,0.8719441920821402,0.8357783253427142,0.6034827145809409,0.013294926868172102,0.021705570635373102,0.014795083096087704,0.026626961261028707,0.036165866739426004,0.015467399317772204,0.8719441920821402,Boredom,0.48796304273948504,0.3363520574483006,1.5193462680853331,0.12512496557065714,0.046363903350517106,0.013975313481777102,0.10867352510652421,0.15161098529118444,0.06628826445985492,0.48796304273948504,Boredom,0.8719441920821402,0.8357783253427142,0.6034827145809409,0.0132949268681721,0.0217055706353731,0.0147950830960877,0.0266269612610287,0.036165866739426,0.0154673993177722,0.8719441920821402,False,True,True,True,True,True,True,True,remained correct,False,False,False,False
1_0_4_47,Disgust,Disgust,0.7344730686034893,0.610200897740915,0.9605825136712219,0.0285492112215786,0.0185022971400611,0.065802556013482,0.0116751137420389,0.1242721708625743,0.7344730686034893,0.0167255824167758,Disgust,0.7344730686034893,0.6102008977409149,0.9605825136712222,0.028549211221578604,0.018502297140061102,0.06580255601348202,0.011675113742038902,0.12427217086257432,0.7344730686034893,0.016725582416775804,Disgust,0.7344730686034893,0.610200897740915,0.960582513671222,0.028549211221578604,0.018502297140061102,0.065802556013482,0.011675113742038902,0.1242721708625743,0.7344730686034893,0.016725582416775804,Fear,0.36329117223333773,0.2209102560140718,1.7807036742458648,0.07021004654904911,0.10213427503697382,0.10041946698356342,0.09422916250852192,0.36329117223333773,0.14238091621926593,0.12733496046928794,Disgust,0.7344730686034893,0.610200897740915,0.9605825136712219,0.0285492112215786,0.0185022971400611,0.065802556013482,0.0116751137420389,0.1242721708625743,0.7344730686034893,0.0167255824167758,False,False,False,True,True,True,False,True,remained correct,False,False,False,False
10_1_3_36,Boredom,Boredom,0.9192248366399058,0.8972522584961183,0.42098463129437524,0.0098409655439009,0.0219725781437875,0.0095974370470554,0.0169372734971622,0.0097876723728614,0.0126392367553268,0.9192248366399058,Boredom,0.9192248366399058,0.8972522584961183,0.4209846312943753,0.009840965543900902,0.021972578143787502,0.009597437047055402,0.016937273497162203,0.009787672372861402,0.012639236755326803,0.9192248366399058,Boredom,0.9192248366399058,0.8972522584961183,0.4209846312943753,0.009840965543900902,0.021972578143787502,0.009597437047055402,0.016937273497162203,0.009787672372861402,0.012639236755326801,0.9192248366399058,Boredom,0.47291552403308507,0.3196756652730507,1.537217942329662,0.15323985876003435,0.15132694831703755,0.012611569417599503,0.05681052569999472,0.08769671760281363,0.06539885616943522,0.47291552403308507,Boredom,0.9192248366399058,0.8972522584961183,0.42098463129437524,0.0098409655439009,0.0219725781437875,0.0095974370470554,0.0169372734971622,0.0097876723728614,0.0126392367553268,0.9192248366399058,False,True,True,True,True,True,True,True,remained correct,False,False,False,False
10_1_2_02,Fear,Fear,0.6247807236778569,0.45881043651333236,1.2447377955430918,0.0466130721350808,0.0523138926800502,0.0570767357363003,0.0316738885753133,0.6247807236778569,0.1659702871645245,0.021571400030874,Fear,0.6247807236778569,0.4588104365133323,1.2447377955430918,0.046613072135080806,0.05231389268005021,0.057076735736300316,0.03167388857531331,0.6247807236778569,0.16597028716452453,0.021571400030874002,Fear,0.6247807236778569,0.4588104365133323,1.2447377955430918,0.0466130721350808,0.05231389268005021,0.05707673573630031,0.03167388857531331,0.6247807236778569,0.16597028716452453,0.021571400030874002,Fear,0.36937973879568453,0.14048235845613044,1.6733258581628334,0.07453164449933072,0.12741172563475894,0.07502482562210692,0.10286861020731283,0.36937973879568453,0.2288973803395541,0.021886074901252106,Fear,0.6247807236778569,0.45881043651333236,1.2447377955430918,0.0466130721350808,0.0523138926800502,0.0570767357363003,0.0316738885753133,0.6247807236778569,0.1659702871645245,0.021571400030874,False,True,True,True,True,True,True,True,remained correct,False,False,False,False
9_1_3_04,Boredom,Boredom,0.668125065859709,0.4976724954278518,1.112635202034118,0.0414713491515071,0.051280222445316,0.0170513980674699,0.0209947019329535,0.1704525704318572,0.0306246921111873,0.668125065859709,Boredom,0.668125065859709,0.49767249542785175,1.112635202034118,0.04147134915150711,0.051280222445316014,0.017051398067469904,0.020994701932953504,0.17045257043185721,0.030624692111187308,0.668125065859709,Boredom,0.668125065859709,0.49767249542785175,1.112635202034118,0.04147134915150711,0.05128022244531601,0.0170513980674699,0.020994701932953504,0.17045257043185721,0.030624692111187304,0.668125065859709,Boredom,0.4180905900923454,0.11717851614888652,1.4943887275050787,0.30091207394345887,0.07016377578997872,0.010470637820465901,0.04874900575213861,0.05822301462592301,0.09339090197568951,0.4180905900923454,Boredom,0.668125065859709,0.4976724954278518,1.112635202034118,0.0414713491515071,0.051280222445316,0.0170513980674699,0.0209947019329535,0.1704525704318572,0.0306246921111873,0.668125065859709,False,True,True,True,True,True,True,True,remained correct,False,False,False,False
6_1_3_25,Boredom,Boredom,0.6645060180154183,0.5254580391253276,1.1452844024423066,0.0850121865007262,0.1390479788900907,0.0188307658975838,0.0440198073391488,0.015727552708068,0.0328556906489642,0.6645060180154183,Boredom,0.6645060180154183,0.5254580391253276,1.1452844024423068,0.08501218650072621,0.13904797889009074,0.018830765897583805,0.04401980733914881,0.015727552708068002,0.03285569064896421,0.6645060180154183,Boredom,0.6645060180154183,0.5254580391253276,1.1452844024423068,0.0850121865007262,0.13904797889009074,0.018830765897583805,0.04401980733914881,0.015727552708068002,0.03285569064896421,0.6645060180154183,Angry,0.34497984832123296,0.15346718317424257,1.7281567307423389,0.03500083007327661,0.14338492923285487,0.34497984832123296,0.11538687315905476,0.1915126651469904,0.04528021393764262,0.12445464012894786,Boredom,0.6645060180154183,0.5254580391253276,1.1452844024423066,0.0850121865007262,0.1390479788900907,0.0188307658975838,0.0440198073391488,0.015727552708068,0.0328556906489642,0.6645060180154183,False,False,False,True,True,True,False,True,remained correct,False,False,False,False
8_1_6_45,Neutral,Neutral,0.7577286169954932,0.6680106227536501,0.9491274264966075,0.7577286169954932,0.030176088723962304,0.023105771971780903,0.027135268549544303,0.052363644367186706,0.08971799424184311,0.019772615150189604,Neutral,0.7577286169954931,0.66801062275365,0.9491274264966079,0.7577286169954931,0.030176088723962317,0.023105771971780913,0.027135268549544313,0.052363644367186726,0.08971799424184315,0.01977261515018961,Neutral,0.757728616995493,0.6680106227536499,0.9491274264966078,0.757728616995493,0.030176088723962304,0.023105771971780906,0.027135268549544303,0.052363644367186706,0.08971799424184311,0.019772615150189608,Disgust,0.3077415525328142,0.05127288619523429,1.6140339930966077,0.2564686663375799,0.2464800486205735,0.021884931978923307,0.03710630660747841,0.08232504791162193,0.3077415525328142,0.04799344601100891,Neutral,0.7577286169954932,0.6680106227536501,0.9491274264966074,0.7577286169954932,0.0301760887239623,0.0231057719717809,0.0271352685495443,0.0523636443671867,0.0897179942418431,0.0197726151501896,False,False,False,True,True,True,False,True,remained correct,False,False,False,False
8_1_6_24,Neutral,Neutral,0.8117220966130303,0.7627316424642145,0.8027257020392631,0.8117220966130303,0.022620042791503002,0.015865773608367405,0.047691536500731206,0.016833680873307603,0.04899045414881581,0.03627641546424481,Neutral,0.8117220966130302,0.7627316424642143,0.8027257020392634,0.8117220966130302,0.02262004279150301,0.015865773608367408,0.04769153650073122,0.016833680873307607,0.048990454148815823,0.036276415464244816,Neutral,0.8117220966130301,0.7627316424642143,0.8027257020392633,0.8117220966130301,0.022620042791503002,0.0158657736083674,0.0476915365007312,0.016833680873307603,0.04899045414881581,0.03627641546424481,Neutral,0.36183507054877523,0.08828864067098469,1.5920104165383087,0.36183507054877523,0.08703654004732461,0.0032003708792166007,0.13297183088381953,0.05354679330475541,0.08786296445831801,0.27354642987779054,Neutral,0.8117220966130303,0.7627316424642144,0.8027257020392633,0.8117220966130303,0.022620042791503002,0.015865773608367405,0.04769153650073121,0.016833680873307603,0.04899045414881582,0.03627641546424481,False,True,True,True,True,True,True,True,remained correct,False,False,False,False
8_1_4_43,Disgust,Fear,0.4531002200783707,0.1151518196270851,1.3733547142076714,0.03666922131097,0.0459501013731366,0.036033533020386,0.0205184900305962,0.4531002200783707,0.3379484004512856,0.0697800337352549,Fear,0.4531002200783707,0.11515181962708515,1.3733547142076714,0.03666922131097001,0.045950101373136605,0.036033533020386005,0.020518490030596203,0.4531002200783707,0.33794840045128555,0.06978003373525492,Fear,0.4531002200783707,0.1151518196270851,1.3733547142076714,0.03666922131097001,0.045950101373136605,0.036033533020386005,0.020518490030596203,0.4531002200783707,0.3379484004512856,0.06978003373525492,Angry,0.3646797621093583,0.1054585685112569,1.554615566514349,0.03266408780394761,0.07030620623054623,0.3646797621093583,0.05658345200806062,0.20518177311578356,0.2592211935981014,0.011363525134202303,Fear,0.4531002200783707,0.1151518196270851,1.3733547142076714,0.03666922131097,0.0459501013731366,0.036033533020386,0.0205184900305962,0.4531002200783707,0.3379484004512856,0.0697800337352549,False,False,False,False,False,False,False,False,remained incorrect,False,False,False,False
8_1_6_31,Neutral,Neutral,0.6605277463442591,0.5600589576476587,1.205210947472724,0.6605277463442591,0.1004687886966005,0.0179077202130907,0.0549615206468229,0.0812272258990657,0.0307919847784815,0.0541150134216794,Neutral,0.6605277463442591,0.5600589576476587,1.205210947472724,0.6605277463442591,0.1004687886966005,0.0179077202130907,0.0549615206468229,0.0812272258990657,0.0307919847784815,0.0541150134216794,Neutral,0.6605277463442591,0.5600589576476587,1.205210947472724,0.6605277463442591,0.1004687886966005,0.0179077202130907,0.0549615206468229,0.0812272258990657,0.030791984778481503,0.0541150134216794,Happy,0.46767074660290847,0.24473611521276054,1.4761043727909502,0.22293463139014794,0.46767074660290847,0.013460029316164702,0.027538280572217605,0.04728967143678311,0.12563371649773622,0.09547292418404191,Neutral,0.6605277463442591,0.5600589576476587,1.205210947472724,0.6605277463442591,0.1004687886966005,0.0179077202130907,0.0549615206468229,0.0812272258990657,0.0307919847784815,0.0541150134216794,False,False,False,True,True,True,False,True,remained correct,False,False,False,False
4_0_3_31,Boredom,Boredom,0.6000705338245725,0.4807954786999159,1.348202201163072,0.08465351838484501,0.05037225953880771,0.024230682264173502,0.07085495572842071,0.11927505512465661,0.05054299513452401,0.6000705338245725,Boredom,0.6000705338245724,0.4807954786999158,1.348202201163072,0.08465351838484501,0.050372259538807716,0.024230682264173506,0.07085495572842071,0.11927505512465662,0.05054299513452402,0.6000705338245724,Boredom,0.6000705338245724,0.4807954786999158,1.348202201163072,0.08465351838484503,0.05037225953880771,0.024230682264173506,0.07085495572842071,0.11927505512465661,0.05054299513452401,0.6000705338245724,Neutral,0.27720167289261916,0.10200707778388493,1.8067798884329969,0.27720167289261916,0.052359690637769615,0.046031755443372006,0.17025289841438002,0.12701675777048083,0.17519459510873422,0.15194262973264414,Boredom,0.6000705338245725,0.4807954786999159,1.348202201163072,0.08465351838484501,0.05037225953880771,0.024230682264173502,0.07085495572842071,0.11927505512465661,0.05054299513452401,0.6000705338245725,False,False,False,True,True,True,False,True,remained correct,False,False,False,False
6_1_4_29,Disgust,Disgust,0.7712821611203396,0.6757961766410217,0.8991832482044372,0.0299527279151632,0.0271481454707877,0.0103136028702598,0.095485984479318,0.0358340878561892,0.7712821611203396,0.0299832902879425,Disgust,0.7712821611203396,0.6757961766410217,0.8991832482044374,0.029952727915163208,0.027148145470787706,0.010313602870259802,0.09548598447931803,0.03583408785618921,0.7712821611203396,0.029983290287942506,Disgust,0.7712821611203395,0.6757961766410215,0.8991832482044372,0.0299527279151632,0.027148145470787696,0.0103136028702598,0.095485984479318,0.035834087856189197,0.7712821611203395,0.0299832902879425,Boredom,0.4858065138249537,0.26103117418039024,1.471138310475367,0.08190574042947604,0.06408040734796673,0.009731017060924803,0.2247753396445635,0.05300141454411262,0.08069956714800264,0.4858065138249537,Disgust,0.7712821611203396,0.6757961766410217,0.8991832482044372,0.0299527279151632,0.0271481454707877,0.0103136028702598,0.095485984479318,0.0358340878561892,0.7712821611203396,0.0299832902879425,False,False,False,True,True,True,False,True,remained correct,False,False,False,False
9_1_1_15,Angry,Angry,0.8418734517958991,0.774729444898766,0.6868740588515215,0.0162132432285268,0.0194326192999441,0.8418734517958991,0.0144599475385825,0.0671440068971331,0.0126102063958189,0.0282665248440955,Angry,0.841873451795899,0.7747294448987658,0.6868740588515219,0.016213243228526807,0.019432619299944106,0.841873451795899,0.014459947538582507,0.06714400689713312,0.012610206395818906,0.028266524844095513,Angry,0.8418734517958991,0.774729444898766,0.6868740588515219,0.016213243228526804,0.019432619299944102,0.8418734517958991,0.014459947538582504,0.06714400689713311,0.012610206395818904,0.02826652484409551,Angry,0.5841171036479063,0.4804297787825752,1.374455831033871,0.02348841233989441,0.10368732486533104,0.5841171036479063,0.03554223899557001,0.10099912152180295,0.09515356062466535,0.057012238004830025,Angry,0.8418734517958991,0.774729444898766,0.6868740588515215,0.0162132432285268,0.0194326192999441,0.8418734517958991,0.0144599475385825,0.0671440068971331,0.0126102063958189,0.0282665248440955,False,True,True,True,True,True,True,True,remained correct,False,False,False,False
10_1_6_22,Neutral,Neutral,0.8451759419087888,0.7932252838914641,0.6730960474200612,0.8451759419087888,0.0519506580173247,0.0107204769332725,0.0186239963426208,0.0101921776157388,0.0497167036129861,0.0136200455692684,Neutral,0.8451759419087886,0.793225283891464,0.6730960474200613,0.8451759419087886,0.05195065801732472,0.010720476933272506,0.018623996342620807,0.010192177615738806,0.04971670361298612,0.013620045569268406,Neutral,0.8451759419087888,0.7932252838914641,0.6730960474200612,0.8451759419087888,0.051950658017324715,0.010720476933272504,0.018623996342620804,0.010192177615738804,0.04971670361298611,0.013620045569268404,Happy,0.2591875079206991,0.00264926056369158,1.7806896276059918,0.14534092353184244,0.2591875079206991,0.029684440555437813,0.07660427491806703,0.12236088047875776,0.25653824735700753,0.11028372523818836,Neutral,0.8451759419087888,0.7932252838914641,0.6730960474200612,0.8451759419087888,0.0519506580173247,0.0107204769332725,0.0186239963426208,0.0101921776157388,0.0497167036129861,0.0136200455692684,False,False,False,True,True,True,False,True,remained correct,False,False,False,False
1_0_6_02,Neutral,Neutral,0.8118474750046426,0.7696407964577298,0.8061363097888964,0.8118474750046426,0.0132002185269757,0.0175433029621766,0.0422066785469128,0.0419088979773713,0.0358388752289161,0.0374545517530047,Neutral,0.8118474750046426,0.7696407964577298,0.8061363097888964,0.8118474750046426,0.0132002185269757,0.0175433029621766,0.0422066785469128,0.0419088979773713,0.0358388752289161,0.0374545517530047,Neutral,0.8118474750046427,0.7696407964577299,0.8061363097888963,0.8118474750046427,0.013200218526975702,0.0175433029621766,0.0422066785469128,0.04190889797737131,0.0358388752289161,0.0374545517530047,Boredom,0.24085841399506117,0.001185616823737523,1.7413229896409275,0.11062858831582353,0.026225515488493806,0.032011904454625706,0.23967279717132364,0.15014237703927924,0.20046040353539285,0.24085841399506117,Neutral,0.8118474750046426,0.7696407964577298,0.8061363097888964,0.8118474750046426,0.0132002185269757,0.0175433029621766,0.0422066785469128,0.0419088979773713,0.0358388752289161,0.0374545517530047,False,False,False,True,True,True,False,True,remained correct,False,False,False,False
8_1_5_11,Happy,Happy,0.6314221421039039,0.49253889538652496,1.2407154833307785,0.06398409227535781,0.6314221421039039,0.031973614960381605,0.024120638690539303,0.024362889536505103,0.13888324671737892,0.08525337571593342,Happy,0.6314221421039038,0.49253889538652484,1.2407154833307785,0.06398409227535783,0.6314221421039038,0.03197361496038161,0.024120638690539306,0.024362889536505106,0.13888324671737895,0.08525337571593343,Happy,0.6314221421039038,0.49253889538652484,1.2407154833307785,0.06398409227535781,0.6314221421039038,0.031973614960381605,0.0241206386905393,0.024362889536505096,0.13888324671737892,0.08525337571593342,Happy,0.3552410172423201,0.13951700303447542,1.669691750309973,0.21572401420784468,0.3552410172423201,0.03923560104582531,0.03951615902402331,0.10311544255332032,0.18741823671979405,0.05974952920687232,Happy,0.631422142103904,0.49253889538652507,1.2407154833307779,0.06398409227535783,0.631422142103904,0.03197361496038161,0.024120638690539205,0.024362889536505006,0.13888324671737895,0.08525337571593343,False,True,True,True,True,True,True,True,remained correct,False,False,False,False
10_1_5_15,Happy,Happy,0.5802953550819202,0.4598768950400515,1.409384374382348,0.0664814622879266,0.5802953550819202,0.1204184600418687,0.0535920181206567,0.0574023756736983,0.0468191201041434,0.074991208689786,Happy,0.5802953550819202,0.4598768950400515,1.409384374382348,0.0664814622879266,0.5802953550819202,0.1204184600418687,0.0535920181206567,0.0574023756736983,0.0468191201041434,0.074991208689786,Happy,0.5802953550819203,0.4598768950400516,1.4093843743823475,0.06648146228792662,0.5802953550819203,0.12041846004186871,0.0535920181206567,0.057402375673698304,0.04681912010414341,0.07499120868978601,Happy,0.25603771433857103,0.027833380405128116,1.8001434163284014,0.13620601360195622,0.25603771433857103,0.037634912420017604,0.06124166784315681,0.22820433393344292,0.16097684987486252,0.11969850798799292,Happy,0.5802953550819202,0.4598768950400515,1.409384374382348,0.0664814622879266,0.5802953550819202,0.1204184600418687,0.0535920181206567,0.0574023756736983,0.0468191201041434,0.074991208689786,False,True,True,True,True,True,True,True,remained correct,False,False,False,False
1_0_1_16,Angry,Fear,0.595415074625422,0.34628662664941756,1.189354708482983,0.027225163924729,0.0284153130796749,0.2491284479760044,0.0475861283498799,0.595415074625422,0.0238707917756803,0.0283590802686094,Fear,0.5954150746254219,0.34628662664941745,1.189354708482983,0.027225163924729005,0.028415313079674907,0.24912844797600445,0.047586128349879915,0.5954150746254219,0.023870791775680307,0.028359080268609407,Fear,0.595415074625422,0.34628662664941756,1.189354708482983,0.027225163924729005,0.028415313079674903,0.24912844797600442,0.04758612834987991,0.595415074625422,0.023870791775680307,0.028359080268609407,Angry,0.7125576641465909,0.6147791981640022,1.0609922450260258,0.019966228691641406,0.08027872359669383,0.7125576641465909,0.03860459087076181,0.09777846598258873,0.021152600106558707,0.02966172660516451,Fear,0.595415074625422,0.34628662664941756,1.189354708482983,0.027225163924729,0.0284153130796749,0.2491284479760044,0.0475861283498799,0.595415074625422,0.0238707917756803,0.0283590802686094,False,False,False,False,False,False,True,False,remained incorrect,False,False,False,False
2_0_6_24,Neutral,Neutral,0.7422676065789129,0.6249861718053111,0.9507678690393048,0.7422676065789129,0.0619097375667307,0.0133259478423105,0.0158557900228108,0.0239121465978029,0.1172814347736017,0.0254473366178305,Neutral,0.7422676065789129,0.6249861718053111,0.950767869039305,0.7422676065789129,0.06190973756673073,0.013325947842310506,0.015855790022810807,0.02391214659780291,0.11728143477360176,0.02544733661783051,Neutral,0.7422676065789128,0.6249861718053111,0.9507678690393049,0.7422676065789128,0.06190973756673071,0.0133259478423105,0.0158557900228108,0.0239121465978029,0.1172814347736017,0.0254473366178305,Neutral,0.32117926862661167,0.113282549826862,1.7206367987139282,0.32117926862661167,0.06932958997504382,0.026882322012771208,0.08238430703669142,0.09175081745161921,0.20789671879974966,0.20057697609751304,Neutral,0.742267606578913,0.6249861718053112,0.9507678690393047,0.742267606578913,0.061909737566730724,0.013325947842310506,0.015855790022810807,0.023912146597802907,0.11728143477360174,0.025447336617830406,False,True,True,True,True,True,True,True,remained correct,False,False,False,False
6_1_6_21,Neutral,Neutral,0.5424908635504488,0.2483998460425511,1.2322064889898379,0.5424908635504488,0.048719353786294904,0.021774185123443802,0.023129813257416802,0.054240501307479906,0.29409101750789773,0.015554265467018102,Neutral,0.5424908635504487,0.248399846042551,1.2322064889898379,0.5424908635504487,0.04871935378629491,0.021774185123443802,0.023129813257416802,0.05424050130747991,0.29409101750789773,0.015554265467018104,Neutral,0.5424908635504488,0.24839984604255105,1.2322064889898379,0.5424908635504488,0.04871935378629491,0.021774185123443805,0.023129813257416802,0.05424050130747991,0.2940910175078978,0.015554265467018102,Disgust,0.34996784541767073,0.12972869293540099,1.6811214676914639,0.22023915248226975,0.15812987577337323,0.042200341244843904,0.055894523200214215,0.13646504250341102,0.34996784541767073,0.03710321937821711,Neutral,0.5424908635504488,0.24839984604255105,1.2322064889898379,0.5424908635504488,0.0487193537862949,0.0217741851234438,0.0231298132574168,0.0542405013074799,0.2940910175078978,0.0155542654670181,False,False,False,True,True,True,False,True,remained correct,False,False,False,False
10_1_5_30,Happy,Happy,0.6435051803478071,0.5134647316261878,1.1809353269242644,0.1300404487216193,0.6435051803478071,0.0180894775313406,0.0231648897623536,0.0499560775700367,0.11784288928697,0.0174010367798726,Happy,0.6435051803478071,0.5134647316261878,1.1809353269242644,0.1300404487216193,0.6435051803478071,0.0180894775313406,0.0231648897623536,0.0499560775700367,0.11784288928697,0.0174010367798726,Happy,0.6435051803478071,0.5134647316261878,1.1809353269242644,0.1300404487216193,0.6435051803478071,0.0180894775313406,0.023164889762353605,0.0499560775700367,0.11784288928697,0.0174010367798726,Disgust,0.3739980106302825,0.13714008216316861,1.6955066363000673,0.052967443757188024,0.08967260271720433,0.08290036866487273,0.07130968777185383,0.23685792846711387,0.3739980106302825,0.09229395799148483,Happy,0.6435051803478072,0.5134647316261879,1.1809353269242644,0.13004044872161932,0.6435051803478072,0.018089477531340603,0.023164889762353605,0.04995607757003671,0.11784288928696991,0.017401036779872602,False,False,False,True,True,True,False,True,remained correct,False,False,False,False
9_1_2_16,Fear,Fear,0.911697229193637,0.8875343648601636,0.45215392345837835,0.0080046258245656,0.0142922555154583,0.0241628643334735,0.0149224379736052,0.911697229193637,0.0149560105296949,0.0119645766295655,Fear,0.911697229193637,0.8875343648601636,0.4521539234583784,0.008004625824565601,0.014292255515458303,0.02416286433347351,0.014922437973605204,0.911697229193637,0.014956010529694903,0.011964576629565503,Fear,0.9116972291936372,0.8875343648601637,0.45215392345837824,0.008004625824565601,0.014292255515458301,0.024162864333473505,0.014922437973605204,0.9116972291936372,0.014956010529694901,0.011964576629565501,Angry,0.7319147065938079,0.5620162368773236,0.9087148912326284,0.008205049334218503,0.021768096870392103,0.7319147065938079,0.026939062572449907,0.16989846971648423,0.025424844308595707,0.015849770604051603,Fear,0.9116972291936372,0.8875343648601637,0.45215392345837824,0.0080046258245656,0.0142922555154583,0.0241628643334735,0.0149224379736052,0.9116972291936372,0.0149560105296949,0.0119645766295655,False,False,False,True,True,True,False,True,remained correct,False,False,False,False
2_0_6_07,Neutral,Neutral,0.5631020834021366,0.4465977285417114,1.4329821629459245,0.5631020834021366,0.0482922443392837,0.0451783259275436,0.0992698771489153,0.0857613524946081,0.1165043548604252,0.0418917618270874,Neutral,0.5631020834021366,0.4465977285417114,1.4329821629459247,0.5631020834021366,0.04829224433928371,0.04517832592754361,0.09926987714891532,0.08576135249460812,0.11650435486042521,0.041891761827087405,Neutral,0.5631020834021367,0.44659772854171154,1.4329821629459245,0.5631020834021367,0.04829224433928371,0.04517832592754361,0.0992698771489153,0.08576135249460812,0.11650435486042521,0.041891761827087405,Disgust,0.3688871674239872,0.18157590237902554,1.6615965906376788,0.18731126504496165,0.03215408315035071,0.022907847120113706,0.11190729562404145,0.10222929566092043,0.3688871674239872,0.17460304597562484,Neutral,0.5631020834021366,0.4465977285417114,1.4329821629459245,0.5631020834021366,0.0482922443392837,0.0451783259275436,0.0992698771489153,0.0857613524946081,0.1165043548604252,0.0418917618270874,False,False,False,True,True,True,False,True,remained correct,False,False,False,False
4_0_1_43,Angry,Angry,0.42872532361455856,0.24160558503638332,1.5816613396543027,0.09874953875626631,0.03961934087760561,0.42872532361455856,0.18711973857817524,0.17057446686262473,0.03739446775807661,0.037817123552693004,Angry,0.4287253236145585,0.24160558503638327,1.5816613396543027,0.09874953875626633,0.03961934087760561,0.4287253236145585,0.18711973857817524,0.17057446686262473,0.03739446775807661,0.037817123552693004,Angry,0.42872532361455856,0.24160558503638332,1.5816613396543027,0.09874953875626633,0.03961934087760561,0.42872532361455856,0.18711973857817524,0.17057446686262473,0.03739446775807661,0.03781712355269301,Angry,0.42435882880669856,0.2492438322621739,1.6267865855111219,0.05834927080621333,0.03655100378372221,0.42435882880669856,0.1589198247317969,0.17511499654452467,0.09119037352685604,0.05551570180018843,Angry,0.42872532361455856,0.24160558503638332,1.5816613396543027,0.09874953875626631,0.03961934087760561,0.42872532361455856,0.18711973857817524,0.17057446686262473,0.03739446775807661,0.037817123552693004,False,True,True,True,True,True,True,True,remained correct,False,False,False,False
8_1_6_01,Neutral,Happy,0.7920048893229678,0.7195169992751619,0.8529878072300636,0.0395944506340666,0.7920048893229678,0.0724878900478059,0.0181107772813936,0.0159809055262946,0.0411604409383868,0.0206606462490847,Happy,0.7920048893229678,0.7195169992751619,0.8529878072300637,0.03959445063406661,0.7920048893229678,0.07248789004780591,0.018110777281393604,0.015980905526294602,0.041160440938386805,0.020660646249084702,Happy,0.7920048893229678,0.7195169992751619,0.8529878072300637,0.03959445063406661,0.7920048893229678,0.07248789004780591,0.018110777281393604,0.015980905526294602,0.041160440938386805,0.020660646249084702,Happy,0.4046620684426261,0.1905491663390401,1.6322462507542705,0.12622166744186436,0.4046620684426261,0.023890842029104006,0.051828611089607714,0.08615388604938073,0.214112902103586,0.09313002284383123,Happy,0.7920048893229678,0.7195169992751619,0.8529878072300636,0.0395944506340666,0.7920048893229678,0.0724878900478059,0.0181107772813936,0.0159809055262946,0.0411604409383868,0.0206606462490847,False,True,True,False,False,False,False,False,remained incorrect,False,False,False,False
10_1_1_06,Angry,Angry,0.6499640351417242,0.4538024380529982,1.1064450179538157,0.016423029737434,0.0188483344970568,0.6499640351417242,0.0201016882656609,0.196161597088726,0.0716173607625636,0.0268839545068345,Angry,0.6499640351417242,0.4538024380529982,1.1064450179538157,0.016423029737434,0.0188483344970568,0.6499640351417242,0.0201016882656609,0.196161597088726,0.0716173607625636,0.0268839545068345,Angry,0.6499640351417242,0.4538024380529982,1.1064450179538157,0.016423029737434,0.0188483344970568,0.6499640351417242,0.020101688265660902,0.196161597088726,0.0716173607625636,0.0268839545068345,Fear,0.36473165659287177,0.09174214855541352,1.6705699506954768,0.07654151343958382,0.07613376723182101,0.08358876768171791,0.05853861858523301,0.36473165659287177,0.27298950803745825,0.06747616843131421,Angry,0.6499640351417242,0.4538024380529982,1.1064450179538157,0.016423029737434,0.0188483344970568,0.6499640351417242,0.0201016882656609,0.196161597088726,0.0716173607625636,0.0268839545068345,False,False,False,True,True,True,False,True,remained correct,False,False,False,False
6_1_5_40,Happy,Disgust,0.6433197040148096,0.5173074450826711,1.2046959024591188,0.11231299090931861,0.12601225893213852,0.032838209251458104,0.024919417415148002,0.037529075108494604,0.6433197040148096,0.023068344368632605,Disgust,0.6433197040148095,0.517307445082671,1.2046959024591188,0.11231299090931864,0.12601225893213855,0.03283820925145811,0.024919417415148006,0.03752907510849461,0.6433197040148095,0.023068344368632608,Disgust,0.6433197040148095,0.517307445082671,1.2046959024591188,0.11231299090931862,0.12601225893213852,0.03283820925145811,0.024919417415148006,0.03752907510849461,0.6433197040148095,0.023068344368632608,Disgust,0.34898976553714556,0.07237890081082371,1.6391847666149941,0.12265631686173926,0.27661086472632185,0.04250580076093822,0.06837538131359634,0.11630313125735157,0.34898976553714556,0.024558739542907312,Disgust,0.6433197040148096,0.5173074450826711,1.2046959024591188,0.11231299090931861,0.12601225893213852,0.032838209251458104,0.024919417415148002,0.037529075108494604,0.6433197040148096,0.023068344368632605,False,True,True,False,False,False,False,False,remained incorrect,False,False,False,False
8_1_5_43,Happy,Happy,0.49439793760195283,0.273902624412363,1.4511239817031056,0.09634236465266201,0.49439793760195283,0.09597111691745751,0.04221416051279821,0.028693551800228805,0.021885555325310804,0.22049531318958981,Happy,0.49439793760195283,0.273902624412363,1.4511239817031056,0.09634236465266201,0.49439793760195283,0.09597111691745751,0.04221416051279821,0.028693551800228805,0.021885555325310804,0.22049531318958981,Happy,0.4943979376019529,0.27390262441236307,1.4511239817031056,0.09634236465266201,0.4943979376019529,0.09597111691745752,0.04221416051279821,0.028693551800228805,0.021885555325310807,0.22049531318958981,Boredom,0.4258993869855635,0.23610621338761276,1.5866754207015765,0.07176447050452402,0.16485775134751463,0.021436219715924902,0.18979317359795075,0.08748091752334582,0.03876808032517641,0.4258993869855635,Happy,0.49439793760195283,0.273902624412363,1.4511239817031056,0.09634236465266201,0.49439793760195283,0.09597111691745751,0.04221416051279821,0.028693551800228805,0.021885555325310804,0.22049531318958981,False,False,False,True,True,True,False,True,remained correct,False,False,False,False
1_0_7_14,Sad,Sad,0.9185931554437398,0.8940419610566925,0.4226954305405406,0.009889913080171099,0.013022229141831097,0.012706807612598797,0.9185931554437398,0.024551194387047195,0.012908292901411596,0.008328407433200298,Sad,0.9185931554437399,0.8940419610566926,0.4226954305405406,0.009889913080171103,0.013022229141831104,0.012706807612598804,0.9185931554437399,0.02455119438704721,0.012908292901411603,0.008328407433200301,Sad,0.9185931554437399,0.8940419610566926,0.4226954305405406,0.009889913080171103,0.013022229141831102,0.012706807612598802,0.9185931554437399,0.0245511943870472,0.0129082929014116,0.0083284074332003,Sad,0.6143665295327758,0.4945580717220229,1.326642456522187,0.030823321254014612,0.056277972587994926,0.056182171402923226,0.6143665295327758,0.11980845781075296,0.06190177894148763,0.06063976847005083,Sad,0.9185931554437398,0.8940419610566925,0.4226954305405406,0.009889913080171099,0.013022229141831097,0.012706807612598797,0.9185931554437398,0.024551194387047195,0.012908292901411596,0.008328407433200298,False,True,True,True,True,True,True,True,remained correct,False,False,False,False
4_0_3_28,Boredom,Sad,0.7851938037144954,0.7106482534251585,0.876271510786938,0.0312018898165241,0.0275170110295387,0.0160800162578125,0.7851938037144954,0.0207851653720081,0.074545550289337,0.0446765635202841,Sad,0.7851938037144954,0.7106482534251584,0.8762715107869381,0.031201889816524102,0.027517011029538702,0.016080016257812503,0.7851938037144954,0.020785165372008103,0.07454555028933701,0.04467656352028411,Sad,0.7851938037144954,0.7106482534251584,0.8762715107869381,0.031201889816524102,0.027517011029538702,0.016080016257812503,0.7851938037144954,0.0207851653720081,0.07454555028933701,0.04467656352028411,Boredom,0.3511852574446886,0.12318856264453659,1.637161677943808,0.0470318546658444,0.0514235737272698,0.0235301643395397,0.2035967896807836,0.227996694800152,0.0952356653417218,0.3511852574446886,Sad,0.7851938037144954,0.7106482534251585,0.876271510786938,0.0312018898165241,0.0275170110295387,0.0160800162578125,0.7851938037144954,0.0207851653720081,0.074545550289337,0.0446765635202841,False,False,False,False,False,False,True,False,remained incorrect,False,False,False,False
7_1_3_17,Boredom,Boredom,0.7380995595032944,0.6444684650455328,1.006177126800422,0.0312960297058471,0.0936310944577616,0.0146265169501008,0.0330515550590374,0.041338749560843,0.0479564947631156,0.7380995595032944,Boredom,0.7380995595032944,0.6444684650455328,1.006177126800422,0.031296029705847106,0.09363109445776162,0.014626516950100803,0.03305155505903741,0.041338749560843005,0.047956494763115615,0.7380995595032944,Boredom,0.7380995595032944,0.6444684650455328,1.006177126800422,0.031296029705847106,0.09363109445776162,0.014626516950100801,0.03305155505903741,0.041338749560843005,0.047956494763115615,0.7380995595032944,Disgust,0.21618323321342744,0.022512182077103177,1.851592892724807,0.10594367919559453,0.18524202586622243,0.07426437976302541,0.19367105113632427,0.17077365279679843,0.21618323321342744,0.05392197802860741,Boredom,0.7380995595032944,0.6444684650455328,1.006177126800422,0.0312960297058471,0.0936310944577616,0.0146265169501008,0.0330515550590374,0.041338749560843,0.0479564947631156,0.7380995595032944,False,False,False,True,True,True,False,True,remained correct,False,False,False,False
2_0_3_07,Boredom,Boredom,0.5588835853989292,0.3658101469846206,1.298931922021004,0.028744052985662502,0.020735329396301305,0.015701143374090204,0.19307343841430863,0.14137357723103433,0.041488873199673905,0.5588835853989292,Boredom,0.5588835853989291,0.36581014698462044,1.2989319220210043,0.02874405298566251,0.020735329396301308,0.015701143374090207,0.19307343841430866,0.14137357723103436,0.04148887319967391,0.5588835853989291,Boredom,0.5588835853989291,0.3658101469846205,1.2989319220210043,0.028744052985662506,0.020735329396301308,0.015701143374090207,0.19307343841430863,0.14137357723103436,0.04148887319967391,0.5588835853989291,Boredom,0.46369016362316257,0.3391451904556134,1.6091657268813035,0.10471002526035504,0.06048154363335582,0.03077390283462791,0.11268449420388794,0.10311489727706163,0.12454497316754914,0.46369016362316257,Boredom,0.5588835853989292,0.3658101469846206,1.298931922021004,0.028744052985662502,0.020735329396301305,0.015701143374090204,0.19307343841430863,0.14137357723103433,0.041488873199673905,0.5588835853989292,False,True,True,True,True,True,True,True,remained correct,False,False,False,False
3_0_3_24,Boredom,Boredom,0.6657206692270797,0.5546921847365844,1.1730256715999596,0.1110284844904953,0.0272879675789704,0.0275331483162939,0.0817378438636469,0.0687173507437929,0.0179745357797208,0.6657206692270797,Boredom,0.6657206692270797,0.5546921847365844,1.1730256715999596,0.11102848449049532,0.027287967578970406,0.027533148316293908,0.08173784386364691,0.06871735074379291,0.017974535779720805,0.6657206692270797,Boredom,0.6657206692270797,0.5546921847365844,1.1730256715999596,0.11102848449049532,0.027287967578970403,0.027533148316293908,0.08173784386364691,0.06871735074379291,0.0179745357797208,0.6657206692270797,Sad,0.20440147374932036,0.022450861612294426,1.8815987336672546,0.18195061213702593,0.10534772578889982,0.05086472673644371,0.20440147374932036,0.13536767143015974,0.15297532781584694,0.16909246234230352,Boredom,0.6657206692270797,0.5546921847365844,1.1730256715999596,0.1110284844904953,0.0272879675789704,0.0275331483162939,0.0817378438636469,0.0687173507437929,0.0179745357797208,0.6657206692270797,False,False,False,True,True,True,False,True,remained correct,False,False,False,False
7_1_4_13,Disgust,Disgust,0.7726692368088084,0.7016420598111409,0.9023944443317214,0.0263706090976083,0.0215833014880299,0.0708887926836407,0.0183514717434184,0.0710271769976675,0.7726692368088084,0.0191094111808268,Disgust,0.7726692368088084,0.7016420598111409,0.9023944443317216,0.026370609097608307,0.021583301488029904,0.07088879268364072,0.018351471743418404,0.07102717699766752,0.7726692368088084,0.019109411180826805,Disgust,0.7726692368088084,0.7016420598111409,0.9023944443317216,0.026370609097608307,0.0215833014880299,0.0708887926836407,0.018351471743418404,0.0710271769976675,0.7726692368088084,0.019109411180826805,Fear,0.29160375735429844,0.004556094426130475,1.642459279388792,0.06380543001103421,0.07644241366606021,0.20919167507298506,0.057425690730481815,0.29160375735429844,0.28704766292816797,0.014483370236972203,Disgust,0.7726692368088084,0.7016420598111409,0.9023944443317214,0.0263706090976083,0.0215833014880299,0.0708887926836407,0.0183514717434184,0.0710271769976675,0.7726692368088084,0.0191094111808268,False,False,False,True,True,True,False,True,remained correct,False,False,False,False
8_1_2_01,Fear,Disgust,0.39170380761857576,0.22960410784611113,1.684200832354691,0.10584142549402971,0.08653035881910151,0.15149142882719052,0.08015149407752821,0.16209969977246463,0.39170380761857576,0.022181785391109703,Disgust,0.39170380761857576,0.22960410784611113,1.684200832354691,0.10584142549402971,0.08653035881910151,0.15149142882719052,0.08015149407752821,0.16209969977246463,0.39170380761857576,0.022181785391109703,Disgust,0.3917038076185758,0.22960410784611118,1.684200832354691,0.10584142549402972,0.08653035881910151,0.15149142882719052,0.08015149407752822,0.16209969977246463,0.3917038076185758,0.022181785391109703,Angry,0.33444090284472844,0.031151830933661084,1.5500236218805137,0.026012783575907007,0.043678579959541906,0.33444090284472844,0.041004994780686206,0.30328907191106735,0.21045229467670296,0.041121372251366105,Disgust,0.39170380761857576,0.22960410784611113,1.684200832354691,0.10584142549402971,0.08653035881910151,0.15149142882719052,0.08015149407752821,0.16209969977246463,0.39170380761857576,0.022181785391109703,False,False,False,False,False,False,False,False,remained incorrect,False,False,False,False
5_0_5_29,Happy,Happy,0.37287475492295397,0.12926334804481965,1.6886932670449557,0.09570323774325531,0.37287475492295397,0.09428560467390042,0.06720471070178072,0.07004860371547801,0.24361140687813432,0.056271681364497304,Happy,0.37287475492295385,0.1292633480448196,1.6886932670449561,0.09570323774325533,0.37287475492295385,0.09428560467390043,0.06720471070178072,0.07004860371547801,0.24361140687813426,0.05627168136449731,Happy,0.37287475492295397,0.12926334804481965,1.6886932670449561,0.09570323774325533,0.37287475492295397,0.09428560467390043,0.06720471070178072,0.07004860371547803,0.24361140687813432,0.05627168136449731,Happy,0.23443443869418698,0.008352956667983802,1.8034078461378191,0.10263259754374593,0.23443443869418698,0.22608148202620318,0.06820991974701952,0.20099564824756166,0.13063916780423396,0.03700674593704891,Happy,0.37287475492295397,0.12926334804481965,1.6886932670449557,0.09570323774325531,0.37287475492295397,0.09428560467390042,0.06720471070178072,0.07004860371547801,0.24361140687813432,0.056271681364497304,False,True,True,True,True,True,True,True,remained correct,False,False,False,False
2_0_6_21,Neutral,Neutral,0.49246034137193617,0.149449915914103,1.2473636971138413,0.49246034137193617,0.34301042545783317,0.016698954136177904,0.034295637132163805,0.019368870124362104,0.019949382382538003,0.07421638939498901,Neutral,0.49246034137193617,0.14944991591410306,1.2473636971138413,0.49246034137193617,0.3430104254578331,0.016698954136177908,0.03429563713216381,0.019368870124362107,0.019949382382538006,0.07421638939498902,Neutral,0.49246034137193606,0.14944991591410295,1.2473636971138413,0.49246034137193606,0.3430104254578331,0.0166989541361779,0.034295637132163805,0.019368870124362104,0.019949382382538003,0.074216389394989,Neutral,0.38950262295096966,0.23273998075185318,1.6881645741898066,0.38950262295096966,0.06420359531578333,0.02266576939315271,0.13912775394412766,0.10369324965777854,0.15676264219911648,0.12404436653907165,Neutral,0.49246034137193617,0.149449915914103,1.2473636971138413,0.49246034137193617,0.34301042545783317,0.016698954136177904,0.034295637132163805,0.019368870124362104,0.019949382382538003,0.07421638939498901,False,True,True,True,True,True,True,True,remained correct,False,False,False,False
10_1_2_11,Fear,Fear,0.7771019080496131,0.6973878263127324,0.8971204563756017,0.0797140817368806,0.0293410682156742,0.0133032303796322,0.0359508456393721,0.7771019080496131,0.0416688729678301,0.0229199930109978,Fear,0.7771019080496131,0.6973878263127324,0.8971204563756017,0.07971408173688062,0.029341068215674206,0.013303230379632203,0.035950845639372106,0.7771019080496131,0.04166887296783011,0.022919993010997803,Fear,0.7771019080496131,0.6973878263127324,0.8971204563756017,0.0797140817368806,0.029341068215674206,0.013303230379632202,0.035950845639372106,0.7771019080496131,0.04166887296783011,0.022919993010997803,Fear,0.2944524453759767,0.0780827523842656,1.766324330018061,0.1436862512552695,0.1127454278327262,0.0208008903650015,0.1311296578476557,0.2944524453759767,0.2163696929917111,0.0808156343316593,Fear,0.7771019080496131,0.6973878263127324,0.8971204563756017,0.0797140817368806,0.0293410682156742,0.0133032303796322,0.0359508456393721,0.7771019080496131,0.0416688729678301,0.0229199930109978,False,True,True,True,True,True,True,True,remained correct,False,False,False,False
8_1_4_09,Disgust,Disgust,0.8110315936024689,0.7203301395354738,0.7666273108051243,0.0907014540669951,0.0302553886511264,0.0135317986464883,0.0115104148476102,0.026957377381756,0.8110315936024689,0.016011972803555,Disgust,0.8110315936024689,0.7203301395354738,0.7666273108051243,0.0907014540669951,0.0302553886511264,0.0135317986464883,0.0115104148476102,0.026957377381756,0.8110315936024689,0.016011972803555,Disgust,0.8110315936024689,0.7203301395354738,0.7666273108051244,0.09070145406699512,0.030255388651126404,0.013531798646488302,0.0115104148476102,0.026957377381756,0.8110315936024689,0.016011972803555,Neutral,0.26926257032160894,0.0262899279169673,1.7482427975536328,0.26926257032160894,0.13660642654174282,0.24297264240464164,0.03909430298450021,0.08068108126625091,0.18861140205478405,0.042771574426471407,Disgust,0.8110315936024689,0.7203301395354738,0.7666273108051243,0.0907014540669951,0.0302553886511264,0.0135317986464883,0.0115104148476102,0.026957377381756,0.8110315936024689,0.016011972803555,False,False,False,True,True,True,False,True,remained correct,False,False,False,False
7_1_2_22,Fear,Fear,0.8945693001372588,0.8703988506789108,0.5209043845607202,0.011865343724009,0.0168991778228851,0.024170449458348,0.0180262593387976,0.8945693001372588,0.0239363292476046,0.010533140271097,Fear,0.8945693001372588,0.8703988506789108,0.5209043845607203,0.011865343724009004,0.01689917782288511,0.024170449458348005,0.018026259338797607,0.8945693001372588,0.023936329247604606,0.010533140271097004,Fear,0.8945693001372588,0.8703988506789108,0.5209043845607202,0.011865343724009002,0.016899177822885105,0.024170449458348002,0.018026259338797604,0.8945693001372588,0.023936329247604603,0.010533140271097002,Fear,0.5321222548427257,0.3462913636137628,1.445170130801988,0.035681819415403805,0.052347953093867805,0.18583089122896293,0.04814611448035801,0.5321222548427257,0.09114080282909122,0.054730164109590605,Fear,0.8945693001372588,0.8703988506789108,0.5209043845607202,0.011865343724009,0.0168991778228851,0.024170449458348,0.0180262593387976,0.8945693001372588,0.0239363292476046,0.010533140271097,False,True,True,True,True,True,True,True,remained correct,False,False,False,False
1_0_3_41,Boredom,Boredom,0.6659946717156872,0.5578958604578873,1.1687495739326135,0.029214406088809906,0.02941462778294711,0.030333532751043706,0.10669480182976963,0.10809881125779983,0.030249148573942706,0.6659946717156872,Boredom,0.665994671715687,0.5578958604578872,1.1687495739326135,0.029214406088809906,0.02941462778294711,0.030333532751043706,0.10669480182976963,0.10809881125779983,0.030249148573942706,0.665994671715687,Boredom,0.665994671715687,0.5578958604578872,1.1687495739326135,0.02921440608880991,0.02941462778294711,0.03033353275104371,0.10669480182976965,0.10809881125779983,0.03024914857394271,0.665994671715687,Boredom,0.36767864274480755,0.060679118661032205,1.5716377925005263,0.30699952408377534,0.06446767510652641,0.008519436869569002,0.08661522874927122,0.09073554023359101,0.07498395221245932,0.36767864274480755,Boredom,0.6659946717156872,0.5578958604578873,1.1687495739326135,0.029214406088809906,0.02941462778294711,0.030333532751043706,0.10669480182976963,0.10809881125779983,0.030249148573942706,0.6659946717156872,False,True,True,True,True,True,True,True,remained correct,False,False,False,False
5_0_3_04,Boredom,Boredom,0.4085395439766284,0.13365361230299921,1.5782300999770806,0.2748859316736292,0.0740706951593052,0.0859463900151603,0.0388163469751819,0.0405885402100944,0.0771525519900006,0.4085395439766284,Boredom,0.4085395439766284,0.13365361230299921,1.5782300999770806,0.2748859316736292,0.0740706951593052,0.0859463900151603,0.0388163469751819,0.0405885402100944,0.0771525519900006,0.4085395439766284,Boredom,0.4085395439766284,0.13365361230299921,1.5782300999770806,0.2748859316736292,0.0740706951593052,0.0859463900151603,0.0388163469751819,0.040588540210094406,0.0771525519900006,0.4085395439766284,Angry,0.33431374828674915,0.16906124789200222,1.7636136275814949,0.030139025591008704,0.11272107165197821,0.33431374828674915,0.10114829061485951,0.16525250039474693,0.16421273054100693,0.09221263291965051,Boredom,0.4085395439766284,0.13365361230299921,1.5782300999770806,0.2748859316736292,0.0740706951593052,0.0859463900151603,0.0388163469751819,0.0405885402100944,0.0771525519900006,0.4085395439766284,False,False,False,True,True,True,False,True,remained correct,False,False,False,False
10_1_4_28,Disgust,Disgust,0.5586307168175231,0.4525109953101947,1.4473322540284785,0.10356377297294153,0.055676010156403714,0.05783668400860991,0.10611972150732843,0.08390198940223181,0.5586307168175231,0.03427110513496161,Disgust,0.558630716817523,0.45251099531019456,1.4473322540284788,0.10356377297294153,0.055676010156403714,0.05783668400860991,0.10611972150732843,0.08390198940223181,0.558630716817523,0.03427110513496161,Disgust,0.5586307168175231,0.4525109953101947,1.4473322540284785,0.10356377297294153,0.05567601015640372,0.05783668400860992,0.10611972150732843,0.08390198940223181,0.5586307168175231,0.03427110513496161,Disgust,0.2704459419131076,0.06943122087809406,1.7555482923898706,0.20101472103501355,0.13507767859297126,0.04930177515917141,0.12393423155860304,0.19954928662888655,0.2704459419131076,0.020676365112246707,Disgust,0.5586307168175231,0.4525109953101947,1.4473322540284783,0.1035637729729415,0.0556760101564037,0.0578366840086099,0.1061197215073284,0.0839019894022318,0.5586307168175231,0.0342711051349616,False,True,True,True,True,True,True,True,remained correct,False,False,False,False
9_1_5_06,Happy,Happy,0.7941556634098351,0.7403982994524945,0.8660987121223132,0.026434158045851502,0.7941556634098351,0.020832841411001505,0.04470606016827701,0.03342629550748031,0.026687617500213902,0.05375736395734071,Happy,0.794155663409835,0.7403982994524942,0.8660987121223134,0.02643415804585151,0.794155663409835,0.020832841411001512,0.04470606016827702,0.033426295507480316,0.02668761750021391,0.05375736395734072,Happy,0.7941556634098351,0.7403982994524944,0.8660987121223134,0.026434158045851506,0.7941556634098351,0.02083284141100151,0.04470606016827702,0.033426295507480316,0.026687617500213905,0.05375736395734072,Fear,0.3805837917488622,0.11408378359995214,1.6391783285746742,0.07615334270710872,0.05456578239626662,0.26650000814891006,0.04910589330533651,0.3805837917488622,0.11142364216949363,0.06166753952402231,Happy,0.7941556634098351,0.7403982994524945,0.8660987121223132,0.026434158045851502,0.7941556634098351,0.020832841411001505,0.04470606016827701,0.03342629550748031,0.026687617500213902,0.05375736395734071,False,False,False,True,True,True,False,True,remained correct,False,False,False,False
9_1_5_04,Happy,Happy,0.5363071143597601,0.3845728713156691,1.436546594657985,0.07123323156735861,0.5363071143597601,0.027039805592485804,0.12951894265260533,0.035946915340246105,0.04821974744345311,0.15173424304409103,Happy,0.53630711435976,0.384572871315669,1.4365465946579854,0.07123323156735861,0.53630711435976,0.027039805592485904,0.12951894265260533,0.035946915340246105,0.048219747443453205,0.15173424304409103,Happy,0.53630711435976,0.384572871315669,1.436546594657985,0.0712332315673586,0.53630711435976,0.027039805592485845,0.1295189426526053,0.0359469153402461,0.04821974744345314,0.15173424304409103,Happy,0.32993843409741863,0.1813850519648689,1.7985340984081781,0.05761064429294661,0.32993843409741863,0.13189836551513062,0.13718193427334982,0.12580123048912753,0.14855338213254973,0.06901600919947701,Happy,0.5363071143597601,0.3845728713156691,1.436546594657985,0.07123323156735861,0.5363071143597601,0.027039805592485804,0.12951894265260533,0.035946915340246105,0.04821974744345311,0.15173424304409103,False,True,True,True,True,True,True,True,remained correct,False,False,False,False
9_1_3_44,Boredom,Sad,0.8581770057319428,0.7841568135294922,0.6146084895999202,0.0182191095520456,0.0120924629459882,0.0124722556373519,0.8581770057319428,0.0121542939422936,0.0128646799879273,0.0740201922024506,Sad,0.8581770057319427,0.7841568135294921,0.6146084895999204,0.018219109552045608,0.012092462945988204,0.012472255637351905,0.8581770057319427,0.012154293942293606,0.012864679987927305,0.07402019220245062,Sad,0.8581770057319428,0.7841568135294922,0.6146084895999202,0.018219109552045604,0.012092462945988203,0.012472255637351904,0.8581770057319428,0.012154293942293604,0.012864679987927303,0.07402019220245062,Boredom,0.25506320680991684,0.055640571755996904,1.837243658986605,0.13980505301571902,0.08156851538952511,0.057474332050147806,0.17577977735735623,0.19942263505391994,0.09088648032341522,0.25506320680991684,Sad,0.8581770057319428,0.7841568135294922,0.6146084895999202,0.0182191095520456,0.0120924629459882,0.0124722556373519,0.8581770057319428,0.0121542939422936,0.0128646799879273,0.0740201922024506,False,False,False,False,False,False,True,False,remained incorrect,False,False,False,False
9_1_3_25,Boredom,Boredom,0.5352118258510942,0.30405637925958895,1.378287313016083,0.2311554465915052,0.0578150927445864,0.0264684778177955,0.0614655880693764,0.0528935341693935,0.0349900347562488,0.5352118258510942,Boredom,0.5352118258510942,0.30405637925958895,1.378287313016083,0.2311554465915052,0.05781509274458642,0.02646847781779551,0.06146558806937642,0.05289353416939352,0.03499003475624882,0.5352118258510942,Boredom,0.5352118258510943,0.30405637925958906,1.378287313016083,0.2311554465915052,0.05781509274458641,0.026468477817795502,0.061465588069376416,0.05289353416939351,0.03499003475624881,0.5352118258510943,Fear,0.2452669850593268,0.018430152630478314,1.822376054003003,0.08604806872740173,0.09338518921934093,0.05238156144444992,0.22683683242884847,0.2452669850593268,0.10722195918045355,0.18885940394017867,Boredom,0.5352118258510942,0.30405637925958895,1.378287313016083,0.2311554465915052,0.0578150927445864,0.0264684778177955,0.0614655880693764,0.0528935341693935,0.0349900347562488,0.5352118258510942,False,False,False,True,True,True,False,True,remained correct,False,False,False,False
6_1_5_29,Happy,Neutral,0.36236964326029053,0.0915192680124689,1.647782237801374,0.36236964326029053,0.27085037524782163,0.09630908955272041,0.046734379385438805,0.05521245882817061,0.12370529858429691,0.04481875514126111,Neutral,0.36236964326029053,0.0915192680124689,1.647782237801374,0.36236964326029053,0.27085037524782163,0.09630908955272041,0.046734379385438805,0.05521245882817061,0.12370529858429691,0.04481875514126111,Neutral,0.36236964326029053,0.0915192680124689,1.647782237801374,0.36236964326029053,0.27085037524782163,0.09630908955272041,0.04673437938543881,0.05521245882817061,0.12370529858429691,0.04481875514126111,Disgust,0.24682582484061247,0.026059714228975905,1.8530252436228718,0.13982430673367352,0.22076611061163656,0.09629016177972023,0.061034094040012414,0.12466920541659103,0.24682582484061247,0.11059029657775382,Neutral,0.36236964326029053,0.0915192680124689,1.647782237801374,0.36236964326029053,0.27085037524782163,0.09630908955272041,0.046734379385438805,0.05521245882817061,0.12370529858429691,0.04481875514126111,False,False,False,False,False,False,False,False,remained incorrect,False,False,False,False
3_0_1_12,Angry,Angry,0.8873153040803387,0.8588830835080502,0.5474068465778111,0.0155364782498623,0.0151212994956107,0.8873153040803387,0.0120657505178977,0.0274489698020315,0.0284322205722884,0.0140799772819708,Angry,0.8873153040803387,0.8588830835080502,0.5474068465778114,0.015536478249862306,0.015121299495610705,0.8873153040803387,0.012065750517897704,0.02744896980203151,0.02843222057228841,0.014079977281970805,Angry,0.8873153040803385,0.8588830835080501,0.5474068465778112,0.0155364782498623,0.0151212994956107,0.8873153040803385,0.0120657505178977,0.0274489698020315,0.0284322205722884,0.0140799772819708,Fear,0.25272143212164566,0.019667958222589238,1.7861657288075843,0.08212598126557122,0.21972992256354432,0.23305347389905642,0.06784546352397372,0.25272143212164566,0.08229212831814431,0.062231598308064406,Angry,0.8873153040803387,0.8588830835080502,0.5474068465778111,0.0155364782498623,0.0151212994956107,0.8873153040803387,0.0120657505178977,0.0274489698020315,0.0284322205722884,0.0140799772819708,False,False,False,True,True,True,False,True,remained correct,False,False,False,False
1_0_5_48,Happy,Happy,0.8176741966796847,0.7653889335657402,0.7815644685563649,0.0522852631139444,0.8176741966796847,0.0459199785040654,0.0133952513315189,0.0192729021603771,0.0307942002738345,0.020658207936575,Happy,0.8176741966796847,0.7653889335657402,0.781564468556365,0.052285263113944415,0.8176741966796847,0.04591997850406541,0.013395251331518903,0.019272902160377102,0.030794200273834508,0.020658207936575003,Happy,0.8176741966796848,0.7653889335657403,0.7815644685563649,0.05228526311394441,0.8176741966796848,0.04591997850406541,0.013395251331518903,0.019272902160377102,0.030794200273834504,0.020658207936575003,Happy,0.3610202662578102,0.1529372495145987,1.71075706428709,0.053714562326220225,0.3610202662578102,0.2080830167432115,0.04697191353983403,0.14478382079080257,0.07083554107768694,0.11459087926443477,Happy,0.8176741966796847,0.7653889335657402,0.7815644685563649,0.0522852631139444,0.8176741966796847,0.0459199785040654,0.0133952513315189,0.0192729021603771,0.0307942002738345,0.020658207936575,False,True,True,True,True,True,True,True,remained correct,False,False,False,False
5_0_2_28,Fear,Fear,0.4708547747487928,0.28376404759441554,1.5310450010330257,0.18709072715437725,0.050723706469237614,0.06500187802738913,0.03120894070866041,0.4708547747487928,0.14887759392968855,0.04624237896185431,Fear,0.47085477474879267,0.2837640475944154,1.5310450010330257,0.18709072715437725,0.050723706469237614,0.06500187802738913,0.03120894070866041,0.47085477474879267,0.14887759392968855,0.04624237896185431,Fear,0.4708547747487928,0.28376404759441554,1.5310450010330259,0.18709072715437725,0.050723706469237614,0.06500187802738913,0.031208940708660413,0.4708547747487928,0.14887759392968858,0.04624237896185432,Boredom,0.30091906751288755,5.097988588997904e-05,1.7247399831765848,0.09299447629707851,0.056124628398068914,0.07929539246932961,0.07994903717075841,0.30086808762699757,0.08984931052487942,0.30091906751288755,Fear,0.47085477474879284,0.28376404759441565,1.5310450010330257,0.18709072715437722,0.05072370646923761,0.06500187802738912,0.031208940708660402,0.47085477474879284,0.14887759392968852,0.046242378961854305,False,False,False,True,True,True,False,True,remained correct,False,False,False,False
7_1_6_35,Neutral,Neutral,0.8412851507080524,0.7789094296962364,0.6931094784797616,0.8412851507080524,0.0253026483953641,0.0146165870117601,0.0137934346390179,0.0295643657307507,0.062375721011816,0.0130620925032387,Neutral,0.8412851507080524,0.7789094296962364,0.6931094784797617,0.8412851507080524,0.025302648395364103,0.014616587011760102,0.013793434639017901,0.029564365730750705,0.06237572101181601,0.013062092503238702,Neutral,0.8412851507080525,0.7789094296962366,0.6931094784797616,0.8412851507080525,0.025302648395364103,0.0146165870117601,0.013793434639017901,0.029564365730750705,0.062375721011816,0.013062092503238702,Disgust,0.23536001716310237,0.026585635858360074,1.808308434965388,0.14089494339759356,0.2087743813047423,0.12483634112456594,0.11491633124507684,0.16026275827525915,0.23536001716310237,0.014955227489659904,Neutral,0.8412851507080524,0.7789094296962364,0.6931094784797616,0.8412851507080524,0.0253026483953641,0.0146165870117601,0.0137934346390179,0.0295643657307507,0.062375721011816,0.0130620925032387,False,False,False,True,True,True,False,True,remained correct,False,False,False,False
3_0_1_02,Angry,Angry,0.7244499965489253,0.6444067664031886,1.0369757490038114,0.0146627503066669,0.0393976173609354,0.7244499965489253,0.0472505794355419,0.0800432301457367,0.0175246670835429,0.0766711591186508,Angry,0.7244499965489252,0.6444067664031885,1.0369757490038116,0.014662750306666904,0.03939761736093541,0.7244499965489252,0.047250579435541916,0.08004323014573671,0.017524667083542902,0.07667115911865081,Angry,0.7244499965489253,0.6444067664031886,1.0369757490038116,0.014662750306666902,0.03939761736093541,0.7244499965489253,0.04725057943554191,0.08004323014573671,0.017524667083542902,0.0766711591186508,Angry,0.5921941840843818,0.475028576775905,1.3409802070124226,0.010567910286808304,0.03576866268811951,0.5921941840843818,0.08778610774664704,0.11716560730847686,0.07612350930408533,0.08039401858148114,Angry,0.7244499965489253,0.6444067664031886,1.0369757490038114,0.0146627503066669,0.0393976173609354,0.7244499965489253,0.0472505794355419,0.0800432301457367,0.0175246670835429,0.0766711591186508,False,True,True,True,True,True,True,True,remained correct,False,False,False,False
9_1_3_26,Boredom,Boredom,0.42026338358321286,0.0884111251997608,1.4519811114542072,0.33185225838345206,0.07989480483126771,0.019697000695439202,0.06377319817366921,0.047229592794133406,0.03728976153882561,0.42026338358321286,Boredom,0.4202633835832128,0.08841112519976074,1.4519811114542072,0.33185225838345206,0.07989480483126771,0.019697000695439202,0.06377319817366921,0.04722959279413341,0.03728976153882561,0.4202633835832128,Boredom,0.42026338358321286,0.0884111251997608,1.4519811114542072,0.33185225838345206,0.07989480483126771,0.019697000695439202,0.06377319817366922,0.04722959279413341,0.03728976153882561,0.42026338358321286,Sad,0.3604777849111383,0.20553540287863215,1.749625507630289,0.10665497643106514,0.14430829877104756,0.03636273421024441,0.3604777849111383,0.11459901928098865,0.08265480436300993,0.15494238203250615,Boredom,0.42026338358321286,0.0884111251997608,1.4519811114542072,0.33185225838345206,0.07989480483126771,0.019697000695439202,0.06377319817366921,0.047229592794133406,0.03728976153882561,0.42026338358321286,False,False,False,True,True,True,False,True,remained correct,False,False,False,False
5_0_6_15,Neutral,Neutral,0.6376024135331945,0.5152080824133475,1.2332804674854971,0.6376024135331945,0.12239433111984702,0.020568525631380903,0.024516084199454204,0.03488692675740411,0.06510831947257281,0.09492339928614661,Neutral,0.6376024135331944,0.5152080824133474,1.2332804674854974,0.6376024135331944,0.12239433111984704,0.020568525631380907,0.024516084199454207,0.03488692675740412,0.06510831947257283,0.09492339928614663,Neutral,0.6376024135331944,0.5152080824133474,1.2332804674854971,0.6376024135331944,0.12239433111984702,0.020568525631380903,0.0245160841994542,0.03488692675740411,0.0651083194725728,0.0949233992861466,Neutral,0.37937952691657095,0.21397772260710496,1.680857944776812,0.37937952691657095,0.165401804309466,0.02432628259883771,0.045379596459999824,0.09672565883478734,0.14297092157089736,0.14581620930944075,Neutral,0.6376024135331945,0.5152080824133475,1.2332804674854971,0.6376024135331945,0.12239433111984702,0.020568525631380903,0.024516084199454204,0.03488692675740411,0.06510831947257281,0.09492339928614661,False,True,True,True,True,True,True,True,remained correct,False,False,False,False
10_1_6_25,Neutral,Neutral,0.8203047401268626,0.7552632860553045,0.7697238218989827,0.8203047401268626,0.0204063745168255,0.0151225938987854,0.0650414540715581,0.0320266854330827,0.0222239544917771,0.0248741974611085,Neutral,0.8203047401268626,0.7552632860553045,0.7697238218989828,0.8203047401268626,0.020406374516825504,0.015122593898785402,0.06504145407155812,0.03202668543308271,0.022223954491777102,0.024874197461108503,Neutral,0.8203047401268626,0.7552632860553045,0.7697238218989828,0.8203047401268626,0.020406374516825504,0.015122593898785402,0.06504145407155812,0.03202668543308271,0.022223954491777102,0.0248741974611085,Boredom,0.210150850821401,0.01951390055932911,1.828632110731895,0.1354651657435241,0.1001460010404703,0.0207201093879767,0.1906369502620719,0.1869104906793548,0.1559704320652011,0.210150850821401,Neutral,0.8203047401268626,0.7552632860553045,0.7697238218989827,0.8203047401268626,0.0204063745168255,0.0151225938987854,0.0650414540715581,0.0320266854330827,0.0222239544917771,0.0248741974611085,False,False,False,True,True,True,False,True,remained correct,False,False,False,False
4_0_3_07,Boredom,Boredom,0.6809667857631461,0.5962181288401986,1.1635486256994005,0.08474865692294742,0.07048509882895151,0.021640338595815805,0.060003736604293506,0.059172330299711806,0.022983052985133902,0.6809667857631461,Boredom,0.680966785763146,0.5962181288401985,1.1635486256994008,0.08474865692294742,0.07048509882895151,0.021640338595815805,0.06000373660429351,0.05917233029971181,0.022983052985133902,0.680966785763146,Boredom,0.6809667857631461,0.5962181288401986,1.1635486256994005,0.08474865692294742,0.07048509882895151,0.02164033859581581,0.060003736604293506,0.05917233029971181,0.022983052985133902,0.6809667857631461,Boredom,0.5169629303159051,0.3200392416087647,1.4099962243285826,0.07444132221009522,0.023173462952800507,0.006283645397986102,0.19692368870714044,0.08823710427774382,0.09397784613832882,0.5169629303159051,Boredom,0.6809667857631461,0.5962181288401986,1.1635486256994005,0.0847486569229474,0.0704850988289515,0.0216403385958158,0.0600037366042935,0.0591723302997118,0.0229830529851339,0.6809667857631461,False,True,True,True,True,True,True,True,remained correct,False,False,False,False
2_0_4_49,Disgust,Disgust,0.8282007304332939,0.7831103788439797,0.7546844661615519,0.04164906226550371,0.024503364208588903,0.022454663311759902,0.022376643440182902,0.04509035158931421,0.8282007304332939,0.015725184751356504,Disgust,0.8282007304332938,0.7831103788439796,0.7546844661615522,0.041649062265503724,0.02450336420858891,0.02245466331175991,0.02237664344018291,0.04509035158931422,0.8282007304332938,0.015725184751356508,Disgust,0.8282007304332939,0.7831103788439797,0.754684466161552,0.04164906226550372,0.02450336420858891,0.022454663311759906,0.022376643440182906,0.04509035158931422,0.8282007304332939,0.015725184751356508,Disgust,0.33328188601928227,0.07309972666445813,1.7042447265660345,0.08585394949084661,0.051086025759533714,0.04092892819264181,0.12817824828485064,0.26018215935482414,0.33328188601928227,0.10048880289802073,Disgust,0.8282007304332939,0.7831103788439797,0.7546844661615518,0.0416490622655037,0.0245033642085889,0.0224546633117599,0.0223766434401829,0.0450903515893142,0.8282007304332939,0.0157251847513565,False,True,True,True,True,True,True,True,remained correct,False,False,False,False
1_0_1_28,Angry,Fear,0.292024069071171,0.04421781113108672,1.6808085529453047,0.035844300414639416,0.048469710612338214,0.18585372418779086,0.2478062579400843,0.292024069071171,0.16091804566642465,0.02908389210755171,Fear,0.292024069071171,0.04421781113108672,1.6808085529453047,0.035844300414639416,0.048469710612338214,0.18585372418779086,0.2478062579400843,0.292024069071171,0.16091804566642465,0.02908389210755171,Fear,0.29202406907117096,0.04421781113108669,1.6808085529453047,0.03584430041463941,0.04846971061233821,0.18585372418779086,0.24780625794008426,0.29202406907117096,0.16091804566642462,0.029083892107551704,Angry,0.5243512414802336,0.27280396431603904,1.3362275376529138,0.028750973201040704,0.25154727716419456,0.5243512414802336,0.014894297642296401,0.09312114078768591,0.06279433616305391,0.024540733561495002,Angry,0.31062056561832524,0.062814307678241,1.670862230277107,0.03584430041463941,0.04846971061233821,0.31062056561832524,0.24780625794008423,0.16725722764063664,0.16091804566642462,0.029083892107551704,True,True,False,False,False,False,True,True,corrected by final fusion,True,True,False,True
7_1_3_13,Boredom,Boredom,0.8851249771448384,0.8559760025712784,0.5570851135646606,0.02914897457356,0.0230914484074614,0.0135007977318829,0.0118815159044069,0.0203632427744305,0.0168890434634199,0.8851249771448384,Boredom,0.8851249771448384,0.8559760025712784,0.5570851135646607,0.029148974573560006,0.023091448407461402,0.013500797731882903,0.011881515904406904,0.020363242774430503,0.016889043463419903,0.8851249771448384,Boredom,0.8851249771448384,0.8559760025712784,0.5570851135646606,0.029148974573560003,0.023091448407461402,0.013500797731882903,0.011881515904406902,0.020363242774430503,0.016889043463419903,0.8851249771448384,Happy,0.23660381485279708,0.012625893671237093,1.8130483506019024,0.17771935065182076,0.23660381485279708,0.03017319661748691,0.09519961545969152,0.09553663013292603,0.14078947110371764,0.22397792118155999,Boredom,0.8851249771448384,0.8559760025712784,0.5570851135646606,0.02914897457356,0.0230914484074614,0.0135007977318829,0.0118815159044069,0.0203632427744305,0.0168890434634199,0.8851249771448384,False,False,False,True,True,True,False,True,remained correct,False,False,False,False
1_0_6_33,Neutral,Neutral,0.5518372593823055,0.40647768432228015,1.4344508426396783,0.5518372593823055,0.0521590610368422,0.0802089268096219,0.0636701924050588,0.083922242914029,0.1453595750600254,0.0228427423921171,Neutral,0.5518372593823055,0.40647768432228015,1.4344508426396783,0.5518372593823055,0.052159061036842216,0.08020892680962191,0.06367019240505882,0.08392224291402901,0.14535957506002542,0.022842742392117102,Neutral,0.5518372593823055,0.40647768432228015,1.4344508426396783,0.5518372593823055,0.052159061036842216,0.08020892680962191,0.0636701924050588,0.083922242914029,0.14535957506002542,0.022842742392117102,Disgust,0.37198069913301945,0.1656366391069762,1.709717049126095,0.14451513352795983,0.08284562079186521,0.07011233699265011,0.07065154550301352,0.20634406002604325,0.37198069913301945,0.05355060402544851,Neutral,0.5518372593823055,0.40647768432228015,1.4344508426396783,0.5518372593823055,0.0521590610368422,0.0802089268096219,0.0636701924050588,0.083922242914029,0.1453595750600254,0.0228427423921171,False,False,False,True,True,True,False,True,remained correct,False,False,False,False
10_1_2_21,Fear,Fear,0.7553406328963087,0.684182827372669,0.9722889660436831,0.0307232164831864,0.0299198344543389,0.0217208081742755,0.0595614502980872,0.7553406328963087,0.0315762521701636,0.0711578055236397,Fear,0.7553406328963087,0.684182827372669,0.9722889660436831,0.030723216483186405,0.029919834454338903,0.021720808174275505,0.05956145029808721,0.7553406328963087,0.031576252170163605,0.07115780552363972,Fear,0.7553406328963088,0.6841828273726691,0.972288966043683,0.030723216483186405,0.029919834454338903,0.021720808174275505,0.05956145029808721,0.7553406328963088,0.031576252170163605,0.0711578055236397,Fear,0.30051228247694606,0.07383009201074431,1.7928083027262205,0.06229614729385751,0.11439945477903683,0.08527340083782642,0.13787739913729333,0.30051228247694606,0.07295912500883811,0.22668219046620175,Fear,0.7553406328963087,0.684182827372669,0.9722889660436831,0.0307232164831864,0.0299198344543389,0.0217208081742755,0.0595614502980872,0.7553406328963087,0.0315762521701636,0.0711578055236397,False,True,True,True,True,True,True,True,remained correct,False,False,False,False
1_0_5_09,Happy,Happy,0.8627263696793112,0.8238941433157058,0.6373081255453537,0.0388322263636054,0.8627263696793112,0.0154053370181711,0.0130875893514948,0.0210368782375976,0.0242495544749654,0.0246620448748546,Happy,0.8627263696793112,0.8238941433157058,0.6373081255453538,0.038832226363605414,0.8627263696793112,0.015405337018171105,0.013087589351494806,0.021036878237597607,0.024249554474965407,0.024662044874854606,Happy,0.862726369679311,0.8238941433157057,0.6373081255453538,0.0388322263636054,0.862726369679311,0.015405337018171098,0.013087589351494799,0.0210368782375976,0.0242495544749654,0.024662044874854596,Happy,0.38810070580924383,0.18563020018012608,1.6675917362756119,0.14401696839669026,0.38810070580924383,0.034288947866269716,0.046149792265782016,0.09642911705662473,0.08854396297627173,0.20247050562911775,Happy,0.8627263696793112,0.8238941433157058,0.6373081255453537,0.0388322263636054,0.8627263696793112,0.0154053370181711,0.0130875893514948,0.0210368782375976,0.0242495544749654,0.0246620448748546,False,True,True,True,True,True,True,True,remained correct,False,False,False,False
2_0_7_09,Sad,Sad,0.6310289357038307,0.545571479907959,1.2921475201162096,0.0832444647859956,0.0469180755456607,0.0230348665101814,0.6310289357038307,0.0854574557958717,0.0543236642677685,0.0759925373906914,Sad,0.6310289357038307,0.545571479907959,1.2921475201162096,0.08324446478599562,0.046918075545660715,0.023034866510181405,0.6310289357038307,0.08545745579587172,0.054323664267768516,0.07599253739069141,Sad,0.6310289357038307,0.545571479907959,1.2921475201162094,0.0832444647859956,0.046918075545660694,0.0230348665101814,0.6310289357038307,0.0854574557958717,0.054323664267768496,0.07599253739069138,Sad,0.22653885300091128,0.007301933047318798,1.868894483483725,0.06438162264549073,0.13514195390068115,0.09576872908221143,0.22653885300091128,0.21923691995359249,0.11667825477488664,0.14225366664222636,Sad,0.6310289357038307,0.545571479907959,1.2921475201162096,0.0832444647859956,0.0469180755456607,0.0230348665101814,0.6310289357038307,0.0854574557958717,0.0543236642677685,0.0759925373906914,False,True,True,True,True,True,True,True,remained correct,False,False,False,False
10_1_7_41,Sad,Sad,0.6978966564551881,0.6089428296914005,1.11486126329485,0.05272977282617581,0.08895382676378762,0.023780227253321705,0.6978966564551881,0.015997974879767105,0.05542550806398771,0.06521603375777212,Sad,0.697896656455188,0.6089428296914003,1.11486126329485,0.05272977282617582,0.08895382676378763,0.02378022725332171,0.697896656455188,0.015997974879767108,0.05542550806398772,0.06521603375777213,Sad,0.697896656455188,0.6089428296914003,1.1148612632948498,0.0527297728261758,0.08895382676378762,0.0237802272533217,0.697896656455188,0.0159979748797671,0.0554255080639877,0.06521603375777212,Happy,0.25706986061673864,0.02174936357085308,1.8235175934636365,0.09256041123135142,0.25706986061673864,0.048563695773366417,0.14384746478516003,0.10064710897094793,0.12199096157655002,0.23532049704588556,Sad,0.6978966564551881,0.6089428296914005,1.1148612632948498,0.0527297728261758,0.0889538267637876,0.0237802272533217,0.6978966564551881,0.0159979748797671,0.0554255080639877,0.0652160337577721,False,False,False,True,True,True,False,True,remained correct,False,False,False,False
8_1_6_41,Neutral,Neutral,0.6040866040905386,0.44073380918985294,1.2815095486526382,0.6040866040905386,0.1633527949006857,0.0192478275121583,0.0204296086019275,0.0479931537697601,0.0786472557631093,0.0662427553618205,Neutral,0.6040866040905386,0.4407338091898529,1.2815095486526382,0.6040866040905386,0.16335279490068572,0.019247827512158304,0.020429608601927503,0.047993153769760113,0.07864725576310931,0.06624275536182052,Neutral,0.6040866040905386,0.4407338091898529,1.2815095486526382,0.6040866040905386,0.16335279490068572,0.019247827512158304,0.020429608601927503,0.04799315376976011,0.0786472557631093,0.06624275536182052,Happy,0.30034091215918723,0.03529838165080085,1.6531707691544926,0.2650425305083864,0.30034091215918723,0.015119193098161504,0.054172438346442524,0.05090688315570041,0.10956310430265744,0.20485493842946464,Neutral,0.6040866040905386,0.44073380918985294,1.2815095486526382,0.6040866040905386,0.1633527949006857,0.0192478275121583,0.0204296086019275,0.0479931537697601,0.0786472557631093,0.0662427553618205,False,False,False,True,True,True,False,True,remained correct,False,False,False,False
6_1_1_30,Angry,Angry,0.717243906788554,0.6087456028751876,1.015688328954892,0.0197316220825067,0.0199533530236216,0.717243906788554,0.0248502405338719,0.0931967843364187,0.1084983039133663,0.0165257893216607,Angry,0.717243906788554,0.6087456028751876,1.015688328954892,0.0197316220825067,0.0199533530236216,0.717243906788554,0.0248502405338719,0.0931967843364187,0.1084983039133663,0.0165257893216607,Angry,0.7172439067885541,0.6087456028751878,1.015688328954892,0.0197316220825067,0.0199533530236216,0.7172439067885541,0.0248502405338719,0.0931967843364187,0.1084983039133663,0.0165257893216607,Angry,0.37155097482515587,0.11344305661423032,1.6415612018550534,0.042080305230703004,0.25810791821092555,0.37155097482515587,0.058434308519954806,0.10947812876091591,0.12114089423411721,0.03920747021822771,Angry,0.717243906788554,0.6087456028751876,1.015688328954892,0.0197316220825067,0.0199533530236216,0.717243906788554,0.0248502405338719,0.0931967843364187,0.1084983039133663,0.0165257893216607,False,True,True,True,True,True,True,True,remained correct,False,False,False,False
2_0_2_12,Fear,Fear,0.7396442096559713,0.6802967741981337,1.0181044684504303,0.0506961841930444,0.0468850987159543,0.0135469681158161,0.0310853672691186,0.7396442096559713,0.0593474354578376,0.0587947365922576,Fear,0.7396442096559713,0.6802967741981337,1.0181044684504303,0.050696184193044405,0.04688509871595431,0.013546968115816101,0.031085367269118605,0.7396442096559713,0.059347435457837605,0.058794736592257604,Fear,0.7396442096559714,0.6802967741981338,1.0181044684504303,0.050696184193044405,0.04688509871595431,0.013546968115816101,0.031085367269118605,0.7396442096559714,0.059347435457837605,0.058794736592257604,Disgust,0.37275881632001273,0.1939891188525906,1.674866964446703,0.11151519125746863,0.04460093737630571,0.017640552084383605,0.14693517021715571,0.17876969746742213,0.37275881632001273,0.12777963527725134,Fear,0.7396442096559713,0.6802967741981337,1.0181044684504303,0.0506961841930444,0.0468850987159543,0.0135469681158161,0.0310853672691186,0.7396442096559713,0.0593474354578376,0.0587947365922576,False,False,False,True,True,True,False,True,remained correct,False,False,False,False
4_0_2_03,Fear,Fear,0.7350387657072814,0.6824172778105648,1.0503781655964834,0.039063021125112306,0.044151222494957204,0.049536021226788206,0.04514112026185681,0.7350387657072814,0.052621487896716605,0.03444836128728751,Fear,0.7350387657072813,0.6824172778105647,1.0503781655964834,0.03906302112511231,0.04415122249495721,0.04953602122678821,0.045141120261856814,0.7350387657072813,0.05262148789671662,0.03444836128728752,Fear,0.7350387657072814,0.6824172778105648,1.0503781655964834,0.03906302112511231,0.044151222494957204,0.04953602122678821,0.045141120261856814,0.7350387657072814,0.05262148789671661,0.03444836128728752,Angry,0.37289579901127384,0.1826864079301347,1.7174278413171873,0.10059539093160773,0.057864308506415316,0.37289579901127384,0.07896552747411761,0.14601247390948502,0.19020939108113916,0.05345710908596132,Fear,0.7350387657072814,0.6824172778105648,1.0503781655964834,0.0390630211251123,0.0441512224949572,0.0495360212267882,0.0451411202618568,0.7350387657072814,0.0526214878967166,0.0344483612872875,False,False,False,True,True,True,False,True,remained correct,False,False,False,False
2_0_1_02,Angry,Angry,0.7064671424357866,0.5269705963716709,0.9777736933776763,0.028557508011528003,0.03242681423838651,0.7064671424357866,0.010681808521318501,0.024568261936385102,0.17949654606411564,0.017801918792479804,Angry,0.7064671424357865,0.5269705963716708,0.9777736933776765,0.02855750801152801,0.03242681423838652,0.7064671424357865,0.010681808521318503,0.024568261936385106,0.17949654606411566,0.017801918792479807,Angry,0.7064671424357865,0.5269705963716709,0.9777736933776763,0.028557508011528,0.03242681423838651,0.7064671424357865,0.010681808521318501,0.0245682619363851,0.1794965460641156,0.0178019187924798,Happy,0.42142945930641085,0.25794355120107104,1.6396363923074297,0.09447320083933454,0.42142945930641085,0.15272100932601185,0.04620890593415202,0.08866256616012194,0.16348590810533978,0.033018950328629115,Angry,0.7064671424357866,0.5269705963716709,0.9777736933776763,0.028557508011528003,0.03242681423838651,0.7064671424357866,0.010681808521318501,0.024568261936385102,0.17949654606411564,0.017801918792479804,False,False,False,True,True,True,False,True,remained correct,False,False,False,False
6_1_4_17,Disgust,Disgust,0.4339413844622478,0.12811611162798603,1.4299369132451272,0.30582527283426175,0.07320043777254961,0.021708089229328202,0.019233060673073402,0.11636333338248302,0.4339413844622478,0.029728421646056304,Disgust,0.4339413844622477,0.12811611162798597,1.4299369132451272,0.30582527283426175,0.07320043777254961,0.021708089229328202,0.019233060673073402,0.11636333338248303,0.4339413844622477,0.029728421646056307,Disgust,0.4339413844622478,0.12811611162798603,1.4299369132451272,0.30582527283426175,0.07320043777254961,0.021708089229328202,0.019233060673073406,0.11636333338248303,0.4339413844622478,0.029728421646056304,Disgust,0.21950843322418562,0.008908821027329122,1.8449002144129873,0.15076444763339825,0.2105996121968565,0.03908359633576342,0.11774491197071466,0.17164658350236528,0.21950843322418562,0.09065241513671635,Disgust,0.4339413844622478,0.12811611162798603,1.4299369132451272,0.30582527283426175,0.07320043777254961,0.021708089229328202,0.019233060673073402,0.11636333338248302,0.4339413844622478,0.029728421646056304,False,True,True,True,True,True,True,True,remained correct,False,False,False,False
10_1_5_33,Happy,Happy,0.7692046967896338,0.704936685250763,0.9353499155741253,0.0642680115388707,0.7692046967896338,0.0280210683956937,0.0309935585944146,0.0170863591532886,0.0485741062907351,0.0418521992373635,Happy,0.7692046967896338,0.704936685250763,0.9353499155741256,0.06426801153887071,0.7692046967896338,0.028021068395693707,0.030993558594414605,0.017086359153288603,0.048574106290735115,0.041852199237363504,Happy,0.7692046967896338,0.704936685250763,0.9353499155741254,0.06426801153887071,0.7692046967896338,0.028021068395693703,0.030993558594414602,0.017086359153288603,0.04857410629073511,0.041852199237363504,Neutral,0.24347374571008945,0.004815781831099708,1.781073332960594,0.24347374571008945,0.23865796387898974,0.01960593265858501,0.09880921533895645,0.11749469980999137,0.18596534633092682,0.09599309627246126,Happy,0.7692046967896338,0.704936685250763,0.9353499155741253,0.0642680115388707,0.7692046967896338,0.0280210683956937,0.0309935585944146,0.0170863591532886,0.0485741062907351,0.0418521992373635,False,False,False,True,True,True,False,True,remained correct,False,False,False,False
8_1_1_20,Angry,Angry,0.8839392400396411,0.8321997666236736,0.5385968731759537,0.0083686825253906,0.008480083354965,0.8839392400396411,0.018098929655852,0.0517394734159675,0.0179947507351963,0.0113788402729875,Angry,0.8839392400396411,0.8321997666236736,0.538596873175954,0.008368682525390603,0.008480083354965003,0.8839392400396411,0.018098929655852008,0.05173947341596751,0.017994750735196307,0.011378840272987504,Angry,0.8839392400396411,0.8321997666236736,0.5385968731759537,0.008368682525390601,0.008480083354965001,0.8839392400396411,0.018098929655852004,0.051739473415967505,0.017994750735196303,0.011378840272987502,Angry,0.8292752863494817,0.7686476924772172,0.7181824296511232,0.006006307887188302,0.016102551238740406,0.8292752863494817,0.02719684899868171,0.06062759387226442,0.05057587837229242,0.010215533281351004,Angry,0.8839392400396411,0.8321997666236736,0.5385968731759537,0.0083686825253906,0.008480083354965,0.8839392400396411,0.018098929655852,0.0517394734159675,0.0179947507351963,0.0113788402729875,False,True,True,True,True,True,True,True,remained correct,False,False,False,False
9_1_1_05,Angry,Angry,0.770172679383079,0.7167301685751815,0.9410977634244266,0.0449467029727273,0.0410103103242813,0.770172679383079,0.0209512910813075,0.0417163962907929,0.0534425108078975,0.0277601091399145,Angry,0.770172679383079,0.7167301685751815,0.9410977634244266,0.044946702972727307,0.041010310324281304,0.770172679383079,0.020951291081307503,0.041716396290792906,0.05344251080789751,0.02776010913991451,Angry,0.7701726793830788,0.7167301685751812,0.9410977634244267,0.0449467029727273,0.0410103103242813,0.7701726793830788,0.0209512910813075,0.0417163962907929,0.05344251080789749,0.0277601091399145,Happy,0.33958481777367894,0.1360466740015435,1.7663488813648651,0.20353814377213544,0.33958481777367894,0.10540755327054323,0.06803752793265481,0.11539176905820253,0.11245173925349253,0.05558844893929251,Angry,0.770172679383079,0.7167301685751815,0.9410977634244266,0.0449467029727273,0.0410103103242813,0.770172679383079,0.0209512910813075,0.0417163962907929,0.0534425108078975,0.0277601091399145,False,False,False,True,True,True,False,True,remained correct,False,False,False,False
1_0_6_48,Neutral,Neutral,0.8226735860498544,0.7649514613603678,0.7644401549776705,0.8226735860498544,0.0304555665345229,0.0269075955778174,0.0102588519008174,0.0577221246894866,0.0313305395014498,0.0206517357460515,Neutral,0.8226735860498544,0.7649514613603678,0.7644401549776706,0.8226735860498544,0.03045556653452291,0.026907595577817408,0.010258851900817401,0.05772212468948661,0.03133053950144981,0.020651735746051503,Neutral,0.8226735860498544,0.7649514613603678,0.7644401549776706,0.8226735860498544,0.030455566534522905,0.026907595577817404,0.010258851900817401,0.057722124689486606,0.0313305395014498,0.020651735746051503,Happy,0.3125943490044497,0.08354337447238233,1.661885315526484,0.21309895753697608,0.3125943490044497,0.03167947481707432,0.03587506701782421,0.13701252024406055,0.22905097453206738,0.04068865684754791,Neutral,0.8226735860498544,0.7649514613603678,0.7644401549776705,0.8226735860498544,0.0304555665345229,0.0269075955778174,0.0102588519008174,0.0577221246894866,0.0313305395014498,0.0206517357460515,False,False,False,True,True,True,False,True,remained correct,False,False,False,False
7_1_7_06,Sad,Sad,0.823650330607978,0.7588265103658078,0.7542936686728543,0.0180971635594526,0.0648238202421702,0.0135418958783335,0.823650330607978,0.0284249433086606,0.0166320132546375,0.0348298331487676,Sad,0.823650330607978,0.7588265103658077,0.7542936686728543,0.018097163559452602,0.06482382024217022,0.013541895878333503,0.823650330607978,0.02842494330866061,0.016632013254637503,0.03482983314876761,Sad,0.8236503306079779,0.7588265103658076,0.7542936686728543,0.0180971635594526,0.0648238202421702,0.013541895878333498,0.8236503306079779,0.028424943308660598,0.0166320132546375,0.0348298331487676,Neutral,0.2324297383635003,0.024872354942137326,1.7928472146151817,0.2324297383635003,0.18505957891039287,0.024970822379691112,0.16522783059803317,0.12855628295360197,0.20755738342136298,0.05619836337341773,Sad,0.823650330607978,0.7588265103658078,0.7542936686728543,0.0180971635594526,0.0648238202421702,0.0135418958783335,0.823650330607978,0.0284249433086606,0.0166320132546375,0.0348298331487676,False,False,False,True,True,True,False,True,remained correct,False,False,False,False
5_0_1_02,Angry,Angry,0.28241491441374184,0.013295487810287276,1.7337487626402317,0.044976471336928704,0.04698352103601111,0.28241491441374184,0.26911942660345456,0.14348753882245882,0.06651587025075281,0.14650225753665222,Angry,0.2824149144137418,0.013295487810287221,1.7337487626402317,0.044976471336928704,0.04698352103601111,0.2824149144137418,0.26911942660345456,0.14348753882245882,0.06651587025075281,0.14650225753665222,Angry,0.28241491441374184,0.013295487810287276,1.7337487626402317,0.04497647133692871,0.04698352103601111,0.28241491441374184,0.26911942660345456,0.14348753882245885,0.06651587025075281,0.14650225753665222,Fear,0.27251536580251867,0.059283102181768105,1.827902068829571,0.12247940144766233,0.05363562864206101,0.08793231099210151,0.14703879080522972,0.27251536580251867,0.21323226362075057,0.10316623868967613,Angry,0.28241491441374184,0.013295487810287276,1.7337487626402317,0.044976471336928704,0.04698352103601111,0.28241491441374184,0.26911942660345456,0.14348753882245882,0.06651587025075281,0.14650225753665222,False,False,False,True,True,True,False,True,remained correct,False,False,False,False
5_0_2_38,Fear,Fear,0.6773110539918669,0.5787089407722406,1.1415530582193183,0.044173012592809105,0.09821759247097651,0.018366879955329003,0.015583018899295802,0.6773110539918669,0.04774632887009641,0.09860211321962631,Fear,0.6773110539918668,0.5787089407722404,1.1415530582193183,0.044173012592809105,0.09821759247097653,0.018366879955329003,0.015583018899295803,0.6773110539918668,0.047746328870096416,0.09860211321962632,Fear,0.6773110539918668,0.5787089407722404,1.1415530582193183,0.044173012592809105,0.09821759247097653,0.018366879955329006,0.015583018899295805,0.6773110539918668,0.047746328870096416,0.09860211321962632,Happy,0.29602411183408023,0.1356885390072808,1.8528086751998578,0.11843147355392153,0.29602411183408023,0.11102013707200953,0.07520833769272792,0.12190889470902093,0.16033557282679942,0.11707147231144033,Fear,0.6773110539918669,0.5787089407722406,1.1415530582193183,0.044173012592809105,0.09821759247097651,0.018366879955329003,0.015583018899295802,0.6773110539918669,0.04774632887009641,0.09860211321962631,False,False,False,True,True,True,False,True,remained correct,False,False,False,False
10_1_1_22,Angry,Angry,0.7867757411522397,0.6778882723200816,0.8278571878187857,0.0140668940327113,0.0252424992601259,0.7867757411522397,0.0314307041105464,0.108887468832158,0.0123965223141034,0.0212001702981153,Angry,0.7867757411522397,0.6778882723200816,0.8278571878187858,0.014066894032711304,0.02524249926012591,0.7867757411522397,0.03143070411054641,0.10888746883215802,0.012396522314103403,0.021200170298115304,Angry,0.7867757411522396,0.6778882723200816,0.8278571878187858,0.014066894032711299,0.0252424992601259,0.7867757411522396,0.0314307041105464,0.108887468832158,0.0123965223141034,0.0212001702981153,Angry,0.5403224681524061,0.34500181208031866,1.4047594215665746,0.03063872622121401,0.08769495087297903,0.5403224681524061,0.06968019351795132,0.19532065607208746,0.046862808963043213,0.02948019620031891,Angry,0.7867757411522397,0.6778882723200816,0.8278571878187857,0.0140668940327113,0.0252424992601259,0.7867757411522397,0.0314307041105464,0.108887468832158,0.0123965223141034,0.0212001702981153,False,True,True,True,True,True,True,True,remained correct,False,False,False,False
5_0_3_11,Boredom,Boredom,0.4794705855276162,0.28309093668027446,1.5382029357355567,0.07227339865014701,0.058467705591364404,0.10527859897962602,0.03488061663088151,0.19637964884734171,0.05324944577302321,0.4794705855276162,Boredom,0.4794705855276161,0.2830909366802744,1.5382029357355569,0.07227339865014701,0.05846770559136441,0.10527859897962603,0.03488061663088151,0.19637964884734174,0.053249445773023214,0.4794705855276161,Boredom,0.4794705855276162,0.28309093668027446,1.5382029357355569,0.07227339865014701,0.05846770559136441,0.10527859897962602,0.03488061663088152,0.19637964884734171,0.05324944577302321,0.4794705855276162,Fear,0.26678627185330456,0.01563663189926462,1.7452667846528498,0.10598677820599493,0.07536683092560041,0.25114963995403994,0.03696654959620271,0.26678627185330456,0.20522444214315366,0.05851948732170381,Boredom,0.4794705855276162,0.28309093668027446,1.5382029357355567,0.07227339865014701,0.058467705591364404,0.10527859897962602,0.03488061663088151,0.19637964884734171,0.05324944577302321,0.4794705855276162,False,False,False,True,True,True,False,True,remained correct,False,False,False,False
9_1_2_22,Fear,Fear,0.39606968547988053,0.1495694488315416,1.5555639123681466,0.048125952510238504,0.05135502291503441,0.042623116481181306,0.18903159388306573,0.39606968547988053,0.026294392082260604,0.24650023664833892,Fear,0.39606968547988053,0.1495694488315416,1.5555639123681466,0.048125952510238504,0.05135502291503441,0.042623116481181306,0.18903159388306573,0.39606968547988053,0.026294392082260604,0.24650023664833892,Fear,0.39606968547988053,0.14956944883154158,1.5555639123681468,0.048125952510238504,0.05135502291503441,0.042623116481181306,0.18903159388306573,0.39606968547988053,0.026294392082260608,0.24650023664833895,Angry,0.2984922763439746,0.10386947682121642,1.822906801486748,0.073152566441525,0.1435267772042501,0.2984922763439746,0.0737398705362508,0.1946227995227582,0.1082439364673099,0.1082217734839312,Fear,0.39606968547988053,0.1495694488315416,1.5555639123681466,0.048125952510238504,0.05135502291503441,0.042623116481181306,0.18903159388306573,0.39606968547988053,0.026294392082260604,0.24650023664833892,False,False,False,True,True,True,False,True,remained correct,False,False,False,False
6_1_2_36,Fear,Fear,0.5168019529037362,0.3239320863482302,1.4534556862379442,0.05801180148133381,0.04026494259246491,0.020080544093558705,0.19286986655550603,0.5168019529037362,0.08739808946164741,0.08457280291175301,Fear,0.5168019529037361,0.32393208634823,1.4534556862379444,0.058011801481333815,0.04026494259246491,0.020080544093558705,0.19286986655550606,0.5168019529037361,0.08739808946164741,0.08457280291175301,Fear,0.5168019529037361,0.3239320863482301,1.4534556862379442,0.058011801481333794,0.0402649425924649,0.0200805440935587,0.192869866555506,0.5168019529037361,0.0873980894616474,0.084572802911753,Boredom,0.30107684537276674,0.09668726910064898,1.7827026932958379,0.17184309184880353,0.09256036322496801,0.03772741064029351,0.10132057795826342,0.20438957627211776,0.09108213468278702,0.30107684537276674,Fear,0.5168019529037362,0.32393208634823023,1.4534556862379442,0.0580118014813338,0.0402649425924649,0.0200805440935587,0.192869866555506,0.5168019529037362,0.0873980894616474,0.084572802911753,False,False,False,True,True,True,False,True,remained correct,False,False,False,False
9_1_6_12,Neutral,Neutral,0.6697399879670437,0.5428561270047096,1.1692913496713375,0.6697399879670437,0.05728103163477321,0.026277791861991202,0.022423364845578404,0.05048094518101381,0.12688386096233412,0.046913017547265706,Neutral,0.6697399879670436,0.5428561270047094,1.1692913496713375,0.6697399879670436,0.05728103163477322,0.02627779186199121,0.022423364845578407,0.050480945181013814,0.12688386096233414,0.04691301754726571,Neutral,0.6697399879670436,0.5428561270047094,1.1692913496713373,0.6697399879670436,0.0572810316347732,0.026277791861991202,0.022423364845578404,0.0504809451810138,0.12688386096233412,0.0469130175472657,Neutral,0.38531386675313445,0.2225392274636948,1.7265814004111273,0.38531386675313445,0.16277463928943964,0.07657632620093302,0.053783786796471306,0.13186950473636222,0.11499394319888011,0.07468793302477932,Neutral,0.6697399879670437,0.5428561270047096,1.1692913496713375,0.6697399879670437,0.05728103163477321,0.026277791861991202,0.022423364845578404,0.05048094518101381,0.12688386096233412,0.046913017547265706,False,True,True,True,True,True,True,True,remained correct,False,False,False,False
3_0_5_37,Happy,Happy,0.3419474750522021,0.053508480848514284,1.5273976638485511,0.2273238012669188,0.3419474750522021,0.0173731224495191,0.0429409498408905,0.0507785715000361,0.0311970856867457,0.2884389942036878,Happy,0.3419474750522021,0.053508480848514284,1.5273976638485511,0.2273238012669188,0.3419474750522021,0.017373122449519107,0.04294094984089052,0.05077857150003612,0.031197085686745715,0.2884389942036878,Happy,0.3419474750522021,0.053508480848514284,1.5273976638485511,0.2273238012669188,0.3419474750522021,0.017373122449519104,0.042940949840890516,0.050778571500036104,0.03119708568674571,0.2884389942036878,Happy,0.3128203648135909,0.0447453246763696,1.666221164643781,0.12278544748979242,0.3128203648135909,0.007791025652848602,0.05295147987916391,0.09352164982832321,0.14205499219905962,0.2680750401372213,Happy,0.3419474750522021,0.053508480848514284,1.5273976638485511,0.2273238012669188,0.3419474750522021,0.0173731224495191,0.0429409498408905,0.0507785715000361,0.0311970856867457,0.2884389942036878,False,True,True,True,True,True,True,True,remained correct,False,False,False,False
7_1_2_25,Fear,Fear,0.555394154915816,0.4318429483185592,1.43068637681512,0.12355120659725681,0.06311510855599141,0.03743917839956891,0.028117636089626002,0.555394154915816,0.08067014334839441,0.11171257209334651,Fear,0.5553941549158159,0.4318429483185591,1.43068637681512,0.12355120659725682,0.06311510855599141,0.03743917839956891,0.028117636089626006,0.5553941549158159,0.08067014334839441,0.11171257209334652,Fear,0.5553941549158159,0.4318429483185591,1.43068637681512,0.1235512065972568,0.06311510855599141,0.0374391783995689,0.028117636089626,0.5553941549158159,0.0806701433483944,0.1117125720933465,Neutral,0.2257852822984097,0.03169858860943814,1.8094469356685867,0.2257852822984097,0.13450309362499954,0.012499028814925204,0.12156703609967213,0.18312787617957635,0.12843098929344557,0.19408669368897155,Fear,0.555394154915816,0.4318429483185592,1.4306863768151197,0.1235512065972568,0.0631151085559914,0.0374391783995689,0.028117636089626,0.555394154915816,0.0806701433483944,0.1117125720933465,False,False,False,True,True,True,False,True,remained correct,False,False,False,False
9_1_5_25,Happy,Happy,0.8393187507957509,0.8029947379072246,0.7213294350735369,0.018500934066757402,0.8393187507957509,0.020971631043785605,0.036324012888526304,0.03260533282375621,0.035074855102597405,0.017204483278826205,Happy,0.8393187507957509,0.8029947379072246,0.721329435073537,0.018500934066757405,0.8393187507957509,0.020971631043785608,0.03632401288852631,0.03260533282375622,0.03507485510259741,0.017204483278826208,Happy,0.8393187507957507,0.8029947379072244,0.7213294350735371,0.018500934066757402,0.8393187507957507,0.020971631043785605,0.036324012888526304,0.03260533282375621,0.0350748551025974,0.017204483278826205,Angry,0.24389588863222042,0.07032949151229279,1.8619244839151814,0.058043894584334406,0.17356639711992763,0.24389588863222042,0.12959159440438642,0.15352141982707512,0.16179767130353692,0.07958313412851901,Happy,0.8393187507957509,0.8029947379072246,0.7213294350735369,0.018500934066757402,0.8393187507957509,0.020971631043785605,0.036324012888526304,0.03260533282375621,0.035074855102597405,0.017204483278826205,False,False,False,True,True,True,False,True,remained correct,False,False,False,False
5_0_2_37,Fear,Fear,0.6481028625633649,0.502058866834608,1.1648053268233152,0.016544151612462102,0.10061660956715272,0.14604399572875693,0.013426711236278503,0.6481028625633649,0.04345558727313991,0.031810082018845005,Fear,0.6481028625633648,0.5020588668346079,1.1648053268233154,0.016544151612462102,0.10061660956715272,0.14604399572875693,0.013426711236278503,0.6481028625633648,0.04345558727313991,0.031810082018845005,Fear,0.6481028625633649,0.502058866834608,1.1648053268233152,0.016544151612462102,0.10061660956715272,0.14604399572875693,0.013426711236278505,0.6481028625633649,0.04345558727313991,0.031810082018845005,Disgust,0.2688352112814395,0.06919887830854823,1.8346719691345217,0.10705782662495364,0.13409125647465886,0.14865480674836407,0.04834202824867581,0.19963633297289127,0.2688352112814395,0.09338253764901683,Fear,0.6481028625633649,0.502058866834608,1.1648053268233152,0.0165441516124621,0.1006166095671527,0.1460439957287569,0.0134267112362785,0.6481028625633649,0.0434555872731399,0.031810082018845,False,False,False,True,True,True,False,True,remained correct,False,False,False,False
6_1_2_48,Fear,Fear,0.6910725472419206,0.5669782014155961,1.111029859486036,0.030969553724453106,0.026982558962729206,0.03865895578804931,0.06417216023889122,0.6910725472419206,0.024049878217632107,0.12409434582632453,Fear,0.6910725472419205,0.566978201415596,1.111029859486036,0.030969553724453106,0.026982558962729206,0.03865895578804931,0.06417216023889122,0.6910725472419205,0.024049878217632107,0.12409434582632453,Fear,0.6910725472419205,0.566978201415596,1.111029859486036,0.030969553724453102,0.0269825589627292,0.03865895578804931,0.0641721602388912,0.6910725472419205,0.024049878217632104,0.1240943458263245,Boredom,0.5268318052140164,0.353319896923892,1.424194507631434,0.040721747668219906,0.12127532554002672,0.015217180557366603,0.08471504834943021,0.17351190829012442,0.037726984380815703,0.5268318052140164,Fear,0.6910725472419206,0.5669782014155961,1.111029859486036,0.030969553724453106,0.026982558962729206,0.03865895578804931,0.06417216023889122,0.6910725472419206,0.024049878217632107,0.12409434582632453,False,False,False,True,True,True,False,True,remained correct,False,False,False,False
9_1_5_48,Happy,Happy,0.39234589233024414,0.019226874222039003,1.3854526783094079,0.03146825479611821,0.39234589233024414,0.030958199851389704,0.37311901810820514,0.12598679242265132,0.018910459932223005,0.027211382559168603,Happy,0.3923458923302441,0.019226874222039003,1.3854526783094079,0.031468254796118214,0.3923458923302441,0.030958199851389714,0.3731190181082051,0.12598679242265134,0.018910459932223008,0.02721138255916861,Happy,0.39234589233024414,0.019226874222039003,1.3854526783094079,0.031468254796118214,0.39234589233024414,0.03095819985138971,0.37311901810820514,0.12598679242265134,0.018910459932223005,0.027211382559168606,Sad,0.7125228866697597,0.6265360420659732,1.083473249784955,0.02103697493249551,0.03524167324169942,0.07112642517333564,0.7125228866697597,0.08598684460378644,0.04043442669374182,0.033650768685181624,Happy,0.39234589233024414,0.019226874222039003,1.3854526783094079,0.03146825479611821,0.39234589233024414,0.030958199851389704,0.37311901810820514,0.12598679242265132,0.018910459932223005,0.027211382559168603,False,False,False,True,True,True,False,True,remained correct,False,False,False,False
9_1_1_02,Angry,Angry,0.8506330268573533,0.7788437433358488,0.6483040009338812,0.011587097651407,0.01780971556342,0.8506330268573533,0.0717892835215045,0.0203285436354411,0.0133071708018101,0.014545161969064,Angry,0.8506330268573533,0.7788437433358488,0.6483040009338813,0.011587097651407004,0.017809715563420005,0.8506330268573533,0.07178928352150453,0.020328543635441107,0.013307170801810105,0.014545161969064005,Angry,0.8506330268573533,0.7788437433358488,0.6483040009338813,0.011587097651407002,0.017809715563420002,0.8506330268573533,0.07178928352150452,0.020328543635441107,0.013307170801810103,0.014545161969064004,Angry,0.5985104246167098,0.46068640468098054,1.2913389177518402,0.018848247363190403,0.06377968116674011,0.5985104246167098,0.13782401993572924,0.12080177983613681,0.043037569797460505,0.017198277284033104,Angry,0.8506330268573533,0.7788437433358488,0.6483040009338812,0.011587097651407,0.01780971556342,0.8506330268573533,0.0717892835215045,0.0203285436354411,0.0133071708018101,0.014545161969064,False,True,True,True,True,True,True,True,remained correct,False,False,False,False
7_1_1_40,Angry,Angry,0.9086843590373037,0.8814110644489902,0.46123613087310816,0.007200538191700001,0.010987803312856701,0.9086843590373037,0.011397478887739702,0.027273294588313502,0.017983268815194603,0.016473257166891703,Angry,0.9086843590373037,0.8814110644489902,0.46123613087310816,0.007200538191700001,0.010987803312856701,0.9086843590373037,0.011397478887739702,0.027273294588313502,0.017983268815194603,0.016473257166891703,Angry,0.9086843590373037,0.8814110644489902,0.46123613087310816,0.007200538191700001,0.010987803312856703,0.9086843590373037,0.011397478887739704,0.027273294588313506,0.017983268815194603,0.016473257166891703,Angry,0.7593876612880278,0.614790031447807,0.8427648938659665,0.004420513562410201,0.014749548405971102,0.7593876612880278,0.04778832195383761,0.14459762984022081,0.012403866776446601,0.016652458173085905,Angry,0.9086843590373037,0.8814110644489902,0.46123613087310816,0.007200538191700001,0.010987803312856701,0.9086843590373037,0.011397478887739702,0.027273294588313502,0.017983268815194603,0.016473257166891703,False,True,True,True,True,True,True,True,remained correct,False,False,False,False
7_1_4_17,Disgust,Disgust,0.8171176682800508,0.7423855244963176,0.7613005553594492,0.0176858747333566,0.0140656518098757,0.0747321437837333,0.0159500398329657,0.0439208384161785,0.8171176682800508,0.0165277831438394,Disgust,0.8171176682800508,0.7423855244963176,0.7613005553594493,0.017685874733356602,0.014065651809875703,0.07473214378373332,0.015950039832965703,0.043920838416178505,0.8171176682800508,0.016527783143839403,Disgust,0.817117668280051,0.7423855244963177,0.7613005553594492,0.017685874733356602,0.014065651809875701,0.07473214378373332,0.015950039832965703,0.043920838416178505,0.817117668280051,0.016527783143839403,Angry,0.48564433838049736,0.3053286454025944,1.4823450942802425,0.03857800888416461,0.09092414313700241,0.48564433838049736,0.04794823840301331,0.18031569297790292,0.14428217527579373,0.012307402941625602,Disgust,0.8171176682800508,0.7423855244963176,0.7613005553594492,0.0176858747333566,0.0140656518098757,0.0747321437837333,0.0159500398329657,0.0439208384161785,0.8171176682800508,0.0165277831438394,False,False,False,True,True,True,False,True,remained correct,False,False,False,False
9_1_4_39,Disgust,Disgust,0.3739761893823183,0.027237267043940416,1.508753522558715,0.0896951303084836,0.0780500213877242,0.3467389223383779,0.0175378512779273,0.04774205540164,0.3739761893823183,0.0462598299035287,Disgust,0.3739761893823183,0.027237267043940416,1.508753522558715,0.0896951303084836,0.0780500213877242,0.3467389223383779,0.0175378512779273,0.04774205540164,0.3739761893823183,0.0462598299035287,Disgust,0.3739761893823183,0.027237267043940416,1.508753522558715,0.0896951303084836,0.07805002138772421,0.3467389223383779,0.0175378512779273,0.047742055401640004,0.3739761893823183,0.0462598299035287,Disgust,0.35494486145704046,0.07456888590353833,1.625873449827297,0.14125886432998822,0.28037597555350213,0.06475126320618751,0.029754064444512007,0.08956568980284062,0.35494486145704046,0.039349281205928906,Disgust,0.3739761893823183,0.027237267043940416,1.508753522558715,0.0896951303084836,0.0780500213877242,0.3467389223383779,0.0175378512779273,0.04774205540164,0.3739761893823183,0.0462598299035287,False,True,True,True,True,True,True,True,remained correct,False,False,False,False
5_0_5_13,Happy,Happy,0.38288076814224337,0.055241116290581316,1.5070784260893684,0.12006946221332691,0.38288076814224337,0.03478416373753411,0.018942867897719904,0.04643505447883021,0.06924803167868342,0.32763965185166205,Happy,0.38288076814224337,0.055241116290581316,1.5070784260893684,0.12006946221332691,0.38288076814224337,0.03478416373753411,0.018942867897719904,0.04643505447883021,0.06924803167868342,0.32763965185166205,Happy,0.38288076814224337,0.055241116290581316,1.5070784260893684,0.12006946221332693,0.38288076814224337,0.03478416373753411,0.018942867897719907,0.04643505447883021,0.06924803167868343,0.32763965185166205,Boredom,0.3143740868398801,0.13313226423081356,1.7824194517784049,0.09726893839801352,0.15973128192886996,0.03249226602481691,0.09572381733691172,0.18124182260906654,0.11916778686244114,0.3143740868398801,Happy,0.38288076814224337,0.055241116290581316,1.5070784260893684,0.12006946221332691,0.38288076814224337,0.03478416373753411,0.018942867897719904,0.04643505447883021,0.06924803167868342,0.32763965185166205,False,False,False,True,True,True,False,True,remained correct,False,False,False,False
9_1_2_02,Fear,Fear,0.6479500307413931,0.5634655161680374,1.257758409124757,0.06836172537802271,0.05023600451327391,0.022648945624171204,0.08448451457335572,0.6479500307413931,0.057274147087269404,0.06904463208251402,Fear,0.647950030741393,0.5634655161680373,1.2577584091247571,0.06836172537802272,0.05023600451327392,0.022648945624171208,0.08448451457335573,0.647950030741393,0.05727414708726942,0.06904463208251403,Fear,0.647950030741393,0.5634655161680373,1.2577584091247571,0.06836172537802272,0.05023600451327392,0.022648945624171208,0.08448451457335573,0.647950030741393,0.05727414708726941,0.06904463208251402,Boredom,0.5081754699294605,0.34004952066793287,1.488541064360605,0.07352841982413232,0.05851439483647551,0.017106434558967605,0.16812594926152763,0.11429892565327243,0.060250405936164014,0.5081754699294605,Fear,0.6479500307413931,0.5634655161680374,1.257758409124757,0.06836172537802271,0.05023600451327391,0.022648945624171204,0.08448451457335572,0.6479500307413931,0.057274147087269404,0.06904463208251402,False,False,False,True,True,True,False,True,remained correct,False,False,False,False
4_0_1_11,Angry,Angry,0.8757233677543614,0.8253267108300071,0.5664024293342534,0.007514192215097,0.0088901294298667,0.8757233677543614,0.0190873071015381,0.0299901006965318,0.0503966569243543,0.0083982458782506,Angry,0.8757233677543615,0.8253267108300072,0.5664024293342536,0.007514192215097004,0.008890129429866703,0.8757233677543615,0.019087307101538106,0.029990100696531814,0.05039665692435432,0.008398245878250603,Angry,0.8757233677543614,0.8253267108300071,0.5664024293342536,0.007514192215097002,0.008890129429866701,0.8757233677543614,0.019087307101538102,0.02999010069653181,0.05039665692435431,0.008398245878250601,Disgust,0.30121965571629333,0.0028756231494757034,1.6567768982202433,0.06003264774787401,0.14507238093805883,0.29834403256681763,0.032463283694739005,0.13225137084137734,0.30121965571629333,0.030616628494839905,Angry,0.8757233677543614,0.8253267108300071,0.5664024293342534,0.007514192215097,0.0088901294298667,0.8757233677543614,0.0190873071015381,0.0299901006965318,0.0503966569243543,0.0083982458782506,False,False,False,True,True,True,False,True,remained correct,False,False,False,False
8_1_3_22,Boredom,Boredom,0.755828760088127,0.6948020305902763,0.9730311626670003,0.0241077494761405,0.0516906440038174,0.0318769788830542,0.0193758788305104,0.0560932592204997,0.0610267294978507,0.755828760088127,Boredom,0.755828760088127,0.6948020305902763,0.9730311626670003,0.024107749476140507,0.05169064400381741,0.031876978883054206,0.019375878830510403,0.056093259220499715,0.061026729497850714,0.755828760088127,Boredom,0.755828760088127,0.6948020305902763,0.9730311626670004,0.024107749476140503,0.051690644003817406,0.031876978883054206,0.019375878830510403,0.05609325922049971,0.06102672949785071,0.755828760088127,Angry,0.27154958073788715,0.0658043032425478,1.8354243949236102,0.05290902029333231,0.09700785395247492,0.27154958073788715,0.13309399832244534,0.13758143184136842,0.20574527749533936,0.10211283735715253,Boredom,0.755828760088127,0.6948020305902763,0.9730311626670003,0.0241077494761405,0.0516906440038174,0.0318769788830542,0.0193758788305104,0.0560932592204997,0.0610267294978507,0.755828760088127,False,False,False,True,True,True,False,True,remained correct,False,False,False,False
1_0_3_19,Boredom,Boredom,0.7810601915905027,0.7307732270858811,0.9025608099008802,0.0502869645046216,0.0277405542380363,0.0267349582546261,0.0496488152168696,0.0477389034361496,0.0167896127591942,0.7810601915905027,Boredom,0.7810601915905027,0.7307732270858811,0.9025608099008802,0.05028696450462161,0.027740554238036307,0.026734958254626108,0.04964881521686961,0.047738903436149616,0.016789612759194203,0.7810601915905027,Boredom,0.7810601915905027,0.7307732270858811,0.9025608099008802,0.05028696450462161,0.027740554238036307,0.026734958254626108,0.049648815216869605,0.047738903436149616,0.016789612759194203,0.7810601915905027,Angry,0.3698301235948446,0.19602132217481785,1.7186831087957353,0.13110345988607372,0.04698876336388481,0.3698301235948446,0.042915868303827306,0.13341522066096284,0.17380880142002672,0.10193776277038001,Boredom,0.7810601915905027,0.7307732270858811,0.9025608099008802,0.0502869645046216,0.0277405542380363,0.0267349582546261,0.0496488152168696,0.0477389034361496,0.0167896127591942,0.7810601915905027,False,False,False,True,True,True,False,True,remained correct,False,False,False,False
5_0_7_12,Sad,Disgust,0.5558772089317144,0.36821634662411395,1.3945775710634833,0.04109727375873411,0.06402604915460061,0.037305850964924704,0.04563665030063361,0.06839610458179211,0.5558772089317144,0.18766086230760046,Disgust,0.5558772089317143,0.36821634662411384,1.3945775710634836,0.04109727375873412,0.06402604915460063,0.03730585096492471,0.04563665030063362,0.06839610458179213,0.5558772089317143,0.18766086230760048,Disgust,0.5558772089317144,0.36821634662411395,1.3945775710634833,0.04109727375873412,0.06402604915460061,0.03730585096492471,0.045636650300633616,0.06839610458179213,0.5558772089317144,0.18766086230760048,Fear,0.27282341790124803,0.06112890842669469,1.8368770637206855,0.09833093069585933,0.21169450947455334,0.13055151249371832,0.06682199574430202,0.27282341790124803,0.08393906178037872,0.13583857190994023,Disgust,0.5558772089317146,0.3682163466241141,1.3945775710634833,0.04109727375873411,0.06402604915460061,0.037305850964924704,0.04563665030063361,0.06839610458179211,0.5558772089317146,0.18766086230760043,False,False,False,False,False,False,False,False,remained incorrect,False,False,False,False
3_0_7_12,Sad,Sad,0.7637069091486456,0.6390201506728859,0.8805656089796545,0.022465088137434003,0.040846460603758405,0.015207988346107502,0.7637069091486456,0.018221935796593005,0.014864859491701802,0.12468675847575972,Sad,0.7637069091486455,0.6390201506728858,0.8805656089796546,0.022465088137434006,0.04084646060375841,0.015207988346107506,0.7637069091486455,0.01822193579659301,0.014864859491701805,0.12468675847575975,Sad,0.7637069091486454,0.6390201506728856,0.8805656089796547,0.022465088137434003,0.040846460603758405,0.015207988346107502,0.7637069091486454,0.018221935796593005,0.014864859491701802,0.12468675847575972,Neutral,0.33501754912847226,0.12300743528833319,1.6805373359970917,0.33501754912847226,0.14057893023558454,0.015856902527721508,0.21201011384013907,0.04584003270689642,0.07826471624408514,0.17243175531710117,Sad,0.7637069091486456,0.6390201506728859,0.8805656089796545,0.022465088137434003,0.040846460603758405,0.015207988346107502,0.7637069091486456,0.018221935796593005,0.014864859491701802,0.12468675847575972,False,False,False,True,True,True,False,True,remained correct,False,False,False,False
6_1_5_48,Happy,Happy,0.8376037840707797,0.7836436383265807,0.720942553481241,0.021002518606376,0.8376037840707797,0.0211234518494567,0.0539601457441991,0.0222502633769588,0.025058246697771,0.0190015896544586,Happy,0.8376037840707797,0.7836436383265806,0.720942553481241,0.021002518606376003,0.8376037840707797,0.021123451849456704,0.05396014574419911,0.022250263376958804,0.025058246697771007,0.019001589654458605,Happy,0.8376037840707797,0.7836436383265806,0.720942553481241,0.021002518606376003,0.8376037840707797,0.0211234518494567,0.053960145744199106,0.022250263376958804,0.025058246697771007,0.019001589654458605,Sad,0.25339532192163905,0.03402644129750629,1.795611806344306,0.10637224179267933,0.19946196852005896,0.04214495731999661,0.25339532192163905,0.12041315215728422,0.21936888062413276,0.058843477664209116,Happy,0.8376037840707797,0.7836436383265807,0.720942553481241,0.021002518606376,0.8376037840707797,0.0211234518494567,0.0539601457441991,0.0222502633769588,0.025058246697771,0.0190015896544586,False,False,False,True,True,True,False,True,remained correct,False,False,False,False
3_0_5_42,Happy,Happy,0.7779309983182724,0.7085552666421878,0.8993579972473944,0.06937573167608461,0.7779309983182724,0.026246212579411902,0.017089742382583102,0.044890585282175405,0.046910205005724605,0.017556524755748103,Happy,0.7779309983182723,0.7085552666421877,0.8993579972473944,0.06937573167608461,0.7779309983182723,0.026246212579411902,0.017089742382583102,0.044890585282175405,0.046910205005724605,0.017556524755748103,Happy,0.7779309983182722,0.7085552666421876,0.8993579972473945,0.06937573167608461,0.7779309983182722,0.0262462125794119,0.0170897423825831,0.0448905852821754,0.04691020500572459,0.017556524755748103,Disgust,0.2992655518398437,0.08365241986563732,1.6897231782611226,0.04902712372086122,0.2156131319742064,0.16143431481808684,0.04096864126879801,0.20601453653885077,0.2992655518398437,0.02767669983935311,Happy,0.7779309983182724,0.7085552666421877,0.8993579972473941,0.06937573167608463,0.7779309983182724,0.02624621257941181,0.017089742382583106,0.04489058528217541,0.046910205005724515,0.017556524755748107,False,False,False,True,True,True,False,True,remained correct,False,False,False,False
7_1_5_32,Happy,Happy,0.7820773628944612,0.6995923402745813,0.8739653745213674,0.0824850226198799,0.7820773628944612,0.0158001762772599,0.0186657773891503,0.0179435999886569,0.0383483649122148,0.0446796959183769,Happy,0.7820773628944612,0.6995923402745813,0.8739653745213677,0.08248502261987992,0.7820773628944612,0.015800176277259905,0.018665777389150304,0.017943599988656904,0.03834836491221481,0.04467969591837691,Happy,0.7820773628944613,0.6995923402745814,0.8739653745213675,0.08248502261987992,0.7820773628944613,0.015800176277259905,0.018665777389150304,0.017943599988656904,0.0383483649122148,0.04467969591837691,Neutral,0.374886722941576,0.1557591786395536,1.653574753857249,0.374886722941576,0.15291225058708716,0.024751024389762406,0.04372935478719711,0.07775613758063363,0.2191275443020224,0.10683696541172134,Happy,0.7820773628944612,0.6995923402745813,0.8739653745213674,0.0824850226198799,0.7820773628944612,0.0158001762772599,0.0186657773891503,0.0179435999886569,0.0383483649122148,0.0446796959183769,False,False,False,True,True,True,False,True,remained correct,False,False,False,False
4_0_5_06,Happy,Happy,0.8041725428225245,0.7534790485241167,0.8283522609367806,0.04561238885944361,0.8041725428225245,0.014702836615732502,0.024711920476166202,0.020551396605486005,0.050693494298407804,0.03955542032223951,Happy,0.8041725428225244,0.7534790485241165,0.8283522609367806,0.04561238885944362,0.8041725428225244,0.014702836615732505,0.024711920476166205,0.020551396605486008,0.05069349429840781,0.039555420322239514,Happy,0.8041725428225245,0.7534790485241167,0.8283522609367806,0.04561238885944362,0.8041725428225245,0.014702836615732504,0.024711920476166205,0.020551396605486008,0.050693494298407804,0.03955542032223951,Disgust,0.27238587701457706,0.07737011131790769,1.8367006774639503,0.10417317075752512,0.09553015109806083,0.07242912430876962,0.17724017458771962,0.19501576569666937,0.27238587701457706,0.08322573653667842,Happy,0.8041725428225245,0.7534790485241167,0.8283522609367806,0.04561238885944361,0.8041725428225245,0.014702836615732502,0.024711920476166202,0.020551396605486005,0.050693494298407804,0.03955542032223951,False,False,False,True,True,True,False,True,remained correct,False,False,False,False
8_1_1_48,Angry,Fear,0.38930171419104287,0.0040640813107102325,1.367460569220897,0.021047084903823104,0.025966827995927602,0.38523763288033264,0.026169306376824804,0.38930171419104287,0.12287450716732001,0.029402926484729103,Fear,0.3893017141910428,0.004064081310710177,1.367460569220897,0.021047084903823104,0.025966827995927606,0.38523763288033264,0.026169306376824807,0.3893017141910428,0.12287450716732003,0.029402926484729107,Fear,0.38930171419104276,0.0040640813107102325,1.367460569220897,0.0210470849038231,0.0259668279959276,0.3852376328803325,0.0261693063768248,0.38930171419104276,0.12287450716732,0.0294029264847291,Angry,0.7195119451427255,0.5746574361822351,0.9859198948496306,0.010556108028854403,0.03495304577227951,0.7195119451427255,0.05038030047332102,0.14485450896049046,0.02661967220645751,0.013124419415871605,Angry,0.5034505755963942,0.23236180412141272,1.3320743639857726,0.021047084903823104,0.025966827995927602,0.5034505755963942,0.026169306376824804,0.27108877147498145,0.12287450716732001,0.029402926484729103,True,True,False,False,False,False,True,True,corrected by final fusion,True,True,False,True
1_0_2_50,Fear,Fear,0.7464485376636221,0.6207865744643082,0.9421016697689536,0.025074141792340604,0.03279268524823681,0.035425657350715706,0.016809032392932802,0.7464485376636221,0.12566196319931383,0.017787982352838305,Fear,0.746448537663622,0.6207865744643081,0.9421016697689537,0.02507414179234061,0.032792685248236815,0.03542565735071571,0.016809032392932806,0.746448537663622,0.12566196319931386,0.017787982352838308,Fear,0.746448537663622,0.6207865744643082,0.9421016697689536,0.0250741417923406,0.03279268524823681,0.0354256573507157,0.016809032392932802,0.746448537663622,0.1256619631993138,0.017787982352838305,Disgust,0.30229946844560185,0.02053434013803329,1.6718642522617935,0.08600642260572261,0.08029980822877242,0.28176512830756856,0.035584261176580305,0.18156759706731193,0.30229946844560185,0.032477314168442205,Fear,0.7464485376636221,0.6207865744643082,0.9421016697689534,0.025074141792340507,0.03279268524823681,0.035425657350715706,0.016809032392932802,0.7464485376636221,0.12566196319931383,0.017787982352838305,False,False,False,True,True,True,False,True,remained correct,False,False,False,False
7_1_3_42,Boredom,Disgust,0.3851402056596531,0.17775701799676302,1.668263821663249,0.2073831876628901,0.0632025729090164,0.030656532349277,0.0609002094115071,0.1286649126441538,0.3851402056596531,0.1240523793635024,Neutral,0.39063247402312573,0.1887415547237082,1.6647515375707886,0.39063247402312573,0.06320257290901642,0.030656532349277003,0.06090020941150711,0.12866491264415383,0.20189091929941752,0.12405237936350241,Disgust,0.30267802679754713,0.012832660272550978,1.69520348814989,0.28984536652499615,0.06320257290901642,0.030656532349277003,0.06090020941150711,0.1286649126441538,0.30267802679754713,0.12405237936350241,Neutral,0.31824130665543066,0.09231270007470774,1.7277989205018065,0.31824130665543066,0.09410149075941594,0.02049183322628841,0.11450069795258966,0.15606608246643425,0.22592860658072292,0.07066998235911832,Disgust,0.30267802679754713,0.012832660272550978,1.69520348814989,0.28984536652499615,0.06320257290901642,0.030656532349277003,0.06090020941150711,0.12866491264415383,0.30267802679754713,0.12405237936350241,False,False,False,False,False,False,False,False,remained incorrect,False,False,False,False
4_0_7_47,Sad,Sad,0.8391645466211806,0.7687718626749762,0.6927092183382901,0.0207900470974157,0.0129000826296513,0.0163964058655946,0.8391645466211806,0.0703926839462043,0.0276073632684479,0.0127488705715055,Sad,0.8391645466211806,0.7687718626749762,0.6927092183382902,0.020790047097415703,0.012900082629651304,0.016396405865594602,0.8391645466211806,0.07039268394620432,0.027607363268447906,0.012748870571505503,Sad,0.8391645466211806,0.7687718626749762,0.6927092183382901,0.020790047097415703,0.012900082629651304,0.016396405865594602,0.8391645466211806,0.07039268394620432,0.027607363268447906,0.012748870571505502,Fear,0.4107548476413908,0.19939238718290395,1.6372486186289916,0.12221806628003072,0.06193238596401902,0.03286603752588091,0.09733290312628233,0.4107548476413908,0.21136246045848686,0.06353329900390932,Sad,0.8391645466211806,0.7687718626749762,0.6927092183382901,0.0207900470974157,0.0129000826296513,0.0163964058655946,0.8391645466211806,0.0703926839462043,0.0276073632684479,0.0127488705715055,False,False,False,True,True,True,False,True,remained correct,False,False,False,False
7_1_7_17,Sad,Sad,0.8583619464634277,0.782037965041732,0.6063424790647652,0.0101813743982309,0.0105124267564377,0.0229782807269684,0.8583619464634277,0.0763239814216957,0.0128105378157195,0.0088314524175202,Sad,0.8583619464634277,0.782037965041732,0.6063424790647653,0.010181374398230901,0.010512426756437702,0.022978280726968402,0.8583619464634277,0.07632398142169572,0.012810537815719503,0.008831452417520202,Sad,0.8583619464634276,0.7820379650417318,0.6063424790647653,0.0101813743982309,0.0105124267564377,0.0229782807269684,0.8583619464634276,0.0763239814216957,0.012810537815719497,0.0088314524175202,Sad,0.310710489191852,0.10366600482431837,1.7179564143933603,0.07737512368039133,0.12360143150632624,0.07241259195356743,0.310710489191852,0.20704448436753364,0.19340973476108705,0.015446144539242306,Sad,0.8583619464634277,0.782037965041732,0.6063424790647652,0.0101813743982309,0.0105124267564377,0.0229782807269684,0.8583619464634277,0.0763239814216957,0.0128105378157195,0.0088314524175202,False,True,True,True,True,True,True,True,remained correct,False,False,False,False
2_0_2_20,Fear,Fear,0.517799056191495,0.3671246959021349,1.4579318776293773,0.07441943726726731,0.026712157464142402,0.022439538033262405,0.06615868716179421,0.517799056191495,0.15067436028936013,0.14179676359267862,Fear,0.5177990561914949,0.36712469590213476,1.4579318776293775,0.07441943726726732,0.02671215746414241,0.02243953803326241,0.06615868716179422,0.5177990561914949,0.15067436028936015,0.14179676359267865,Fear,0.5177990561914949,0.3671246959021348,1.4579318776293775,0.07441943726726731,0.0267121574641424,0.022439538033262405,0.06615868716179421,0.5177990561914949,0.15067436028936013,0.1417967635926786,Disgust,0.30414551413262336,0.027686762062705428,1.7071717242731472,0.27645875206991793,0.039312445642041206,0.04024640507494471,0.08190750556433171,0.13135370156575063,0.30414551413262336,0.12657567595039051,Fear,0.517799056191495,0.3671246959021349,1.457931877629377,0.07441943726726731,0.026712157464142308,0.022439538033262405,0.06615868716179421,0.517799056191495,0.15067436028936013,0.14179676359267862,False,False,False,True,True,True,False,True,remained correct,False,False,False,False
8_1_7_36,Sad,Sad,0.8944245827081047,0.8710487561787934,0.5228128159751209,0.012727973635425,0.0181588465297911,0.0180104801763988,0.8944245827081047,0.022142834488696,0.0111594559322732,0.0233758265293113,Sad,0.8944245827081047,0.8710487561787934,0.5228128159751211,0.012727973635425003,0.018158846529791103,0.018010480176398804,0.8944245827081047,0.022142834488696004,0.011159455932273202,0.023375826529311302,Sad,0.8944245827081045,0.8710487561787933,0.522812815975121,0.012727973635424997,0.0181588465297911,0.0180104801763988,0.8944245827081045,0.022142834488696,0.0111594559322732,0.023375826529311295,Sad,0.45990840769287245,0.29136462535377416,1.6187730579211765,0.06129849689237922,0.09430907952106672,0.07006947062276432,0.45990840769287245,0.16854378233909825,0.06655778743971853,0.07931297549210052,Sad,0.8944245827081047,0.8710487561787934,0.5228128159751209,0.012727973635425,0.0181588465297911,0.0180104801763988,0.8944245827081047,0.022142834488696,0.0111594559322732,0.0233758265293113,False,True,True,True,True,True,True,True,remained correct,False,False,False,False
7_1_3_41,Boredom,Boredom,0.5983938998539062,0.33847897962137163,1.1588519034371143,0.2599149202325346,0.0335728007615295,0.0168585364372502,0.0316542901555319,0.0316747201091538,0.0279308324500938,0.5983938998539062,Boredom,0.5983938998539061,0.3384789796213716,1.1588519034371143,0.25991492023253454,0.033572800761529506,0.016858536437250205,0.03165429015553191,0.03167472010915381,0.02793083245009381,0.5983938998539061,Boredom,0.5983938998539062,0.33847897962137163,1.1588519034371143,0.2599149202325346,0.033572800761529506,0.016858536437250205,0.03165429015553191,0.03167472010915381,0.027930832450093805,0.5983938998539062,Neutral,0.3791944700436729,0.12424137597146095,1.628932807460807,0.3791944700436729,0.11655683448916512,0.020213952206668603,0.056726704147610815,0.07347568004753112,0.25495309407221195,0.09887926499313952,Boredom,0.5983938998539062,0.33847897962137174,1.1588519034371143,0.2599149202325345,0.0335728007615295,0.0168585364372502,0.0316542901555319,0.0316747201091538,0.0279308324500938,0.5983938998539062,False,False,False,True,True,True,False,True,remained correct,False,False,False,False
3_0_5_43,Happy,Neutral,0.7088779657595922,0.6084701474007982,1.0878337930451776,0.7088779657595922,0.100407818358794,0.0264352290923694,0.0233318406551228,0.037222148054752,0.0510829588777856,0.052642039201584,Neutral,0.7088779657595922,0.6084701474007981,1.0878337930451778,0.7088779657595922,0.10040781835879405,0.026435229092369412,0.02333184065512281,0.03722214805475201,0.05108295887778562,0.05264203920158402,Neutral,0.7088779657595922,0.6084701474007981,1.0878337930451776,0.7088779657595922,0.10040781835879403,0.02643522909236941,0.023331840655122803,0.037222148054752005,0.05108295887778561,0.052642039201584015,Disgust,0.24640567241209327,0.03933740202749511,1.7821552811037784,0.04221889769159331,0.12861412599768882,0.17358762055898022,0.17122653308442204,0.20706827038459816,0.24640567241209327,0.030878879870624206,Neutral,0.7088779657595922,0.6084701474007982,1.0878337930451776,0.7088779657595922,0.100407818358794,0.0264352290923694,0.0233318406551228,0.037222148054752,0.0510829588777856,0.052642039201584,False,False,False,False,False,False,False,False,remained incorrect,False,False,False,False
10_1_2_15,Fear,Fear,0.6117853310551568,0.3558016890509557,1.1214162475185967,0.015683318060815105,0.031886991338710605,0.038409765464565704,0.25598364200420104,0.6117853310551568,0.030602735036578208,0.015648217039972604,Fear,0.6117853310551566,0.3558016890509556,1.121416247518597,0.015683318060815105,0.031886991338710605,0.038409765464565704,0.25598364200420104,0.6117853310551566,0.030602735036578208,0.015648217039972604,Fear,0.6117853310551566,0.3558016890509556,1.121416247518597,0.015683318060815105,0.031886991338710605,0.038409765464565704,0.25598364200420104,0.6117853310551566,0.03060273503657821,0.015648217039972604,Fear,0.36569847264087724,0.2118059473868235,1.7702950473613481,0.07259751371799371,0.13460288312396013,0.09485223743524172,0.15389252525405372,0.36569847264087724,0.08276606344797412,0.09559030437989943,Fear,0.6117853310551568,0.3558016890509557,1.1214162475185967,0.015683318060815105,0.031886991338710605,0.038409765464565704,0.25598364200420104,0.6117853310551568,0.030602735036578208,0.015648217039972604,False,True,True,True,True,True,True,True,remained correct,False,False,False,False
8_1_4_18,Disgust,Disgust,0.7557994626213268,0.6852803305746155,0.9568393981171156,0.07040724828301931,0.07051913204671131,0.030164695598813605,0.013535411311369202,0.037007672199292505,0.7557994626213268,0.022566377939467305,Disgust,0.7557994626213268,0.6852803305746155,0.9568393981171158,0.07040724828301934,0.07051913204671134,0.03016469559881362,0.013535411311369207,0.03700767219929252,0.7557994626213268,0.022566377939467315,Disgust,0.7557994626213268,0.6852803305746155,0.9568393981171158,0.07040724828301934,0.07051913204671133,0.03016469559881361,0.013535411311369205,0.03700767219929252,0.7557994626213268,0.02256637793946731,Neutral,0.30559321149274954,0.07918207381311629,1.7305574880131624,0.30559321149274954,0.22641113767963325,0.019798829565579802,0.062103380263981614,0.09443845190052863,0.16549315442408694,0.12616183467344014,Disgust,0.7557994626213269,0.6852803305746156,0.9568393981171155,0.07040724828301931,0.07051913204671131,0.030164695598813605,0.013535411311369202,0.037007672199292505,0.7557994626213269,0.022566377939467305,False,False,False,True,True,True,False,True,remained correct,False,False,False,False
2_0_7_27,Sad,Sad,0.8796355301778614,0.847054359866807,0.5748720054252399,0.019934682858226003,0.013916264367399104,0.009926324339639301,0.8796355301778614,0.026117360265731707,0.017888667680088004,0.03258117031105451,Sad,0.8796355301778614,0.8470543598668069,0.57487200542524,0.01993468285822601,0.013916264367399107,0.009926324339639305,0.8796355301778614,0.02611736026573171,0.017888667680088007,0.032581170311054515,Sad,0.8796355301778613,0.8470543598668068,0.57487200542524,0.019934682858226003,0.013916264367399102,0.009926324339639301,0.8796355301778613,0.026117360265731703,0.017888667680088004,0.03258117031105451,Sad,0.5550693356706092,0.4053511013678297,1.3925272281176677,0.10397813204866904,0.017708031935307008,0.02231784186792271,0.5550693356706092,0.14971823430277956,0.06862330347869312,0.08258512069601934,Sad,0.8796355301778614,0.847054359866807,0.5748720054252399,0.019934682858226003,0.013916264367399104,0.009926324339639301,0.8796355301778614,0.026117360265731707,0.017888667680088004,0.03258117031105451,False,True,True,True,True,True,True,True,remained correct,False,False,False,False
4_0_7_46,Sad,Sad,0.7130463636493595,0.6330480406918895,1.0861469472081002,0.03221600585487431,0.03198660782053311,0.07999832295747002,0.7130463636493595,0.07214521176846192,0.04651198907121461,0.024095498878086704,Sad,0.7130463636493594,0.6330480406918894,1.0861469472081002,0.032216005854874316,0.031986607820533114,0.07999832295747003,0.7130463636493594,0.07214521176846193,0.046511989071214614,0.024095498878086707,Sad,0.7130463636493595,0.6330480406918895,1.0861469472081002,0.032216005854874316,0.031986607820533114,0.07999832295747003,0.7130463636493595,0.07214521176846192,0.04651198907121461,0.024095498878086707,Fear,0.233842085959954,0.039379571509177536,1.8591937869998325,0.13222664752101546,0.09580833686281565,0.19446251445077647,0.13730722938786785,0.233842085959954,0.1595852563267144,0.046767929490856223,Sad,0.7130463636493595,0.6330480406918895,1.0861469472081002,0.03221600585487431,0.03198660782053311,0.07999832295747002,0.7130463636493595,0.07214521176846192,0.04651198907121461,0.024095498878086704,False,False,False,True,True,True,False,True,remained correct,False,False,False,False
2_0_1_41,Angry,Angry,0.8410586651090254,0.7501007299824239,0.6533341497155257,0.0083461109374425,0.0106385647742464,0.8410586651090254,0.0150989013049376,0.0909579351266014,0.018391141803053,0.0155086809446936,Angry,0.8410586651090254,0.7501007299824239,0.6533341497155258,0.008346110937442502,0.010638564774246401,0.8410586651090254,0.015098901304937603,0.09095793512660141,0.018391141803053002,0.015508680944693602,Angry,0.8410586651090254,0.7501007299824239,0.6533341497155258,0.008346110937442502,0.010638564774246401,0.8410586651090254,0.015098901304937603,0.09095793512660141,0.018391141803053,0.015508680944693602,Angry,0.707967979523463,0.6016504203271872,1.0911577824843686,0.033566304021207104,0.044794958203786504,0.707967979523463,0.030614556210347508,0.10631755919627582,0.04623139599778771,0.030507246847132206,Angry,0.8410586651090254,0.7501007299824239,0.6533341497155257,0.0083461109374425,0.0106385647742464,0.8410586651090254,0.0150989013049376,0.0909579351266014,0.018391141803053,0.0155086809446936,False,True,True,True,True,True,True,True,remained correct,False,False,False,False
4_0_5_41,Happy,Happy,0.8440759332994683,0.779121551795715,0.6825728348180355,0.0245207764143088,0.8440759332994683,0.0153306882261799,0.0142045164973311,0.0144481720652949,0.0224655319936636,0.0649543815037533,Happy,0.8440759332994683,0.779121551795715,0.6825728348180355,0.0245207764143088,0.8440759332994683,0.0153306882261799,0.0142045164973311,0.0144481720652949,0.0224655319936636,0.0649543815037533,Happy,0.8440759332994683,0.779121551795715,0.6825728348180355,0.0245207764143088,0.8440759332994683,0.0153306882261799,0.0142045164973311,0.014448172065294902,0.0224655319936636,0.0649543815037533,Happy,0.45189618062456366,0.2935218027301948,1.6149919006885332,0.15837437789436887,0.45189618062456366,0.048266516713968415,0.043034914997600614,0.07338649805225123,0.12195261598334414,0.10308889573390313,Happy,0.8440759332994683,0.779121551795715,0.6825728348180355,0.0245207764143088,0.8440759332994683,0.0153306882261799,0.0142045164973311,0.0144481720652949,0.0224655319936636,0.0649543815037533,False,True,True,True,True,True,True,True,remained correct,False,False,False,False
4_0_5_30,Happy,Happy,0.5811655989674818,0.4201820978425905,1.3543823518374452,0.0527852709520684,0.5811655989674818,0.021505780808539,0.1609835011248913,0.0827372023504278,0.0465542800877513,0.0542683657088404,Happy,0.5811655989674818,0.4201820978425905,1.3543823518374452,0.0527852709520684,0.5811655989674818,0.021505780808539,0.1609835011248913,0.0827372023504278,0.0465542800877513,0.0542683657088404,Happy,0.5811655989674818,0.4201820978425905,1.3543823518374454,0.052785270952068405,0.5811655989674818,0.021505780808539,0.1609835011248913,0.08273720235042781,0.04655428008775131,0.0542683657088404,Happy,0.24362035421098782,0.03485278216164314,1.8371019180288874,0.1660163682491955,0.24362035421098782,0.03945698713003672,0.20876757204934468,0.13361211606042125,0.10493082228221204,0.10359578001780204,Happy,0.5811655989674818,0.4201820978425905,1.3543823518374452,0.0527852709520684,0.5811655989674818,0.021505780808539,0.1609835011248913,0.0827372023504278,0.0465542800877513,0.0542683657088404,False,True,True,True,True,True,True,True,remained correct,False,False,False,False
5_0_3_07,Boredom,Boredom,0.7389963329351451,0.6788526841952351,1.0258564792132117,0.0567931142122626,0.0438484518290954,0.0288908195099515,0.06014364873991,0.020215222600855,0.0511124101727804,0.7389963329351451,Boredom,0.7389963329351451,0.6788526841952351,1.0258564792132119,0.05679311421226261,0.04384845182909541,0.028890819509951503,0.06014364873991001,0.020215222600855003,0.051112410172780405,0.7389963329351451,Boredom,0.7389963329351451,0.6788526841952351,1.0258564792132117,0.056793114212262595,0.0438484518290954,0.028890819509951496,0.06014364873990999,0.020215222600855,0.051112410172780384,0.7389963329351451,Sad,0.22079065602172684,0.011766403850245993,1.8637493393143147,0.09718370056453123,0.20902425217148085,0.048179429486672316,0.22079065602172684,0.13973780848612333,0.14244154845717183,0.14264260481229363,Boredom,0.7389963329351451,0.6788526841952351,1.0258564792132117,0.0567931142122626,0.0438484518290954,0.0288908195099515,0.06014364873991,0.020215222600855,0.0511124101727804,0.7389963329351451,False,False,False,True,True,True,False,True,remained correct,False,False,False,False
9_1_2_49,Fear,Fear,0.7418733808824212,0.6172822274948158,0.9472660889225979,0.054612720332092,0.02508920836357,0.0235970187338896,0.013705623497426,0.7418733808824212,0.1245911533876054,0.0165308948029958,Fear,0.7418733808824212,0.6172822274948158,0.9472660889225979,0.05461272033209202,0.025089208363570006,0.023597018733889606,0.013705623497426003,0.7418733808824212,0.12459115338760543,0.016530894802995803,Fear,0.7418733808824212,0.6172822274948158,0.9472660889225979,0.05461272033209201,0.025089208363570002,0.023597018733889603,0.013705623497426003,0.7418733808824212,0.12459115338760542,0.016530894802995803,Fear,0.3930979210869278,0.18837441454302417,1.6878522148063815,0.10498229584550044,0.04453130315765731,0.06533437973265473,0.20472350654390364,0.3930979210869278,0.10300457490513673,0.08432601872821922,Fear,0.7418733808824212,0.6172822274948158,0.9472660889225979,0.054612720332092,0.02508920836357,0.0235970187338896,0.013705623497426,0.7418733808824212,0.1245911533876054,0.0165308948029958,False,True,True,True,True,True,True,True,remained correct,False,False,False,False
8_1_3_28,Boredom,Boredom,0.3533134715460004,0.03935832217891411,1.4975738990699194,0.3139551493670863,0.0222968178184677,0.0320698831916386,0.1992877526794466,0.0544404042806561,0.0246365211167043,0.3533134715460004,Boredom,0.35331347154600035,0.03935832217891411,1.4975738990699194,0.31395514936708624,0.022296817818467703,0.03206988319163861,0.19928775267944657,0.054440404280656114,0.024636521116704307,0.35331347154600035,Boredom,0.3533134715460004,0.03935832217891411,1.4975738990699194,0.3139551493670863,0.022296817818467703,0.03206988319163861,0.1992877526794466,0.05444040428065611,0.024636521116704307,0.3533134715460004,Boredom,0.2707637600739405,0.03690382160226627,1.8005209970575695,0.10351121375728115,0.06887590588975973,0.04752092751903112,0.11758353317993775,0.23385993847167422,0.15788472110837568,0.2707637600739405,Boredom,0.3533134715460004,0.03935832217891411,1.4975738990699194,0.3139551493670863,0.0222968178184677,0.0320698831916386,0.1992877526794466,0.0544404042806561,0.0246365211167043,0.3533134715460004,False,True,True,True,True,True,True,True,remained correct,False,False,False,False
3_0_5_28,Happy,Happy,0.7633059517325332,0.70190603946685,0.9615746259908181,0.0253639785978452,0.7633059517325332,0.028668468720082,0.0405367249314309,0.0407419095365905,0.0399830542158349,0.0613999122656832,Happy,0.7633059517325332,0.70190603946685,0.9615746259908181,0.0253639785978452,0.7633059517325332,0.028668468720082,0.0405367249314309,0.0407419095365905,0.0399830542158349,0.0613999122656832,Happy,0.7633059517325332,0.70190603946685,0.9615746259908181,0.0253639785978452,0.7633059517325332,0.028668468720082003,0.0405367249314309,0.0407419095365905,0.0399830542158349,0.061399912265683206,Sad,0.34839158616119215,0.1945876349828302,1.7612277977594193,0.10243962702315054,0.14302151085877315,0.03274813719217561,0.34839158616119215,0.15380395117836196,0.09267059166058594,0.12692459592576075,Happy,0.7633059517325332,0.70190603946685,0.9615746259908181,0.0253639785978452,0.7633059517325332,0.028668468720082,0.0405367249314309,0.0407419095365905,0.0399830542158349,0.0613999122656832,False,False,False,True,True,True,False,True,remained correct,False,False,False,False
9_1_7_44,Sad,Sad,0.6423173096248082,0.43328448289443006,1.1215238163011394,0.0315878353133327,0.0232917126329846,0.0147216910376521,0.6423173096248082,0.0267490902971516,0.0522995343636927,0.2090328267303781,Sad,0.642317309624808,0.4332844828944299,1.1215238163011396,0.03158783531333271,0.023291712632984605,0.014721691037652104,0.642317309624808,0.02674909029715161,0.052299534363692717,0.20903282673037815,Sad,0.6423173096248082,0.43328448289443,1.1215238163011394,0.03158783531333271,0.0232917126329846,0.014721691037652102,0.6423173096248082,0.026749090297151605,0.05229953436369271,0.20903282673037812,Fear,0.33124906076014604,0.1568562295266358,1.7861025336081666,0.06510979940607842,0.08533855557943872,0.06918435223267991,0.15586986445890294,0.33124906076014604,0.11885553632924373,0.17439283123351024,Sad,0.6423173096248082,0.43328448289443006,1.1215238163011394,0.0315878353133327,0.0232917126329846,0.0147216910376521,0.6423173096248082,0.0267490902971516,0.0522995343636927,0.2090328267303781,False,False,False,True,True,True,False,True,remained correct,False,False,False,False
9_1_3_06,Boredom,Boredom,0.5574462208696495,0.2911038411457136,1.255597987694818,0.0426468131091312,0.2663423797239359,0.0244630598370856,0.0221890172875433,0.0289985626282042,0.0579139465444504,0.5574462208696495,Boredom,0.5574462208696495,0.2911038411457136,1.255597987694818,0.04264681310913121,0.2663423797239359,0.024463059837085604,0.022189017287543304,0.028998562628204202,0.05791394654445041,0.5574462208696495,Boredom,0.5574462208696495,0.2911038411457136,1.255597987694818,0.04264681310913121,0.2663423797239359,0.024463059837085604,0.022189017287543304,0.028998562628204202,0.05791394654445041,0.5574462208696495,Disgust,0.22527370912591282,0.0021231663152145863,1.8476854635304703,0.14681213435351634,0.11057563574826111,0.04022836129306661,0.11409916633667522,0.13986045033186964,0.22527370912591282,0.22315054281069824,Boredom,0.5574462208696495,0.2911038411457136,1.255597987694818,0.0426468131091312,0.2663423797239359,0.0244630598370856,0.0221890172875433,0.0289985626282042,0.0579139465444504,0.5574462208696495,False,False,False,True,True,True,False,True,remained correct,False,False,False,False
