file_id,split,label,prev_text,curr_text,audio_path
9_1_7_33,train,Sad,اپنی غلطیاں اپنی کوتاہیاں اپنی خطائیں,کچھ بھی نہیں صرف اور صرف محرومی,audio/9_1_7_33.wav
8_1_6_17,train,Neutral,مجھے لگتا تھا کہ اس لڑائی بالکل اکیلی ہوں,چھوڑ ہی تو نہیں سکتی ڈیڈ,audio/8_1_6_17.wav
7_1_5_48,train,Happy,وہی ابھی اپ کو کل کا قصہ بتاؤں میں,میں نے لکھ کے دی اسے درخواست وہ بھی انگریزی میں,audio/7_1_5_48.wav
5_0_6_08,train,Neutral,ویسے بچے پتہ ہے کیا ہوتا ہے دکان جانے سے پہلے سارا وقت جو ہے نا وہ بازار میں ضائع ہو جاتا ہے,اور مجھے پتہ ہوتا ہے کہ تمہاری ماں نے کون کون سی چیز کہاں کہاں رکھی ہوئی ہے,audio/5_0_6_08.wav
9_1_7_11,train,Sad,نہ بھوک نہ پیاس نہ نیند,بس سمجھو اب تو یہی لکھا ہے قسمت میں,audio/9_1_7_11.wav
6_1_4_25,train,Disgust,یہی سوچ کر تو ہول اٹھتے ہیں میرے دل میں,ہم اپنی ہر غلطی اس پہ کیوں ڈال دیتے ہیں,audio/6_1_4_25.wav
4_0_4_35,train,Disgust,مرید تو سمجھتا کیوں نہیں سمجھتا کیوں نہیں مالکوں کی برابری نہیں کرتے,اور ایسا نہیں تھا کہ میرے ابا میری فیس برداشت نہیں کر سکتے تھے پیسے تھے ان کے پاس,audio/4_0_4_35.wav
8_1_2_06,train,Fear,نہیں جانا مجھے تمہارے ساتھ کہیں,نہیں ہے مجھے ضرورت تم لوگوں کی,audio/8_1_2_06.wav
2_0_5_46,train,Happy,سب میں گھسنا ہوتا تھا بھائی,اسی چکر میں بعد میں مجھے,audio/2_0_5_46.wav
1_0_7_38,train,Sad,اس کے اتنی بڑی سزا ملی ہے سارے رشتے ہاتھ سے نکلتے جا رہے ہیں,میں اظہار نہیں کر سکا لیکن بیٹی ہے وہ میری محبت کا نہ سہی عزت کا ہی پاس رکھ لیتی,audio/1_0_7_38.wav
7_1_4_04,train,Disgust,بلکہ میں نے ہی نہیں بڑے بھیا نے بھی بتایا تھا,اپنی گاڑی ہٹائیے تاکہ میں پارک کر سکوں,audio/7_1_4_04.wav
4_0_7_28,train,Sad,اج میں اتنا ہی بدنام ہوں جتنا تم چاہتی تھی,کا ایک بیٹا دربدر کی ٹھوکریں کھا رہا عیسا,audio/4_0_7_28.wav
7_1_4_37,train,Disgust,اور جو تمہاری امی رسمیں کر رہیں تھیں وہ ایسے پانی وارنے والی وہ بہت معقول ہے,آپ نہیں سمجھیں گی بھابھی,audio/7_1_4_37.wav
6_1_2_30,train,Fear,اچھا ٹھیک ہے,مجھے اپنے ابو سے ملنا ہے لے کے چلو مجھے ان کے پاس,audio/6_1_2_30.wav
6_1_1_06,train,Angry,بابر کب تک تم اپنے باپ کی انگلی پکڑ کے پھرتے رہو گے,کیا بدتمیزی ہاتھ چھوڑو میرا کہا نا ہاتھ چھوڑو,audio/6_1_1_06.wav
8_1_4_19,train,Disgust,پوری زندگی بنا کسی سہارے کے ارام سے گزار سکتی ہوں,یہی عقیدت مانگی تھی اج جس کے تم وہ دعوے کرتے تھے,audio/8_1_4_19.wav
1_0_4_50,train,Disgust,جاؤ تم لوگ بعد میں بات کروں گا تم سے نکمے کہیں کے,جاؤ تم لوگ بعد میں بات کروں گا تم سے نکمے کہیں کے,audio/1_0_4_50.wav
5_0_4_15,train,Disgust,کیا سمجھتے ہو تم,تم اپنا گناہ سماجی کاموں اور لوگوں کے کام اور لوگوں کی مدد کر کے چھپا لو گی,audio/5_0_4_15.wav
1_0_7_24,train,Sad,اب تجھے یہ اپنا فرض نبھانا ہے ایمانداری سے,میاں بیوی میں محبت اور عزت تو ہوتی ہے,audio/1_0_7_24.wav
6_1_1_03,train,Angry,امی یہاں انے کے علاوہ اس کے پاس کوئی کام نہیں ہے,میں نے کہا نا میں نے تمہاری کوئی بات نہیں سنی,audio/6_1_1_03.wav
6_1_1_49,train,Angry,ماری رہی تھی نا انتظار نہیں کر سکتا تھا کیا تھوڑا,مجھے ہاسٹل میں ڈال دیا اس کی خاطر,audio/6_1_1_49.wav
3_0_3_40,train,Boredom,اج کل کوئی خواب وغیرہ نہیں دیکھتی ہو تم,صاف ہی کہو کہ حقیقتیں دیکھ کر ڈر گئی ہو,audio/3_0_3_40.wav
2_0_6_44,train,Neutral,اچھا ہوا کہ اپ سمجھ گئی,اب اسے بھی جا کر سمجھا دیں کہ وہ وہاں ارام کریں,audio/2_0_6_44.wav
4_0_4_01,train,Disgust,میرے ماں باپ کے لڑنے کی آوازیں آ,میں وہی کر رہا تھا جو ایک بھائی کو کرنا چاہیے,audio/4_0_4_01.wav
8_1_2_09,train,Fear,میں نے کبھی اس کو اس نظر سے دیکھا ہی نہیں ہے,زید کو فون کریں رخصتی کا وقت ہونے والا ہے,audio/8_1_2_09.wav
7_1_7_32,train,Sad,مجھے نہیں رہنا اُس کے ساتھ,تم گولی کھاؤ میں پانی پلاتی ہوں,audio/7_1_7_32.wav
7_1_6_27,train,Neutral,کھانا نکال رہے ہیں اور کھانا کھا بھی رہی ہوں,نہیں مطلب اتنی کوئی پریشانی کی بات بھی نہیں ہے ا,audio/7_1_6_27.wav
10_1_5_26,train,Happy,قُرآنِ پاک کا نسخہ,آپ جیسی کامیابی نہیں ملنے والی مجھے,audio/10_1_5_26.wav
8_1_5_22,train,Happy,چلیں نیچے چلتے ہیں کھانا ساتھ کھاتے ہیں,یہ شام میری سہیلی,audio/8_1_5_22.wav
8_1_7_43,train,Sad,میں نے بہت کوشش کی تھی کہ آپ کے اور ابرار انکل کے وعدے کا پاس رکھ سکوں,لیکن میں آپ لوگوں سے بہت شرمندہ ہوں,audio/8_1_7_43.wav
6_1_2_37,train,Fear,لیکن مجھے نہیں لگتا کہ میری کہانی کوئی ایسے چھوڑے گی,مجھے تو ایک ہی ڈر ہے,audio/6_1_2_37.wav
2_0_1_21,train,Angry,مجھے یہ بتاؤ کہ 50 لاکھ روپے تم نے کس کو دیے ہیں,میں تم سے بات کر رہا ہوں جو پوچھا رہا ہوں جواب دو,audio/2_0_1_21.wav
2_0_1_18,train,Angry,میں نے بہت برداشت کر لیا نکل جاؤ یہاں سے دفع ہو جاؤ,پولیس والے گیم کر رہے ہیں سمجھ کیوں نہیں اتی تمہیں,audio/2_0_1_18.wav
4_0_5_47,train,Happy,جو اپ کو فون کی بیماری ہے,جو اپ چھ چھ فون لے کر رکھتی ہیں,audio/4_0_5_47.wav
3_0_6_26,train,Neutral,ابراہیم صاحب نے حامی بھری ہے,میرے ان تصورات سے بالکل مختلف,audio/3_0_6_26.wav
3_0_5_48,train,Happy,شرمندہ اپ لوگوں نے کرنا شروع کر دیا ہے,شرمندہ اپ لوگوں نے کرنا شروع کر دیا ہے,audio/3_0_5_48.wav
4_0_6_26,train,Neutral,نہیں میڈم پولیس والوں کا تو کام ہے تفشیش کرنا,تمہاری اور اس کی حفاظت اب موسی کی ذمہ داری ہے,audio/4_0_6_26.wav
3_0_6_46,train,Neutral,باقی سب سن لیا ہے میں نے صرف اخری لائن دوبارہ بولو,ہاں یاد ایا اج وہ تمہارے شیخ صاحب اگئے تھے,audio/3_0_6_46.wav
8_1_2_41,train,Fear,بس چھوڑیں نہ ختم کریں,یہ جھوٹ بول رہی ہیں نا ایسا نہیں ہو سکتا زین,audio/8_1_2_41.wav
10_1_6_23,train,Neutral,یاد نہیں کرتی اُسے بس بھول نہیں سکتی,دُعا کیجئے گا,audio/10_1_6_23.wav
2_0_1_43,train,Angry,بکواس بند کرو اپنی مذاق نہیں ہے یہ,اور اج اگر اس کی ماں کو کچھ ہو جاتا تو,audio/2_0_1_43.wav
5_0_7_05,train,Sad,مشتاق شرماو حیا ہی عورت کا زیور ہے,یہ الزام ہے کیسی عورت ہو تم,audio/5_0_7_05.wav
2_0_4_33,train,Disgust,دیے تو تھے پیسے اس کا بل الگ ہوگا,میں نہیں چاہتا میرا پیٹ خراب ہو جائے یہ لو,audio/2_0_4_33.wav
10_1_5_42,train,Happy,تب تک کے لیئے سفید گلاب کافی ہے,جو مانگو گی بغیر سوال کیے دیں گے,audio/10_1_5_42.wav
7_1_4_12,train,Disgust,میں تمہارا پیچھا کر رہی ہوں تم کب سے میری گاڑی کے پیچھے پڑی ہوئی ہو میں,تمہیں لگتا ہے یہ غنڈاگردی ہوتی ہے,audio/7_1_4_12.wav
3_0_3_08,train,Boredom,خیر وہ تو پتہ چل ہی گیا ہے,تعجب ہے میں اس سے ڈر رہا ہوں وہ مجھ سے ڈر رہے ہو,audio/3_0_3_08.wav
8_1_6_30,train,Neutral,ڈیڈ میں زید کے ساتھ رہنا چاہتی ہوں,اس کے پاس جانا چاہتی ہوں میں معافی مانگنے کو بھی تیار ہوں اس سے,audio/8_1_6_30.wav
9_1_2_32,train,Fear,بہت طبیعت خراب ہے نبز بھی ٹوٹ رہی ہے,وہ بتا رہی تھی کہ رابیل کی حالت بہت خراب ہے,audio/9_1_2_32.wav
7_1_2_28,train,Fear,تو پھر گھروں میں تانک جھانک کرنے کی کیا ضرورت ہے,ہو نہ ہو مجھے وہ پسند ہی نہیں ہے,audio/7_1_2_28.wav
2_0_7_44,train,Sad,اس گھر میں بہت بے چینی ہے,شایان کے جانے کے بعد تو ایسا لگتا ہے جیسے میرا بازو کٹ گیا ہے,audio/2_0_7_44.wav
7_1_2_05,train,Fear,میں ابھی بھابھی کو یہی بتا رہی تھی کہ مجھے انے میں دیر کیوں ہو گئی,لیکن میں جھوٹ نہیں بول رہی,audio/7_1_2_05.wav
3_0_1_24,train,Angry,تمہاری ماں عارفہ کو بھی ساتھ لے کے ایا ہوں افضل,اس بدبخت کو گریبان سے پکڑ کر دروازے پر کھڑی رہو گی,audio/3_0_1_24.wav
7_1_2_07,train,Fear,بولے جا رہے ہو بولے جا رہے ہو مجھے کچھ کہنے کا موقع دو گے,نہیں ملاقات ہو سکی,audio/7_1_2_07.wav
3_0_3_07,train,Boredom,کون ائے گا لینے چلو جاؤں گا خود ہی,خیر وہ تو پتہ چل ہی گیا ہے,audio/3_0_3_07.wav
5_0_2_17,train,Fear,لیکن تمہاری عافیت کی ڈور میرے ہاتھ میں ہے,کوئی نیا تماشہ کرنے سے پہلے یہ یاد رکھنا,audio/5_0_2_17.wav
7_1_3_24,train,Boredom,اپ کو اماں جی نے نہیں بتایا میں کسی کا احسان بھی نہیں لیتی,احسان کبھی کسی کا لیا ہی نہیں اور,audio/7_1_3_24.wav
5_0_1_14,train,Angry,اخر میری زندگی میں زندہ لڑکی کب ائے گی,تو بڑی خود غرض ہے,audio/5_0_1_14.wav
1_0_1_22,train,Angry,چھوڑوں گا نہیں مرتسم خان کو,اس بار اسے جواب دینا پڑے گا,audio/1_0_1_22.wav
7_1_5_31,train,Happy,چھوڑیں مجھے اپ کو ایک گڈ نیوز دینی ہے,ہاشم اتنی اسانی سے ان کو مائنس کر سکتے ہو اظہار,audio/7_1_5_31.wav
10_1_7_46,train,Sad,امی مجھ سے تو پڑھا ہی نہیں جاتا,سنبھلنے کا کوئی فائدہ نہیں,audio/10_1_7_46.wav
7_1_2_09,train,Fear,اس وقت میرے بھیا کا مسئلہ نہیں ہے,لڑائی انہوں نے شروع کی تھی,audio/7_1_2_09.wav
3_0_3_45,train,Boredom,یہ پھر وہی بات کر رہا ہے مطلب جو شخص نوکری نہیں دے رہا وہ بیٹی دینے پر راضی ہو گیا ہے,لیکن اس سے کیا فرق پڑتا ہے,audio/3_0_3_45.wav
10_1_3_41,train,Boredom,لگا لیتے ہیں آپ کو کیا ہے,کوئی یاد آگیا,audio/10_1_3_41.wav
6_1_1_37,train,Angry,یہ جو چاہتا ہے نا میں نہیں ہونے دوں گی,کیوں جھوٹ بول رہا ہے سب سے تو,audio/6_1_1_37.wav
1_0_5_50,train,Happy,ایک بات ہے کہ ہم میں صبر ہے,شکر ہے اللہ کا میں کبھی پکڑا نہیں گیا,audio/1_0_5_50.wav
8_1_1_46,train,Angry,زیادہ معصوم بننے کی ضرورت نہیں ہے,اس کی ضرورت نہیں ہے باسم انکل کی وہ واپس نہیں ائے گا,audio/8_1_1_46.wav
4_0_5_39,train,Happy,کچھ نہیں ہوتا ایک دفعہ ایک سیکنڈ ماشاءاللہ,تشریف رکھیے,audio/4_0_5_39.wav
3_0_4_28,train,Disgust,مطلب تم اچھی طرح جانتی ہو,مجھے عورتوں کی جاب سے چڑ ہے,audio/3_0_4_28.wav
6_1_4_43,train,Disgust,اگر میری اس کے ساتھ بنتی تو میرا اس کے ساتھ چکر ہوتا یہی مطلب ہے تیرا,تو اپنے دکھڑے لے کر بیٹھ جاتی ہے یا میری دکھتی رگ پر ہاتھ رکھ دیتی ہیں,audio/6_1_4_43.wav
4_0_5_02,train,Happy,ایسی ہو کہ ائینہ بھی واقف نہ ہو اس سے,جب ایسی لڑکی مل جائے گی تو بتا دیجیے گا میں کر لوں گا شادی,audio/4_0_5_02.wav
7_1_1_10,train,Angry,زیادہ ہیرو بننے کی کوشش نہ کرو,ایسے بڑوں سے ایسے ہی بات کی جاتی ہے بھابھی,audio/7_1_1_10.wav
9_1_5_28,train,Happy,کتنا ہی شکر ہے کہ تو نے مجھے یہ دن دکھایا,بہت پیاری بہت اچھی,audio/9_1_5_28.wav
10_1_6_35,train,Neutral,ہاں بس اُسی کا کام ختم کرواؤں گی پہلے,تم تو مجھے جانتے ہو تمہی یہ بات کر رہے ہو,audio/10_1_6_35.wav
10_1_6_12,train,Neutral,مجھ سے بد تمیزی کرنے کی ضرورت نہیں ہے فائل لینے آئی ہوں لے کے جارہی ہوں,آپ کا زمانہ اور تھا,audio/10_1_6_12.wav
9_1_4_45,train,Disgust,مرے ہوئے باپ سے وعدہ یاد ہے,چہیتی محبوبہ کی وجہ سے چھوڑ رہے ہو,audio/9_1_4_45.wav
10_1_2_19,train,Fear,مجھے یقین نہیں ا رہا,تم نے مجھے بتایا کیوں نہیں,audio/10_1_2_19.wav
9_1_6_09,train,Neutral,میرا بیٹا پاگل نہیں ہے,ہاں بس ذرا سی ہوش نہیں ہے اُسے,audio/9_1_6_09.wav
5_0_1_41,train,Angry,بس چل جا,خاموش,audio/5_0_1_41.wav
5_0_4_06,train,Disgust,وال چٹے ہو جائیں تو دماغ میں کوئی رنگ ونگ نہیں رہتا,ائے کیا مصیبت ہے,audio/5_0_4_06.wav
4_0_7_26,train,Sad,یہی نہ مرتبہ خاندان ذات اسی کو وجہ بنا کر کسی نے مجھے ٹھکرا دیا ہے,بہت سستا سودا کیا ہے تم نے میرے بدلے,audio/4_0_7_26.wav
5_0_7_48,train,Sad,پتہ نہیں کیا بوجھ ہے کس بات کی سزا ہے,اس کا کوئی قرض ہے جسے جو اتر ہی نہیں رہا بڑا بوجھ ہے دل پر,audio/5_0_7_48.wav
10_1_5_49,train,Happy,کتنی فرمانبرداری سے کبوتروں کو دانہ ڈال رہا ہے,واہ رے واہ,audio/10_1_5_49.wav
6_1_3_34,train,Boredom,یا پھر ایسے ہی چھپ چھپ کر ملتے رہیں گے,طبیعت ٹھیک ہے طبیعت کو کیا ہونا ہے میری,audio/6_1_3_34.wav
7_1_1_38,train,Angry,تم جہاں تھے جس حال میں بھی تھے کم از کم میری وجہ سے تو بلکل نہیں تھے,ہاں نہیں ملتے بھائی میرے مزاج کسی سے بھی,audio/7_1_1_38.wav
2_0_6_41,train,Neutral,اپ اسے اندر لے لے جائیں مجھے کچھ کام کرنا ہے,اپ اسے جا کر بتا دیں,audio/2_0_6_41.wav
2_0_6_13,train,Neutral,اپ ایک کام کریں میں اپ کو ایک گاڑی دے دیتا ہوں اپ اپنے پاس ہی رکھیں,تمہیں کیا لگتا ہے تم نے ٹھیک کیا ہے,audio/2_0_6_13.wav
4_0_2_25,train,Fear,اپنے سوال کا جواب لینے روز اتا ہوں یہاں مجھے میرے سوال کا جواب دے دو پھر دوبارہ کبھی واپس نہیں اؤں گا,بقو مت پتہ نہیں کیا بکواس کرتے جا رہے ہو,audio/4_0_2_25.wav
8_1_5_12,train,Happy,یہ سب کچھ اپ کی ہی تو وجہ سے ہے,مجھے ہمیشہ لگتا تھا اپ بس ائیں گے مجھے جھوٹی موٹی تسلیاں دیں گے اور چلے جائیں گے,audio/8_1_5_12.wav
10_1_1_09,train,Angry,میں یہاں کام لینے آئی ہوں عزت بیچنے نہیں,تم نے ہر کسی کو حُسنِ جہاں سمجھ رکھا ہے,audio/10_1_1_09.wav
7_1_5_13,train,Happy,اپ نے مجھے فون پرفیوم کا پوچھنے کے لیے کیا ہے مطلب,یہ سوال کرنے کے لیے لیا ہے,audio/7_1_5_13.wav
1_0_2_22,train,Fear,نہیں نہیں نفیسا یہ یہ مجھ سے نہیں ہوگا,مجھ سے نہیں ہوگا میں میں جہاں ارا اور گیتی کا سامنا نہیں کر سکتا,audio/1_0_2_22.wav
2_0_4_03,train,Disgust,وہ کہاں گیا ہے سلیم کہاں چلے گئے تھے تم,اتنی سی بات نہیں ہے,audio/2_0_4_03.wav
8_1_3_48,train,Boredom,وہ اا ایکچولی وہ کہہ رہی تھی کہ اپ سے بات کرو,مطلب,audio/8_1_3_48.wav
6_1_2_33,train,Fear,تو کیا وہ کوئی ناجائز کام ہے,کتنی دیر سے انتظار کر رہی تھی کہاں تھے تم,audio/6_1_2_33.wav
10_1_3_15,train,Boredom,اماں ٹھیک کہتی ہیں مجھے عقل نہیں ہے,ہاں کر رہی ہوں,audio/10_1_3_15.wav
5_0_1_05,train,Angry,تب نہیں سمجھ ائی جب وہ میری پیٹھ پر مار رہا تھا,اس کی اس لیے میں نے اسے سامنے نکالا ہے,audio/5_0_1_05.wav
3_0_2_33,train,Fear,غلطی تو مجھ سے ہوئی ہے بیٹا میں ان کی اور خدا کی باتوں میں اگیا,مسجد اور نماز سے چمڑا رہا داڑھی منڈوا کر تو تمہارے ساتھ نہیں گیا,audio/3_0_2_33.wav
3_0_4_46,train,Disgust,میں نے ذرا بھی شک کیا ہو تو میرے خلاف فتوی دے دینا,کس سے بات کر لیں,audio/3_0_4_46.wav
6_1_1_32,train,Angry,میں نے کچھ نہیں دیکھنا شادی کرے گا یا نہیں,میں نے سن لیا اب میں کیا کروں,audio/6_1_1_32.wav
2_0_2_04,train,Fear,رہ گئی بات نایاب کی تو نایاب میری چھوٹی بہن تھی,اپ کا انتظار ہم کیوں کریں اپ کا انتظار تو مجرموں کو ہوتا نہیں,audio/2_0_2_04.wav
5_0_1_30,train,Angry,وہ سمجھا رہا ہوں سمجھنے کی کوشش کرو چاچا,اے صاحب دے رہے ہیں چل,audio/5_0_1_30.wav
6_1_7_37,train,Sad,ایک عرصے سے اُسکا ساتھ چاہئے تھا,ساری زندگی میں نے ایسی اذیت برداشت نہیں کی,audio/6_1_7_37.wav
1_0_3_09,train,Boredom,کیا کہوں تم سے کیوں یہ انسو میری انکھ میں اگئے,میں نا اچھا باب بن سکا نہ اچھا شوہر,audio/1_0_3_09.wav
4_0_7_02,train,Sad,منافق کہہ دیا تم نے مجھے کیا منافقت کی ہے میں نے,سودا لگتا ہے تو میں یہ کمتری بالا طری کا سودا,audio/4_0_7_02.wav
1_0_2_14,train,Fear,یہ اس سے تو بہتر ہے منور کہ لوگ یہ کہیں کہ اقبال حسین کی بیٹی گھر کے ملازم کے ساتھ بھاگ رہی تھی,بس منور فیصلہ ہو چکا,audio/1_0_2_14.wav
4_0_3_20,train,Boredom,یہ محبت کی کہانیاں ادھوری کیوں رہ جا تی ہیں مراد,قدم خودبخود چلنے لگے جب ہوش آیا تو تمہاری دہلیز پر کھڑا تھا,audio/4_0_3_20.wav
3_0_5_05,train,Happy,ہا ہا ماں جی اپ تو خامخواہ تکلف سے کام لے رہی ہیں اس عمر میں بھی,ہاں ہاں لو بھائی گھنٹی تو ہم نے ٹھیک کر دی,audio/3_0_5_05.wav
7_1_6_39,train,Neutral,میرے لیے تو دونوں ہی ایک برابر ہیں,بھابھی کو کوئی شک ہوگا تبھی تو انہوں نے کہا ہے,audio/7_1_6_39.wav
7_1_1_36,train,Angry,مجھے اس گھر میں عزت چاہیے,وہ حیثیت چاہیے جو ایک بہو کی بیوی کا حق ہوتا ہے,audio/7_1_1_36.wav
6_1_5_25,train,Happy,کیوں میں نے مذاق میں کہا ہے,ہا ہا جی ہا ہا,audio/6_1_5_25.wav
6_1_4_47,train,Disgust,اتنی بکواس ان کی نہ کوئی سر نہ کوئی پیر,چلے ٹھیک ہے اپ نہ مانیں ہو سکتا ہے میں ہی غلط ہوں,audio/6_1_4_47.wav
2_0_7_07,train,Sad,ہاسپٹل سے فون ایا تھا وجی کا نایاب کی ڈیتھ ہو گئی ہے,زفرا تم اتنا سٹریس مت لو ابھی تمہیں وہاں جانا ہے,audio/2_0_7_07.wav
3_0_7_20,train,Sad,انکھ جھپک جائے یا یہ کمبخت دل ہی ذرا زور سے دھڑک جائے,سنا ہے ماں اگر ڈر جائے تو عام لوگوں کو بھی ڈر ہی جانا چاہیے,audio/3_0_7_20.wav
9_1_1_44,train,Angry,ہمارے بخش اولا کے کے خود ارام سے سو رہی ہے ہیں,ارے تو یہاں سے بات نہ کر مجھ سے,audio/9_1_1_44.wav
7_1_5_24,train,Happy,خوشبو تو اچھی ہے,کی طرح کیوں ایسے,audio/7_1_5_24.wav
10_1_3_20,train,Boredom,کبھی کبھی مجھے لگتا ہے ابا کو ابا کو حسن جہاں سے محبت تھی,اور اماں اماں جہانگیر کے عشق میں مبتلا ہے,audio/10_1_3_20.wav
10_1_2_10,train,Fear,پیر میں پیر میں کچھ چھپ گیا ہے شاید,میں نے اپنی زندگی میں کسی کو بد دعا نہیں دی,audio/10_1_2_10.wav
6_1_2_26,train,Fear,پتہ بڑا برا لگ رہا ہے مجھے لگتا ہے میں اسے دھوکہ دے رہی ہوں اپنی دوست کو,کوئی اور راستہ نہیں ہے مطلب کسی اور طریقے سے سمجھا دیتے ہیں,audio/6_1_2_26.wav
8_1_3_40,train,Boredom,اپ مجھے سمجھ نہیں اتے ہیں,اا یہ گاڑی چلے گی بھی,audio/8_1_3_40.wav
7_1_4_22,train,Disgust,میں تو ضرور بولوں گی بھابھی,بتایا تھا میں نے آپکو,audio/7_1_4_22.wav
10_1_3_25,train,Boredom,اگلے ہفتے پھر جانا ہے,تمہارا خواب تھانہ وہاں جانا,audio/10_1_3_25.wav
5_0_2_06,train,Fear,اچھا بابا میں جا کر لے اتا ہوں,سب خیریت ہے نا نیچے اوازیں,audio/5_0_2_06.wav
3_0_7_13,train,Sad,اب میرے اندر جرات نہیں ہے,چیک کر لیجیے ضرور کوئی نہ کوئی گڑبڑ ہوگی,audio/3_0_7_13.wav
3_0_4_02,train,Disgust,اج تو ڈھنگ سے تیار ہو جاتی,اسے تیار ہونا کہتے ہیں,audio/3_0_4_02.wav
5_0_5_03,train,Happy,دوستی کرنے کے لیے ایا ہوں یار پرانی باتیں بھول جا نئی شروعات کرتے ہیں,سنیے اب تھوڑی دیر پہلے ہم دونوں کی شادی ہوئی ہے ہم اسی سلسلے میں حاضر ہوئے ہیں,audio/5_0_5_03.wav
8_1_4_38,train,Disgust,اچھا چھوڑیے یہ سب کچھ,اپ کے بھتیجے ہیں نا ابو,audio/8_1_4_38.wav
6_1_3_29,train,Boredom,اب تو پکا ہے کہ میری بلبل کو کچھ ہوا ہے,مجھے کیا ٹھیک لگ رہا ہے,audio/6_1_3_29.wav
6_1_7_36,train,Sad,ایسا لگتا ہے جیسے میں میں ذرا ذرا کر کے ٹوٹنے لگی ہوں,ایک عرصے سے اُسکا ساتھ چاہئے تھا,audio/6_1_7_36.wav
10_1_4_10,train,Disgust,اماں نہیں میں بات نہیں کروں گی,محبت میں انا نہیں خودداری ہوتی ہے اماں,audio/10_1_4_10.wav
7_1_4_03,train,Disgust,مجھے کیوں دے رہی ہو اپنے بچوں کا جھوٹا,بلکہ میں نے ہی نہیں بڑے بھیا نے بھی بتایا تھا,audio/7_1_4_03.wav
7_1_2_08,train,Fear,نہیں ملاقات ہو سکی,اس وقت میرے بھیا کا مسئلہ نہیں ہے,audio/7_1_2_08.wav
5_0_7_03,train,Sad,اس کا بس چلے تو مجھے زہر دے کر مار دے,بس بیٹا زندگی کے دن گن رہا تھا,audio/5_0_7_03.wav
2_0_3_41,train,Boredom,بس ابھی صرف اس کیس کو سنبھالو,وہ کہہ رہا تھا اگر تم واپس انا چاہو تو ایسا ہو سکتا ہے,audio/2_0_3_41.wav
5_0_4_38,train,Disgust,میمونہ سارا گھر ہی نمونوں کا ہے,مجھے کیا پتہ تھا منحوس ایس پی صاحب ا جائیں گے اور یہ چکر ہو جائے گا,audio/5_0_4_38.wav
6_1_7_07,train,Sad,امی ایسا کریں آپ ایسا کریں نا میرا ایک اپر لے کر آئیں,میں نے کہا آپکا شکریہ جو کچھ بھی آپ نے کیا ہے,audio/6_1_7_07.wav
3_0_2_15,train,Fear,زندگی کے گزرے ہوئے لمحوں کا تانا بانا تم سے ایسے جڑ جاتا ہے میں چاہوں بھی تو تمہارے خیال کو دل سے نہیں نکال سکتا,کیوں نہیں ہو سکتا اب کیوں رکاوٹ ہے ہمارے بیچ,audio/3_0_2_15.wav
6_1_3_19,train,Boredom,نہیں سر ایسی کوئی بات نہیں ہے وہ,آمم میم گھر پر نہیں ہیں,audio/6_1_3_19.wav
8_1_3_39,train,Boredom,اپ سمجھ کیوں نہیں رہے ہیں,اپ مجھے سمجھ نہیں اتے ہیں,audio/8_1_3_39.wav
1_0_3_42,train,Boredom,بھوک نہیں ہے مجھے,اگے تو صرف اندھیرا ہے اپا,audio/1_0_3_42.wav
8_1_5_08,train,Happy,تب بھی وہ مجھ سے اتنی محبت کرے گا,ایسا کیا لائے ہو,audio/8_1_5_08.wav
6_1_2_39,train,Fear,اگر یہ ابھی نہیں ہوگا تو کبھی نہیں ہوگا اس صورتحال کو ابھی ختم ہونا چاہیے,امی ابو کو پھر کچھ ہو رہا ہے,audio/6_1_2_39.wav
9_1_5_30,train,Happy,دیر ائے درست ائے,اب خدا کرے کہ ہمارا ملنا جو ہے یہ خوش ہے ثابت ہو,audio/9_1_5_30.wav
7_1_2_41,train,Fear,میرا جب دل چاہے گا میں ا جاؤں گی چاہے مراد ساتھ ائے یا نہ ائے,ہم نے ساتھ میں ڈھنگ سے وقت نہیں گزارا ہے,audio/7_1_2_41.wav
10_1_6_40,train,Neutral,میں نے چھوڑا تھا اُسے جانے سے پہلے,آپ بہت نیک انسان ہیں,audio/10_1_6_40.wav
2_0_3_25,train,Boredom,تمہاری بیوی اور اسد کو ایک ساتھ گھومتے پھرتے دیکھ لیا تھا,خاموش ہو گیا پیچھے ہٹ گیا لیکن پتہ نہیں کیا سمجھ لیا اس نے,audio/2_0_3_25.wav
2_0_1_45,train,Angry,خدا کی قسم اگر اج مجھے اپنے مرے ہوئے باپ کا خیال نہیں ہوتا نا تو کہہ دیتا ہے میں تمہیں جاؤ لڑو خود سے,منہ کے بل گرو گی منہ کے بل,audio/2_0_1_45.wav
4_0_2_45,train,Fear,پچھلے 20 سال سے جس اگ میں جل رہا ہے نا مرید,اج اس اگ پر پہلی بارش کی بوند گری ہے مبارک ہو اپ کو,audio/4_0_2_45.wav
5_0_3_17,train,Boredom,کہاں ہو میری میناء,آہ بڑی مہربانی آپکی,audio/5_0_3_17.wav
5_0_2_44,train,Fear,چل چلو جلدی بیٹھے بیٹھے اوکے اوکے اوکے چل چل,جیسا بھی ہے تو سیدھا سیدھا الزام ہی,audio/5_0_2_44.wav
1_0_7_03,train,Sad,میں ساری زندگی جہاں ارا سے نفرت کرتا رہا,اور اس کی سزا میں نے تمہیں بھی دی,audio/1_0_7_03.wav
4_0_4_07,train,Disgust,چھوڑوں گا نہیں انہیں چن چن کے ماروں گا بتا رہا ہوں میں,ہبچپن سے لے کر اج تک کی حفاظت کی ہے میں نے تمہاری,audio/4_0_4_07.wav
3_0_1_45,train,Angry,لیکن اس گھر میں رہنے کے کچھ ایسے اصول ہیں,جسے ماننے سے کوئی انکار نہیں کر سکتا,audio/3_0_1_45.wav
5_0_1_38,train,Angry,اب نکل یہاں سے پھوٹا کھا نکل جا چل,او بھائی او میاں او پپو,audio/5_0_1_38.wav
2_0_2_23,train,Fear,ہاں نہیں میں نے تو نہیں کیا ہی ہے دیکھ لو تم,اچھا تو میں تھوڑی دیر افس چکر لگا کے اتا ہوں,audio/2_0_2_23.wav
1_0_6_29,train,Neutral,ٹھیک ہے تم نے بات کرنی ہے تو کر لو اس سے مجھے کوئی اعتراض نہیں ہے,تم مجھے لے کر جاؤ گے تمہیں کوئی اعتراض تو نہیں ہے,audio/1_0_6_29.wav
6_1_5_45,train,Happy,اوئے ہوئے حسن کے ساتھ نزاکتیں میں صدقے جاؤں میری جان,ایک بات تو بتا,audio/6_1_5_45.wav
8_1_4_37,train,Disgust,کیسے رہ پاؤں گی میں اپ لوگوں کے بغیر,اچھا چھوڑیے یہ سب کچھ,audio/8_1_4_37.wav
3_0_7_19,train,Sad,اج ذرا تھم کے رہیں تیش میں ا کر اسے تھپڑ وغیرہ نہ مار دینا,انکھ جھپک جائے یا یہ کمبخت دل ہی ذرا زور سے دھڑک جائے,audio/3_0_7_19.wav
8_1_2_29,train,Fear,جو لوگ تم سے اتنی محبت کرتے ہیں تمہیں ان کی کوئی فکر نہیں ہے تم اتنے خود غرض ہو,تمہارے ہاگے ہاتھ جوڑتی ہوں عمیر چھوڑ دو یہ زد خدا کے لیے چھوڑ دو,audio/8_1_2_29.wav
10_1_4_22,train,Disgust,میں قلب مومن کے ساتھ کبھی کام نہیں کروں گی,اپ مجھے ناکامی سے ڈرا رہے ہیں,audio/10_1_4_22.wav
4_0_2_35,train,Fear,یہ نام بدنامی عزت مرتبہ رتبہ ان سب سے میرا کوئی لینا دینا نہیں ہے,نہیں میڈم خدا کا واسطہ ہے یہ سب مت کیجئے گا میرے ساتھ,audio/4_0_2_35.wav
8_1_4_07,train,Disgust,اور تمہاری یہ موم کہاں جا رہی ہیں وہ گھر پہ ہی ہیں نہ,تم اس قابل نہیں ہو کہ تمہیں گھر کی کوئی بات بتائی جائے,audio/8_1_4_07.wav
2_0_7_32,train,Sad,ایسے حساب رکھوں گا میں ان گزرتے لمحوں کا,سوچا نہیں کہ مجھ پر کیا گزرے گی,audio/2_0_7_32.wav
9_1_2_43,train,Fear,ہمیں بیٹا چاہیے اس خاندان کا وارث,یہ لڑکی انتہائی منہ پھٹ اور بدتمیز ہے,audio/9_1_2_43.wav
10_1_5_02,train,Happy,اللّٰہ کرے,اور اقصیٰ تو کہہ رہی تھی داؤد سے کہہ کے مجھے پروموٹ بھی کروائے گی,audio/10_1_5_02.wav
10_1_3_18,train,Boredom,پتہ نہیں ابا کو ہر بات پر حسن جہان ج کیوں یاد آ جاتی ہے,اب گھنٹوں اس کی مثالیں دیتے رہیں گے,audio/10_1_3_18.wav
9_1_5_42,train,Happy,نہیں ہم تو انتظار کر رہے تھے کہ ساتھ کھائیں گے,اگئی بسم اللہ,audio/9_1_5_42.wav
3_0_1_50,train,Angry,نوکروں کی فوج کی خدمت,اس شہزادہ کو گھر سے باہر کی سختیوں کا کیا پتا,audio/3_0_1_50.wav
4_0_1_34,train,Angry,اور گرا بھی ایسے ہے کہ ساری کی ساری مٹی ہلک میں پھنس گئی ہے سانس لینا مشکل ہو گیا ہے اسکا,اتنی اسانی سے نہیں اگر اسے مارنا ہی ہوتا تو کیا یہ مشکل تھا میرے لیے ایک سیکنڈ میں اس کو,audio/4_0_1_34.wav
3_0_2_17,train,Fear,پیچھا چھوڑ دوں کیسے چھوڑ دوں تمہارا پیچھا,زندگی تو تم نے میری تباہ کر دی اب اب عمر کا بقیہ حصہ تمہیں میں پا کر کھو دینے کی اذیت میں گزار دوں یہی چاہتی ہو تم,audio/3_0_2_17.wav
6_1_3_36,train,Boredom,میں کیا کہ سکتی ہوں,مجھے کیا پتا کیا کہنا ہے,audio/6_1_3_36.wav
2_0_3_21,train,Boredom,ہاں لڑکیاں اگر جا کر دیکھنا چاہتے ہیں تو چلی جائیں,میرا مطلب ہے کہ مرد ان حالات میں جلدی لپیٹ میں ا جاتے ہیں,audio/2_0_3_21.wav
7_1_2_43,train,Fear,ہم نے ساتھ میں بیٹھ کر بات تک نہیں کی ہے,ان کی بات مانوں یا نہ مانوں تمہیں کیا,audio/7_1_2_43.wav
9_1_4_19,train,Disgust,ہاں ہاں پہلے تو تم لوگوں کو مارتا رہا ہے نا بیچاریوں کے سر پھاڑے ہیں کئی دفعہ,ارے پرا ہٹا,audio/9_1_4_19.wav
5_0_7_20,train,Sad,تمہاری ماں بھی مر گئی اور پھر یاسمین کی پریشانیاں بھی تمہارے سامنے ہیں,کلثوم لوگوں کو خدا کا خوف ہی نہیں رہا,audio/5_0_7_20.wav
7_1_7_45,train,Sad,تم چلے جاؤ گے,تو میرے پاس کیا رہ جائے گا,audio/7_1_7_45.wav
3_0_6_04,train,Neutral,ا جاتا ہے تو پھر ہم اسے یہاں ہم مینج کر لیتے ہیں,اس طرح سے بچے سیکھ جاتے ہیں,audio/3_0_6_04.wav
4_0_3_22,train,Boredom,شاید اسی کو تقدیر کہتے ہیں,جذبوں میں سوداگری کہاں چلتی ہے زُہرہ,audio/4_0_3_22.wav
10_1_2_38,train,Fear,ہم اللہ تعالی سے معافی مانگ لیں,عمران بھائی یہ زبردستی میرے کمرے میں گھس ایا ہے,audio/10_1_2_38.wav
3_0_5_35,train,Happy,صرف خدا کو مانتے ہیں اپنے اپ کو نہیں مانتے,میں تو بکرا عید والا جوڑا پہنوں گا,audio/3_0_5_35.wav
8_1_4_49,train,Disgust,انسلٹ کی ہے اس نے میری وہ بھی سب کے سامنے,تمہارا یہ جو ایٹیٹیوڈ ہے نا میرے ساتھ نہیں چلے گا,audio/8_1_4_49.wav
7_1_4_45,train,Disgust,اور وہ بھی جھوٹ بول کر نہیں سچ بول کر,اُسے اپنی پابندیوں میں نا سر سے لیکر پیر تک باندھ دیا ہے,audio/7_1_4_45.wav
6_1_7_14,train,Sad,ابو کے بعد میرے پاس آپ کے علاوہ اور کوئی نہیں ہے,امی اللّٰہ سے دعا کریں سب ٹھیک ہو جائے گا,audio/6_1_7_14.wav
3_0_5_29,train,Happy,ہاں ہاں جیتی رہو,ہا ہا اچھا اس کو کسی نے انگریزی کا طنہ دے دیا ہونا,audio/3_0_5_29.wav
9_1_4_35,train,Disgust,کیوں پیچھے پڑ گئے ہیں اس کے,یہی سکھایا ہے تمہارے ماں باپ نے,audio/9_1_4_35.wav
8_1_4_41,train,Disgust,میں کہیں نہیں جاؤں گی ڈیڈ,جب تک وہ نہیں ائے گا میں کہیں نہیں جاؤں گی,audio/8_1_4_41.wav
1_0_3_11,train,Boredom,نیلم کو رخصت کرتے وقت دل بہت اداس تھا,گیتی کیوں بہت یاد ارہی ہے,audio/1_0_3_11.wav
8_1_1_14,train,Angry,تمہارے باہر نکلو,طلاق دی ہے اپ کے بیٹے نے مجھے طلاق دی ہے,audio/8_1_1_14.wav
8_1_3_09,train,Boredom,سو گئی وہ کیا سمجھے گا وہ میرے متعلق,ہاں نہیں اب یو ہی بس اپ سے ملنے ایا ہوگا,audio/8_1_3_09.wav
9_1_7_24,train,Sad,بتا دیتی سب سیدھی بات,گھر میں اس وقت مہمان جمع ہیں اور میں اوپر جاکے آرام کروں,audio/9_1_7_24.wav
6_1_7_04,train,Sad,کیا یہاں خوش نہیں تھی,تو غلط سوچ رہی ہے ایسا کچھ نہیں ہوگا تو چپ کر نا,audio/6_1_7_04.wav
10_1_6_24,train,Neutral,دُعا کیجئے گا,تمہارا علاج بھی ہو جائے گا,audio/10_1_6_24.wav
1_0_7_33,train,Sad,میں ساری زندگی تمہارا شکر گزار رہوں گا,سمجھ جائے گی جو اس کا ہے ہی نہیں اسے کھو دینا بہتر ہے,audio/1_0_7_33.wav
10_1_2_22,train,Fear,اس نے تو خود کشی کر لی تھی,میرا باپ کیسے قاتل ہو سکتا ہے,audio/10_1_2_22.wav
8_1_2_04,train,Fear,نہیں ہے مجھے ضرورت تمہاری ہمدردی کی,اب جاؤ اور جا کر اپنی خوشیوں کے شادیانے بجاؤ,audio/8_1_2_04.wav
9_1_4_06,train,Disgust,یہ بات یاد رکھنا,تم کیا کر رہی ہو,audio/9_1_4_06.wav
2_0_3_45,train,Boredom,تو میں تو میری بھی کوئی فکر نہیں ہے,میں نے غلط نہیں کیا خالہ,audio/2_0_3_45.wav
4_0_2_27,train,Fear,پتہ ہی نہیں تمہارا دیا ہوا تانہ کل رات سے مجھے کاٹ رہا تھا,صرف میرے نام کو کیسے داغدار کر سکتی ہے زوہرا بتاؤ,audio/4_0_2_27.wav
9_1_1_34,train,Angry,اج کیا مطلب میں جھوٹ بول رہی ہوں,میرے منہ پہ پٹاخ سے جواب دے دیا تو نے,audio/9_1_1_34.wav
3_0_5_01,train,Happy,نہ بھیا ایسی غیر نصابی سرگرمیوں کے بارے میں اپنی ماں سے پوچھو,بندہ بننا تو بہت کچھ چاہتا ہے بنتا وہی ہے جو خدا چاہتا ہے,audio/3_0_5_01.wav
7_1_7_25,train,Sad,لیکن میں یہی تو نہیں چاہتی نا,کہ تم جھوٹ بولو نہ مجھ سے نہ فیملی سے اور کسی سے بھی نہیں,audio/7_1_7_25.wav
9_1_1_45,train,Angry,ارے تو یہاں سے بات نہ کر مجھ سے,سب تو نے کیا ہے میں جانتی ہوں اچھے طریقے سے,audio/9_1_1_45.wav
4_0_7_27,train,Sad,بہت سستا سودا کیا ہے تم نے میرے بدلے,اج میں اتنا ہی بدنام ہوں جتنا تم چاہتی تھی,audio/4_0_7_27.wav
4_0_2_19,train,Fear,لڑکی باغی ہو گئی ہے اور عورت سے بہتر بغاوت کوئی نہیں کر سکتا سمجھے عیسی,ایک الجھن ہے اسے دور کرنے کے لیے جا رہا ہوں,audio/4_0_2_19.wav
3_0_6_21,train,Neutral,ہاں ہاں کل ویسے بھی چھٹی کا دن ہے میں یہ گھنٹی والا کام بھی کر جاؤں گا اور اگر کوئی اور بھی چھوٹا موٹا کام ہو تو بندہ حاضر ہے,دل کا ہی تو سارا مسئلہ ہے ڈاکٹر صاحب اور اپ پتہ نہیں کیا چیک کر رہے ہیں,audio/3_0_6_21.wav
9_1_2_44,train,Fear,یہ لڑکی انتہائی منہ پھٹ اور بدتمیز ہے,مجھے یہ امید تھی تم سے,audio/9_1_2_44.wav
1_0_7_42,train,Sad,ٹھیک کہہ رہے ہو تم بدر بیٹا ہے میرا,میرے گھر کی دیواریں ہلا دی تھی,audio/1_0_7_42.wav
8_1_7_41,train,Sad,کہ میں اس آزمائش سے پوری اُتر سکوں,ماموں مجھے معاف کر دیں,audio/8_1_7_41.wav
6_1_6_45,train,Neutral,یہ چھوٹا ہے تو پھر بڑا گھر کیسا ہوگا,کسی نے میرا اتنا خیال نہیں رکھا,audio/6_1_6_45.wav
3_0_7_14,train,Sad,چیک کر لیجیے ضرور کوئی نہ کوئی گڑبڑ ہوگی,سامان باندھ لو کوچ کا وقت اگیا ہے,audio/3_0_7_14.wav
10_1_7_08,train,Sad,لیکن آزمائش ختم نہیں ہورہی,بال بال قرضے میں ہے,audio/10_1_7_08.wav
7_1_3_34,train,Boredom,سانس الٹنے لگتا ہے جی رکنے لگتا ہے,اماں کو تو ہار چڑھتی ہے اپ سے,audio/7_1_3_34.wav
10_1_7_04,train,Sad,اللّٰہ سے مایوس نہیں ہوں دنیا سے ہوں,لوگوں سے ہوں,audio/10_1_7_04.wav
3_0_1_22,train,Angry,ڈٹی رہو اپنے ارادہ پر,کمینے پکڑے گئے تم دیکھو میں اگیا ہوں,audio/3_0_1_22.wav
2_0_7_40,train,Sad,میں نے نہ کبھی ایسا سوچا ہے نہ مجھے کوئی ملا ہے,منت کی امی کی ڈیتھ ہو گئی ہے,audio/2_0_7_40.wav
7_1_2_44,train,Fear,ان کی بات مانوں یا نہ مانوں تمہیں کیا,اٹھو کہیں لگی کیا کر رہے ہیں اپ,audio/7_1_2_44.wav
7_1_4_01,train,Disgust,ناشتہ ہی تو تھا اپ بنا دیتی,یا تو پڑھ پڑھ کے سڑ گیا ہوتا ہے,audio/7_1_4_01.wav
5_0_2_20,train,Fear,یہاں کس کس کے کمرے ہیں,یارا جی دعا کریں کہ وہ لڑکی بچ جائے,audio/5_0_2_20.wav
2_0_4_42,train,Disgust,اور افسوس مجھے اس بات کا ہے کہ تم اپنے گھر کے بچے کو مجرم سمجھ رہی ہو,میں ایسی عورت کو گھر میں برداشت نہیں کر سکتا جو گھر کی بنیادیں ہلا دے,audio/2_0_4_42.wav
10_1_7_30,train,Sad,کسی نے نہیں بچایا,میرا باپ میری ماں کا قاتل ہے,audio/10_1_7_30.wav
6_1_7_28,train,Sad,اِتنے دنوں سے میں اپنے آپ سے ایک جنگ کر رہی ہوں مسلسل ہارے جا رہی ہوں اُس میں,فالج ہوا ہے نا اُنہیں,audio/6_1_7_28.wav
2_0_4_16,train,Disgust,بڑی ہمدردیاں ہو رہی تھی اس کے ساتھ گھر کی بہو بنانے کے خواب دیکھے جا رہے تھے,کہتے ہوئے اچھا تو نہیں لگتا لیکن قیمتی تحفے تحائف دیے جا رہے تھے اسے,audio/2_0_4_16.wav
4_0_4_06,train,Disgust,یہ تو خدا کا شکر ادا کرو کہ وہ لوگ کل میرے ہاتھوں سے بچ گئے,چھوڑوں گا نہیں انہیں چن چن کے ماروں گا بتا رہا ہوں میں,audio/4_0_4_06.wav
6_1_3_42,train,Boredom,کچھ نہیں امی بس ایک خاموشی سی ہے اندر,نہیں نا امی,audio/6_1_3_42.wav
6_1_3_43,train,Boredom,نہیں نا امی,نہیں شام ہو جائے گی واپس کون لے کر آئے گا,audio/6_1_3_43.wav
3_0_1_30,train,Angry,کہ کیا ہنگامہ کھڑا کر رکھا ہے تم نے گھر میں,کتنی بار تم سے پوچھا,audio/3_0_1_30.wav
6_1_4_02,train,Disgust,میرا خیال ہے ٹھیک ہے میں طبیعت بھی ا جاتی ہے,امی گھر پہ نہیں ائیں گے تو بتا دوں گی کہ اپ کا فون ایا تھا,audio/6_1_4_02.wav
8_1_5_29,train,Happy,تو شام سحری گھبرا کر اپنے گھر جانے کو بھاگی,پھر انے کا وعدہ کیا تو میں بھی تب ہی مانی,audio/8_1_5_29.wav
5_0_5_23,train,Happy,دراصل وہ بڑے مزے کا لگ رہا ہے,بڑا مزے کا ہے کہاں سے لیتے ہیں اپ,audio/5_0_5_23.wav
8_1_4_50,train,Disgust,تمہارا یہ جو ایٹیٹیوڈ ہے نا میرے ساتھ نہیں چلے گا,بیوی ہی ہوں,audio/8_1_4_50.wav
10_1_6_19,train,Neutral,میرا اور تمہارا تو کوئی مقابلہ ہے ہی نہیں,دیکھو یہاں پہ تو میرا ایک بھی ایوارڈ نہیں ہے,audio/10_1_6_19.wav
7_1_6_20,train,Neutral,دروازہ بند ہو گیا ہے,تمہاری بہن پولیس بلانے کے بعد کر رہی ہے میری,audio/7_1_6_20.wav
3_0_1_08,train,Angry,اپنا فرض پورا کیا ہے اس نے,گورے کہہ جو دیا ہے تم سے,audio/3_0_1_08.wav
6_1_4_21,train,Disgust,تمیز ہوتی تو برداشت کر رہی ہوں ورنہ کب کا میں اس کو,تو امی وہ روز ار ٹپکتا ہے اب اس کی وجہ سے گھر سے نکلنا چھوڑ دوں,audio/6_1_4_21.wav
6_1_5_08,train,Happy,چائے پی لی اپ نے,یہ ہوئی نا بات,audio/6_1_5_08.wav
3_0_2_34,train,Fear,مسجد اور نماز سے چمڑا رہا داڑھی منڈوا کر تو تمہارے ساتھ نہیں گیا,بس بہت ہو گئی بہت ہو گئی خدا کی نوکری,audio/3_0_2_34.wav
10_1_6_08,train,Neutral,بس سلیم بھائی میں پہنچتی ہوں,بھئی بس ایک ضروری کال کرنے باہر چلی آئی تھی,audio/10_1_6_08.wav
3_0_3_36,train,Boredom,دفتر میں تو سب ٹھیک ہے نا,شیخ صاحب دو دن سے فجر پڑھنے نہیں ائے,audio/3_0_3_36.wav
2_0_3_22,train,Boredom,میرا مطلب ہے کہ مرد ان حالات میں جلدی لپیٹ میں ا جاتے ہیں,اب بھابھی اصل میں ہوا یہ کہ,audio/2_0_3_22.wav
6_1_7_40,train,Sad,روز رات کو یہاں آجاتی ہوں گھنٹوں یہاں بیٹھی رہتی ہوں یہاں سے وہاں جانے کی ہمت نہیں ہوتی,روتی رہتی ہوں کہ شاید وہ کبھی میری سسکی کوئی آہ سن لے مگر,audio/6_1_7_40.wav
10_1_4_35,train,Disgust,کہ اپ کو اچھے بھلے کا مطلب پتہ بھی ہے,کتنا کھٹا رنگ پہنا ہوا ہے میں نے,audio/10_1_4_35.wav
1_0_4_18,train,Disgust,تمہیں کیا لگتا ہے کہ میں غصے میں ہوں,رکھ دو نا نہیں پینا مجھے,audio/1_0_4_18.wav
10_1_5_14,train,Happy,مجھے تو لگ رہا ہے ہم دونوں کی شادی ساتھ ساتھ ہوگی,بس پھر ایک بار تم مجھے ہیروئن بن جانے دو,audio/10_1_5_14.wav
6_1_3_30,train,Boredom,مجھے کیا ٹھیک لگ رہا ہے,میں نے کیا کِیا ہے امی,audio/6_1_3_30.wav
5_0_5_33,train,Happy,چل اپ ا رہے ہیں نا اس دن,میں بہت خبیس ادمی ہوں,audio/5_0_5_33.wav
3_0_5_41,train,Happy,یاد ہے میں نے تم سے کہا تھا کہ اس کا کوئی عاجزی والا نام رکھو,جب میں پیدا ہوا تھا تو مجھے کہنے لگے سبحان اللہ,audio/3_0_5_41.wav
8_1_5_47,train,Happy,اچھا میں لاتی ہوں,کیونکہ شبنم زیادہ دیر پھول پر ٹھہر نہیں سکتی,audio/8_1_5_47.wav
7_1_1_43,train,Angry,ہاں کتنا چھچھورا سمجھتے ہیں سب لوگ تمہیں,کبھی انکھیں بند کر کے کچرہ پھینکا ہے تم نے گھر سے باہر,audio/7_1_1_43.wav
3_0_6_35,train,Neutral,کے درد دل کی واسطے پیدا کیا ہے انسان کو,ورنہ اطاعت کے لیے کچھ کم نہ تھے کروںبیاں,audio/3_0_6_35.wav
8_1_4_42,train,Disgust,جب تک وہ نہیں ائے گا میں کہیں نہیں جاؤں گی,یہ غلط ہے,audio/8_1_4_42.wav
10_1_1_16,train,Angry,اب مجھ پہ ہاتھ مت اُٹھائیے گا,اور نہ ہی مجھے ایک گالی اور دیجیئے گا,audio/10_1_1_16.wav
10_1_5_18,train,Happy,توے کی روٹی بھگاڑے بینگن,مچھلی مٹن بہت کھا لیا,audio/10_1_5_18.wav
3_0_7_04,train,Sad,وہ اپنے اندر کہیں رک سی گئی ہے,پلیز پلیز مجھے پریشان نہ کرو,audio/3_0_7_04.wav
9_1_4_26,train,Disgust,اپنی بیٹی کا قصور باتیں سنا کر چلی گئی مجھے,تو کیوں چھپاتی کیوں نہ بتاتی انہیں,audio/9_1_4_26.wav
4_0_6_17,train,Neutral,میں اپ سے کہہ رہا ہوں نا کہ مجھے اپ سے کچھ پوچھنا ہے میری نیت خراب نہیں ہے,کوئی معقول وجہ بتا دو اسب نسب خاندان پیسہ دولت سب کچھ تو ہے میرے پاس,audio/4_0_6_17.wav
9_1_6_08,train,Neutral,تمہیں میں نے کہا تھا رشیدن سے بات کرو بات کی تم نے,میرا بیٹا پاگل نہیں ہے,audio/9_1_6_08.wav
1_0_1_30,train,Angry,مت نام نہ لیا کرو اس کا میرے سامنے,ورنہ میں ایسا فیصلہ کردوں گا تمہیں ہمیشہ کے لیے گھر چھوڑ جانا پڑے گا,audio/1_0_1_30.wav
8_1_4_08,train,Disgust,تم اس قابل نہیں ہو کہ تمہیں گھر کی کوئی بات بتائی جائے,ڈیڈ ائندہ مجھ سے زور سے بات نہ کیجیے گا مجھے بالکل پسند نہیں ہے,audio/8_1_4_08.wav
7_1_7_26,train,Sad,کہ تم جھوٹ بولو نہ مجھ سے نہ فیملی سے اور کسی سے بھی نہیں,مجبور نہیں ہے وہ بزدل ہے,audio/7_1_7_26.wav
1_0_7_32,train,Sad,مرتسم خان میری نظروں میں آج تم بہت بلند ہو گئے ہو,میں ساری زندگی تمہارا شکر گزار رہوں گا,audio/1_0_7_32.wav
1_0_5_39,train,Happy,میں یوں کروں گا نا کہ کچھ عرصے کے لیے بزنس فون پر مینج کر لوں گا,دیکھا دیکھا میری بیٹی میری مجبوری کو کیسے سمجھتی ہے,audio/1_0_5_39.wav
9_1_7_12,train,Sad,بس سمجھو اب تو یہی لکھا ہے قسمت میں,اُسے کسی کی بددُعا کا اثر ہے,audio/9_1_7_12.wav
3_0_5_08,train,Happy,ذرا پرے پرے ہٹ کر تصویر بنواؤ یوں لگتا ہے جیسے ریچھ سے مکھیاں چمٹی ہوئی ہیں,یار شکی بھائی ساری مخلوق اللہ کی بنائی ہوئی ہے میں نے تو ویسے ہی مثال دی تھی,audio/3_0_5_08.wav
4_0_5_05,train,Happy,خدا کی قسم بادشاہ بنا دیا ہے تم نے مجھے میں خود کو اس سلطنت کا بادشاہ سمجھ رہا ہوں,خود کو مجرم مت کہو شکریہ شکریہ تمہارا,audio/4_0_5_05.wav
4_0_5_27,train,Happy,دراسل مجھے اپ سے کچھ کہنا تھا,لفظ تو ہزاروں ہیں میرے پاس لیکن کہنے کی ترتیب نہیں بنا پا رہا,audio/4_0_5_27.wav
9_1_2_08,train,Fear,ہائے میرے اللہ,یہ کون زہر بھر رہا ہے,audio/9_1_2_08.wav
10_1_5_38,train,Happy,آپ سے ایک کام پڑ گیا تھا,آپ قدر دان ہیں اس لیئے,audio/10_1_5_38.wav
7_1_5_17,train,Happy,سنو انہوں نے اپنے گھر انوائٹ کر لیا ہے,ابھی منگنی ہوئی کہاں ہے ابھی تو صرف ایک کہاں ہوئی ہے,audio/7_1_5_17.wav
8_1_4_04,train,Disgust,میں بھی انسان ہوں کب تک برداشت کروں گی,تمہیں پتہ ہے انڈے پراٹھے کی بو سے مجھے الٹی اتی ہے,audio/8_1_4_04.wav
8_1_3_13,train,Boredom,تمہیں تکلیف ہو رہی ہے اور میں سو جاؤں,تم بھی عجیب ہو,audio/8_1_3_13.wav
5_0_3_19,train,Boredom,کا سوچ رہی ہو بیتا,ہوووں دبئی میں آپ کے مطابق,audio/5_0_3_19.wav
2_0_4_38,train,Disgust,اوپر جاؤ جا کر شایان کی بیوی کو بلا کر لاؤ,اتنی محبت اتنا پیار اتنا عیش و ارام کس چیز کی کمی تھی,audio/2_0_4_38.wav
10_1_6_33,train,Neutral,اپنے کندھوں کا بوجھ تھوڑا سا کم کرنا چاہتی تھی,احسان کا بوجھ تو خیر ساری زندگی تمہارے سامنے جھکائے رکھے گا,audio/10_1_6_33.wav
1_0_3_22,train,Boredom,اہ کیا کہہ سکتا ہوں میں,اللہ کرے کہ ایسا ہی ہو,audio/1_0_3_22.wav
10_1_6_46,train,Neutral,اس زمانے کے سب سے بڑے خطاط ہیں وہ,میرا نصیب لینا چاہو تو کبھی بھی مانگ لینا ہاتھ جوڑ کر دے دوں گی,audio/10_1_6_46.wav
5_0_5_34,train,Happy,میں بہت خبیس ادمی ہوں,اپ پریشان نہ ہو,audio/5_0_5_34.wav
5_0_3_03,train,Boredom,آئے گا یہی آئے گا,میاں جی واعظ علیہ,audio/5_0_3_03.wav
1_0_5_17,train,Happy,اماں اب میں ٹھیک ہوں نا کچھ نہیں ہوتا,پھر اج تو تمہیں خوش ہونا چاہیے,audio/1_0_5_17.wav
2_0_4_36,train,Disgust,جب ایف ائی ار کٹ رہی تھی اس وقت کہاں تھی تم,تم فکر نہیں کرو دیکھ لوں گا اسے بھی,audio/2_0_4_36.wav
4_0_6_15,train,Neutral,ڈھونڈنے سے تو خدا بھی مل جاتا ہے اماں,شادی کروں گا تو دیندار باپردہ عورت سے,audio/4_0_6_15.wav
2_0_6_03,train,Neutral,یوں سمجھیں کہ میری اپنی چھوٹی بہن کے جیسی ہے,اس عمر میں لڑکیاں جذباتی ہو جاتی ہیں کسی ویک مومنٹ میں اس نے یہ قدم اٹھایا ہوگا,audio/2_0_6_03.wav
2_0_5_01,train,Happy,کیا حرکت ہے یہ,اؤ اؤ میں تو کلاس لینے کے موڈ میں تھا سب کی,audio/2_0_5_01.wav
4_0_3_04,train,Boredom,نہیں نہیں ایسی کوئی بات نہیں ہے اماں,ایسے ہی بس طبیعت بوجھل سی ہے,audio/4_0_3_04.wav
5_0_3_41,train,Boredom,ڈر تو ایسے رہا ہے جیسے تم ہی مندر ہو تم ہی پوجا ہو,سر بلائیں گے ضرور بلائیں گے کیوں نہیں بلائیں گے,audio/5_0_3_41.wav
4_0_1_14,train,Angry,قسم کیوں دیا اپ نے ان بغیرتوں نے پیر قدرت اللہ شاہ کی عزت پہ ہاتھ ڈالا ہے کہ,زندہ چھوڑ دو ان بغیرتوں کو,audio/4_0_1_14.wav
9_1_5_12,train,Happy,ماشاءاللہ سورۃ منموری,اللہ نصیب بھی اچھا کرے,audio/9_1_5_12.wav
10_1_4_50,train,Disgust,تماشا میں نے ہی کر رہی ہوں,تمہیں یہی سب کچھ چاہیے نا مجھ سے,audio/10_1_4_50.wav
10_1_5_16,train,Happy,اس کھانے کا کوئی جواب نہیں ہے,اب بھی وہی کھاتی ہوں ابا,audio/10_1_5_16.wav
8_1_7_17,train,Sad,کیا آپ کو میری آنکھوں میں سچائی نظر نہیں آتی,کسی اور کا آپ پر کوئی حق نہیں ہے,audio/8_1_7_17.wav
4_0_6_29,train,Neutral,صاحب یہ جو نگاہ ہوتی ہے نا یہ بڑی خطرناک چیز ہوتی ہے,شریف نیک صلاۃ کی پابند رشتوں کا خیال رکھنے والی,audio/4_0_6_29.wav
4_0_4_40,train,Disgust,انہیں ایسا نہیں کرنا چاہیے تھا کتنا کمزور انسان ہو نا میں,اس سے پہلے مزید دم گھٹنے لگے چادر پہ پڑی ہوئی گرد کو جھاڑ دیں,audio/4_0_4_40.wav
3_0_1_23,train,Angry,کمینے پکڑے گئے تم دیکھو میں اگیا ہوں,تمہاری ماں عارفہ کو بھی ساتھ لے کے ایا ہوں افضل,audio/3_0_1_23.wav
6_1_5_01,train,Happy,کیا ہر بات بتانی ضروری ہوتی ہے کیا,کیا ہے اچھا میں فون تو سن لوں ٹھہر جا,audio/6_1_5_01.wav
1_0_6_13,train,Neutral,کافی بہتر محسوس کر رہا ہوں,سب کچھ تو سنبھال لیا ہے تم نے مجھے کافی تسلی ہو گئی ہے,audio/1_0_6_13.wav
1_0_2_04,train,Fear,جھوٹ مت بولو گیتی بتاؤ کس کا فون ہے یہ,اسی مہینے ظفر اور گیتی کا نکاح کر دیتے ہیں,audio/1_0_2_04.wav
8_1_4_31,train,Disgust,ابھی بتاتی ہیں تم دونوں گندی بچیوں کو,تمہارے بھی تو سارے کام کرتی ہوں تو مکھن نہیں لگاتی مجھے,audio/8_1_4_31.wav
6_1_1_10,train,Angry,کیا ہے دماغ پھر گیا ہے تمہارا بار بار کیوں تنگ کر رہے ہو,اس سے اپ کا کوئی مطلب نہیں ہونا چاہیے,audio/6_1_1_10.wav
1_0_6_17,train,Neutral,اب اپ جلدی سے ٹھیک ہو اور افس ا کر جوائن کرو,کسی کے جانے سے زندگی رک نہیں جاتی,audio/1_0_6_17.wav
8_1_5_23,train,Happy,یہ شام میری سہیلی,کوثر قضا کی سیڑھی اتر کر مجھ سے ملنے اتی ہے,audio/8_1_5_23.wav
1_0_4_17,train,Disgust,میرے پاس اتنا وقت نہیں ہے کہ میں تمہاری بیوی اور تمہاری بیٹیوں کے ارمانوں کا سوچوں,تمہیں کیا لگتا ہے کہ میں غصے میں ہوں,audio/1_0_4_17.wav
8_1_7_14,train,Sad,اب کیا ہوگیا ہے تم کیا کر رہے ہو,خدا کے لیے ایسی بات مت کیجیئے گا,audio/8_1_7_14.wav
9_1_4_01,train,Disgust,میرے تو دل کو لگی نہیں خاص بھائی,اور حقیقت یہی ہے کہ اس لڑکی نے اس گھر میں اور ہمارے دل میں کوئی جگہ نہیں بنائی,audio/9_1_4_01.wav
5_0_6_29,train,Neutral,ویسے بھی میں بیٹیوں سے خدمت کرانے کے حق میں نہیں ہوں,ویسے بھی بیٹا اب اپ کو اپنے گھر چلے جانا چاہیے,audio/5_0_6_29.wav
7_1_6_02,train,Neutral,تمہیں میری شکل سے کیبنہ افس جانے والی لگ رہی ہے,نہیں ابھی دیکھیے گا عادل بھائی مجھے پک کرنے ائیں گے,audio/7_1_6_02.wav
10_1_5_27,train,Happy,آپ جیسی کامیابی نہیں ملنے والی مجھے,مجھے تو ابھی بھی یقین نہیں آرہا,audio/10_1_5_27.wav
3_0_4_19,train,Disgust,اب دیکھو اپنے غم میں خود غرض ہو کر افضل کے باپ کی تکلیف کو مت بھولو,یہ تو تم چڑ کر کہہ رہی ہو,audio/3_0_4_19.wav
3_0_6_45,train,Neutral,باپ کی پوچھتاش کو شک نہیں کہتے احتیاط کہتے ہیں,باقی سب سن لیا ہے میں نے صرف اخری لائن دوبارہ بولو,audio/3_0_6_45.wav
6_1_4_19,train,Disgust,تم کیوں مانو گے تمہارے تو مزے ہیں تمہارے ہاں تو فائدہ ہے نہیں,کھری کھری سنا دو اور بھی کام ہے مجھے فون بند کرو,audio/6_1_4_19.wav
1_0_4_20,train,Disgust,کہا ہے نا کہ نہیں پینا رکھ دو ادھر تمہیں بات سمجھ نہیں اتی ہے,اپ اس وقت یہ بات کرنے کا مقصد,audio/1_0_4_20.wav
4_0_2_22,train,Fear,مدد کر یار میری جب تک وہ لڑکی کوئی واضح جواب نہیں دے دیتی,میں زندگی میں پہلی بار ایسا الجھا ہوں یار اگر میں نے تجھے دل کی بات بتا دی ہے تو مجھے مزید الجھانا مت,audio/4_0_2_22.wav
1_0_5_12,train,Happy,اج میں کوئی پرہیزی کھانا نہیں کھاؤں گا,ھممم کچھ اچھا سا بناؤ تم,audio/1_0_5_12.wav
9_1_3_13,train,Boredom,ہاں جنت بی بس نکلنا ہی نہیں ہوتا,تم تو جانتی ہو میرے پاؤں میں بندھی ہوئی زنجیریں,audio/9_1_3_13.wav
9_1_2_45,train,Fear,مجھے یہ امید تھی تم سے,اٹھو ہوش کرو,audio/9_1_2_45.wav
3_0_6_23,train,Neutral,تم نے تو خدا کو ہی اپنی طرف لگا رکھا ہے رقیہ بیگم,کراچی جانے میں کیا ہے کل چلے جاتے ہے,audio/3_0_6_23.wav
3_0_4_43,train,Disgust,ہاں لے لو جم کے دم لے لو پھر بتا دینا کہ کہاں سے ائے ہو,استغفراللہ وہ کوئی بھولتا ہے کیا,audio/3_0_4_43.wav
8_1_1_43,train,Angry,اور یہ بات اپ ہی مجھ سے کہتے تھے نا بلکہ ساری دنیا مجھے یہی کہتی ہے,یہ گلاس تمہارے منہ پر بھی ٹوٹ سکتا تھا,audio/8_1_1_43.wav
4_0_3_05,train,Boredom,ایسے ہی بس طبیعت بوجھل سی ہے,چل بس چھوڑ یار,audio/4_0_3_05.wav
2_0_5_24,train,Happy,جواب مجھے پتہ چل گیا ہے,یہاں تو سیٹنگ ہوتی نظر ارہی ہے,audio/2_0_5_24.wav
5_0_5_24,train,Happy,بڑا مزے کا ہے کہاں سے لیتے ہیں اپ,تھینک یو سر بڑی مہربانی شکریہ سر,audio/5_0_5_24.wav
9_1_6_25,train,Neutral,دیکھو جنت بی بی نے مجھے کہا ہے کہ وہ اُنکی اولاد کی طرح ہے,کہ یہ روایت تو بیس سال پہلے ٹوٹ چُکی,audio/9_1_6_25.wav
3_0_6_09,train,Neutral,اچھا بہرحال تمہیں کوئی بھی پرابلم ہو فورا اس سے کہنا,جی فرمائیےکس سے ملنا ہے,audio/3_0_6_09.wav
8_1_3_45,train,Boredom,دیکھیے ٹھیک ہی ہوں گے اب,اب کیوں مت پوچھیے گا,audio/8_1_3_45.wav
4_0_2_49,train,Fear,سچ سننا چاہتی ہیں سننا چاہتی ہیں سچ,جانتا ہوں میں جانتا ہوں مشکل ہوتا ہے اپنے منہ پر تھپڑ مارنا,audio/4_0_2_49.wav
5_0_4_43,train,Disgust,چل بیٹھ جا تجھ سے کیا پوچھنا کیا کھائے گا اور کیا نہیں,ہیلو کام کی تو بات کر رہا ہوں میں,audio/5_0_4_43.wav
7_1_6_21,train,Neutral,تمہاری بہن پولیس بلانے کے بعد کر رہی ہے میری,کان لگا کے باتیں کیا سن رہے ہو,audio/7_1_6_21.wav
9_1_4_25,train,Disgust,ہائ بڑی ائی شریف زادیاں,اپنی بیٹی کا قصور باتیں سنا کر چلی گئی مجھے,audio/9_1_4_25.wav
8_1_3_12,train,Boredom,ممم مجھے تو کچھ نہیں ہوا,تمہیں تکلیف ہو رہی ہے اور میں سو جاؤں,audio/8_1_3_12.wav
10_1_5_25,train,Happy,عبدولالا صاحب کے ہاتھ کا تحریر کردہ,قُرآنِ پاک کا نسخہ,audio/10_1_5_25.wav
5_0_2_47,train,Fear,اپ دیکھیں حضور یہ بول رہا ہے نا ان کے جو ورڈز ہیں نا وہ سنائی نہیں دیتے,یہ یہ سر جھوٹ بول رہا ہے حضور یہ بالکل جھوٹ بول رہا ہے خوامخواہ الزام لگا رہا ہے,audio/5_0_2_47.wav
7_1_4_42,train,Disgust,اُن کا تو پو چھو مت,کیا رشتہ نبھا ئے گا یار,audio/7_1_4_42.wav
8_1_7_12,train,Sad,اُس نے کہا کہ مجھ سے کوئی محبت نہیں کرے گا,تاکہ بابا کی روح کو تسلی مل سکے,audio/8_1_7_12.wav
6_1_2_25,train,Fear,اس رشتے کا انجام کیا ہوگا,پتہ بڑا برا لگ رہا ہے مجھے لگتا ہے میں اسے دھوکہ دے رہی ہوں اپنی دوست کو,audio/6_1_2_25.wav
2_0_4_17,train,Disgust,کہتے ہوئے اچھا تو نہیں لگتا لیکن قیمتی تحفے تحائف دیے جا رہے تھے اسے,سلے میں کیا ملا ذلت,audio/2_0_4_17.wav
9_1_6_36,train,Neutral,آکیسی ہو عدیلہ ٹھیک ہو,کہو کیسے یاد کیا,audio/9_1_6_36.wav
8_1_3_01,train,Boredom,مجھے بھوک نہیں لگ رہی ہے مجھے جانا ہے,کہہ ہی رہے ہو تو دیکھ ہی لیتے ہیں کیا گفٹ لائے ہو,audio/8_1_3_01.wav
3_0_4_13,train,Disgust,یہ میں نے اتنا نام اتنا سارا کچھ بنایا ہے تمہارے پاگل پن کی نظر کرنے کے لیے,اسے اپنے ساتھ باندھ کر رکھا کیجیے,audio/3_0_4_13.wav
6_1_2_43,train,Fear,لیکن کیوں ایسا کیوں کر رہا ہے میرے ساتھ,تو رو رہی ہے ایسا کیا ہوا اخر بول نہ,audio/6_1_2_43.wav
8_1_3_15,train,Boredom,اپنی تکلیف سے زیادہ تمہیں میری نیند پیاری ہے,مجھے لگتا ہے چوٹ کا اسر تمہارے دماغ پہ ہو گیا ہے,audio/8_1_3_15.wav
9_1_5_39,train,Happy,خوبصورت کتنی ہے,بالکل پاس رہی دل کے پاس بالکل قریب,audio/9_1_5_39.wav
2_0_4_13,train,Disgust,اس کے ساتھ جو ہوا ہمیں اس کا افسوس ہے لیکن,اس کی وجہ سے ہمیں جو ذلت اٹھانی پڑی مزید اٹھانی پڑے گی اور یہ ناقابل برداشت ہے,audio/2_0_4_13.wav
1_0_1_46,train,Angry,اگر اپ لوگوں نے جو سزا دینی ہوگی وہ دے دیجئے گا,دو دن ہو گئے ہیں میں نے تم سے کہا تھا تمام کمپنیوں کی لسٹ بنا کر مجھے دو,audio/1_0_1_46.wav
10_1_5_12,train,Happy,اچھا بس بھی کرو,ہوں جلدی ہی ہے,audio/10_1_5_12.wav
8_1_3_33,train,Boredom,مم مجھے یہاں سے جانا چاہیے,مجھے جانا ہے,audio/8_1_3_33.wav
4_0_1_37,train,Angry,اپنے ماں کے قاتل کا چہرہ سب کے سامنے لاؤں گا پوری دنیا کے سامنے لاؤں گا میں,زندگی میں پہلی بار میں نے کسی پر بھروسہ کیا وہ توڑ دیا اپ نے,audio/4_0_1_37.wav
3_0_7_39,train,Sad,میں تو تم سے اپنے گناہ کی سزا کی بھیک مانگنے ایا ہوں,پچھتاوے کی جو چٹان اج میرے دل پر اچانک گری ہے,audio/3_0_7_39.wav
4_0_2_37,train,Fear,سیدھی طرح کہو نا مجھ سے چل کہہ دو کہہ دو تمہیں چاہیے یہی تھا,کام دلائے گا تو تیرے گھر رہوں گا ورنہ چلا جاؤں گا بتا رہا ہوں,audio/4_0_2_37.wav
2_0_6_30,train,Neutral,یہ دیکھیں یہ سارے سیمپلز ہیں,پولیس کے ارڈر ہم نے لیس کیے ہیں اب اپ فالو کرتے رہیں,audio/2_0_6_30.wav
4_0_3_41,train,Boredom,اچھا شکر ہے سوچنے کا کہا ہے تو,موبائل چھپایا ہے کپلوں میں,audio/4_0_3_41.wav
4_0_5_40,train,Happy,تشریف رکھیے,ان تمام خوبصورت چہروں کی طرف سے,audio/4_0_5_40.wav
9_1_2_11,train,Fear,ہائے کیا بتاؤں جل رہا ہے بخار میں میرا بچہ,اور کتنی نظر رکھوں کیا کروں جوان اولاد کو تالے تو نہیں لگائے جاتے نا,audio/9_1_2_11.wav
10_1_5_34,train,Happy,وہ گھر بہت اچھا ہے اماں,میں نے پہچان لیا,audio/10_1_5_34.wav
5_0_7_30,train,Sad,بیٹا کبھی سوچنا بھی نہ,بیٹا جو بات میں کہنے جا رہا ہوں تو میں سن کے تکلیف تو ہوگی,audio/5_0_7_30.wav
4_0_4_33,train,Disgust,یار ایسا سلوک تو کوئی اپنا پالتو جانور کے ساتھ نہیں کرتا مراد علی,کہاں سے خبر لائیں گے کیسی باتیں کرتا ہے تو,audio/4_0_4_33.wav
3_0_1_04,train,Angry,میں تم سے کوئی بات نہیں کرنا چاہتا,جاؤ اپنے اس جھوٹ کو سچ مان کر اب اس کے ساتھ زندگی گزارو,audio/3_0_1_04.wav
10_1_1_45,train,Angry,صرف اور صرف مومن سے ہوگی میری شادی اُسکی,شادی کسی اور سے نہیں ہوگی,audio/10_1_1_45.wav
4_0_5_23,train,Happy,انہیں بہت اچھا لگا اپ سے مل کے بہت متاثر ہوئی خاص کر اپ کے گھر والوں سے ملی تو بہت خوشی ہوئی انہیں,دراصل مال جی خود بھی انا چاہ رہی تھی اپ کی طرف,audio/4_0_5_23.wav
7_1_1_29,train,Angry,لیکن اب گھر میں تب ہی اؤں گی جب تم مجھے لینے اؤ گے,تو کوئی بہت مردانگی والا کام کر رہے تھے,audio/7_1_1_29.wav
8_1_2_05,train,Fear,اب جاؤ اور جا کر اپنی خوشیوں کے شادیانے بجاؤ,نہیں جانا مجھے تمہارے ساتھ کہیں,audio/8_1_2_05.wav
1_0_5_49,train,Happy,یہ اپنا بچپنا دکھا رہی ہے,ایک بات ہے کہ ہم میں صبر ہے,audio/1_0_5_49.wav
7_1_1_34,train,Angry,کوئی حیثیت کوئی عزت ہے میری اس گھر میں,تمہارے دل میں جگہ نہیں چاہیے,audio/7_1_1_34.wav
2_0_7_45,train,Sad,شایان کے جانے کے بعد تو ایسا لگتا ہے جیسے میرا بازو کٹ گیا ہے,اپنا سامان پیک کر لو,audio/2_0_7_45.wav
9_1_5_43,train,Happy,اگئی بسم اللہ,بسم اللہ مما کے پاس جاؤ گی بسم اللہ یہ لو جی,audio/9_1_5_43.wav
8_1_5_34,train,Happy,چلو بچیوں اٹھ جاؤ,بابا نے کہا ہے اج میں تم دونوں کو گھرداری سکھاؤں گی,audio/8_1_5_34.wav
10_1_3_40,train,Boredom,یہاں ایسا ہی ہے,لگا لیتے ہیں آپ کو کیا ہے,audio/10_1_3_40.wav
7_1_6_07,train,Neutral,جی جی میں جانتی ہوں,کیا میں پوچھ سکتی ہوں کہ اپ نے فون کیوں کیا ہے,audio/7_1_6_07.wav
5_0_6_27,train,Neutral,اللہ رحم کرے بہت سال پہلے اپ کی والدہ جو دو بچوں کے ساتھ ہر سال ارٹ کونسل ایا کرتی تھی,دو دفعہ ہمارے گھر میں ائے کچھ کھائے پیے بغیر ہی چلے گئے,audio/5_0_6_27.wav
6_1_4_46,train,Disgust,کیا چھچھوری حرکتیں کر رہے ہو,اتنی بکواس ان کی نہ کوئی سر نہ کوئی پیر,audio/6_1_4_46.wav
7_1_7_09,train,Sad,بھابھی یہ بات نہیں ہے,مجھے بس بہت بُرا لگ رہا ہے,audio/7_1_7_09.wav
1_0_5_38,train,Happy,ا کیا کہتی ہو تم فرانس یا ٹرکی,میں یوں کروں گا نا کہ کچھ عرصے کے لیے بزنس فون پر مینج کر لوں گا,audio/1_0_5_38.wav
10_1_7_26,train,Sad,جہانگیر ختم ہو گیا,امی میں بھٹک گئی تھی,audio/10_1_7_26.wav
7_1_1_20,train,Angry,اتار کے پھینکو یہ پلاسٹر,اور بند کرو یہ ڈرامے بازی مجھے پتہ ہے تمہیں کوئی فریکچر نہیں ہوا,audio/7_1_1_20.wav
2_0_1_13,train,Angry,تمہاری ایک ایک کرتوت سے اچھی طرح واقف ہوں میں,ہزار ہزار روپے کی رشوت لینے والا اج لاکھوں کی ڈیل کر رہا ہے وہ بھی مجھ سے,audio/2_0_1_13.wav
1_0_4_34,train,Disgust,تم یہاں کیا کرنے ائے ہو میں نہیں مانتا,اگر اس کی جگہ یہ جرم کسی اور نے کیا ہوتا نا تو اب تک اس کا پرچہ کٹ گیا ہوتا تو اس کو سزا مل گئی ہوتی,audio/1_0_4_34.wav
7_1_4_32,train,Disgust,اپنی یہ چوہدراہٹ مجھے دکھانے کی کوشش نہ کرو,تمہارا یہ رُعب نا مجھ پر نہیں چلنے والا,audio/7_1_4_32.wav
8_1_2_21,train,Fear,تو اس وقت کسی پہ بھی بھروسہ نہیں ہے,جو کچھ میرے ساتھ ہو رہا ہے نا اپ نہیں سمجھیں گے میرا سر پھٹ رہا ہے,audio/8_1_2_21.wav
5_0_5_42,train,Happy,اچھا چلو ٹھیک ہو گیا اچھا یہ تحفہ میری طرف سے قبول کرو,اس رات اپ نے اس خوبصورت پارٹی اور ارینج کی ہے اپ کو پتہ ہے اپ کا بھائی فنکار ادمی,audio/5_0_5_42.wav
4_0_2_30,train,Fear,میرا دل رو رہا ہے میں تکلیف میں ہوں میں تڑپ رہا ہوں قدرت کے اس ستم ظریفی میں میرا دل تڑپ رہا ہے یہ کیا ہے,کیوں نہیں ہوئی نفرت یہ سب کیا ہے یہ کیا ہو رہا ہے میرے ساتھ,audio/4_0_2_30.wav
2_0_5_38,train,Happy,تو تو اس طرح کی میرے کچھ ذہن میں اس وقت چیزیں ا رہی تھی,اوئے چودری نزاکت,audio/2_0_5_38.wav
1_0_2_12,train,Fear,قابل ہو یا نہ ہو مجھے اس سے کوئی فرق نہیں پڑتا,میں جلد از جلد ا ذلت کو گھر سے باہر پھینکنا چاہتا ہوں,audio/1_0_2_12.wav
5_0_5_48,train,Happy,بس یار اپ کی دعائیں ہیں,ویسے بھی نہ کہیں نا یاد تو کرتی ہے نا اس لیے تو مجھے بلایا ہے,audio/5_0_5_48.wav
6_1_6_23,train,Neutral,وہ تو چلے گئے ہیں اب کوئی ایوب صاحب آئے ہیں,اتنی اچھی لگتی ہوں تو ہمیشہ ہمیشہ کے لیئے اپنے پاس کیوں نہیں رکھ لیتے,audio/6_1_6_23.wav
7_1_1_07,train,Angry,ہٹو شور مچا دوں گی,پولیس کو بلاؤں اب میں,audio/7_1_1_07.wav
5_0_7_31,train,Sad,بیٹا جو بات میں کہنے جا رہا ہوں تو میں سن کے تکلیف تو ہوگی,تمہیں دینے کے لیے میرے پاس کچھ بھی نہیں ہے,audio/5_0_7_31.wav
6_1_6_49,train,Neutral,قریبی رشتے داروں کو بلاتے ہیں کافی ہے,تو اُن کا وقت پہ اور خود پہ اختیار نہیں ہوتا,audio/6_1_6_49.wav
4_0_5_20,train,Happy,کیونکہ اج کل اپ صرف ایک ہی بات کرتی ہیں,ایسا بھی نہیں کہا میں نے,audio/4_0_5_20.wav
5_0_5_06,train,Happy,میری ماں میں جا ہی رہا تھا پیک کرنے کے لیے,وہ بچہ تو بہت شرارتی تھا,audio/5_0_5_06.wav
5_0_4_18,train,Disgust,سر اونچا بولیں نا سمجھ ائے,واہ واہ واہ واہ اپ نے تو میدان صاف کروا دیا سر,audio/5_0_4_18.wav
7_1_3_12,train,Boredom,لیکن صرف مجھے نہیں نا,بس مجھے اندازہ تھا,audio/7_1_3_12.wav
3_0_3_25,train,Boredom,ہاں وہ دروازے کی کنڈی کھلی ہوئی تھی تو,میں نے سوچا کہ,audio/3_0_3_25.wav
4_0_7_33,train,Sad,وہ تو اس لیے گئی تھی کہ اسے مجھ سے دور کرنے کی تدبیر کرے,سانس لینا تو میری اماں کے لیے بھی مشکل ہو گیا تھا منشی صاحب,audio/4_0_7_33.wav
2_0_5_30,train,Happy,اس کو بھی بلا لیتے,بہت شوق تھا بہت شدید,audio/2_0_5_30.wav
8_1_1_16,train,Angry,میں نے زمین سے اٹھا کر اسمان پر بٹھا دیا تھا اس کو اس نے میرے ساتھ یہ کیا,چھوڑوں گی نہیں جان سے مار دوں گی میں اس کو,audio/8_1_1_16.wav
5_0_3_39,train,Boredom,یہ چلی گئی گئی واپس نہیں آنے والی,چا چا جی ذرا سمجھنے کی کوشش کرو,audio/5_0_3_39.wav
1_0_5_36,train,Happy,اچھا نہ چھوڑو ان باتوں کو کچھ سوچ رہا تھا او بیٹھ کر ڈسکس کرتے ہیں,بھائی میں یہ سوچ رہا ہوں کہ ہم اؤٹنگ پلان کریں اور ٹرپ رکھتے ہیں کوئی لاہور کا,audio/1_0_5_36.wav
5_0_6_05,train,Neutral,تم لوگوں کی زمینوں کے کاغذات تیار ہیں انگوٹھے لگاؤ اور پوری قیمت لے جاؤ,وہ اپنا سب کچھ کسانوں پر خرچ کر چکا ہے,audio/5_0_6_05.wav
3_0_5_20,train,Happy,بی اے کا سن کر بولے لے ائیے گا میرے پاس,دیکھنے میں شکم بہت اچھا لگ رہا ہے,audio/3_0_5_20.wav
3_0_1_05,train,Angry,جاؤ اپنے اس جھوٹ کو سچ مان کر اب اس کے ساتھ زندگی گزارو,بس کرو دماغ چاٹ لیا ہے تم نے شکی بھائی شکی بھائی کے گن گا کر,audio/3_0_1_05.wav
10_1_3_08,train,Boredom,اپ کو پتہ ہی نہیں دنیا بدل گئی ہے,پھر مومنہ بن کے رہ جاتی,audio/10_1_3_08.wav
9_1_3_37,train,Boredom,ہاں کچھ دوائیاں ختم ہوئی ہیں لیتی انا,نہیں رابیل یہ درد نہیں ہے یہ,audio/9_1_3_37.wav
1_0_5_04,train,Happy,ارے اپا شکریہ,اپ کے ہاتھوں کی لسی کی تو بات ہی کچھ اور ہے,audio/1_0_5_04.wav
6_1_3_04,train,Boredom,اچھا امی,ایسا کچھ نہیں ہے یار,audio/6_1_3_04.wav
7_1_1_48,train,Angry,کباڑی کو دینے کے لیے نہیں ہوتی ہے ہٹ یہاں سے ہٹ,اپنی بیٹی کو اپنی اولاد کو بد دعا دیتی ہو اجڑنے کی,audio/7_1_1_48.wav
3_0_7_18,train,Sad,گولی کھا کر بھی یہ جاگتی رہے گی,اج ذرا تھم کے رہیں تیش میں ا کر اسے تھپڑ وغیرہ نہ مار دینا,audio/3_0_7_18.wav
8_1_5_26,train,Happy,ہم دونوں نے مل کر نہ جانے کیا کرنے کی ٹھانی ہے,چند لمحوں میں ڈھیر سی باتیں کچھ جانی انجانی,audio/8_1_5_26.wav
1_0_6_25,train,Neutral,اچھا ٹھیک ہے میں بدر سے کہہ دوں گا وہ لے جائے گا اپ لوگوں کو,میں ہر رشتوں کو اس کے مقام پر دیکھنا چاہتا ہوں اپا,audio/1_0_6_25.wav
4_0_6_35,train,Neutral,یہ سارا سامان 25 30 سالوں میں اکٹھا ہوا ہے صاحب کل کی بات نہیں,پڑھنا لکھنا میرا شوق تھا صاحب جو میں کر رہا ہوں وہ میں ہوں,audio/4_0_6_35.wav
4_0_1_32,train,Angry,جو قیمت اپ نے جھکائی ہے نا وہ صرف اپ نے نہیں جھکائی میں نے بھی چھکائی ہے اور چھکا رہا ہوں اج تک,پتہ کیجیے اپنے صاحب کا منہ کے بل گرا ہے اپ کا صاحب,audio/4_0_1_32.wav
5_0_6_16,train,Neutral,وہ تو کئی سال گزر گئے بیگم صاحبہ,بس بیگم صاحبہ زمانہ بدل گیا,audio/5_0_6_16.wav
1_0_2_21,train,Fear,میرا مان میرا بھروسہ چکنا چور کر دیا اس نے,نہیں نہیں نفیسا یہ یہ مجھ سے نہیں ہوگا,audio/1_0_2_21.wav
10_1_6_21,train,Neutral,کوشش کرنے میں کیا حرج ہے,خُدا حافظ کرنے آئی ہوں,audio/10_1_6_21.wav
6_1_1_26,train,Angry,یہ ہے تمہارا معمولی سا رشتہ جو ختم کر دیا ہے میں نے,مجھے اپنے باپ سے بڑھ کر کوئی کوئی عزیز نہیں ہے سمجھے تم,audio/6_1_1_26.wav
1_0_3_12,train,Boredom,گیتی کیوں بہت یاد ارہی ہے,نہیں نہیں اس کی ضرورت نہیں ہے,audio/1_0_3_12.wav
1_0_3_37,train,Boredom,اس کی اپنی پسند تھی مرضی اس کی,اور اب نا یہ تو کیوں کر کے ساتھ دل بھی ویران ہو گیا ہے میرا,audio/1_0_3_37.wav
10_1_7_50,train,Sad,یہ سوال مت پوچھیے گا,ایسا لگتا ہے جیسے میری زندگی کا مقصد ہی ختم ہوگیا ہے,audio/10_1_7_50.wav
5_0_3_32,train,Boredom,ابھی عشق کے امتحاں اور بھی ہیں,اے ہاں بلکل بلکل بلکل بلکل بلکل,audio/5_0_3_32.wav
5_0_7_07,train,Sad,نہ تو تمہیں اپنی عزت کا خیال ہے نہ تمہیں میری عزت کا خیال ہے,اس عورت نے میری زندگی برباد کر دی ہے,audio/5_0_7_07.wav
5_0_1_48,train,Angry,اب میرے جنات سے اجازت لے کر جانا ہوگی,فریب ہے دھوکا ہے,audio/5_0_1_48.wav
6_1_7_26,train,Sad,کوئی چیز ہے جو اندر ہی اندر ختم کیے جا رہی ہے,میری طبیعت کچھ ٹھیک نہیں ہے آج,audio/6_1_7_26.wav
2_0_6_42,train,Neutral,اپ اسے جا کر بتا دیں,میں وہی کروں گا جو میرا دل چاہے گا,audio/2_0_6_42.wav
2_0_7_06,train,Sad,جب تک نایاب کا علاج چل رہا ہے کہاں اپ کو پریشان ہوتے پھریں گے بسو اور رکشوں کے چکر میں,ہاسپٹل سے فون ایا تھا وجی کا نایاب کی ڈیتھ ہو گئی ہے,audio/2_0_7_06.wav
9_1_6_38,train,Neutral,ہاں ذرا میرے کمرے میں آؤ تم سے ضروری بات کرنی ہے,تم اُسے جا کے لے کر آؤ چلو شاباش چلو جاؤ,audio/9_1_6_38.wav
5_0_4_21,train,Disgust,اپ کے گھر اپ کی چھت کے نیچے اس بچی کی عزت پر ہاتھ ڈالا گیا,ڈاکٹرز کے مطابق اس کے جسم گردن اور بازو اور ہاتھ پر زخم کے نشان ہیں,audio/5_0_4_21.wav
4_0_4_44,train,Disgust,اس کسی پہرے سے ڈرا ہے مراد اس رکاوٹ سے کب رکا,نسون نکیہا سمجھ سے باہر,audio/4_0_4_44.wav
8_1_6_23,train,Neutral,میں اسی سے شادی کروں گی جو مجھے جانتا ہو میرے مزاج کو جانتا ہو,میری فعل میرج کے پیچھے میں اکیلے خود ذمہ دار ہوں,audio/8_1_6_23.wav
4_0_7_45,train,Sad,اس بدلے کی اگ نے دی ہے جو میرے اندر پل رہی ہے,میں اس ہار کو قبول کرتا ہوں قید کو قبول کرتا ہوں موت کو قبول کرتا ہوں,audio/4_0_7_45.wav
2_0_6_06,train,Neutral,مجھے لگتا ہے کہ اپ میرے ساتھ تعاون کر رہے ہیں تو مجھے بھی کرنا چاہیے,یہاں میرا اور بھائی بھابھی کا کمرہ ہے,audio/2_0_6_06.wav
2_0_6_04,train,Neutral,اس عمر میں لڑکیاں جذباتی ہو جاتی ہیں کسی ویک مومنٹ میں اس نے یہ قدم اٹھایا ہوگا,اس کے باپ یہاں ایا تھا شریف اور سیدھا ادمی ہے اسے پریشان نہ کریں نہ تنگ کریں اسے,audio/2_0_6_04.wav
7_1_7_50,train,Sad,کوئی ڈراؤنا خواب,مجھے ایسا لگ رہا تھا جیسے,audio/7_1_7_50.wav
6_1_6_31,train,Neutral,اب ٹھیک ہیں,اور دوسرا مجھے اس سے اچھا موقع نظر نہیں آرہا تھا,audio/6_1_6_31.wav
9_1_3_29,train,Boredom,ہائے اللہ کرے ایسا ہی ہو,کوئی بات نہیں وہ تھکے ہوئے ہیں صبح مل لیں گے,audio/9_1_3_29.wav
1_0_4_37,train,Disgust,پتہ نہیں تمہاری وجہ سے اور مجھے کتنا خوار ہونا پڑے گا,کبھی تھانہ کچہری تمہیں جیل سے نکالنے کے لیے,audio/1_0_4_37.wav
3_0_3_03,train,Boredom,اور یہ بچہ اپ کا ہے,میں اس بچے کا کیا کروں,audio/3_0_3_03.wav
9_1_6_05,train,Neutral,اچھا چل ٹھیک ہے جا لیکن سیدھا گھر آئیو واپس,جا کے اوپر سے جا کے بھولے کو اُٹھا چھت پہ سو رہا ہے,audio/9_1_6_05.wav
2_0_4_47,train,Disgust,مسکرانا ورانا نہیں ہے لیکن تنزیہ مسکراہٹ کا کیا مطلب,ابھی بس جو ہو گیا اسے بھول جاؤ خاموش رہو,audio/2_0_4_47.wav
9_1_6_02,train,Neutral,میرے چندہ لیکن میں یہ کہہ رہی ہوں کہ منہ کو صاف رکھنا چاہیے نا یہ دیکھ یہ لگا لیتی ہوں تجھے,ہائے رضوانہ تم بھی کس کو کہہ رہی ہو,audio/9_1_6_02.wav
2_0_5_48,train,Happy,میں نے کہا میں نہیں اٹھا رہا سڑک پر پڑا ہے,پھر اس نے اٹھایا,audio/2_0_5_48.wav
10_1_4_31,train,Disgust,اگر تو یہ مذاق تھا تو بہت بیہودہ تھا,اللہ کے گھر میں بیٹھ کے کیوں فضول افواہ پھیلا رہے ہو پہلے مجھے اس بات کا جواب دو,audio/10_1_4_31.wav
3_0_4_29,train,Disgust,مجھے عورتوں کی جاب سے چڑ ہے,اج کل بچوں کو درس دیتا ہوں تو یوں لگتا ہے کہ وہ میرا منہ تک رہے ہیں,audio/3_0_4_29.wav
2_0_3_06,train,Boredom,وہی لوگ کوشش کریں تو ٹھیک ہے ہم بات کریں گے تو ویسے ہی اچھا نہیں لگے گا,وہ جو تم میرے لیے کافی بنا رہی تھی وہی لے کر اؤ صبح سے میں نے کچھ نہیں کھایا,audio/2_0_3_06.wav
7_1_4_28,train,Disgust,کیونکہ تم تو ٹھہرے ایک پکے جھوٹے,میرے لیئے یہ بہت بڑی بات ہے,audio/7_1_4_28.wav
5_0_7_38,train,Sad,مجھے نہیں معلوم تھا کہ میں اتنا کمزور پڑ جاؤں گا,مجھے بالکل اچھا نہیں لگتا تمہیں میری خاطر حلکان ہوتا ہوا دیکھ کر,audio/5_0_7_38.wav
10_1_3_35,train,Boredom,نہ وہ رہا نہ کوئی خواب,ما شکرا,audio/10_1_3_35.wav
3_0_3_50,train,Boredom,ڈھونڈ لے گا تو کیا کرے گا وہ,دل کی نہ سہی تڑپنے کی دوا تو دے دیجیے,audio/3_0_3_50.wav
8_1_1_25,train,Angry,اسے خبر بننے کا شوق ہے نا میں بناتی ہوں اسے خبر,میں اسے جان سے مار دوں گی سامنے ا جائے نا میری دوست اسے جان سے مار دوں گی,audio/8_1_1_25.wav
5_0_5_25,train,Happy,تھینک یو سر بڑی مہربانی شکریہ سر,واہ یار پپیتا تو بڑا مزے کا تھا,audio/5_0_5_25.wav
9_1_6_33,train,Neutral,یہ سب کچھ تمہارے بابا کا کیا دھرا ہے,اُن کو چائے وائے پوچھی ہے کچھ جو پھول لگانے آئے ہوئے ہیں اُوپر,audio/9_1_6_33.wav
7_1_3_14,train,Boredom,لڑائی نہیں ہوئی ہے لیکن,اچھا ہوا گھس جاؤ تم میرے خواب میں اماں,audio/7_1_3_14.wav
1_0_4_28,train,Disgust,نیلم بھتیجی ہے تمہاری اس کی شادی میں انے کا دل نہیں تھا تمہارا,میرا اپنا مطلب ایا تو میں بدر کو گیتی کا شوہر اور اپنا داماد تسلیم کرلوں,audio/1_0_4_28.wav
7_1_4_09,train,Disgust,لو فر کہیں کے,کیا تماشا ہے یار,audio/7_1_4_09.wav
2_0_3_38,train,Boredom,نیے گھر میں شفٹ تو ہو گئے لیکن دل نہیں لگ رہا,نوازستان میں کم از کم اداسی تو تھی یہاں تو ایک عجیب سا خالی پن ہے,audio/2_0_3_38.wav
10_1_5_36,train,Happy,بہت خوبصورت جگہ ہے,آپ تو ہمیشہ یاد رہتے ہیں,audio/10_1_5_36.wav
4_0_7_07,train,Sad,یہ میرے حصے کے زخم اور نیل مراد تیرے چہرے تیرے جسم پر دیکھیں تو دکھ ہوا مجھے,اگر عشق یک طرفہ ہونا تو خود ہی اپنے اپ کے لیے رکاوٹ بن جاتا ہے,audio/4_0_7_07.wav
10_1_7_02,train,Sad,کیا کروں معافی مانگوں اُس سے,امی فیصلہ نہیں کر سکتیں اپنے بارے میں,audio/10_1_7_02.wav
4_0_5_29,train,Happy,جو کہہ رہا ہوں وہ سچ ہے اور خوبصورت ہے,میں کتنا خوش ہوں اتنا خوش ہوں اتنا خوش ہوں کہ بتا نہیں سکتا,audio/4_0_5_29.wav
9_1_6_34,train,Neutral,اُن کو چائے وائے پوچھی ہے کچھ جو پھول لگانے آئے ہوئے ہیں اُوپر,پاؤں اوپر کر لیجیۓ نا,audio/9_1_6_34.wav
7_1_2_16,train,Fear,انہیں میرے سوال کا جواب دینا ہوگا,یہ ہمیشہ ایسے ہی اپنی مرضی چلاتے ہیں مجھ پر,audio/7_1_2_16.wav
5_0_7_33,train,Sad,میں نے اور تمہاری ماں نے تنکا تنکا جوڑ کے بنایا ہے,اس نے اپنے ہاتھوں سے ساری سجاوٹ کی,audio/5_0_7_33.wav
10_1_5_46,train,Happy,نہیں شکل تو ایک جیسی ہے بھائی بھی تو ہو سکتا ہے,یہی بات ہے,audio/10_1_5_46.wav
1_0_4_26,train,Disgust,تو کیا کرتا کوئی تھا بھروسے والا,اپا کہا نا وہ بزی ہے فارغ ہوگا تو ا جائے گا,audio/1_0_4_26.wav
3_0_1_28,train,Angry,فورا طور پر یہاں سے رخصت ہو جاؤ,میں سوچ بھی نہیں سکتا تھا کہ تم اس اس کیچڑ میں پاؤں رکھو گی,audio/3_0_1_28.wav
3_0_7_41,train,Sad,اس نے میرے انتقامی جذبوں کے ٹکڑے ٹکڑے کر دیے ہیں,کہ میں ندامت اور پشیمانیوں میں لے ہاتھوں سے ان کرچیوں کو سمیٹنا بھی چاہوں تو شاید ساری زندگی نہ کر سکو,audio/3_0_7_41.wav
6_1_3_14,train,Boredom,ویسے تیری ساری حرکتیں ماؤں جیسی ہیں,ہوش تو آلینے دے یار,audio/6_1_3_14.wav
1_0_1_44,train,Angry,بدتمیز ہو گئی ہے,اور تو نے کون سا تھوڑی دیر میں جا کر سارا کورس حفظ کر لینا ہے,audio/1_0_1_44.wav
9_1_7_13,train,Sad,اُسے کسی کی بددُعا کا اثر ہے,آجکل تو اچھے اچھے لوگوں کو رشتے نہیں ملتے,audio/9_1_7_13.wav
4_0_6_16,train,Neutral,شادی کروں گا تو دیندار باپردہ عورت سے,میں اپ سے کہہ رہا ہوں نا کہ مجھے اپ سے کچھ پوچھنا ہے میری نیت خراب نہیں ہے,audio/4_0_6_16.wav
2_0_3_14,train,Boredom,لگتا ہے مجھے سارے گھر کے نوکروں کو نکالنا پڑے گا تاکہ تمہیں پھر سے کافی بنانی ا جائے,ا کر زیادہ میں مذاق کے موڈ میں نہیں ہوں,audio/2_0_3_14.wav
7_1_2_34,train,Fear,اگر مراد کے منہ میں زبان نہیں ہے لیکن میرے پاس تو ہے نا,تم نے مجھے بتایا کیوں نہیں,audio/7_1_2_34.wav
10_1_2_35,train,Fear,اپ کا دماغ تو خراب نہیں ہو گیا ایسا ہو ہی نہیں سکتا,اس کا سوال ہی پیدا نہیں ہوتا,audio/10_1_2_35.wav
10_1_5_48,train,Happy,یہ تو بہت خوشی کی بات ہے نا ابو,کتنی فرمانبرداری سے کبوتروں کو دانہ ڈال رہا ہے,audio/10_1_5_48.wav
5_0_3_47,train,Boredom,چلو تو پھر ہم دکھاتے ہیں ہوں ں ں,اوررر وہ مجھے کچھ فایدہ چاہیے,audio/5_0_3_47.wav
6_1_7_46,train,Sad,یہ میں نے اپنے ساتھ کیا کر لیا ہے,گلی کا روڑا بن گئی ہوں میں,audio/6_1_7_46.wav
1_0_7_15,train,Sad,میں تجھے وہ محبت اور عزت دینا چاہتا ہوں جس کے تم حقدار ہو,اس سے پہلے کہ زندگی مجھ سے روٹھ جائے,audio/1_0_7_15.wav
8_1_2_19,train,Fear,وہی کی وہیں کھڑی ہو نا سب کے سب مجھ سے اگے چلے گئے ڈیڈ یہاں تک کہ زہد بھی چلا گیا چھوڑ کر,اگر اس بھائی کے چہلم تک نکاح نہیں کروایا نا تو وہ مجھے ڈیورس دے دے گا,audio/8_1_2_19.wav
10_1_7_47,train,Sad,سنبھلنے کا کوئی فائدہ نہیں,بھوک مر گئی ہے میری,audio/10_1_7_47.wav
1_0_3_23,train,Boredom,اللہ کرے کہ ایسا ہی ہو,کافی دکھی لگ رہا تھا بیچارا,audio/1_0_3_23.wav
3_0_1_46,train,Angry,جسے ماننے سے کوئی انکار نہیں کر سکتا,دو دن گھر سے باہر رہے گا ہوش ٹھکانے ا جائیں گے صاحبزادے کے,audio/3_0_1_46.wav
8_1_7_15,train,Sad,خدا کے لیے ایسی بات مت کیجیئے گا,اپنے بھی خفا ہیں مجھ سے بیگانے بھی ناخوش,audio/8_1_7_15.wav
10_1_1_43,train,Angry,مومن میرا ہے میرا راجا ہے وہ,سُنا آپ نے,audio/10_1_1_43.wav
1_0_1_20,train,Angry,میری اجازت کے بغیر میری زمینوں میں گھسے اور میرے ہی بندوں کو پکڑ کے لے گئے تم,میرے ہی گھر میں مجھے اسلحہ دیکھا کر دھمکی دیتے ہو تم,audio/1_0_1_20.wav
6_1_1_16,train,Angry,پہلے بھی ان کے ساتھ جو کچھ ہوا ان کی ذمہ دار تم ہی ہو,میرے میں اور برداشت نہیں ہے میں اپ کو برداشت نہیں کر سکتی جائیں یہاں سے,audio/6_1_1_16.wav
1_0_4_08,train,Disgust,پھر محبت کرنا ضروری ہے کیا ضرورتیں تو پوری ہو رہی ہیں اس کی,ھو میری بھی کیا زندگی ہے ایک عورت ملی اور وہ بھی دھوکہ دے کے چلی گئی,audio/1_0_4_08.wav
8_1_6_35,train,Neutral,پر اپ کے بارے میں بھی کہہ سکتی ہوں,کیونکہ اپ نے اپنی بیٹی کی شاید تربیت ہی نہیں کی ہے,audio/8_1_6_35.wav
5_0_2_15,train,Fear,میں تمہارا یہ بیھانک چہرہ تمہارے بچوں کے سامنے بے نقاب کر دوں گا,تم پتلی ہونا چاہتی ہوگی مگر اس فن کا ماہر میں ہوں,audio/5_0_2_15.wav
8_1_7_24,train,Sad,تمہارا تو گھر ہے تمہارے اپنے ہیں تمہارے خونی رشتے,میں ٹھیک ہوں یہاں اکیلی,audio/8_1_7_24.wav
6_1_2_08,train,Fear,تجھے شرم نہیں اتی کیسے چپک کر بیٹھی ہو تم دونوں,کہا نا صبح بتاؤں گی ابھی کیسے بتا دوں,audio/6_1_2_08.wav
5_0_6_50,train,Neutral,اگر اپ کچھ کر سکتے ہیں نا تو اپنے گواہ پکے کریں,ارے بھائی وہ کل میں تو بتانا ہی بھول گیا کہ کل اس لڑکے نے ا کر خود بیان دیا ہے,audio/5_0_6_50.wav
9_1_5_15,train,Happy,ارے السلام علیکم,کیا حال ہے خیر سے پہنچ گئے,audio/9_1_5_15.wav
7_1_1_14,train,Angry,کہ مجھ سے پوچھنا گوارا نہیں کیا کسی نے,نہیں اپ لوگوں نے میرے ساتھ مذاق کیا ہے,audio/7_1_1_14.wav
5_0_6_41,train,Neutral,اپ بس مجھے ایک نام بتانا پسند کریں گی,سر لڑکی نے بیان خود دیا ہے جی,audio/5_0_6_41.wav
4_0_1_16,train,Angry,اچھی طرح جانتی ہے نا میں کتنی محبت کرتا ہوں اپ سے,اپ کی قسم کوئی ٹال نہیں سکتا ہاتھ باندھ دیے نا موسی کے اپ نے چھوڑ دو انہیں بخش دوں,audio/4_0_1_16.wav
5_0_6_30,train,Neutral,ویسے بھی بیٹا اب اپ کو اپنے گھر چلے جانا چاہیے,ویسے بھی ان بچیوں کا واحد سہارا ہے وہ,audio/5_0_6_30.wav
2_0_6_12,train,Neutral,ہاں تو تم ہاسپٹل والوں کو صاف صاف بتا دو ان سے کہو جو بھی خرچے کی بات ہو تم سے کریں کسی اور سے نہ کریں,اپ ایک کام کریں میں اپ کو ایک گاڑی دے دیتا ہوں اپ اپنے پاس ہی رکھیں,audio/2_0_6_12.wav
6_1_4_14,train,Disgust,میں نہیں بیٹھ سکتی اس کے پاس میرا نہیں دل چاہتا,کیسے چپک کے بیٹھی تھی تمہارے ساتھ,audio/6_1_4_14.wav
4_0_3_49,train,Boredom,میں یہاں اکیلا نہیں آتا بچپن میرے ساتھ آتا ہے,میری کہانی میرے ماضی کے ساتھ جڑے ایک زخم کی ہے,audio/4_0_3_49.wav
3_0_4_49,train,Disgust,یہ رکھنا پڑے گا والی بات کچھ مناسب نہیں ہے,کہاں سے ایا ہو رات کے ساڑھے نو بجے,audio/3_0_4_49.wav
9_1_5_22,train,Happy,اور یہ کتنے پیارے لگ رہے ہیں,تو پیارا سا تیار ہو کے جاتے ہیں,audio/9_1_5_22.wav
3_0_7_47,train,Sad,حق اور باطل ایک چھت کے نیچے نہیں رہ سکتے,میری ماں نہیں ہے نا ورنہ میں بھی بری ہو جاتا,audio/3_0_7_47.wav
1_0_5_30,train,Happy,یہ بتاؤ چائے پیو گی یا کافی,ہا ہا ہا ہا ہا ہا خوش,audio/1_0_5_30.wav
7_1_7_44,train,Sad,تم تو مجھ سے بھی آگے نکل گئے,تم چلے جاؤ گے,audio/7_1_7_44.wav
6_1_4_42,train,Disgust,ایک لڑکے کے لیے رو رہی ہے پاگل ہو گئی ہے چپ کر نا,اگر میری اس کے ساتھ بنتی تو میرا اس کے ساتھ چکر ہوتا یہی مطلب ہے تیرا,audio/6_1_4_42.wav
4_0_1_45,train,Angry,جانور لگتا ہوں نا میں اپ کو,کبھی یہ سوچا ہے کہ انسان انسان پیدا ہوتا ہے جانور کیسے بن گیا,audio/4_0_1_45.wav
6_1_1_34,train,Angry,اگر تم میں تھوڑی سی بھی شرم ہے تو چلو,تو مجھے بچانے کے لیے مجھ سے زیادہ گر رہا ہے,audio/6_1_1_34.wav
8_1_4_35,train,Disgust,تکلیف تو ہو گی نا,بابا اتنا پسینہ کیوں ا رہا ہے اپ کو,audio/8_1_4_35.wav
3_0_5_31,train,Happy,چائے پلا دو تو رقیہ کی ساری بے وقوفیاں معاف کر دوں گا,اب چلو ناشتہ دے بھی دو,audio/3_0_5_31.wav
5_0_1_34,train,Angry,اوئے تو تو چکروں میں رہتا ہے کبھی اپنی بہن کبھی کسی اور کی بہن,اوئے تو بعد میں بھی نہیں دیکھ سکتا تو جو اتنا اڑتا ہے نا اپنے بھائی پہ بیٹھا ہوا ہے نا,audio/5_0_1_34.wav
6_1_2_38,train,Fear,مجھے تو ایک ہی ڈر ہے,اگر یہ ابھی نہیں ہوگا تو کبھی نہیں ہوگا اس صورتحال کو ابھی ختم ہونا چاہیے,audio/6_1_2_38.wav
10_1_2_25,train,Fear,ابا میں اسے نہیں ملوں گی,جب ابھی جب ابھی ایسے چیختے ہیں نا,audio/10_1_2_25.wav
2_0_7_25,train,Sad,کیا ہو جاتا اگر منت خاموش ہو جاتی,کیا پتا طوفان تھامے تو کچھ بتائے ایک پرابلم ختم ہوتی ہے تو دوسری شروع ہو جاتی ہے,audio/2_0_7_25.wav
9_1_1_25,train,Angry,عمروں سے ساری رات سوئی رہتی ہیں صبح انکھ نہیں کھلتی ان بغیر تو کی,اور تو چل یہاں سے دفع ہو,audio/9_1_1_25.wav
1_0_2_28,train,Fear,غلطی ہو گئی ہے اس سے وہ تمہیں مارنا نہیں چاہتا تھا,اس نے مجھے اپنے گھر انے دیا,audio/1_0_2_28.wav
8_1_1_29,train,Angry,جھوٹ بولنے کی ضرورت نہیں ہے مجھ سے,تمہیں سب کچھ پتہ تھا,audio/8_1_1_29.wav
3_0_4_42,train,Disgust,بھیگ نہ جائے کمبخت,ہاں لے لو جم کے دم لے لو پھر بتا دینا کہ کہاں سے ائے ہو,audio/3_0_4_42.wav
8_1_5_27,train,Happy,چند لمحوں میں ڈھیر سی باتیں کچھ جانی انجانی,سورج ایک ایک کر کے اپنے دروازے بند کرتا رہے,audio/8_1_5_27.wav
6_1_4_23,train,Disgust,اس کے بارے میں سوچتی ہوں نا تو کسی سرکاری دفتر کا ٹائپ رائٹر یاد ا جاتا ہے,ساری عمر ایک جیسی اواز دیتا ہے چائے ٹائپ کرنے والی انگلیاں چاہے جتنی تیز کیوں نہ چلتی ہوں,audio/6_1_4_23.wav
1_0_3_28,train,Boredom,گیتی کیسی ہے,نہیں میں کافی دیر سے ایا ہوں میں جا ہی رہا تھا,audio/1_0_3_28.wav
2_0_1_06,train,Angry,تم لوگوں کو جو کوئی کہتا ہے تم لوگ یقین کر لیتے ہو,جس گھر میں کبھی پولیس نے قدم نہیں رکھا تھا وہ دو کوڑی کا انسپیکٹر ا کر ہمیں ذلیل کر رہا ہے دھمکا رہا ہے,audio/2_0_1_06.wav
3_0_2_05,train,Fear,کیا ہوا کیا ہے جو تم نے اچانک اتنا بڑا فیصلہ کر لیا,اب دیکھو فارعہ اپنے اپ کو تماشا نہ بناؤ نہیں بناؤ,audio/3_0_2_05.wav
8_1_3_03,train,Boredom,اس کس کے کال کرنے باقی تھی,مممم میں کیا کروں گی ان سے بات کر کے,audio/8_1_3_03.wav
1_0_5_05,train,Happy,اپ کے ہاتھوں کی لسی کی تو بات ہی کچھ اور ہے,اکیلی ائی ہو حسان نہیں ایا اؤ اؤ اؤ,audio/1_0_5_05.wav
10_1_6_41,train,Neutral,آپ بہت نیک انسان ہیں,کام ختم ہونے سے پہلے ایک نیا کام,audio/10_1_6_41.wav
5_0_7_44,train,Sad,میری بیٹی مر گئی,صحیح ہے میں غریب ہوں میری اولاد بھی نہیں ہے کوئی نہیں ہے,audio/5_0_7_44.wav
1_0_4_48,train,Disgust,پاگل لڑکی ہے بے وقوف,وہ تمہارے بارے اتنی بڑی بات کر رہا تھا تو کیا میں برداشت کر سکتا تھا,audio/1_0_4_48.wav
8_1_3_20,train,Boredom,ا ا اااااا,انہوں نے بتا تھا,audio/8_1_3_20.wav
10_1_6_26,train,Neutral,نیکی بھی کی تو خود کو گناہگار سمجھ کر کی,مجھے شرمندہ کر رہے ہیں ماسٹر صاحب,audio/10_1_6_26.wav
6_1_5_05,train,Happy,چوڑیاں لانے کا خیال کہاں سے اگیا,مجھے بھی تیرے ساتھ بائک پہ بیٹھنا ہے ویسے ہی,audio/6_1_5_05.wav
9_1_5_19,train,Happy,میرے اللہ نے بہت نوازا ہے مجھے,اے اللہ تیرا شکر ہے,audio/9_1_5_19.wav
2_0_1_42,train,Angry,کیا کرتے پھر رہے ہو تم کیا بکواس ہے یہ,بکواس بند کرو اپنی مذاق نہیں ہے یہ,audio/2_0_1_42.wav
4_0_4_36,train,Disgust,اور ایسا نہیں تھا کہ میرے ابا میری فیس برداشت نہیں کر سکتے تھے پیسے تھے ان کے پاس,پھر سے دھوکا اخری موقع دیا تھا میں نے اپ کو,audio/4_0_4_36.wav
7_1_3_37,train,Boredom,سکول جا کر کیا کرنا تھا اماں جی,کام بھی تو کوئی ڈھنگ کا ہونا اماں جی,audio/7_1_3_37.wav
7_1_5_01,train,Happy,اگر خدا نخواستہ کل کو مر مرا گئے تو حساب تو صاف ہونا چاہئے نا,خود گاڑی لوں اپنے لیے,audio/7_1_5_01.wav
8_1_6_34,train,Neutral,تو میں اس گھر سے کوئی نہیں نکالے گا,پر اپ کے بارے میں بھی کہہ سکتی ہوں,audio/8_1_6_34.wav
1_0_3_24,train,Boredom,کافی دکھی لگ رہا تھا بیچارا,جانتا ہوں تمہیں بھی تمہارے والد کو بھی,audio/1_0_3_24.wav
2_0_5_34,train,Happy,پھر دو تین کہ جب,دل کی حالت تو میں ہی جانتا تھا اس وقت,audio/2_0_5_34.wav
8_1_1_08,train,Angry,جو تمہیں کرنا چاہیے تھا نا وہ اس دن زید نے کیا,تمہاری اتنی ہمت,audio/8_1_1_08.wav
3_0_1_31,train,Angry,کتنی بار تم سے پوچھا,اگر تمہیں کوئی لڑکی پسند ہے تو بتاؤ,audio/3_0_1_31.wav
5_0_2_01,train,Fear,وہ بہت خطرناک شخص ہے,کچھ نہیں کر سکتا میں بیمار ہوں,audio/5_0_2_01.wav
6_1_6_07,train,Neutral,کر لو میں نے منع کیا ہے کیا,پرسوں کیا تھا اُسے فون,audio/6_1_6_07.wav
2_0_1_24,train,Angry,اپنے گھر میں اپنے گھر میں اپنی بہن کی منگنی والے دن,اپنی بہن کی دوست کے ساتھ سہیلی بھی وہ جس سے تمہارا,audio/2_0_1_24.wav
9_1_6_03,train,Neutral,ہائے رضوانہ تم بھی کس کو کہہ رہی ہو,ہیں اُس کو بیٹھانے کی بجائے خود کہیں اُڑن چھو ہو جائے گا پھر نہ کہنا مجھے,audio/9_1_6_03.wav
7_1_6_31,train,Neutral,اپ لوگوں نے ناشتہ کر لیا میرے بغیر,کیا بات کرنی ہے جلدی بولو مجھے بہت نیند ا رہی ہے میں نے سونا ہے,audio/7_1_6_31.wav
6_1_5_41,train,Happy,ساتھ بونس میں خود نہیں ا سکتے کیا,ہنسا تو پھنسا,audio/6_1_5_41.wav
4_0_7_06,train,Sad,میں میں تجھ سے معافی مانگتا ہوں یار میں گنہگار ہوں تیرا مجھے معاف کر دے,یہ میرے حصے کے زخم اور نیل مراد تیرے چہرے تیرے جسم پر دیکھیں تو دکھ ہوا مجھے,audio/4_0_7_06.wav
1_0_4_35,train,Disgust,اگر اس کی جگہ یہ جرم کسی اور نے کیا ہوتا نا تو اب تک اس کا پرچہ کٹ گیا ہوتا تو اس کو سزا مل گئی ہوتی,بھول جاؤ ان زمینوں کو ائندہ محتاط رہنا زبان دی ہے میں نے اسے,audio/1_0_4_35.wav
10_1_6_29,train,Neutral,وہ ماہیوال ہے مجھ کو بچائے کے لیئے خود کو نہیں ڈبوئے گا,ہمارا پیار اتنا ہی تھا داستانوں والا پیار نہیں تھا ہمارا,audio/10_1_6_29.wav
7_1_2_06,train,Fear,لیکن میں جھوٹ نہیں بول رہی,بولے جا رہے ہو بولے جا رہے ہو مجھے کچھ کہنے کا موقع دو گے,audio/7_1_2_06.wav
2_0_1_08,train,Angry,یہی ہونا چاہیے تھا دوسروں کی ذاتی زندگی میں گھسنے والوں کے ساتھ ایسے ہی ہوتا ہے,اٹھو تم سے کہہ رہا ہوں اٹھو یہاں سے,audio/2_0_1_08.wav
10_1_7_45,train,Sad,مجھے آپ بہت یاد آتی ہیں,امی مجھ سے تو پڑھا ہی نہیں جاتا,audio/10_1_7_45.wav
6_1_1_09,train,Angry,تم اس اذیت سے گزرتے ہیں نا تو تجھے پتہ چلتا,کیا ہے دماغ پھر گیا ہے تمہارا بار بار کیوں تنگ کر رہے ہو,audio/6_1_1_09.wav
8_1_6_02,train,Neutral,مذاق کر رہی ہوں میں,کبھی کبھی اپنے خوابوں کو بھی جی لیا کرو,audio/8_1_6_02.wav
4_0_2_48,train,Fear,کیوں کیا بھروسہ کیوں کیا بھروسہ,سچ سننا چاہتی ہیں سننا چاہتی ہیں سچ,audio/4_0_2_48.wav
10_1_3_05,train,Boredom,سٹار بننا نہیں چاہتی,ستارے تو ٹوٹ جاتے ہیں,audio/10_1_3_05.wav
8_1_1_18,train,Angry,اج اس کی زندگی کا اخری دن ہوگا ڈیڈ,کیا ہو تم اور ایسا کیا کیا ہو کیا رہا ہے یہاں پہ,audio/8_1_1_18.wav
3_0_4_20,train,Disgust,یہ تو تم چڑ کر کہہ رہی ہو,اج بس تم دونوں ماں بیٹی افضل صاحب کی او بھگت میں لگی ہوئی ہے نا مجھے کسی نے ناشتہ ہی نہیں دیا,audio/3_0_4_20.wav
1_0_6_06,train,Neutral,اپا میں سوچ رہا تھا ولیمے پہ تو جا ہی رہے ہیں,اپا گھر کی بات ہے تیاری کیا کرنی ہے,audio/1_0_6_06.wav
8_1_5_32,train,Happy,اپ بہانے بہانے سے امی کو یاد کرنا نہیں بھولتے,جلدی گھر ائیے گا اپ,audio/8_1_5_32.wav
10_1_6_15,train,Neutral,پندرہ بیس سال دو دہائیوں کو کہتے ہیں اماں,آپ نیک ہیں آپ جو چاہے کہ سکتے ہیں,audio/10_1_6_15.wav
5_0_1_01,train,Angry,اج اج پتہ نہیں کیوں روز زخمی ہو گئی ہے میری جیسے یہ باتیں ار پار ہو گئی ہیں مرید کے,تو نے کاغذ پر نہیں اپنی قسمت کو اگ لگائی ہے,audio/5_0_1_01.wav
5_0_3_45,train,Boredom,ہاں بات تو بلکل ٹھیک ہے آپکی,ہائے یار و,audio/5_0_3_45.wav
2_0_1_15,train,Angry,شکل دیکھی ہے تم نے اپنی,کیا ہو گیا تمہیں دفع ہو جا یہاں سے بہت برباد کر لیا میں نے,audio/2_0_1_15.wav
7_1_5_14,train,Happy,یہ سوال کرنے کے لیے لیا ہے,تمہیں کرکٹ کھیلتے ہوئے بھی دیکھ کہ انہیں بہت خوشی ہوتی ہے,audio/7_1_5_14.wav
8_1_2_45,train,Fear,بولیں میں اپ سے سننا چاہتی ہوں یہ جھوٹ ہے,یہ میرے ساتھ ایسا نہیں کر سکتے,audio/8_1_2_45.wav
5_0_6_01,train,Neutral,ہا ہا دیکھیے,چلو میں منشی کے کہنے پر ایک موکا اور دیتا ہوں,audio/5_0_6_01.wav
5_0_5_22,train,Happy,اصل وہ چھوٹے بھائی نظر نہیں ا رہے,دراصل وہ بڑے مزے کا لگ رہا ہے,audio/5_0_5_22.wav
6_1_7_23,train,Sad,اب کیا میرا سب کچھ ختم ہو گیا,بہت ہمت جمع کی لیکن دل نہیں مان رہا,audio/6_1_7_23.wav
2_0_3_40,train,Boredom,جیسے صبح ہوتی ہے ویسے ہی شام بھی ہو جاتی ہے,بس ابھی صرف اس کیس کو سنبھالو,audio/2_0_3_40.wav
6_1_5_12,train,Happy,اتنا زیادہ بھی نہیں ہے خدا حافظ چلیں,بیٹا تم سے نہیں ہوگا یہ ہم,audio/6_1_5_12.wav
4_0_5_16,train,Happy,لا لا لا لا لا لا لا لا لا لا,دوبارہ اچھا ہوگا,audio/4_0_5_16.wav
1_0_1_38,train,Angry,اس طرح منہ اٹھا کر ہوٹل چلی گئی ہے کوئی جاننے والا دیکھ لیتا تو کیا کہتا کس سے ملنے ائی ہے یہ یہاں پہ,ائندہ میری اجازت کے بغیر گھر سے باہر قدم رکھا نہ تو مجھ سے برا کوئی نہیں ہوگا دفع ہو جاؤ یہاں سے,audio/1_0_1_38.wav
2_0_5_23,train,Happy,زبردست ہو گیا ہے کام,جواب مجھے پتہ چل گیا ہے,audio/2_0_5_23.wav
2_0_3_26,train,Boredom,خاموش ہو گیا پیچھے ہٹ گیا لیکن پتہ نہیں کیا سمجھ لیا اس نے,کیا کیا دھمکا رہا,audio/2_0_3_26.wav
7_1_5_16,train,Happy,کیا حال ہیں اپ کے,سنو انہوں نے اپنے گھر انوائٹ کر لیا ہے,audio/7_1_5_16.wav
10_1_5_29,train,Happy,لیکن میں اسے رکھنے سے انکار نہیں کر سکتی,آپ نے بہت قیمتی تحفہ دیا ہے مجھے,audio/10_1_5_29.wav
10_1_4_43,train,Disgust,میں نے ایسا کیا کر دیا تیرے ساتھ,اتنے مسئلے ہونے کے باوجود میں تم سے ملتی ہوں,audio/10_1_4_43.wav
1_0_2_05,train,Fear,اسی مہینے ظفر اور گیتی کا نکاح کر دیتے ہیں,میں کسی بھی بڑی مشکل سے بچنا چاہتا ہوں,audio/1_0_2_05.wav
6_1_6_13,train,Neutral,لیکن اپ کا ایک انداز بتاتا ہے کہ اپ کچھ کہنا چاہتی ہیں,اُسکے شوہر نے عمرے پہ جانا ہے تو آپ کیا کرنے جا رہی ہیں,audio/6_1_6_13.wav
9_1_1_19,train,Angry,تم اس گھر کی بہو نہیں ہو میری بہت صرف راویل ہے,تمہارا وجود ہمیں بالکل برداشت نہیں ہے نکلو یہاں سے نکلو,audio/9_1_1_19.wav
2_0_5_50,train,Happy,یہ والا تیز ہے بھائی وہ میں نے چیک کیا تھا,بنا تو لیتے ہیں بھائی سب,audio/2_0_5_50.wav
9_1_1_07,train,Angry,تم کیوں چپ ہو تمہیں اس لڑکی کے سامنے سانپ سونگ جاتا ہے,خبردار اسے جو ہاتھ لگایا,audio/9_1_1_07.wav
9_1_7_10,train,Sad,دل دھڑکائے رکھتا ہے میرا,نہ بھوک نہ پیاس نہ نیند,audio/9_1_7_10.wav
4_0_2_41,train,Fear,ارے جس خوشی کی تلاش میں پاگلوں کی طرح گھوم رہا تھا وہ خوشی دی ہے تم نے مجھے اج,اور ہوتا بھی کیوں نہیں میرا باپ نوکر میرے باپ کا باپ نوکر,audio/4_0_2_41.wav
1_0_1_24,train,Angry,کہ تمہارا بیٹا نیک پرہیزگار شرم اور حیا والا ہے,جرات تو دیکھو اس کی ہمت دیکھو اس کی,audio/1_0_1_24.wav
3_0_3_34,train,Boredom,دیکھو ذرا کیسے پسینوں میں بھیگ رہا ہے,عارفہ تو بتا رہی تھی کہ جب تم دفتر سے ائے تو کپکپا رہے تھے,audio/3_0_3_34.wav
7_1_4_29,train,Disgust,میرے لیئے یہ بہت بڑی بات ہے,جھوٹ پر جھوٹ بولے جا رہے ہو سب کی آنکھوں میں دُھول جھونک رہے ہو,audio/7_1_4_29.wav
6_1_6_03,train,Neutral,نہیں شایان ہے نا میرے ساتھ کچھ نہیں ہوگا آپ دعا کریں,وہ اب چچا کے پاس موبائل ہے نا کال اُن کو کر لی ہے,audio/6_1_6_03.wav
1_0_6_22,train,Neutral,بہرحال تم اپنی تفشیش جاری رکھو ڈھونڈو اسے,میرا جہاں تک خیال ہے کہ وہ ملیشیا نہیں گیا کہیں اور گیا ہے,audio/1_0_6_22.wav
10_1_7_40,train,Sad,میرے سارے خواب بکھر گئے,آپ کی اُداسیوں کا سبب کیا سُناؤں میں,audio/10_1_7_40.wav
6_1_5_32,train,Happy,تو میری ماں کے ہاتھ خوبصورت ہوئیں گے نا,ہاں بات تو ہے,audio/6_1_5_32.wav
6_1_4_12,train,Disgust,اور جس کو اپ انکھ بھر کر نہ دیکھ سکو اس کے ساتھ پوری زندگی کیسے گزاری جا سکتی ہے,منہ ہے اس کا مرغی والا مصالحہ لگا دوں گی,audio/6_1_4_12.wav
3_0_5_17,train,Happy,وعلیکم السلام جیتے رہو جیتے رہو,ارے یہ خط والے بات کا ذکر کہاں سے اگیا بھائی,audio/3_0_5_17.wav
6_1_3_32,train,Boredom,آممم صوبیہ میرا خیال ہے میں چلتی ہوں,کچھ بھی کہ دینا اُس کو دل کیوں دُکھائیں اُسکا,audio/6_1_3_32.wav
1_0_6_11,train,Neutral,اپ کے اصرار پر دوپہر کا کھانا کھا لیا ہے وہی بہت ہے,جی اپا اپ بتائیں کہ اپ کیا چاہتی ہیں,audio/1_0_6_11.wav
5_0_3_30,train,Boredom,میں نے تو پلاٹ پسند کیا تھا,او سر رہنے دیں,audio/5_0_3_30.wav
7_1_4_30,train,Disgust,جھوٹ پر جھوٹ بولے جا رہے ہو سب کی آنکھوں میں دُھول جھونک رہے ہو,بس کرو یہ ڈراما کب تک چلے گا یہ سب کچھ,audio/7_1_4_30.wav
7_1_4_48,train,Disgust,صرف زبان کا فرق ہے اور کچھ نہیں ہے,میں نے تو کسی سے نہیں پوچھا کہ کہاں گئی,audio/7_1_4_48.wav
9_1_7_42,train,Sad,اب تو اُس کے انتظار میں آنکھیں بند ہی ہونے والی ہیں,اب میرا بیٹا خانہ بدوشوں کی طرح نجانے کہاں کہاں دھکے کھا رہا ہے,audio/9_1_7_42.wav
8_1_3_29,train,Boredom,مناسب نہیں ہے مجھے یہاں سے جانا پڑے گا,مجھے ایک بات سمجھ نہیں ائی,audio/8_1_3_29.wav
6_1_5_18,train,Happy,زیادہ بنو مت,میں خود ہی کھا لیتی ہوں اسے,audio/6_1_5_18.wav
1_0_3_27,train,Boredom,اللہ تعالی ان کی مغفرت کرے,گیتی کیسی ہے,audio/1_0_3_27.wav
1_0_3_20,train,Boredom,شرمندہ انسان تنہائی چاہتا ہے,نہیں ٹھیک ہوں میں,audio/1_0_3_20.wav
4_0_2_14,train,Fear,وہ تو قاضی کے دفتر میں میرا جانے والا ایک بندہ کام کرتا ہے اس نے مجھے فون کر کے بتا دیا,کچھ لمحہ دیر کر دیتا تو بغیر ڈولی کے رخصت ہو جاتی ہے یہ,audio/4_0_2_14.wav
2_0_6_11,train,Neutral,اچھا میں نا تم سے کہا تھا کہ نایاب بی بی کے علاج میں جو بھی خرچہ ہوگا وہ میرے اکاؤنٹ سے جائے گا,ہاں تو تم ہاسپٹل والوں کو صاف صاف بتا دو ان سے کہو جو بھی خرچے کی بات ہو تم سے کریں کسی اور سے نہ کریں,audio/2_0_6_11.wav
3_0_7_05,train,Sad,پلیز پلیز مجھے پریشان نہ کرو,یاد رکھنا زندگی بار بار چانس نہیں دیتی,audio/3_0_7_05.wav
7_1_6_28,train,Neutral,نہیں مطلب اتنی کوئی پریشانی کی بات بھی نہیں ہے ا,لیکن ہم کیوں باہر ملیں گے,audio/7_1_6_28.wav
8_1_3_36,train,Boredom,میں بھی لاوارث ہی ہوں,اپ نے دارالام میں میری بات کی,audio/8_1_3_36.wav
6_1_5_24,train,Happy,ہیلو امی کیسے ہیں اپ,کیوں میں نے مذاق میں کہا ہے,audio/6_1_5_24.wav
9_1_6_06,train,Neutral,جا کے اوپر سے جا کے بھولے کو اُٹھا چھت پہ سو رہا ہے,اور وہاں ایک پیاری سی پری کو کنگن پسند آگئے زبردستی لے گئ,audio/9_1_6_06.wav
3_0_2_49,train,Fear,ارے بھول گئی یہاں سے ہجرت کرنے کے ڈراوے دیتا رہتا ہے,لیکن یہ بھی یاد رکھنا ہے ایسا بار بار ہوگا نہیں,audio/3_0_2_49.wav
1_0_5_29,train,Happy,جو حکم سرکار,یہ بتاؤ چائے پیو گی یا کافی,audio/1_0_5_29.wav
7_1_2_04,train,Fear,لیکن جب میں نے گاڑی روکی اس کے بعد ہوا کیا,میں ابھی بھابھی کو یہی بتا رہی تھی کہ مجھے انے میں دیر کیوں ہو گئی,audio/7_1_2_04.wav
10_1_3_34,train,Boredom,میرے لیے تو انہوں نے کبھی کوئی خواب دیکھا ہی نہیں تھا,نہ وہ رہا نہ کوئی خواب,audio/10_1_3_34.wav
7_1_4_27,train,Disgust,جھوٹ بولنا ایک چھوٹی سی خطا تمہارے لیئے ہوگی,کیونکہ تم تو ٹھہرے ایک پکے جھوٹے,audio/7_1_4_27.wav
5_0_6_40,train,Neutral,برا ماننے کی کوئی بات نہیں ہے,اپ بس مجھے ایک نام بتانا پسند کریں گی,audio/5_0_6_40.wav
6_1_6_27,train,Neutral,ویسے بھی کام والا بندہ زیادہ دیر تک بستر پر نہیں پڑا رہ سکتا,جب کبھی بھی ہم باہر جاتے تھے آپ تو جگہ ڈھونڈ رہے ہوتے تھے بیٹھنے کے لیے,audio/6_1_6_27.wav
5_0_1_04,train,Angry,تیرے پتر کے ماتھے پر حرام لکھا ہے,تب نہیں سمجھ ائی جب وہ میری پیٹھ پر مار رہا تھا,audio/5_0_1_04.wav
9_1_6_28,train,Neutral,تو آپ مت منہ لگائیں اُسے,اور بیٹا یہ لڑکے تو ہوتے ہی ایسے ہیں,audio/9_1_6_28.wav
10_1_2_28,train,Fear,امی کو بھی ایسے ہی ڈر لگتا تھا,ابو میں معافی مانگتی ہوں مجھے مار لیں امی کو مت مارے اپ کو خدا کا واسطہ,audio/10_1_2_28.wav
9_1_7_50,train,Sad,بہت دُکھی تھا وہ معافی مانگ رہا تھا مجھ سے,کوئی درخت اپنی جڑوں کے بغیر کھڑا ہوسکتا ہے,audio/9_1_7_50.wav
5_0_1_35,train,Angry,اوئے تو بعد میں بھی نہیں دیکھ سکتا تو جو اتنا اڑتا ہے نا اپنے بھائی پہ بیٹھا ہوا ہے نا,چل چلا جا کوئی کوئی اپنی اڑ میں نہیں کاٹی,audio/5_0_1_35.wav
8_1_3_34,train,Boredom,مجھے جانا ہے,اپ کہہ رہے ہیں تو ایسا ہی ہوگا,audio/8_1_3_34.wav
6_1_5_30,train,Happy,مجھے ابھی تک یقین نہیں ا رہا اپ سچ کہہ رہی ہیں,بہت اچھا ہے,audio/6_1_5_30.wav
4_0_7_29,train,Sad,کا ایک بیٹا دربدر کی ٹھوکریں کھا رہا عیسا,ابا کا بازو ایک کٹا کھڑا ہے تیرے سامنے تو دوسرا بازو ہے,audio/4_0_7_29.wav
3_0_2_03,train,Fear,کسی نے کچھ کہا ہے تمہیں,یہ سارا کچھ اتنا اسان نہیں ہے,audio/3_0_2_03.wav
8_1_2_15,train,Fear,سمجھتا کیا ہے تمہارا بھائی خود کو,ڈیڈ سب کی زندگیاں مکمل ہو رہی ہیں,audio/8_1_2_15.wav
7_1_6_48,train,Neutral,اوپر اپنے کمرے میں,اسے نے کہا تھا یہ اپنے کمرے میں جا کر ارام کرنا چاہتا ہے,audio/7_1_6_48.wav
7_1_6_14,train,Neutral,یار بڑے بھائی کو منانا بڑا مشکل کام ہے,تو بھابھی اپ نے ہی کہا تھا لڑکے والوں کا دوپٹہ اچھا لگے گا,audio/7_1_6_14.wav
2_0_2_17,train,Fear,اس وقت میرا مسئلہ عزت ہے جس سے مجھے بچانا ہے,تم سے کس نے کہا تھا ٹریٹمنٹ کے لیے,audio/2_0_2_17.wav
10_1_7_01,train,Sad,میں دیکھنا چاہتی ہوں کہ وہ کردار جنگ جیتتا ہے یا ہارتا ہے,کیا کروں معافی مانگوں اُس سے,audio/10_1_7_01.wav
9_1_7_47,train,Sad,دوائیاں کھا کھا کے بیزار ہو گئی ہوں میں,اگر تم اور اُجالا نہ ہوتے تو میں میں زندہ نہیں رہ سکتی تھی,audio/9_1_7_47.wav
10_1_2_33,train,Fear,پر کوئی اور فون اٹھا لیتا تو,اپ مجھے مروائیں گے کیا,audio/10_1_2_33.wav
1_0_5_16,train,Happy,پرہیزی کھانا کھا کھا کے میرا دل خراب ہو رہا ہے اج تم اچھا سا بنا ہو بس,اماں اب میں ٹھیک ہوں نا کچھ نہیں ہوتا,audio/1_0_5_16.wav
5_0_3_43,train,Boredom,او یار ایسے کر یہاں نا بھاگ کے نا,ہم بھی نایاب ہے اور کہانی بھی بڑی نایاب ہے,audio/5_0_3_43.wav
9_1_7_48,train,Sad,اگر تم اور اُجالا نہ ہوتے تو میں میں زندہ نہیں رہ سکتی تھی,بہت شرمسار تھا اپنے پچھلے رویوں کی وجہ سے,audio/9_1_7_48.wav
5_0_4_39,train,Disgust,مجھے کیا پتہ تھا منحوس ایس پی صاحب ا جائیں گے اور یہ چکر ہو جائے گا,کوئی افسر کو گھورتا ہے,audio/5_0_4_39.wav
3_0_3_49,train,Boredom,لے لے لے لے لے لے لیکن,ڈھونڈ لے گا تو کیا کرے گا وہ,audio/3_0_3_49.wav
9_1_7_09,train,Sad,صبح بخار اُترتا ہے تو نکلتی ہوں,دل دھڑکائے رکھتا ہے میرا,audio/9_1_7_09.wav
6_1_5_42,train,Happy,ہنسا تو پھنسا,میں صدقے جاؤں,audio/6_1_5_42.wav
8_1_5_33,train,Happy,جلدی گھر ائیے گا اپ,چلو بچیوں اٹھ جاؤ,audio/8_1_5_33.wav
4_0_7_43,train,Sad,کون ہوں میں بدلے کی اگ کی گود میں پلتا ہوا ایک مظلوم,ہاں میں نے اذیت دی اپ کو پر وہ میں نے نہیں دی,audio/4_0_7_43.wav
1_0_4_14,train,Disgust,تیری ماں کی وجہ سے میں نے بڑی ذلت اٹھائی ہے رسوائی سمیٹی ہے,اب تجھے اس سے ملنے دوں میں اپنی عزت کو نیلام نہیں کر سکتا سمجھی,audio/1_0_4_14.wav
2_0_7_33,train,Sad,سوچا نہیں کہ مجھ پر کیا گزرے گی,کیوں سزا دے رہی ہو مجھے,audio/2_0_7_33.wav
7_1_1_08,train,Angry,پولیس کو بلاؤں اب میں,جہاں اپنی گاڑی پارک کرنے لگتی ہوں تم اپنی گاڑی لے کر ا جاتی ہو زبردستی,audio/7_1_1_08.wav
1_0_3_40,train,Boredom,جب وہ تھی اس گھر میں,کچھ نہیں ہے بتانے کو کیا بتاؤں,audio/1_0_3_40.wav
4_0_6_14,train,Neutral,اصل میں میری یہ خواہش ہے میری ایک دعا ہے,ڈھونڈنے سے تو خدا بھی مل جاتا ہے اماں,audio/4_0_6_14.wav
7_1_1_02,train,Angry,کس قسم کے گنڈا گردی ہے,ہٹو سامنے سے,audio/7_1_1_02.wav
2_0_2_03,train,Fear,مجھے اسی گھر میں,رہ گئی بات نایاب کی تو نایاب میری چھوٹی بہن تھی,audio/2_0_2_03.wav
9_1_6_17,train,Neutral,مگر دل کا سچا اور دماغ کا کھرا ہے,ارے کبھی کبھی تو ایسی سمجھداری کی باتیں کرتا ہے میں خود حیران ہو جاتی ہوں,audio/9_1_6_17.wav
8_1_1_09,train,Angry,تمہاری اتنی ہمت,ڈیڈ اپ جانتے ہیں اس نے کیا کہا ہے,audio/8_1_1_09.wav
2_0_3_31,train,Boredom,السلام علیکم اپ نایاب کے والد بات کر رہے ہیں,میں حیا کا بھائی بات کر رہا ہوں,audio/2_0_3_31.wav
8_1_1_40,train,Angry,بکواس بند کرو اپنی تمہاری اتنی اوقات کے مالکوں کا سامنے زبان چلاؤ,جاہل ادمی,audio/8_1_1_40.wav
3_0_3_39,train,Boredom,حلال کے پیسوں کا ہے,اج کل کوئی خواب وغیرہ نہیں دیکھتی ہو تم,audio/3_0_3_39.wav
6_1_7_11,train,Sad,پھر کبھی اس موضوع پر بات کروں گی ابو ٹھیک ہو جائیں,ابو کی طبیعت ٹھیک نہیں ہے ہاسپٹل میں کھڑے ہوئے ہیں,audio/6_1_7_11.wav
5_0_1_21,train,Angry,ورنہ ایسے موقعوں پر لوگ ہمیں اٹھاتے نہیں ہیں,اے پاگل ہو گیا ہے باہر ہی کھڑا رہ,audio/5_0_1_21.wav
5_0_5_31,train,Happy,ہاں یا بڑا مزہ ا رہا ہے,بھائی سے لڑائی ہو جائے گی ہیں,audio/5_0_5_31.wav
10_1_5_11,train,Happy,جیسے بھی آیا میں خوش ہوں,اچھا بس بھی کرو,audio/10_1_5_11.wav
4_0_1_31,train,Angry,اور وہ بے غیرت گھٹیا گرا ہوا انسان ہنس رہا تھا,جو قیمت اپ نے جھکائی ہے نا وہ صرف اپ نے نہیں جھکائی میں نے بھی چھکائی ہے اور چھکا رہا ہوں اج تک,audio/4_0_1_31.wav
9_1_2_33,train,Fear,وہ بتا رہی تھی کہ رابیل کی حالت بہت خراب ہے,تو بیٹا تم جا کر جو منا کر اسے گھر لے اؤ,audio/9_1_2_33.wav
2_0_2_48,train,Fear,میں اپنی ڈائیورس کی وجہ سے بہت پریشان ہوں مجھے مزید پریشان مت کرو,تم یہاں کیا کر رہے ہو,audio/2_0_2_48.wav
8_1_3_43,train,Boredom,یہ دھوک میری تختی کا حصہ بن چکی ہے ڈاکٹر صاحب,اپ کب تک مجھے اس سے بچاتے رہیں گے,audio/8_1_3_43.wav
3_0_5_26,train,Happy,اور وہ بھی ایسے مردم شناس ہیں کہ اکاؤنٹس میں ہی لگوا دیا,بیٹھو نہ بیٹا بیٹھو,audio/3_0_5_26.wav
4_0_1_21,train,Angry,سمجھ نہیں اتی کیا تمہیں,سمجھ نہیں ا رہا تیری کیا بول رہا ہوں میں تجھ سے کہ ابا کو تمہاری ضرورت ہے ابا جو بیٹا مجھے میں دیکھنا تھا اگر تجھ میں دیکھ لیں گے تو کیا ہو جائے گا,audio/4_0_1_21.wav
3_0_5_46,train,Happy,لگتا ہے وہ بہت خوش ہیں تم سے,جاتے ہوئے کہہ گیا ہے کہ کسی دن بھابھی کو لے کر ائیے نا ہمارے گھر,audio/3_0_5_46.wav
7_1_7_16,train,Sad,ایسی کس کی مجال کہ میرے ساتھ کچھ ایسا کرے,مراد نے کچھ بھی نہیں کیا ہے,audio/7_1_7_16.wav
3_0_2_37,train,Fear,اس کو کھلاؤ پلاؤ اس کی خاطر مدارت کرو,سمجھو تو مولوی سبحان اللہ مر گیا,audio/3_0_2_37.wav
9_1_4_42,train,Disgust,وہ تو قصہ ہی کچھ اور تھا,کب تک کمرے میں قید رہے گی,audio/9_1_4_42.wav
8_1_1_07,train,Angry,جب وہ موحد مجھ پہ ہاتھ اٹھا رہا تھا تو تم وہاں پر خاموش کھڑے ہوئے تھے,جو تمہیں کرنا چاہیے تھا نا وہ اس دن زید نے کیا,audio/8_1_1_07.wav
3_0_2_38,train,Fear,سمجھو تو مولوی سبحان اللہ مر گیا,ماں کو بیٹے سے جدا کرنا میری ارزو نہیں ہے,audio/3_0_2_38.wav
3_0_6_44,train,Neutral,یہاں تو سب ٹھیک لگ رہا ہے,باپ کی پوچھتاش کو شک نہیں کہتے احتیاط کہتے ہیں,audio/3_0_6_44.wav
6_1_2_44,train,Fear,تو رو رہی ہے ایسا کیا ہوا اخر بول نہ,وہ ہمارے درمیان لڑائی کروانا چاہ رہا ہے,audio/6_1_2_44.wav
3_0_5_32,train,Happy,اب چلو ناشتہ دے بھی دو,کہ میرا افضل بڑا ادمی بن گیا ہے,audio/3_0_5_32.wav
9_1_4_32,train,Disgust,پتہ نہیں تمہارے پاپا نے کیا دیکھ کر رشتہ لیا ہے,کچھ ہو گیا نا تو ہم ہی بھگتیں گے وہ تو سائیڈ پہ ہو جائیں گے,audio/9_1_4_32.wav
8_1_3_18,train,Boredom,میں اناڑی ہوں ذرا ان معاملوں میں,لیکن کریں گے کس سے ان کی شادی,audio/8_1_3_18.wav
8_1_1_38,train,Angry,اواز نیچی میرے سامنے,تیز چلاؤ گاڑی اواز نہیں ارہی ہے,audio/8_1_1_38.wav
8_1_7_02,train,Sad,ماما اپنوں کو تو معاف کر دیا جاتا ہے,حساب کتاب تو غیروں سے لیا جاتا ہے,audio/8_1_7_02.wav
7_1_1_12,train,Angry,میرا دم گھٹتا ہے اس گھر میں,مطلب میں کوئی بھیڑ بکری ہوں,audio/7_1_1_12.wav
8_1_7_07,train,Sad,ڈیڈ اس کمرے سے باہر مجھے خوف آتا ہے,میرے وجود کو اُس کی چاہت سے کوئی غرض نہیں,audio/8_1_7_07.wav
1_0_5_28,train,Happy,کافی بریلینٹ لگتا ہے کافی اچھی پرسنٹیج دی ہے ہر سال اس نے,جو حکم سرکار,audio/1_0_5_28.wav
2_0_2_28,train,Fear,یہ کیا کرتے پھر رہے ہو تم,ایک حیا کو ملا اور ایک مجھے تمہارے کمرے میں تمہاری پھٹی ہوئی شیروانی کے بٹن پر اٹکا ہوا ملا,audio/2_0_2_28.wav
6_1_1_42,train,Angry,ٹھیک سے کھڑا نہیں ہو سکتا چل نہیں سکتا,کبھی دیکھا ہے تو نے غور سے خود کو,audio/6_1_1_42.wav
4_0_7_18,train,Sad,نہیں میڈم خدا کا واسطہ ہے یہ مت کیجئے گا میرے ساتھ,میرا تمہارے علاوہ اور بیگم صاحبہ کے علاوہ اور کوئی نہیں ہے,audio/4_0_7_18.wav
1_0_1_19,train,Angry,مجھے کیا پتا ایسا کیوں کیا تم نے لیکن غلطی تمہاری ہے,میری اجازت کے بغیر میری زمینوں میں گھسے اور میرے ہی بندوں کو پکڑ کے لے گئے تم,audio/1_0_1_19.wav
1_0_1_32,train,Angry,اگر اس سے کسی نے ملنے کی کوشش کی تو میرا اس سے رشتہ ختم ہو جائے گا,سنا نہیں تم نے تم کہیں نہیں جا رہی ہو مر گئی ہے گیتی اس گھر کے لیے ہم سب کے لئے,audio/1_0_1_32.wav
8_1_7_21,train,Sad,کہیں بھی چلی جاؤں گی,جہاں کوئی میرا اپنا نہیں کوئی رشتہ نہ ہو کچھ بھی نا ہو,audio/8_1_7_21.wav
8_1_7_37,train,Sad,مجھے یہاں سے جانے کو کہہ دیا یہ گھر میرا نہیں رہا اب,یہاں کے گھر والے میرے نہیں رہے,audio/8_1_7_37.wav
4_0_5_50,train,Happy,بڑا بلب کرکٹ میچ والا,محبتیں لٹ گئی جوانی میں,audio/4_0_5_50.wav
9_1_2_03,train,Fear,لے گئی ہوگی پلو میں چھپا کر,وضو کرنے سے پہلے میں نے تو اپنے سرہانے رکھے تھے پھر کہاں گئے,audio/9_1_2_03.wav
7_1_5_50,train,Happy,چڑی ماری تجھ سے اچھی ہے,سچی میں اماں جی ایسا ہو سکتا ہے,audio/7_1_5_50.wav
9_1_1_47,train,Angry,پوچھ اس سے کیا کیا اس نے,ارے کیا اہستہ اہستہ چل رہی ہے تیز چلنا,audio/9_1_1_47.wav
5_0_4_19,train,Disgust,واہ واہ واہ واہ اپ نے تو میدان صاف کروا دیا سر,بڑے افسوس کی بات ہے یارا جی,audio/5_0_4_19.wav
8_1_3_07,train,Boredom,خیر اپ جانتے ہیں پچھلے کچھ مہینے سے میں بہت سٹریس میں ہوں,میں کیا سمجھاؤں اسے,audio/8_1_3_07.wav
9_1_5_01,train,Happy,ایسا نہ ہو کہ زندگی تمہارے لیے ہی تنگ ہو جائے,پیارا ہے بہت,audio/9_1_5_01.wav
10_1_4_44,train,Disgust,اتنے مسئلے ہونے کے باوجود میں تم سے ملتی ہوں,تم کہنا کیا چاہتی,audio/10_1_4_44.wav
3_0_7_36,train,Sad,میں کیسے بھول سکتا ہوں گزرے ہوئے چند برسوں میں کئی بار یہاں ایا ہوں,میں تم سے معافی مانگنے نہیں ایا میں معافی نہیں مانگوں گا تم سے,audio/3_0_7_36.wav
2_0_5_10,train,Happy,ہاں بھائی دیر تو ہو رہی ہے,ہمیشہ کی طرح,audio/2_0_5_10.wav
4_0_2_01,train,Fear,مختلف کرے گا,جانتے ہیں کیا کر رہی تھی یہ بھاگ کر نکاح کر رہی تھی کسی کے ساتھ,audio/4_0_2_01.wav
1_0_1_39,train,Angry,ائندہ میری اجازت کے بغیر گھر سے باہر قدم رکھا نہ تو مجھ سے برا کوئی نہیں ہوگا دفع ہو جاؤ یہاں سے,تم نے کس حیثیت میں اجازت دی ہے اسے,audio/1_0_1_39.wav
7_1_5_40,train,Happy,ہاں اور پتہ ہے,سنا ہے مسٹر مرتے ہیں تیری بہن پر,audio/7_1_5_40.wav
7_1_2_14,train,Fear,اس کے بعد پھر راستے میں تھے اور کہاں جاؤں گی,یہ بات بعد میں نہیں ہوگی یہ بات ابھی ہوگی,audio/7_1_2_14.wav
4_0_7_21,train,Sad,یہی میرا نصیب ہے یہی میری تقدیر ہے اور یہی میری سزا,معافی چاہتا ہوں میڈم میں کچھ زیادہ ہی بول گیا تھا,audio/4_0_7_21.wav
8_1_6_26,train,Neutral,یہاں تک کہ بہت کچھ ایسا تھا جسے میں نے اگنور بھی کیا,لیکن بس صرف اتنی سی ہے کہ ساری باتوں کی میں اکیلے خود گواہ ہوں,audio/8_1_6_26.wav
1_0_7_05,train,Sad,دل میں تھوڑی گنجائش پیدا کر لیتا تو تین زندگیاں اسان ہو جاتی,میں جہاں ارا اور تم ہم اکٹھے رہتے,audio/1_0_7_05.wav
7_1_7_10,train,Sad,مجھے بس بہت بُرا لگ رہا ہے,میری وجہ سے آپ لوگوں پر کتنا بوجھ پڑ گیا ہے,audio/7_1_7_10.wav
6_1_4_28,train,Disgust,یار تو نے اس کا نام نہیں لینا اچھا پھر میرا موڈ خراب ہو جائے گا,ایک تو میں تمہارے نانا نائی کی سٹوری سے نا بہت تنگ ہوں,audio/6_1_4_28.wav
2_0_3_34,train,Boredom,اس کا پہلے سے کسی سے افیئر چل رہا تھا,شایان سے ملاقات ہو گئی تمہاری,audio/2_0_3_34.wav
9_1_7_34,train,Sad,کچھ بھی نہیں صرف اور صرف محرومی,اُمید ہے کہ تم ضرور آؤگے,audio/9_1_7_34.wav
5_0_6_02,train,Neutral,چلو میں منشی کے کہنے پر ایک موکا اور دیتا ہوں,ایسا کرو تم سب الگ الگ اپنی زمینیں میرے اگے بیچ دو,audio/5_0_6_02.wav
2_0_1_19,train,Angry,پولیس والے گیم کر رہے ہیں سمجھ کیوں نہیں اتی تمہیں,اپنے فائدے کے کے لیے کر رہے ہیں وہ جا کر پولیس والوں سے پوچھا مجھ سے نہیں,audio/2_0_1_19.wav
4_0_1_27,train,Angry,اگر وہ مجھے اپنی قسم نہ دیتی نا تو خدا پاک کی قسم جان لے لیتا ہے اس کی,دکھ ہوا ہے یار مجھے میری ذو,audio/4_0_1_27.wav
5_0_1_43,train,Angry,نکل جائے اس کے اندر سے,گم ہو جا اس کے اندر,audio/5_0_1_43.wav
6_1_6_18,train,Neutral,تمہارا منگیتر کچھ نہیں لاتا تمہارے لیئے,لگتا ہے ابو آگئے ہیں مجھے لینے,audio/6_1_6_18.wav
8_1_1_19,train,Angry,کیا ہو تم اور ایسا کیا کیا ہو کیا رہا ہے یہاں پہ,میں کورٹ تک لے کے جاؤں گی میں تم دونوں کی زندگی کو عذاب بنا دوں گی,audio/8_1_1_19.wav
2_0_2_10,train,Fear,تو میں ابھی پتہ چل جائے گا دل مہر کون اس رشتے سے منہ چرا رہا ہے,بس اب مزید بات مت کرو ہمیں یہاں نہیں رکنا چلو,audio/2_0_2_10.wav
5_0_2_25,train,Fear,اس کا مطلب ہے کہ اس کا موبائل ابھی بھی اس گھر میں ہے,کون تھا وہ بولیں پلیز,audio/5_0_2_25.wav
1_0_2_39,train,Fear,اچھا بابا نہیں پوچھتا میں اور ائندہ اس ٹاپک پہ بات ہی نہیں کروں گا,اسی چیز کا تو فائدہ اٹھا رہا ہے وہ,audio/1_0_2_39.wav
6_1_3_41,train,Boredom,میرا صُوبیہ کے گھر جانے کا بھی دل نہیں چاہ رہا,کچھ نہیں امی بس ایک خاموشی سی ہے اندر,audio/6_1_3_41.wav
10_1_1_30,train,Angry,بتاتا ہے یا دوں میں رکھ کے,میری اماں کو کچھ مت کہا کریں آپ,audio/10_1_1_30.wav
10_1_4_27,train,Disgust,مجھے تو وہ کوئی ہٹلر یا چنگیز خان لگتا ہے,سڑیل,audio/10_1_4_27.wav
10_1_7_27,train,Sad,امی میں بھٹک گئی تھی,غلطی میری ہے,audio/10_1_7_27.wav
6_1_6_08,train,Neutral,پرسوں کیا تھا اُسے فون,جی آپ اُسے اِتنا معصوم نہ سمجھیں بڑا گُھنا ہے,audio/6_1_6_08.wav
1_0_4_21,train,Disgust,اپ اس وقت یہ بات کرنے کا مقصد,اف اس میں کہاں مجھے تو نظر نہیں ارہے,audio/1_0_4_21.wav
7_1_7_38,train,Sad,منہ پہ مارنے آئے ہو,اُسکا پورا فیوچر برباد ہو جائے گا امی,audio/7_1_7_38.wav
1_0_7_19,train,Sad,یہ مت سوچنا میری جان کہ وہ اس گھر کا اور دفتر کا ملازم تھا,ہاں اب وہ تیرا شوہر ہے اس کی عزت کرنا تیرا فرض ہے,audio/1_0_7_19.wav
3_0_4_21,train,Disgust,اج بس تم دونوں ماں بیٹی افضل صاحب کی او بھگت میں لگی ہوئی ہے نا مجھے کسی نے ناشتہ ہی نہیں دیا,اور راجہ صاحب اپ اپنی پرابلم کی بات کریں,audio/3_0_4_21.wav
1_0_5_25,train,Happy,اج ہی افس انے کی بات ہوئی اور اج ا بھی گئی ہے بیٹھو نہ بیٹھو,اس سے بھی دیکھ لیتے ہیں بھائی کون ہے,audio/1_0_5_25.wav
10_1_2_14,train,Fear,کبھی کبھی کبھی کبھی میرا دل چاہتا ہے کہ میں,جس میں میں اور میرے جیسے,audio/10_1_2_14.wav
10_1_4_08,train,Disgust,اور اس کی ماں نے ہمارے خاندان کے بارے میں جان کے رشتے سے انکار کر دیا,میرے اس کے درمیان جہانگیر نہیں نصیب ایا ہے اماں,audio/10_1_4_08.wav
3_0_1_20,train,Angry,تھم کے رہو رقیہ بیگم شوگن والے دن اناب شناب بول رہی ہو,خدا کا خوف کرو رقیہ بیگم کہاں کا ٹانکا کہاں جوڑ رہی ہو,audio/3_0_1_20.wav
4_0_6_32,train,Neutral,میرے کہنے کا مطلب تھا چھپ جائے گا میٹے گا نہیں,بنگلے والے جب کسی سامان سے بور ہو جاتے ہیں یا خراب ہو جاتا ہے تو گھر سے باہر نکال دیتے ہیں,audio/4_0_6_32.wav
6_1_3_48,train,Boredom,اب میں ہر کسی کو اپنے قصّے کیوں سُناؤں,ویسے ایک عورت کے طور پر نہیں لیتی,audio/6_1_3_48.wav
7_1_3_05,train,Boredom,بس میرے دماغ میں نہیں رہا,کیسی طبیعت ہے اب اپی کی,audio/7_1_3_05.wav
10_1_1_14,train,Angry,آج اپنی ذات پہ ایک بھی الزام برداشت نہیں کروں گی میں,بس کر دیں بھائی بس کر دیں,audio/10_1_1_14.wav
6_1_6_37,train,Neutral,نہیں نہیں میں لڑوں گی کیونکہ ہر بار قتل ہو ہو کے تھک چکی ہوں,تو یہ سب تمہیں اُس وقت یاد نہیں آیا تھا,audio/6_1_6_37.wav
3_0_7_09,train,Sad,میں سوچ بھی نہیں سکتا تھا,اس سے کہہ دو یہاں سے چلی جائے خود ہی چلی جائے,audio/3_0_7_09.wav
9_1_3_35,train,Boredom,بہت سنبھالا ہے مجھے,میں جو کچھ کیا ٹھیک کیا,audio/9_1_3_35.wav
7_1_4_43,train,Disgust,کیا رشتہ نبھا ئے گا یار,مجھے کوئی شوق بھی نہیں ہے اُنہیں جا ننے کا,audio/7_1_4_43.wav
1_0_6_36,train,Neutral,رشتے انسان کو مضبوط کرتے ہیں,اور اس کے لیے تمہارے علاوہ میرے پاس کوئی ایسا آدمی نہیں ہے جس پر میں اعتبار کر سکوں,audio/1_0_6_36.wav
1_0_1_29,train,Angry,ہمارے تعلقات اس بات کی اجازت نہیں دیتے ہیں,مت نام نہ لیا کرو اس کا میرے سامنے,audio/1_0_1_29.wav
6_1_1_11,train,Angry,اس سے اپ کا کوئی مطلب نہیں ہونا چاہیے,نعیم صاحب اس کے بارے میں پھر کبھی بات کریں چلیں ہم,audio/6_1_1_11.wav
7_1_3_10,train,Boredom,سب لوگ جو چلے گئے ہیں ناشتہ چھوڑ کر,وہ ہے ہی نہیں ویسی جیسے میں نے سوچا تھا,audio/7_1_3_10.wav
2_0_6_05,train,Neutral,اس کے باپ یہاں ایا تھا شریف اور سیدھا ادمی ہے اسے پریشان نہ کریں نہ تنگ کریں اسے,مجھے لگتا ہے کہ اپ میرے ساتھ تعاون کر رہے ہیں تو مجھے بھی کرنا چاہیے,audio/2_0_6_05.wav
7_1_2_35,train,Fear,تم نے مجھے بتایا کیوں نہیں,مجھ سے ہی غلطی ہوئی تمہیں پہچاننے میں,audio/7_1_2_35.wav
9_1_1_13,train,Angry,رتی بھر بھی پرواہ نہیں مجھے تمہاری ائی سمجھ,اور تمہاری نشان کو کیا ہے ایک کوئلا گوبھی جلا ہوا,audio/9_1_1_13.wav
9_1_1_09,train,Angry,اور جو اپ سن رہی ہیں میں وہی میں کہہ رہی ہوں,یہ کیا بری خبر لے کے اگیا صبح سویرے,audio/9_1_1_09.wav
10_1_3_50,train,Boredom,مجھے اس کے پاس آنا ہی نہیں چاہیے تھا,ضرورت بھی بڑی بے شرم چیز ہے,audio/10_1_3_50.wav
4_0_6_24,train,Neutral,تو پھر میری طرف سے بھی انکار ہے میڈم,جھوٹ بول کر نوکری حاصل کرنا رزق کمانا یہ موسی کو زیب نہیں دیتا میڈم,audio/4_0_6_24.wav
10_1_3_23,train,Boredom,مجھے بھی اپنی سمجھ نہیں اتی داؤد,پتہ نہیں,audio/10_1_3_23.wav
6_1_6_12,train,Neutral,امی ہمیشہ آپ ٹال دیتی ہیں,لیکن اپ کا ایک انداز بتاتا ہے کہ اپ کچھ کہنا چاہتی ہیں,audio/6_1_6_12.wav
6_1_2_42,train,Fear,مجھے بتائے تو صحیح اخر ہوا کیا ہے,لیکن کیوں ایسا کیوں کر رہا ہے میرے ساتھ,audio/6_1_2_42.wav
8_1_6_06,train,Neutral,تم جانتی ہو نا تمہارے بھلے کے لیے کہتی ہوں,چلو کوئی تو ہے جو کچھ کچھ میری طرح سوچتا ہے,audio/8_1_6_06.wav
1_0_1_37,train,Angry,ے شرم بے حیا نکلی نہ اس بد کردار جہاں کی بیٹی,اس طرح منہ اٹھا کر ہوٹل چلی گئی ہے کوئی جاننے والا دیکھ لیتا تو کیا کہتا کس سے ملنے ائی ہے یہ یہاں پہ,audio/1_0_1_37.wav
9_1_4_24,train,Disgust,کوئی مدد کرنی ہے تو بتلا دو ورنہ میں کسی غیر کا منہ دیکھوں,ہائ بڑی ائی شریف زادیاں,audio/9_1_4_24.wav
5_0_1_25,train,Angry,اگر ہوتی نہ تو میں کبھی بھی بڑے گھر کے لوگوں کے ساتھ اس کی دوستی نہ ہونے دیتا,اور خاص طور پر بڑے گھر میں اس کو ڈیرا جما کر بیٹھنے کی اجازت نہ دیتا,audio/5_0_1_25.wav
5_0_7_40,train,Sad,اہ بہت افسوس ہوا,کسی کو ظالم بناتا ہے کسی کو مظلوم,audio/5_0_7_40.wav
3_0_3_18,train,Boredom,ہاں کم از کم تمہیں اور تمہاری امی کو,شکیل بھائی کے ساتھ رہنے پر مجبور نہ ہو,audio/3_0_3_18.wav
3_0_3_28,train,Boredom,تم اس کے حصے کا زیادہ وقت میرے ساتھ گزارنے لگی ہو,اچھا ایسا ہے کہ میں ذرا جلدی میں ہوں,audio/3_0_3_28.wav
2_0_5_41,train,Happy,بس پھیلا دیا عوام نے,کوئی عمر کا تعلق نہیں ہے اس سے میرے بھائی,audio/2_0_5_41.wav
2_0_4_48,train,Disgust,ابھی بس جو ہو گیا اسے بھول جاؤ خاموش رہو,یہ صرف کاغذی رشتے ہوتے ہے لکھت پڑھت کے بس,audio/2_0_4_48.wav
4_0_7_38,train,Sad,میرے ابا بھلے ادمی تھے اپ چھوٹی سی تھی جب وہ اس دنیا سے چلے گئے,میری انکھوں کے سامنے میری اماں کی عزت پر ہاتھ ڈالا,audio/4_0_7_38.wav
10_1_6_31,train,Neutral,کانچ چبھ گیا ہوگا پیر میں,صحت مند ہوگئی ہوں,audio/10_1_6_31.wav
4_0_3_26,train,Boredom,ٹھیک ہوں میں لیکن یہ سب کیا ہے,مجھ سے وہ کیوں مانگ رہی ہو جو میرے اختیار میں نہیں ہے,audio/4_0_3_26.wav
8_1_6_37,train,Neutral,ویسے کیا روٹین ہے اپ کے بیٹے کی اج کل,اصف انکل یہ ایسے نہیں مانیں گے,audio/8_1_6_37.wav
3_0_5_24,train,Happy,شام کے پانچ بج جایا کریں گے اسے وہاں ہا ہا ہا ہا,اور پورے 10 ہزار تنخواہ ہے,audio/3_0_5_24.wav
7_1_6_03,train,Neutral,نہیں ابھی دیکھیے گا عادل بھائی مجھے پک کرنے ائیں گے,اگر بھیا نے ڈانٹا نا تو اپ جواب دے,audio/7_1_6_03.wav
1_0_4_02,train,Disgust,موسی میری انکھ میں انکھ ڈال کر بات کر تاکہ جو میں سوال کروں اس کا جواب تیری انکھ میں پڑھ سکوں,جو ادمی باپ کے پیسے جوئے میں اڑاے اس سے کیا امید رکھی جا سکتی ہے چلو راحیلہ صاحبزادے کو ارام کرنے دو,audio/1_0_4_02.wav
9_1_5_33,train,Happy,ارے تو نے تو شاپنگ پہ جانا گوارا نہیں کیا ہمارے ساتھ,دیکھو ارام سے شاپنگ کر اتے ہیں,audio/9_1_5_33.wav
3_0_4_07,train,Disgust,لیکن تم میری باتیں کہاں سمجھو گی,لیکن کیا فائدہ تمہارے وہاں جانے کا,audio/3_0_4_07.wav
1_0_3_15,train,Boredom,پتہ نہیں عجیب باتیں کرتی ہوں,بہت مایوسی ہوئی ہے مجھے,audio/1_0_3_15.wav
6_1_3_27,train,Boredom,بتائی نہ کسے,امی دنیا میں ہزار نوکریاں ہیں,audio/6_1_3_27.wav
5_0_6_17,train,Neutral,بس بیگم صاحبہ زمانہ بدل گیا,یہ تم کو کم سنائی دیتا ہے بلو,audio/5_0_6_17.wav
5_0_1_26,train,Angry,اور خاص طور پر بڑے گھر میں اس کو ڈیرا جما کر بیٹھنے کی اجازت نہ دیتا,اوئے میری ٹاپی کہاں ہے,audio/5_0_1_26.wav
6_1_7_16,train,Sad,امی اس طرح حوصلہ تو نہ ہاریں نا ابو کی حالت دیکھیں پہلے ٹھیک نہیں ہے,آپ مجھے چھوڑ کے کبھی نہیں جائیں گے ہمیشہ میرے پاس رہیں گے,audio/6_1_7_16.wav
7_1_6_24,train,Neutral,کھل نہیں رہا بہت کوشش کی ہے,تم تو بہت جلدی گھبرا گئی,audio/7_1_6_24.wav
10_1_2_31,train,Fear,جلدی جائیں جلدی جائیں انہیں اٹھائیں,ابے خدا کے واسطے امی کو مت ماریں میں لے کے گئی تھی,audio/10_1_2_31.wav
5_0_1_06,train,Angry,اس کی اس لیے میں نے اسے سامنے نکالا ہے,اب کوئی افواہ تیزی سے نکلے,audio/5_0_1_06.wav
3_0_5_15,train,Happy,اور اس کا دیدار ہو جایا کرے گا,وعلیکم السلام جیتی رہو,audio/3_0_5_15.wav
7_1_7_07,train,Sad,آپ جیسا کہیں گے نا ویسا ہی ہوگا,اگر اُنہیں اتنا مسٔلہ ہے تو میں یہ بھی نہیں بناتی اپنی شادی کے پہنا دیں,audio/7_1_7_07.wav
1_0_3_36,train,Boredom,اسے کچھ پیسے بھجوا دو,اس کی اپنی پسند تھی مرضی اس کی,audio/1_0_3_36.wav
1_0_4_16,train,Disgust,وضاحت دینی چاہیے مجھے فون لگاو اور بلاو اپنے باپ کو,میرے پاس اتنا وقت نہیں ہے کہ میں تمہاری بیوی اور تمہاری بیٹیوں کے ارمانوں کا سوچوں,audio/1_0_4_16.wav
3_0_2_29,train,Fear,تم کم نظر خون پسینہ بہانے اور جیت کے لیے جان لڑانے کو جوا سمجھتی ہو,میرے افضل کا خون پسینہ گرا ہے دیکھو,audio/3_0_2_29.wav
10_1_4_25,train,Disgust,نمبر کا کھڑوس ادمی ہے,اور اگر کوئی غلطی ہو جائے اتنی باتیں سناتے ہیں بس,audio/10_1_4_25.wav
9_1_5_49,train,Happy,میں بہت خوش ہوں بہت خوش ہوں میرا بیٹا واپس اگیا,چلو بھائی بس سو گیا اچھا بھائی اچھا بھائی اچھا اور نہیں پینا اچھا ٹھیک ہے,audio/9_1_5_49.wav
5_0_7_49,train,Sad,اس کا کوئی قرض ہے جسے جو اتر ہی نہیں رہا بڑا بوجھ ہے دل پر,کچھ بھی ہو جائے گھر نہیں چھوڑنا بچے,audio/5_0_7_49.wav
4_0_2_31,train,Fear,کیوں نہیں ہوئی نفرت یہ سب کیا ہے یہ کیا ہو رہا ہے میرے ساتھ,جو طوفان انا تھا وہ تو کب سے ا چکا ہے,audio/4_0_2_31.wav
1_0_2_01,train,Fear,اگر پرواہ نہیں ہے تو پھر جائے جہاں اس کی ماں دفن ہوئی ہے,دعا کرو کہ وہ کسی مشکل میں ہو تبھی اسے ہوش ائے گا,audio/1_0_2_01.wav
7_1_2_33,train,Fear,وہ بت بن کر کیوں بیٹھا ہوا ہے کچھ بول کیوں نہیں رہا ہے,اگر مراد کے منہ میں زبان نہیں ہے لیکن میرے پاس تو ہے نا,audio/7_1_2_33.wav
7_1_4_18,train,Disgust,بہت دیر سے نوٹس کر رہی ہوں پیچھا کر رہے ہو میرا,یہ ساری کھچڑی اطہر کی پکائی ہوئی ہے نا,audio/7_1_4_18.wav
7_1_2_12,train,Fear,اور ان کا موڈ ہی ایسا ہے,ہاں میں نے یہ سب کچھ چھپایا ضرور ہے,audio/7_1_2_12.wav
1_0_7_34,train,Sad,سمجھ جائے گی جو اس کا ہے ہی نہیں اسے کھو دینا بہتر ہے,اسی لیے میں نے یہ فیصلہ کیا,audio/1_0_7_34.wav
4_0_2_29,train,Fear,نہیں نہیں ٹھیک ہے تو کہا تھا تم نے کچھ غلط تو نہیں کہا,میرا دل رو رہا ہے میں تکلیف میں ہوں میں تڑپ رہا ہوں قدرت کے اس ستم ظریفی میں میرا دل تڑپ رہا ہے یہ کیا ہے,audio/4_0_2_29.wav
4_0_3_24,train,Boredom,نفرت نہیں ہے بھئی یار تم سے میرا جذبہ نہیں بدلا,تمہارے گھر کی طرف آتے ہوئے راستے پہ میرے قدم کیسے اُٹھ گئے مجھے,audio/4_0_3_24.wav
3_0_6_02,train,Neutral,اسے ڈانٹنے کی بجائے اسے اپ تھوڑا خیال کر لیا کریں,اج تمہارا فیئر ویل ہے,audio/3_0_6_02.wav
7_1_5_15,train,Happy,تمہیں کرکٹ کھیلتے ہوئے بھی دیکھ کہ انہیں بہت خوشی ہوتی ہے,کیا حال ہیں اپ کے,audio/7_1_5_15.wav
4_0_5_12,train,Happy,سارے ماحول کا ذائقہ اس کھانے میں ا جاتا تھا,سالوں سے اس سگنل سے گزرتا ہوں تو اواز دے کر کہتا ہے کہ مرید صاحب پھول لے لیجیے,audio/4_0_5_12.wav
3_0_6_38,train,Neutral,بندوں کو کس لیے پیدا کیا بندوں کو بندے کے درد کے لیے پیدا کیا ہے,عرفہ بتا رہی تھی کہ تم مجھ سے ڈر رہے تھے,audio/3_0_6_38.wav
4_0_7_15,train,Sad,الٹ پلٹ گیا ہے یار سب مجھے کچھ سمجھ نہیں ارہا عیسا,یار تیری منت کر رہا ہوں بھائی تو میرا چھوٹا بھائی ہے یار,audio/4_0_7_15.wav
3_0_1_47,train,Angry,دو دن گھر سے باہر رہے گا ہوش ٹھکانے ا جائیں گے صاحبزادے کے,گھر سے باہر کی دھوپ نے چھوا تک نہیں ہے,audio/3_0_1_47.wav
10_1_4_46,train,Disgust,اپنے کسی دوست سے بات نہیں کرتی,گھر میں مجھے سب لوگ مارتے ہیں,audio/10_1_4_46.wav
1_0_6_12,train,Neutral,جی اپا اپ بتائیں کہ اپ کیا چاہتی ہیں,کافی بہتر محسوس کر رہا ہوں,audio/1_0_6_12.wav
4_0_2_20,train,Fear,ایک الجھن ہے اسے دور کرنے کے لیے جا رہا ہوں,بات کر کے جا سکے ہم میئر میں,audio/4_0_2_20.wav
5_0_6_20,train,Neutral,بہت بڑے لوگ ہیں بہت امیر ہیں,لیکن میں تو یہ کام چھوڑ چکا ہوں,audio/5_0_6_20.wav
6_1_5_31,train,Happy,بہت اچھا ہے,تو میری ماں کے ہاتھ خوبصورت ہوئیں گے نا,audio/6_1_5_31.wav
6_1_2_41,train,Fear,اچانک ان کی انگلیوں میں درد شروع ہو گیا اور پھر بے ہوش ہو گئے,مجھے بتائے تو صحیح اخر ہوا کیا ہے,audio/6_1_2_41.wav
3_0_5_10,train,Happy,انہوں نے اج تک کوئی اچھی مثال قائم ہی نہیں کی تو میں کیا دوں,قسم سے بالکل فلمی پوز لگ رہا ہے,audio/3_0_5_10.wav
7_1_3_09,train,Boredom,دل نہیں ہے,سب لوگ جو چلے گئے ہیں ناشتہ چھوڑ کر,audio/7_1_3_09.wav
4_0_3_02,train,Boredom,تو میں چلا جاتا ہوں نا اب عیسیٰ کو رہنے دیں,ویسے بھی سر میں درد ہے صبح سے,audio/4_0_3_02.wav
7_1_2_37,train,Fear,معافی غلطیوں کی ملتی ہے جھوٹ بولنے کی نہیں,بھابھی یہ گھر نہیں ہے یہ بازار ہے,audio/7_1_2_37.wav
6_1_4_16,train,Disgust,تمہیں اس سے کیا تم لانے جانے میں تمہیں مصروف ہو لوگوں کو,اور اسے دیکھو اس نے تمہیں پکڑا ہوا تھا جیسے تم بھاگے جا رہے ہو,audio/6_1_4_16.wav
5_0_3_44,train,Boredom,ہم بھی نایاب ہے اور کہانی بھی بڑی نایاب ہے,ہاں بات تو بلکل ٹھیک ہے آپکی,audio/5_0_3_44.wav
5_0_3_24,train,Boredom,آپ چاہیں یا نہ چاہیں,سیدھا آپ کے گھر تشریف لے کے آگیا ہوں,audio/5_0_3_24.wav
3_0_2_26,train,Fear,بلا کر لاؤ اسے,اگر تم میرے ساتھ ہوتی نا تو شرم سے زمین میں گڑ جاتا,audio/3_0_2_26.wav
1_0_1_42,train,Angry,تمہاری تربیت نے نا اسے خود سر کر دیا ہے,کوئی بچی بچی نہیں ہے وہ کوئی ادب لحاظ ہونا چاہیے,audio/1_0_1_42.wav
1_0_4_05,train,Disgust,باہر دانے کا بندوبست نہیں کیا موٹر خراب پڑی ہے مکینک نہیں ایا,یہ جو ہڈ ہرامی ہے نا سخت ناپسند ہے مجھے,audio/1_0_4_05.wav
8_1_7_34,train,Sad,آدھی زندگی تو دوسروں کو آزمانے میں ہی گزر گئی,اب مجھ میں اور ہمت نہیں ہے کہ میں کوئی بھی الزام اپنے سر لے سکوں,audio/8_1_7_34.wav
10_1_2_42,train,Fear,کیا عزت رہ گئی ہوگی میری ان کے سامنے,خدارا مجھے پاس کر دے,audio/10_1_2_42.wav
4_0_7_42,train,Sad,مجھے کیا پتا انسان کیسا ہوتا ہے محبت کیا ہوتی ہے احساس کیا ہوتی ہے,کون ہوں میں بدلے کی اگ کی گود میں پلتا ہوا ایک مظلوم,audio/4_0_7_42.wav
6_1_3_37,train,Boredom,مجھے کیا پتا کیا کہنا ہے,بول نا کیا ہوا ہے,audio/6_1_3_37.wav
5_0_2_12,train,Fear,کیا کیا یاسمین یہ کیا کہہ رہی ہے,کیوں شوکت کو غصہ دلا رہی ہو معافی مانگو,audio/5_0_2_12.wav
3_0_1_32,train,Angry,اگر تمہیں کوئی لڑکی پسند ہے تو بتاؤ,حالانکہ تم اچھی طرح جانتے ہو,audio/3_0_1_32.wav
8_1_5_02,train,Happy,تمہاری پسند تھی نا,کچھ نیا ڈیزائن کیا ہے,audio/8_1_5_02.wav
2_0_6_16,train,Neutral,اس کی بیوی بہت لالچی ہے اس کی لالچ سے کھیلو,ارے حیا تو بچی ہے اس کی باتوں کو چھوڑیں اپ,audio/2_0_6_16.wav
8_1_7_23,train,Sad,تم جاؤ اپنے گھر جاؤ,تمہارا تو گھر ہے تمہارے اپنے ہیں تمہارے خونی رشتے,audio/8_1_7_23.wav
7_1_5_49,train,Happy,میں نے لکھ کے دی اسے درخواست وہ بھی انگریزی میں,چڑی ماری تجھ سے اچھی ہے,audio/7_1_5_49.wav
5_0_1_19,train,Angry,یہ یہاں پر خود خوشی ہوئی ہے اور خودکشی جرم ہے,ابھی نہیں,audio/5_0_1_19.wav
3_0_4_16,train,Disgust,اپ کے یہ صاحبزادے میری گاڑی کے نیچے انے لگے تھے,گاڑی چلانے والے اندھے ہو کر گاڑی چلاتے ہیں,audio/3_0_4_16.wav
9_1_5_38,train,Happy,کتنی پیاری بچی ہے,خوبصورت کتنی ہے,audio/9_1_5_38.wav
9_1_6_14,train,Neutral,ارے اسکی کمر میں درد ہے اسلیئے بیٹھ کر نماز پڑھتا ہے,چل دوسروں میں نقص نکالنے کی بجائے وُضو کر اُٹھ نماز پڑھ,audio/9_1_6_14.wav
10_1_1_48,train,Angry,میں ان کو گرا دوں گی,تم سب کو مار دے گا وہ,audio/10_1_1_48.wav
1_0_1_07,train,Angry,احسان کے گھر میں پینٹ کا کام مکمل نہیں ہوا ابھی تک اور تم کہہ رہے ہو کہ میں نے سارے کام کر دیے ہیں,زبیر بس بس چلو یہاں سے,audio/1_0_1_07.wav
9_1_3_34,train,Boredom,کہتا تو ٹھیک ہے تو,بہت سنبھالا ہے مجھے,audio/9_1_3_34.wav
7_1_1_30,train,Angry,تو کوئی بہت مردانگی والا کام کر رہے تھے,میرے بھی پیر پکڑ کر مجھ سے معافی مانگو یا اس میں تمہیں شرم اتی ہے تو کوئی تمہاری مردان مردانگی کو ٹھیس,audio/7_1_1_30.wav
5_0_6_13,train,Neutral,اپ 12 بجے بھیج دیجیے گا اپ کو کپڑے مل جائیں گے گھر پہ بھیجیے گا دکان پہ نہیں,میں ہی وہ ناچیز ہوں,audio/5_0_6_13.wav
7_1_6_18,train,Neutral,کر چکی ہوں میں انکار ایک نہیں کئی بار,اگر تم انکار نہیں کرو گی تو میں انکار کر دوں گی,audio/7_1_6_18.wav
2_0_7_08,train,Sad,زفرا تم اتنا سٹریس مت لو ابھی تمہیں وہاں جانا ہے,مجھے تو خود نہیں پتہ تھا یہ تو ان لوگوں نے مجھے بعد میں بتایا,audio/2_0_7_08.wav
2_0_3_35,train,Boredom,شایان سے ملاقات ہو گئی تمہاری,ایسا کیوں سوچ رہی ہو شمع تمہیں کبھی کسی نے اجنبی نہیں سمجھا,audio/2_0_3_35.wav
9_1_1_26,train,Angry,اور تو چل یہاں سے دفع ہو,صبح صبح کیسی منحوس خبر سنا دہی,audio/9_1_1_26.wav
9_1_7_43,train,Sad,اب میرا بیٹا خانہ بدوشوں کی طرح نجانے کہاں کہاں دھکے کھا رہا ہے,پتہ نہیں اُسے دیکھ بھی سکوں گی یا نہیں,audio/9_1_7_43.wav
4_0_2_47,train,Fear,میں خدا کی قسم کھا کر کہتا ہوں کہ 27 سالوں میں وہ نمک مرید کا کچھ نہیں گزار سکا,کیوں کیا بھروسہ کیوں کیا بھروسہ,audio/4_0_2_47.wav
5_0_6_28,train,Neutral,دو دفعہ ہمارے گھر میں ائے کچھ کھائے پیے بغیر ہی چلے گئے,ویسے بھی میں بیٹیوں سے خدمت کرانے کے حق میں نہیں ہوں,audio/5_0_6_28.wav
9_1_7_28,train,Sad,میری میں جانتی ہوں تم تم اس وقت بہت پریشان ہو بیٹا,اس وقت سب بھول جاؤ,audio/9_1_7_28.wav
2_0_6_25,train,Neutral,بیل ہو جانے کے بعد کیا کیس کو بھول جاتے ہیں,تم لوگ گواہی دینے والوں کو تھانے نہیں بلاتے کیا,audio/2_0_6_25.wav
5_0_6_24,train,Neutral,یہ بہت چھوٹی ہے وقت گزرتا ہوا پتہ ہی نہیں چلا,بلو جی برے لوگوں کے ساتھ اچھے لوگ بھی ہوتے ہیں,audio/5_0_6_24.wav
6_1_2_07,train,Fear,ایسا لگتا ہے کسی نے بھاری پتھر اٹھا کر میرے سینے پر رکھ دیا ہو جیسے,تجھے شرم نہیں اتی کیسے چپک کر بیٹھی ہو تم دونوں,audio/6_1_2_07.wav
2_0_1_34,train,Angry,بکواس بند کرو شرم نہیں ائی تمہیں,میرے بھائی کے خلاف ایف ائی ار کٹوا کر تم اسی گھر میں واپس اگئی,audio/2_0_1_34.wav
5_0_3_10,train,Boredom,میں وہی بول رہا ہوں,چھوڑو اِن باتوں کو,audio/5_0_3_10.wav
3_0_1_13,train,Angry,تمہاری ارزو تھی کہ تمہاری اپنی گاڑی ہو جسے تم خود ڈرائیو کر سکو,یہ لو پوری کر لو اپنی حسرتیں اپنی ارزوئیں,audio/3_0_1_13.wav
2_0_5_21,train,Happy,ہاں ہاں تبسم کیسی ہو تم,ہم لوگ کہیں باہر گھومنے چلتے ہیں,audio/2_0_5_21.wav
4_0_1_39,train,Angry,بس میری کہانی کو مت چھیڑیے میری کہانی کو مت چھیڑیے مت کریدیے میرے پرانے زخم کو,یہ موقع مرید نے خود اپ کے ہاتھ میں تھمایا تھا کیا لگا تھا اپ کو,audio/4_0_1_39.wav
10_1_4_48,train,Disgust,سب کچھ سہ رہی ہوں تمہاری وجہ سے,اخر میرا کیا قصور ہے بابا,audio/10_1_4_48.wav
3_0_4_37,train,Disgust,خیر اس بات کا تو ٹنٹا ختم ہو گیا,جس بدبخت نے اطلاع دی تھی,audio/3_0_4_37.wav
10_1_7_22,train,Sad,اگر کوئی اجر تھا بھی تو اُسے میرے گناہ کھا گئے,دل اب بھی نہیں مانتا کہ تم نہیں ہو,audio/10_1_7_22.wav
10_1_5_04,train,Happy,میں خیالی پلاؤ نہیں پکاتی,تم ٹھیک ہوجاؤ پھر تمہیں لے کے چلوں گی لاہور,audio/10_1_5_04.wav
5_0_4_42,train,Disgust,سر اتنا بڑا فارم ہاؤس بنایا ہے اور پلیٹیں چھوٹی چھوٹی,چل بیٹھ جا تجھ سے کیا پوچھنا کیا کھائے گا اور کیا نہیں,audio/5_0_4_42.wav
9_1_4_28,train,Disgust,اس کا دماغ بھی ساتویں اسمان پر ہوگا یہ یاد رکھنا,کیا ہوا بنا رہے ہو بات ہی غلط ہے,audio/9_1_4_28.wav
4_0_4_16,train,Disgust,بقو مت مطلب کیا مطلب کیا ہے تمہارا اس بکواس کا,جو چیز تمہارے لیے رسوائی اور بدنامی کا باعث نہیں بن رہی,audio/4_0_4_16.wav
5_0_4_34,train,Disgust,ہاں بابا جی اس وقت باپ کا فرض نبھا رہا تھا نہ,جانتے ہو یہ کون ہے یہ بھی یہی کہہ رہا تھا کہ نہیں چھوڑوں گا بدلہ لوں گا,audio/5_0_4_34.wav
2_0_4_43,train,Disgust,میں ایسی عورت کو گھر میں برداشت نہیں کر سکتا جو گھر کی بنیادیں ہلا دے,اس کی لگائی ہوئی اگ یہ جو اس کے اور اس کے اسد کے درمیان اہستہ اہستہ سلگ رہی ہے,audio/2_0_4_43.wav
10_1_3_22,train,Boredom,دائروں میں چل رہے ہیں کوئی دائرہ کسی دوسرے دائرے سے ملتا ہی نہیں,مجھے بھی اپنی سمجھ نہیں اتی داؤد,audio/10_1_3_22.wav
3_0_7_10,train,Sad,اس سے کہہ دو یہاں سے چلی جائے خود ہی چلی جائے,اب اسے میری ضرورت نہیں ہے,audio/3_0_7_10.wav
4_0_3_14,train,Boredom,نہیں نہیں اماں پسند وسند کوئی نہیں ہے مجھے,اماں بھی نا بات کا بتنگڑ بنا دیتی ہیں,audio/4_0_3_14.wav
7_1_6_30,train,Neutral,تمہیں مل کر بات کیا کرنی ہے مجھ سے,اپ لوگوں نے ناشتہ کر لیا میرے بغیر,audio/7_1_6_30.wav
2_0_2_27,train,Fear,نہیں میں تو یہ یہ کہہ رہا تھا,یہ کیا کرتے پھر رہے ہو تم,audio/2_0_2_27.wav
10_1_2_39,train,Fear,عمران بھائی یہ زبردستی میرے کمرے میں گھس ایا ہے,اگر انکھوں میں دھول جھونکنا ہوتا تو چیخ چیخ کر اپ لوگوں کو نہ بلاتی یہ جھوٹ بول رہا ہے بھائی,audio/10_1_2_39.wav
3_0_7_27,train,Sad,لیکن پھر پتہ نہیں کیا ہوا وہ مجھے چھوڑ کر چلی گئی,کیا ہوا تمہیں کیا میری کہانی کے اس انجام سے تمہیں شدید صدمہ پہنچا ہے,audio/3_0_7_27.wav
10_1_1_49,train,Angry,تم سب کو مار دے گا وہ,اتنی جلدی نہیں مروں گی میں,audio/10_1_1_49.wav
4_0_2_12,train,Fear,پاگل مت بن یار کیسی باتیں کر رہا ہے تو,دماغ کام کر نہیں کر رہا تمہارا میں تمہیں یہ بتا رہا ہوں کہ ابا میری وجہ سے پہلے ہی بہت پریشان ہیں عیسی,audio/4_0_2_12.wav
5_0_7_15,train,Sad,بیٹا وقت ضائع مت کرو ساری تکلیفیں انہی کی وجہ سے ہو رہی ہیں,جب یہ سامنے اتی ہے تو پرانے زخم تازہ ہو جاتے ہیں,audio/5_0_7_15.wav
9_1_6_27,train,Neutral,معاف کیجئے گا میں نے آپ کو پہچانا نہیں,تو آپ مت منہ لگائیں اُسے,audio/9_1_6_27.wav
7_1_5_10,train,Happy,اسی خوشی میں پزا پارٹی میری طرف سے,تو اپ ان سے بات کر لے نا جلدی سے ہیں,audio/7_1_5_10.wav
10_1_3_48,train,Boredom,وہی تو,تمہارے پیر میرے جوتوں میں نہیں ہے اسی لیے تو میں اندازہ نہیں ہے,audio/10_1_3_48.wav
1_0_5_31,train,Happy,ہا ہا ہا ہا ہا ہا خوش,ویسے عجیب بات ہے خوش ہو کر بھی شکل سے خوش نہیں لگتی ہو تم,audio/1_0_5_31.wav
6_1_7_09,train,Sad,امی اگر آپ سے پوچھے تو آپ اُنہیں کہئے گا کہ آپ نے صوبیہ کی طرف سے مجھے پِک کیا ہے,نہیں میں اپنے رویئے سے شرمندہ ہوں,audio/6_1_7_09.wav
6_1_7_42,train,Sad,میری آواز تک نہیں سننا چاہتا,سمیع میں اتنی بے وُقعت ہوں,audio/6_1_7_42.wav
8_1_2_27,train,Fear,کتنے خودغرض ہو گئے ہو عمیر,پرواہ ہے تو صرف اپنی تم کیا چاہتے ہو تمہارے ساتھ کیا ہوا تمہیں کسی اور کی کوئی پرواہ نہیں ہے,audio/8_1_2_27.wav
2_0_4_44,train,Disgust,اس کی لگائی ہوئی اگ یہ جو اس کے اور اس کے اسد کے درمیان اہستہ اہستہ سلگ رہی ہے,کھانا پینا چھوڑو گے تو کوئی کام پر توجہ دو گے نا,audio/2_0_4_44.wav
7_1_6_34,train,Neutral,مجھے اپ سے کوئی شکوہ نہیں,اپ کی خوشی کے لیے میں جان بھی دے سکتی ہوں,audio/7_1_6_34.wav
6_1_5_10,train,Happy,دل بور ہو رہا تھا امی نے کہا صوبیہ کی طرف چلی جا تو میں ا گئی,ویسے انٹی کو گھر میں کم ہی دیکھا ہے,audio/6_1_5_10.wav
4_0_5_09,train,Happy,بتانا صرف یہ تھا کہ اماں مزے مزے کی کہانیاں سناتی تھی,پر مرید یہاں نیچے اٹے سے الگ الگ شکلیں بناتا تھا,audio/4_0_5_09.wav
7_1_1_21,train,Angry,اور بند کرو یہ ڈرامے بازی مجھے پتہ ہے تمہیں کوئی فریکچر نہیں ہوا,میں جیسا سمجھتی تھی تم بالکل ویسے نہیں ہو,audio/7_1_1_21.wav
4_0_4_30,train,Disgust,یہ مدہوشی کی محفل یہ جام یہ ہوس کی بھری ہوئی نظریں,تمہیں میرے خاندان میرے نیک نامی میرے رواجوں سے چڑ تھی نا,audio/4_0_4_30.wav
4_0_6_23,train,Neutral,اس ناشتے سے میں عمر بھر کے تمام صبح کا اغاز کر سکتا ہوں,تو پھر میری طرف سے بھی انکار ہے میڈم,audio/4_0_6_23.wav
5_0_6_23,train,Neutral,زیادہ کام تو وہی کرتی ہے میں تو بس اس کو سپورٹ کر رہا ہوں,یہ بہت چھوٹی ہے وقت گزرتا ہوا پتہ ہی نہیں چلا,audio/5_0_6_23.wav
2_0_4_06,train,Disgust,نام میں کیا رکھا ہے اپ پولیس والے ہیں اتنا ہی کافی ہے,پولیس کیس وہ تو میں بننے ہی نہیں دوں گا,audio/2_0_4_06.wav
9_1_3_09,train,Boredom,کیا کیا ہوگا بیچ دیے ہوں گے انہیں اونے پونے,ہاں بس رضوانہ یہی سوچتی ہوں,audio/9_1_3_09.wav
3_0_7_34,train,Sad,تم ہی تو ہو میری خواب کی تعبیر,دیکھو ہم دونوں کو ہی سہارے کی ضرورت ہے,audio/3_0_7_34.wav
9_1_1_30,train,Angry,ا ہائےعقل کا کچھ نہیں,تو سے پوچھا کسی نے تیری بیوی سے بات کر رہی ہیں تو کیوں بول رہا ہے بیچ میں,audio/9_1_1_30.wav
6_1_3_21,train,Boredom,آممم چااا وہ کچھ بھی نہیں,امی کیا رکھا ہے اس گھر میں,audio/6_1_3_21.wav
2_0_5_18,train,Happy,ہاں ہاں یہی تو,یہ ساری باتیں تمہیں کیسے بتاتا,audio/2_0_5_18.wav
2_0_6_31,train,Neutral,پولیس کے ارڈر ہم نے لیس کیے ہیں اب اپ فالو کرتے رہیں,ٹھیک ہے یہ سارے اپ دیکھ لیں,audio/2_0_6_31.wav
1_0_4_44,train,Disgust,ارے بابا میں اتنا عرصہ باہر رہ کے ایا ہوں اور تم نے ابھی تک اس سے بات نہیں کی,یہ صبح صبح تم کیا باتیں لے کر بیٹھ جاتی ہوں میرے ساتھ,audio/1_0_4_44.wav
4_0_2_34,train,Fear,یہ چھپ چھپ کر ملنا میری محبت کی توہین ہے,یہ نام بدنامی عزت مرتبہ رتبہ ان سب سے میرا کوئی لینا دینا نہیں ہے,audio/4_0_2_34.wav
6_1_6_32,train,Neutral,اور دوسرا مجھے اس سے اچھا موقع نظر نہیں آرہا تھا,کوئی بڑا فیصلہ کرنے والی ہوں میں,audio/6_1_6_32.wav
10_1_4_05,train,Disgust,میں پچھتا نہیں رہی یہ سوچ رہی ہوں کہ مجھے جانا ہی نہیں چاہیے تھا,اور جس کا خمان اور خلاصہ ہے وہ کیا کر رہا ہے,audio/10_1_4_05.wav
2_0_6_36,train,Neutral,ا گئی ہیں اب بات کریں,بختاور ہے سالہ تیری بیوی,audio/2_0_6_36.wav
9_1_4_46,train,Disgust,چہیتی محبوبہ کی وجہ سے چھوڑ رہے ہو,سارے رشتے قانونی ترازو پر نہیں ماپے جاتے,audio/9_1_4_46.wav
2_0_1_48,train,Angry,یہ ایسے خاموش ہونے والی نہیں ہے,جھوٹ مت بولنا مجھ سے ٹھیک ٹھیک بتاؤ مجھے یہ بچہ کس کا ہے,audio/2_0_1_48.wav
4_0_2_16,train,Fear,کاشانہ پیرا کے مرد اتنے بغیرت نہیں ہیں کہ عورت پر ہاتھ اٹھائیں اماں,اور وہ لڑکا بالکل اس کے قابل نہیں ہے,audio/4_0_2_16.wav
6_1_7_18,train,Sad,ابو نہ روئیں نا,کونسا بہانہ لگا کے جاؤں آج تک تو گئی نہیں اُس کے گھر,audio/6_1_7_18.wav
10_1_6_01,train,Neutral,کیا رُعب دار شخصیت ہے,طبیعت کیسی ہے,audio/10_1_6_01.wav
4_0_5_37,train,Happy,اپ دیکھ کیوں نہیں رہی ہیں میری طرف,ایک دفعہ دیکھ لیں تھوڑی دیر,audio/4_0_5_37.wav
6_1_2_40,train,Fear,امی ابو کو پھر کچھ ہو رہا ہے,اچانک ان کی انگلیوں میں درد شروع ہو گیا اور پھر بے ہوش ہو گئے,audio/6_1_2_40.wav
4_0_5_42,train,Happy,یہ کہ اللہ کا شکر ہے,اللہ کا بڑا بڑا کرم ہے کہ اپ کے ہونٹوں پر مسکراہٹ ہے,audio/4_0_5_42.wav
4_0_4_34,train,Disgust,کہاں سے خبر لائیں گے کیسی باتیں کرتا ہے تو,مرید تو سمجھتا کیوں نہیں سمجھتا کیوں نہیں مالکوں کی برابری نہیں کرتے,audio/4_0_4_34.wav
5_0_2_32,train,Fear,نا نا نا نا نا نا میں اپنے حصے میں سے کچھ بھی نہیں دوں گا,اور نانا نا سر بالکل بالکل بھی نہیں,audio/5_0_2_32.wav
8_1_1_17,train,Angry,چھوڑوں گی نہیں جان سے مار دوں گی میں اس کو,اج اس کی زندگی کا اخری دن ہوگا ڈیڈ,audio/8_1_1_17.wav
4_0_2_26,train,Fear,بقو مت پتہ نہیں کیا بکواس کرتے جا رہے ہو,پتہ ہی نہیں تمہارا دیا ہوا تانہ کل رات سے مجھے کاٹ رہا تھا,audio/4_0_2_26.wav
4_0_6_44,train,Neutral,میرے سارے کا سارا بچپن چھوٹی بیگم صاحبہ اور بڑی بیگم صاحبہ کے ساتھ گزرا,میری یہ تیزی سے اٹھتے ہوئے قدم میری بے چینی کی نشانی نہیں ہے,audio/4_0_6_44.wav
10_1_1_02,train,Angry,کُتے کمینے تمہاری جُرات کیسے ہوئی,میرے قریب مت آنا,audio/10_1_1_02.wav
8_1_6_18,train,Neutral,چھوڑ ہی تو نہیں سکتی ڈیڈ,اپ تو جانتے ہیں نا میری ضد اور انا کو,audio/8_1_6_18.wav
5_0_3_48,train,Boredom,اوررر وہ مجھے کچھ فایدہ چاہیے,سر جی میرا ہر کام میں حصہ ہوتا ہے,audio/5_0_3_48.wav
9_1_1_24,train,Angry,کمبخت مارے تیرا باپ جڑوائے گا دروازہ,عمروں سے ساری رات سوئی رہتی ہیں صبح انکھ نہیں کھلتی ان بغیر تو کی,audio/9_1_1_24.wav
9_1_6_15,train,Neutral,چل دوسروں میں نقص نکالنے کی بجائے وُضو کر اُٹھ نماز پڑھ,لوگوں کو پتھر مارنے والا دیوانہ نہیں ہے,audio/9_1_6_15.wav
5_0_5_19,train,Happy,ائے ہائے بڑا ہولے ہولے مسکرا رہا ہے تو,بڑے شریف ہیں تو,audio/5_0_5_19.wav
9_1_2_13,train,Fear,مجھے تو یہی فکر ہے کہیں راستہ نہ بھٹک جائے کہیں,ارے کہاں جا رہی ہو ارے بیٹھو نا تم,audio/9_1_2_13.wav
6_1_4_45,train,Disgust,مجھے تو لگتا ہے میری ساری زندگی ایسی گزر جائے گی چاول پکا لو جھاڑو مار لو برتن دھو لو,کیا چھچھوری حرکتیں کر رہے ہو,audio/6_1_4_45.wav
7_1_1_27,train,Angry,شرم نہیں اتی تھکتے نہیں ہو جھوٹ بولتے ہوئے,کیا کروں گا کیا مطلب ہے,audio/7_1_1_27.wav
8_1_5_06,train,Happy,اس دن اتنی تعریفیں کر رہی تھی میری,مجھے خود کو اچھا لگنا ہے کسی اور کو نہیں,audio/8_1_5_06.wav
2_0_6_37,train,Neutral,بختاور ہے سالہ تیری بیوی,اج ہی ہم نے نکاح کیا ہے,audio/2_0_6_37.wav
5_0_1_16,train,Angry,جب تم نے ان کو قتل کیا بعد میں پیسے دیکھ کر بھاگ گئی,ان کی لاش لے کر دردر میں جاتا رہا,audio/5_0_1_16.wav
3_0_6_18,train,Neutral,ہم یہ کر سکتے ہیں کہ کل کسی وقت ا کر اس گیٹ کو کنڈی اور تالا لگا دیں,جی باجی میں نے کنڈی تو لگا دی ہے یہ میں تالا بھی لے ایا,audio/3_0_6_18.wav
4_0_5_21,train,Happy,ایسا بھی نہیں کہا میں نے,میں کیا کہا ہوں شکریہ سر,audio/4_0_5_21.wav
5_0_6_10,train,Neutral,تم تو میری پیاری بلو ہے ایسی باتیں نہیں کرتے بیٹا,ہم سب کی ڈورے اللہ تعالی کے ہاتھوں میں ہیں جسے چاہے چھوڑ دے جسے چاہے کھینچ دے,audio/5_0_6_10.wav
6_1_6_44,train,Neutral,اُن سے بات مت کیجیئے گا وہ نہیں برداشت کر پائیں گے,یہ چھوٹا ہے تو پھر بڑا گھر کیسا ہوگا,audio/6_1_6_44.wav
2_0_2_44,train,Fear,بڑی مشکل سے میں نے معافی مانگ کر لالو کو روکا ہے,جب کیس چل رہا ہوتا ہے نا تب کسی کو ملازمت سے نہیں نکالتے,audio/2_0_2_44.wav
2_0_2_15,train,Fear,جو بھی ہے منت تم اس معاملے میں نہیں بولو گی,جو بات کروں گا میں کروں گا مجھے پتہ ہے اس گھر کی عزت کو کیسے بچانا ہے,audio/2_0_2_15.wav
9_1_3_23,train,Boredom,توبہ تھک گئی ہوں ابھی,رابیل نے کوئی بات کی ہے تم سے,audio/9_1_3_23.wav
2_0_7_18,train,Sad,اتنی بدنامی پہلے کبھی دیکھی نہیں,انہوں نے نام لیا تھا بتایا تھا کہ منت شایان نے ایف ائی ار کٹائی,audio/2_0_7_18.wav
3_0_1_14,train,Angry,یہ لو پوری کر لو اپنی حسرتیں اپنی ارزوئیں,تم نے تم نے اس وقت ایک دولت مند آدمی سے شادی کی جس وقت میرے پاس کچھ نہیں تھا,audio/3_0_1_14.wav
1_0_1_49,train,Angry,تو بتا دینا اپنی بیٹی کو اس بار اس کا پاس ہونا بہت ضروری ہے,چل جا نکل جا میرا میٹر نہ گھما چل جا,audio/1_0_1_49.wav
5_0_4_08,train,Disgust,میں ابھی انہیں دیکھ کر اتا ہوں,میں جا کر ابھی ان کا بندوبست کرتا ہوں اور دیکھتا ہوں کہ وہ پھر کیسے میری بیوی کو تنگ کرتے ہیں,audio/5_0_4_08.wav
6_1_5_15,train,Happy,ویسے بڑی جھلی ہے سوبیہ پتہ ہے کیا کہتی ہے,اچھا ادھر انا تو کیوں پریشان ہو جاتی ہے,audio/6_1_5_15.wav
2_0_7_38,train,Sad,شایان یہ کیا کیا تم نے یہ نہیں ہو سکتا شایان,ہر وقت ہمیں مرنے کی دھمکیاں دیتا تھا اج ہمیں چھوڑ کر چلا گیا,audio/2_0_7_38.wav
8_1_4_29,train,Disgust,نہ کیا کریں اپ ایسی باتیں میں اپ کو چھوڑ کر کہیں نہیں جانے والی,لیکن اگر بابا کی بات نہ مانی گئی تو برا ہونے کا اندیشہ ضرور ہے,audio/8_1_4_29.wav
8_1_6_15,train,Neutral,اس سے بھی تو منع کر سکتا تھا نا,اپنی حیثیت اور اوقات کے مطابق شادی کیا کرو,audio/8_1_6_15.wav
10_1_1_35,train,Angry,اُسکے بعد گھر آکے آپ کی باتیں سننی پڑتیں ہیں مجھے,خداکے لیئے مجھے معاف کر دیں,audio/10_1_1_35.wav
9_1_1_42,train,Angry,ارے کیا ہو گیا تجھے,ارے چپ کر جا,audio/9_1_1_42.wav
3_0_4_30,train,Disgust,اج کل بچوں کو درس دیتا ہوں تو یوں لگتا ہے کہ وہ میرا منہ تک رہے ہیں,اور پوچھ رہے ہیں کس کے باپ ہو تم اور کیا بات کر رہے ہو,audio/3_0_4_30.wav
7_1_3_48,train,Boredom,کون سا دوست,زیادہ تو نہیں ہے نا,audio/7_1_3_48.wav
8_1_1_39,train,Angry,تیز چلاؤ گاڑی اواز نہیں ارہی ہے,بکواس بند کرو اپنی تمہاری اتنی اوقات کے مالکوں کا سامنے زبان چلاؤ,audio/8_1_1_39.wav
6_1_1_27,train,Angry,مجھے اپنے باپ سے بڑھ کر کوئی کوئی عزیز نہیں ہے سمجھے تم,اپ کو اس شخص ہمدردی ہوگی مجھے نہیں ہے,audio/6_1_1_27.wav
3_0_7_44,train,Sad,ایسا لگ رہا ہے مجھے ایسا لگ رہا ہے یہ نہیں ہو سکتا,پڑھ گیا نا کلیجے کو ہاتھ سمجھو یہی میری حالت بھی ہے,audio/3_0_7_44.wav
2_0_7_48,train,Sad,اسے بتانے کی کیا ضرورت کیا فرق پڑتا ہے,مجھے اس گھر سے کچھ نہیں چاہیے,audio/2_0_7_48.wav
2_0_2_16,train,Fear,جو بات کروں گا میں کروں گا مجھے پتہ ہے اس گھر کی عزت کو کیسے بچانا ہے,اس وقت میرا مسئلہ عزت ہے جس سے مجھے بچانا ہے,audio/2_0_2_16.wav
10_1_4_09,train,Disgust,میرے اس کے درمیان جہانگیر نہیں نصیب ایا ہے اماں,اماں نہیں میں بات نہیں کروں گی,audio/10_1_4_09.wav
9_1_1_43,train,Angry,ارے چپ کر جا,ہمارے بخش اولا کے کے خود ارام سے سو رہی ہے ہیں,audio/9_1_1_43.wav
10_1_3_29,train,Boredom,میں روز اپ سے کہتی ہوں ہاں,اور میں روز اپ سے کہتی ہوں ہاں,audio/10_1_3_29.wav
4_0_4_46,train,Disgust,کیا بھی بگاڑا ہے میں نے زندگی کا جو اس نے یہ سلوک کیا ہے میرے ساتھ,اپ کے ساتھ جو ہوا ہے اس بات کی اتنی تکلیف ہوئی ہے مجھے کہ میں اپ کو بتا نہیں سکتا,audio/4_0_4_46.wav
6_1_3_47,train,Boredom,نہیں تو ایسی کوئی بات نہیں ہے,اب میں ہر کسی کو اپنے قصّے کیوں سُناؤں,audio/6_1_3_47.wav
1_0_7_01,train,Sad,شادی کے بعد تم شانزے کا مزاج اپنا سکو گ,بہت برا ہوں,audio/1_0_7_01.wav
1_0_4_38,train,Disgust,کبھی تھانہ کچہری تمہیں جیل سے نکالنے کے لیے,اب وہ جو جو تین بندہ کا الزام لگایا تم پر جو کچھ عرصہ پہلے غلام تھے تمہارے,audio/1_0_4_38.wav
2_0_7_11,train,Sad,ہاں میرے خیال میں مناسب رہے گا یہ مہینہ,ہاں بعض دفعہ ایسی غلطیاں ہو جاتی ہیں جنہیں مانتے ہوئے شرم اتی ہے,audio/2_0_7_11.wav
8_1_6_40,train,Neutral,اور کشمالہ کو واپس گھر بھیج سکو,میری خیر بسا بھی مت کیجئے گا,audio/8_1_6_40.wav
8_1_3_38,train,Boredom,بس اس سے اگے مجھ سے کچھ مت پوچھیے گا,اپ سمجھ کیوں نہیں رہے ہیں,audio/8_1_3_38.wav
8_1_1_24,train,Angry,اپ ابھی تک یہیں کھڑے ہیں جائیے یہاں سے,اسے خبر بننے کا شوق ہے نا میں بناتی ہوں اسے خبر,audio/8_1_1_24.wav
1_0_6_21,train,Neutral,نبیل صاحب اپ یہ بتائیں افس میں کوئی پریشانی تو نہیں ہوئی اپ کو,بہرحال تم اپنی تفشیش جاری رکھو ڈھونڈو اسے,audio/1_0_6_21.wav
9_1_6_04,train,Neutral,ہیں اُس کو بیٹھانے کی بجائے خود کہیں اُڑن چھو ہو جائے گا پھر نہ کہنا مجھے,اچھا چل ٹھیک ہے جا لیکن سیدھا گھر آئیو واپس,audio/9_1_6_04.wav
9_1_5_29,train,Happy,بہت پیاری بہت اچھی,دیر ائے درست ائے,audio/9_1_5_29.wav
7_1_2_15,train,Fear,یہ بات بعد میں نہیں ہوگی یہ بات ابھی ہوگی,انہیں میرے سوال کا جواب دینا ہوگا,audio/7_1_2_15.wav
9_1_1_01,train,Angry,ڈیڈ اُس نے اتنی بڑی بڑی باتیں کی تھیں میں یہ کروں گا میں وہ کروں گا سب جھوٹ سب دھوکہ,چار دن میرے ہاتھ لگ جائے نہ یہ تیر کی طرح سیدھا کر دوں,audio/9_1_1_01.wav
8_1_7_39,train,Sad,کوئی بھی نہیں ہے جسے میں اپنا کہہ سکوں اب,بس دعا کرو زین اللّٰہ مجھے اتنی ہمت دے,audio/8_1_7_39.wav
1_0_7_41,train,Sad,ہاں پریشان تو میں ہوں,ٹھیک کہہ رہے ہو تم بدر بیٹا ہے میرا,audio/1_0_7_41.wav
1_0_7_22,train,Sad,وہ نہیں کر سکی بدر کے ساتھ ہو گئی جیسے بھی ہوئی جس حال میں بھی ہوئی,اللہ کی مرضی تھی بیٹا اور اللہ کے ہر کام میں بہتری ہوتی ہے,audio/1_0_7_22.wav
9_1_1_11,train,Angry,نہ تمہاری رائے اور نہ ہی مجھے ضرورت ہے,تم بھی ذرا کان کھول کے سن لو,audio/9_1_1_11.wav
10_1_3_31,train,Boredom,سوچ رہی ہوں,آپ کی یاد آ رہی تھی اج,audio/10_1_3_31.wav
10_1_4_07,train,Disgust,اماں وہ لایا تھا اپنی ماں کو,اور اس کی ماں نے ہمارے خاندان کے بارے میں جان کے رشتے سے انکار کر دیا,audio/10_1_4_07.wav
10_1_7_37,train,Sad,کبھی نہیں ملیں گے,دو پیار کرنے والے ایک دوسرے سے الگ ہو,audio/10_1_7_37.wav
4_0_6_38,train,Neutral,اس گہرائی میں مت جھانکے صاحب جھانکنے کی پوری قیمت وصول کرتا ہے مرید,ویسے ہی مذاقن منہ سے نکل گیا امید کرتا ہوں اپ نے برا نہیں مانا ہوگا,audio/4_0_6_38.wav
7_1_4_47,train,Disgust,خود ڈھونڈنے والیاں کیا بدمعاش ہوتی ہیں ہاں,صرف زبان کا فرق ہے اور کچھ نہیں ہے,audio/7_1_4_47.wav
6_1_4_41,train,Disgust,تجھے کس نے کہا تھا کہ تو صبح صبح اس کے کمرے میں جا,ایک لڑکے کے لیے رو رہی ہے پاگل ہو گئی ہے چپ کر نا,audio/6_1_4_41.wav
1_0_6_10,train,Neutral,ارے بس بھابھی ہم ذرا پرانے خیالات کے لوگ ہیں بہن بیٹی کے گھر انا مناسب نہیں سمجھتے,اپ کے اصرار پر دوپہر کا کھانا کھا لیا ہے وہی بہت ہے,audio/1_0_6_10.wav
3_0_4_39,train,Disgust,مگر میں گنہگار کٹہرے میں کھڑا ہو گیا,خدا کی پناہ پہلے تو بارش کو ترس جاتے تھے,audio/3_0_4_39.wav
6_1_7_49,train,Sad,اب کچھ بُرا نہیں لگتا,تُو بتا میں کیا کروں اب,audio/6_1_7_49.wav
3_0_5_22,train,Happy,خدا مجھ سے خوش ہو گیا ہے,تم سے خوش ہو گیا ہے روبیر,audio/3_0_5_22.wav
7_1_2_36,train,Fear,مجھ سے ہی غلطی ہوئی تمہیں پہچاننے میں,معافی غلطیوں کی ملتی ہے جھوٹ بولنے کی نہیں,audio/7_1_2_36.wav
6_1_2_27,train,Fear,کوئی اور راستہ نہیں ہے مطلب کسی اور طریقے سے سمجھا دیتے ہیں,وہ نیند نہیں ا رہی مجھے,audio/6_1_2_27.wav
6_1_2_06,train,Fear,مجھے خود اپنا پتہ نہیں ہے کہ کب کس وقت کیا کر جاؤں میں,ایسا لگتا ہے کسی نے بھاری پتھر اٹھا کر میرے سینے پر رکھ دیا ہو جیسے,audio/6_1_2_06.wav
5_0_3_02,train,Boredom,ارے منشی کیا مدد کروں,آئے گا یہی آئے گا,audio/5_0_3_02.wav
3_0_4_32,train,Disgust,لعنت ہے اس مسلمان پر جو دوسرے مسلمان کو مسجد کے دروازے پر چھوڑکر واپس چلا ائے,اس کے سامنے چل اور ڈٹ کر بتاؤ اس کے کرتوت,audio/3_0_4_32.wav
1_0_1_43,train,Angry,کوئی بچی بچی نہیں ہے وہ کوئی ادب لحاظ ہونا چاہیے,بدتمیز ہو گئی ہے,audio/1_0_1_43.wav
6_1_2_05,train,Fear,میں نہیں لڑ سکتی یہ کیس,مجھے خود اپنا پتہ نہیں ہے کہ کب کس وقت کیا کر جاؤں میں,audio/6_1_2_05.wav
8_1_3_37,train,Boredom,اپ نے دارالام میں میری بات کی,بس اس سے اگے مجھ سے کچھ مت پوچھیے گا,audio/8_1_3_37.wav
5_0_4_48,train,Disgust,مگر یہ بضد رہے کہنے لگے کہ نہیں میری بیٹی کو مارا گیا ہے,سر یہ پارٹی میری وجہ سے ہے اور افسوس کی بات ہے کہ اپ نے مجھے دعوت پر انوائٹ ہی نہیں کیا,audio/5_0_4_48.wav
9_1_6_39,train,Neutral,تم اُسے جا کے لے کر آؤ چلو شاباش چلو جاؤ,کتنے اچھے لگ رہے ہو تم لوگ ایک ساتھ بیٹھے ہوئے,audio/9_1_6_39.wav
6_1_3_31,train,Boredom,میں نے کیا کِیا ہے امی,آممم صوبیہ میرا خیال ہے میں چلتی ہوں,audio/6_1_3_31.wav
2_0_5_33,train,Happy,کوئی دیکھ تو نہیں رہا میری طرف,پھر دو تین کہ جب,audio/2_0_5_33.wav
3_0_5_11,train,Happy,قسم سے بالکل فلمی پوز لگ رہا ہے,تمہارے شکریہ میں محبت کم اور شکریہ زیادہ لگ رہا ہے,audio/3_0_5_11.wav
3_0_2_39,train,Fear,ماں کو بیٹے سے جدا کرنا میری ارزو نہیں ہے,اس سے کہو یہ یہی رہے اور میرے سینے پر موم ڈلتا رہے,audio/3_0_2_39.wav
2_0_4_10,train,Disgust,پہلے تو یہ بتائیے کہ ہم کیا سوچیں ہماری انویسٹیگیشن ہو رہی ہے,تو پھر ٹھیک ہے جب ایف ائی ار کٹ جائے گی ہم اسی وقت انٹیروگیٹ ہوں گے,audio/2_0_4_10.wav
1_0_7_47,train,Sad,اس کو وہ عزت وہ مان نہیں دے سکا باپ کی شفقت نہیں دے سکا,میری سختی نے تم دونوں کو مجھ سے دور کر دیا,audio/1_0_7_47.wav
3_0_6_05,train,Neutral,اس طرح سے بچے سیکھ جاتے ہیں,اک بار پھر سوچ لو,audio/3_0_6_05.wav
3_0_3_35,train,Boredom,عارفہ تو بتا رہی تھی کہ جب تم دفتر سے ائے تو کپکپا رہے تھے,دفتر میں تو سب ٹھیک ہے نا,audio/3_0_3_35.wav
4_0_3_09,train,Boredom,میں بول رہا ہوں نا کہ میں یہاں ہوں,اور تخت پر اگر میرا ابّا بیٹھ جاتا,audio/4_0_3_09.wav
7_1_5_05,train,Happy,اپ کی اجازت ہو تو میں یہ ربن اتار دوں,سب بولیں گے کہ برانڈ نیو گاڑی لے کر ائی ہے,audio/7_1_5_05.wav
8_1_3_23,train,Boredom,ارے نہیں بھائی,وہ مجھے سمجھ نہیں ا رہا تھا میں کیا کروں,audio/8_1_3_23.wav
3_0_1_42,train,Angry,یہ جو تم نے گھر میں ہنگامہ کیا توڑ پھوڑ کی,ہمارے برسوں کے لاڈ پیار کا یہی صلہ,audio/3_0_1_42.wav
8_1_5_18,train,Happy,اگر اپ برا نہ منائیں تو اپ چائے بنا کر لائیں گے ہمارے لیے,تاکہ اپ سب لوگ کی مسکراہٹ ایک ساتھ دیکھ سکیں,audio/8_1_5_18.wav
4_0_5_49,train,Happy,نمرا کے دو مہینے اچھے گزریں گے,بڑا بلب کرکٹ میچ والا,audio/4_0_5_49.wav
7_1_2_47,train,Fear,ہو کیا رہا ہے پسٹل دور کریں مجھ سے,بہتر ہے اپ اسی وقت یہاں سے تشریف لے جائیے اپ کی امی اپ کی راہ دیکھ رہی ہوں گی گھر پر,audio/7_1_2_47.wav
2_0_4_09,train,Disgust,اپ نے کچھ اور دیکھنا ہے یا چلیں,پہلے تو یہ بتائیے کہ ہم کیا سوچیں ہماری انویسٹیگیشن ہو رہی ہے,audio/2_0_4_09.wav
10_1_6_32,train,Neutral,صحت مند ہوگئی ہوں,اپنے کندھوں کا بوجھ تھوڑا سا کم کرنا چاہتی تھی,audio/10_1_6_32.wav
2_0_6_29,train,Neutral,تھوڑے دن منت کو وہاں رہنے دو بعد میں خود نکال کر لے اؤں گا,یہ دیکھیں یہ سارے سیمپلز ہیں,audio/2_0_6_29.wav
10_1_4_04,train,Disgust,بدتمیزی اس نے مجھ سے کی تھی میں نے کیا کیا,میں پچھتا نہیں رہی یہ سوچ رہی ہوں کہ مجھے جانا ہی نہیں چاہیے تھا,audio/10_1_4_04.wav
2_0_7_03,train,Sad,جی ہم نے ایمبولنس میں اسے ہاسپٹل پہنچا دیا ہے اپ بھی وہاں پہنچ جائیں,رمضان صاحب دیکھیں ہم تو ہمیشہ سے اپ کے ساتھ,audio/2_0_7_03.wav
3_0_2_02,train,Fear,کیا ہوا فارعہ,کسی نے کچھ کہا ہے تمہیں,audio/3_0_2_02.wav
9_1_6_35,train,Neutral,پاؤں اوپر کر لیجیۓ نا,آکیسی ہو عدیلہ ٹھیک ہو,audio/9_1_6_35.wav
8_1_3_19,train,Boredom,لیکن کریں گے کس سے ان کی شادی,ا ا اااااا,audio/8_1_3_19.wav
2_0_1_40,train,Angry,یہ کیا کر رہی ہو چھوڑو اسے مار ڈالو گی کیا جان سے,یہ انسان نہیں ہے چھوڑ دو,audio/2_0_1_40.wav
5_0_2_48,train,Fear,یہ یہ سر جھوٹ بول رہا ہے حضور یہ بالکل جھوٹ بول رہا ہے خوامخواہ الزام لگا رہا ہے,ایک بات یاد رکھیے گا میں اتنی اسانی سے بھلائی جانے والا نہیں ہوں,audio/5_0_2_48.wav
3_0_7_08,train,Sad,تم سے وہ فاریہ ملے گی جس کے خواب میں دیکھا کرتا ہوں,میں سوچ بھی نہیں سکتا تھا,audio/3_0_7_08.wav
10_1_5_50,train,Happy,واہ رے واہ,کیا رُعب دار شخصیت ہے,audio/10_1_5_50.wav
4_0_7_50,train,Sad,نہیں پوچھنا اپ جان گئی تو اپ کو تکلیف ہو گئی,اج اج پتہ نہیں کیوں روز زخمی ہو گئی ہے میری جیسے یہ باتیں ار پار ہو گئی ہیں مرید کے,audio/4_0_7_50.wav
3_0_6_22,train,Neutral,دل کا ہی تو سارا مسئلہ ہے ڈاکٹر صاحب اور اپ پتہ نہیں کیا چیک کر رہے ہیں,تم نے تو خدا کو ہی اپنی طرف لگا رکھا ہے رقیہ بیگم,audio/3_0_6_22.wav
1_0_7_27,train,Sad,مگر اس سے تعلق میں بہت فرق پڑتا ہے بیٹا,تمہیں کیا اندر انے کے لیے اجازت کی ضرورت ہے,audio/1_0_7_27.wav
6_1_1_12,train,Angry,نعیم صاحب اس کے بارے میں پھر کبھی بات کریں چلیں ہم,میں نے کہا ہے نا مجھے اپ سے کوئی بات نہیں کرنی میرا ہاتھ کیوں پکڑا ہے چھوڑو میرا ہاتھ,audio/6_1_1_12.wav
7_1_7_47,train,Sad,میرے بابا میرے ساتھ ایسا کریں گے,یہ میرے ساتھ یہ سب کچھ ہو چکا ہے,audio/7_1_7_47.wav
9_1_5_10,train,Happy,تیرے لیے اتنی پیاری لڑکی دیکھ کے ائی ہوں,جلدی جلدی شہزادہ بن جا تیار ہو جا,audio/9_1_5_10.wav
5_0_7_10,train,Sad,تمہیں کیا پروا تم ایک ازاد عورت ہو جس کی کوئی حدیں بھی نہیں ہے,پوچھو اس سے کہ کس کے ساتھ چکر چلایا ہوا ہے اس نے کس چیز کا بدلہ لے رہی ہے مجھ سے,audio/5_0_7_10.wav
4_0_3_17,train,Boredom,جی وہ دراصل مجھے آپ سے کچھ پوچھنا تھا,ہاں بس اچھی لگی مجھے,audio/4_0_3_17.wav
3_0_7_23,train,Sad,ایسے بھی میرے پاس جو کچھ تھا وہ تو پہلے ہی لوٹ چکا,اس خوبصورت گھر میں میں اکیلا رہتا ہوں,audio/3_0_7_23.wav
6_1_2_24,train,Fear,میں نے جا رہی اس کے ساتھ تو جانتی ہے میں نہیں جا سکتی,اس رشتے کا انجام کیا ہوگا,audio/6_1_2_24.wav
10_1_5_17,train,Happy,اب بھی وہی کھاتی ہوں ابا,توے کی روٹی بھگاڑے بینگن,audio/10_1_5_17.wav
7_1_5_39,train,Happy,ہاں ویسے ایسے بھی کیا جا سکتا ہے,ہاں اور پتہ ہے,audio/7_1_5_39.wav
7_1_1_28,train,Angry,کیا کروں گا کیا مطلب ہے,لیکن اب گھر میں تب ہی اؤں گی جب تم مجھے لینے اؤ گے,audio/7_1_1_28.wav
3_0_6_50,train,Neutral,محبت میں سیاست بھی شرعا جائز نہیں ہے,اور یہ بھی جائز نہیں ہے کہ تم بے وقت شرع کو بیچ میں لے ائو,audio/3_0_6_50.wav
7_1_1_35,train,Angry,تمہارے دل میں جگہ نہیں چاہیے,مجھے اس گھر میں عزت چاہیے,audio/7_1_1_35.wav
5_0_7_45,train,Sad,صحیح ہے میں غریب ہوں میری اولاد بھی نہیں ہے کوئی نہیں ہے,بھیا بہت مارا ہے انہوں نے بڑا ہی مارا ہے,audio/5_0_7_45.wav
1_0_5_08,train,Happy,ہاں بدر ہے نا اب افس میں,بس اب تھوڑی دیر کے لیے جاتا ہوں پھر واپس ا جاتا ہوں,audio/1_0_5_08.wav
5_0_5_39,train,Happy,واہ واہ کیا بات ہے,ارے کیسی ہو بہت اچھی لگ رہی ہو کیا بات ہے,audio/5_0_5_39.wav
9_1_2_37,train,Fear,خدا نہ کرے کچھ ہو گیا ایسا ویسا تو ہم کیا کریں گے,اس کی قدر کرو اس کا خیال رکھو,audio/9_1_2_37.wav
2_0_3_19,train,Boredom,پھر کیوں نہ سمجھی والی باتیں کر رہی ہیں,قانون تو معاف کر دیتا ہے لیکن انسان زندگی بھر اپنے اپ کو معاف نہیں کر سکتا,audio/2_0_3_19.wav
5_0_6_42,train,Neutral,سر لڑکی نے بیان خود دیا ہے جی,ویسے سر بہت بری بات ہے اتنے امیر ادمی ایک کپ چائے کا بھی نہیں پلایا,audio/5_0_6_42.wav
1_0_7_48,train,Sad,میری سختی نے تم دونوں کو مجھ سے دور کر دیا,میں نے تمہاری زندگی کے بہت سے قیمتی سال اپنی نفرت سے ضائع کر دیے,audio/1_0_7_48.wav
4_0_7_37,train,Sad,میں نے جب بھی اپنی ماں کو جائے نماز پہ کچھ مانگتے ہوئے سنا تو ایک ہی بات مانگتے ہوئے سنا کہ میرے مرید کے ہاتھوں کے کبھی کسی کو کوئی نقصان نہ پہنچے,میرے ابا بھلے ادمی تھے اپ چھوٹی سی تھی جب وہ اس دنیا سے چلے گئے,audio/4_0_7_37.wav
10_1_7_34,train,Sad,لوگ جو کچھ بھی کہیں سب جھوٹ ہے,میں نے کوئی گناہ نہیں کیا,audio/10_1_7_34.wav
10_1_2_18,train,Fear,نہیں کچھ نہیں وہ,مجھے یقین نہیں ا رہا,audio/10_1_2_18.wav
8_1_2_20,train,Fear,اگر اس بھائی کے چہلم تک نکاح نہیں کروایا نا تو وہ مجھے ڈیورس دے دے گا,تو اس وقت کسی پہ بھی بھروسہ نہیں ہے,audio/8_1_2_20.wav
6_1_4_34,train,Disgust,جی نہیں کوئی بات نہیں ہے اور ویسے بھی میں کسی کو منہ نہیں لگاتی,ابو نہیں ا رہے تھے تو اپ مجھے فون کر کے بتا دیتے ہیں میں خود ہی ا جاتی ہوں,audio/6_1_4_34.wav
1_0_6_28,train,Neutral,اب تو تم بتا رہی ہو کہ وہ اپنی ماں کے پاس چلی گئی ہے اب تو میرا اس پہ بالکل بھی اختیار نہیں ہے,ٹھیک ہے تم نے بات کرنی ہے تو کر لو اس سے مجھے کوئی اعتراض نہیں ہے,audio/1_0_6_28.wav
8_1_1_10,train,Angry,ڈیڈ اپ جانتے ہیں اس نے کیا کہا ہے,ڈیڈ اپ اس کو سمجھا لیں,audio/8_1_1_10.wav
5_0_2_11,train,Fear,یاسمین اگر تو بچا لیا,کیا کیا یاسمین یہ کیا کہہ رہی ہے,audio/5_0_2_11.wav
8_1_3_42,train,Boredom,یہ پچیدہ چیز کے ساتھ رکی رہے گی,یہ دھوک میری تختی کا حصہ بن چکی ہے ڈاکٹر صاحب,audio/8_1_3_42.wav
10_1_6_03,train,Neutral,کون کونسی میڈیسن ختم ہو گئی ہے تمہاری,کوئی بڑا رول دیتے سلیم بھائی,audio/10_1_6_03.wav
4_0_3_33,train,Boredom,نہ ہاں یا نفی میں سر ہلاتی ہیں,میرا مطلب ہے کہ ٹھیک ہے چلی جانا,audio/4_0_3_33.wav
5_0_1_36,train,Angry,چل چلا جا کوئی کوئی اپنی اڑ میں نہیں کاٹی,چل چلا جا منہ اگے کر کے دفع ہو جا دفع ہو,audio/5_0_1_36.wav
5_0_2_16,train,Fear,تم پتلی ہونا چاہتی ہوگی مگر اس فن کا ماہر میں ہوں,لیکن تمہاری عافیت کی ڈور میرے ہاتھ میں ہے,audio/5_0_2_16.wav
5_0_3_14,train,Boredom,عادت بگڑ جائے گی,چلو جی اب تو بہت سخت بھوک لگ رہی ہے,audio/5_0_3_14.wav
3_0_6_37,train,Neutral,یعنی جن اور فرشتے کم نہ تھے اللہ کی عبادت کے لیے,بندوں کو کس لیے پیدا کیا بندوں کو بندے کے درد کے لیے پیدا کیا ہے,audio/3_0_6_37.wav
4_0_4_18,train,Disgust,میری زندگی میں بہت سے ایسے کنگلے دیکھے ہیں جو جیب میں لاکھوں کروڑوں روپے لے کر پھرتے ہیں لیکن دل کے بھکاری ہوتے ہیں وہ,تم بھی مجھ سے وہی کہہ رہے ہو جو پورا زمانہ کہتا ہے تم تو سمجھتے ہو مراد علی,audio/4_0_4_18.wav
3_0_3_16,train,Boredom,اج تو حشر ہی ہو گیا,ابھی تو زندگی کا بڑا لمبا سفر باقی ہے بیگم صاحبہ,audio/3_0_3_16.wav
4_0_7_36,train,Sad,اچھا نہیں کیا اپ نے میرے ساتھ دکھ ہوا,میں نے جب بھی اپنی ماں کو جائے نماز پہ کچھ مانگتے ہوئے سنا تو ایک ہی بات مانگتے ہوئے سنا کہ میرے مرید کے ہاتھوں کے کبھی کسی کو کوئی نقصان نہ پہنچے,audio/4_0_7_36.wav
10_1_1_32,train,Angry,میں سب کچھ برداشت کر رہی ہوں آپ کو برداشت کر رہی ہوں,دن رات کام کرتی ہوں نوکری کرتی ہوں,audio/10_1_1_32.wav
1_0_3_13,train,Boredom,نہیں نہیں اس کی ضرورت نہیں ہے,ہماری امید ہمارا بھروسہ لوگوں کو ہماری نظروں سے گرنے نہیں دیتا,audio/1_0_3_13.wav
3_0_6_40,train,Neutral,مجھے ان باتوں کا ثبوت نہیں ملا,دروازے پر سے کان ہٹا لو اور اندر ا جاؤ,audio/3_0_6_40.wav
8_1_5_44,train,Happy,ساون بن کر ایا ہے,ایک مسیحہ ساجن بن کہ آیا ہے,audio/8_1_5_44.wav
6_1_7_10,train,Sad,نہیں میں اپنے رویئے سے شرمندہ ہوں,پھر کبھی اس موضوع پر بات کروں گی ابو ٹھیک ہو جائیں,audio/6_1_7_10.wav
5_0_5_05,train,Happy,اگر یہ شادی کے لیے تیار ہو جائے تو میرا تو بینڈ بج جائے گا,میری ماں میں جا ہی رہا تھا پیک کرنے کے لیے,audio/5_0_5_05.wav
6_1_6_43,train,Neutral,ویسے یہ آفس والوں نے جبہی چھٹی پر بھیج دیا اُنہیں,اُن سے بات مت کیجیئے گا وہ نہیں برداشت کر پائیں گے,audio/6_1_6_43.wav
1_0_4_41,train,Disgust,تنگ ا گئی ہو تو پھر ہم دونوں ایک ساتھ میں کیوں ہیں,اور تم تو جیسے ہر وقت اس کے کندھے کے ساتھ کندھا ملا کر بیٹھے رہتی ہو,audio/1_0_4_41.wav
1_0_5_06,train,Happy,اکیلی ائی ہو حسان نہیں ایا اؤ اؤ اؤ,جب زبان ساتھ دینے لگے تو ضرور کہنا مجھے اچھا لگے گا,audio/1_0_5_06.wav
5_0_5_07,train,Happy,وہ بچہ تو بہت شرارتی تھا,بس میری بہن جیتی رہو,audio/5_0_5_07.wav
6_1_5_17,train,Happy,چلو جھولا لیتے ہیں چل,زیادہ بنو مت,audio/6_1_5_17.wav
2_0_5_06,train,Happy,کہا تھا نا میں نے,مجھ سے پوچھنا چاہیے تھا یہ سوال تمہیں,audio/2_0_5_06.wav
1_0_2_07,train,Fear,وہ اگر یہاں ہوتی نا تو میرے لہجے میں بھی اتنی تلخی نہ ہوتی,اس نے یہاں سے جا کر میری محبت اور تمہارے نصیب میں کانٹے بوئے ہیں,audio/1_0_2_07.wav
1_0_6_39,train,Neutral,تمہیں جاب دیکھ کر میں تم پر احسان نہیں کر رہا,بلکہ تم یہاں پر کام کر کے مجھ پر احسان کر رہے ہو,audio/1_0_6_39.wav
5_0_2_08,train,Fear,بیٹا اپ ہر بات میں بولنا چھوڑ دیں اندر جائیں چلیں اندر جائیں,میں میں,audio/5_0_2_08.wav
1_0_4_25,train,Disgust,یہ جو روپے پیسے کی چوری ہوتی ہے نا یہ تو معمولی بات ہے,تو کیا کرتا کوئی تھا بھروسے والا,audio/1_0_4_25.wav
7_1_6_22,train,Neutral,کان لگا کے باتیں کیا سن رہے ہو,دروازہ بجاؤ اواز دو نا کسی کو,audio/7_1_6_22.wav
2_0_3_16,train,Boredom,ارے مصیبت خود اس نے اپنے سر پر لی ہے اب خود ہی بھگتے گا,کیا ضرورت ہے لفافے کی,audio/2_0_3_16.wav
6_1_6_38,train,Neutral,تو یہ سب تمہیں اُس وقت یاد نہیں آیا تھا,سر کام کے ساتھ تو یہ ہوتا ہی ہے پھر,audio/6_1_6_38.wav
5_0_2_09,train,Fear,میں میں,دوسروں کی بیٹیوں کا سودا کرنے والے اپنی بیٹیوں کے لیے بہت محتاط رہتے ہیں,audio/5_0_2_09.wav
4_0_7_32,train,Sad,تباہی مچا دی سب کچھ جلا کر راکھ کر دیا کچھ نہیں بچا,وہ تو اس لیے گئی تھی کہ اسے مجھ سے دور کرنے کی تدبیر کرے,audio/4_0_7_32.wav
7_1_1_01,train,Angry,مجھ پہ گناہوں کا بوجھ کم ہے جو تو مجھ پہ اپنا احسان کرنا چاہ رہا ہے,کس قسم کے گنڈا گردی ہے,audio/7_1_1_01.wav
8_1_7_50,train,Sad,اب اُس نے مجھے دھوکہ دے دیا,ڈیڈ اُس نے اتنی بڑی بڑی باتیں کی تھیں میں یہ کروں گا میں وہ کروں گا سب جھوٹ سب دھوکہ,audio/8_1_7_50.wav
4_0_1_04,train,Angry,کوئی باہر نہیں ائے گا سنا تم لوگوں نے,تماشا میں نہیں لگا رہا ابا تماشہ تو اپ کی اس لاڈلی بھتیجی نے لگایا ہے,audio/4_0_1_04.wav
3_0_5_07,train,Happy,دیکھا کیسی ٹی ٹی کر کے بولی ہے نا,ذرا پرے پرے ہٹ کر تصویر بنواؤ یوں لگتا ہے جیسے ریچھ سے مکھیاں چمٹی ہوئی ہیں,audio/3_0_5_07.wav
7_1_4_20,train,Disgust,پلیز کبھی اپنا بھی دماغ استعمال کر لیا کرو کوئی حرج نہیں ہے,آپ مُجھ سے پُوچھ لیں میں بتا دیتی ہوں اُن کے اِرادے,audio/7_1_4_20.wav
10_1_2_32,train,Fear,ابے خدا کے واسطے امی کو مت ماریں میں لے کے گئی تھی,پر کوئی اور فون اٹھا لیتا تو,audio/10_1_2_32.wav
3_0_1_26,train,Angry,فجر تک لمبی تان کر سونے کا ارادہ کر لیا ہے میں نے,ہو سکتا ہے اسی درد کو سہ کر یہ مسلمان ہو جائے,audio/3_0_1_26.wav
10_1_4_16,train,Disgust,یا قرض ادا کرنے کی طاقت نہیں رکھتے,تو پھر میں تم سے پیسے کیوں لوں,audio/10_1_4_16.wav
2_0_1_20,train,Angry,اپنے فائدے کے کے لیے کر رہے ہیں وہ جا کر پولیس والوں سے پوچھا مجھ سے نہیں,مجھے یہ بتاؤ کہ 50 لاکھ روپے تم نے کس کو دیے ہیں,audio/2_0_1_20.wav
4_0_3_30,train,Boredom,میری ابھی آنے والی پوری زندگی کی سانسوں کی وجہ ہیں,اس لمحے کو کچھ مت کہو,audio/4_0_3_30.wav
7_1_3_06,train,Boredom,کیسی طبیعت ہے اب اپی کی,مجھے نہیں لگتا اج کل کے زمانے میں شادی نہ ہونا لڑکی کا کوئی مسئلہ ہو سکتا ہے,audio/7_1_3_06.wav
9_1_6_43,train,Neutral,جی بہت شکریہ بہت نوازش ہے آپکی,اپنے رشتے اپنے بچے اپنے سب پیار کرنے والے,audio/9_1_6_43.wav
8_1_4_21,train,Disgust,جسے تم صرف اور صرف اپنے مطاحیات کا نام دیا کرتے تھے,تمہارے ماں باپ تمہاری ذمہ داری ہے تمہیں ان کا خیال رکھنا چاہیے جتنا تم رکھ سکتی ہو,audio/8_1_4_21.wav
1_0_4_43,train,Disgust,ہاں نا کہہ دیا نا تمہیں کلی ای میل کرو مجھے سارا کچھ,ارے بابا میں اتنا عرصہ باہر رہ کے ایا ہوں اور تم نے ابھی تک اس سے بات نہیں کی,audio/1_0_4_43.wav
3_0_4_35,train,Disgust,جھوٹوں پر لعنت بھیجی ہے خدا نے,میں نے کہا تھا اسے بلا کر لاؤ,audio/3_0_4_35.wav
5_0_3_33,train,Boredom,اے ہاں بلکل بلکل بلکل بلکل بلکل,آ با با جی یہ بات دراصل یہ ہے کہ یہ معاملہ بہت ہی نازک ہے,audio/5_0_3_33.wav
2_0_2_09,train,Fear,میں چاہتا ہوں کہ تم دل مہر سے معافی مانگو,تو میں ابھی پتہ چل جائے گا دل مہر کون اس رشتے سے منہ چرا رہا ہے,audio/2_0_2_09.wav
10_1_1_17,train,Angry,اور نہ ہی مجھے ایک گالی اور دیجیئے گا,لوگ کہتے ہیں کہ بھائی محافظ ہوتا ہے,audio/10_1_1_17.wav
7_1_1_24,train,Angry,یہ سب کچھ تم نے میری خاطر کیا تو مجھ سے جھوٹ کیوں بولا,تو پھر میں اس گھر میں واپس نہیں اؤں گی,audio/7_1_1_24.wav
4_0_1_05,train,Angry,تماشا میں نہیں لگا رہا ابا تماشہ تو اپ کی اس لاڈلی بھتیجی نے لگایا ہے,وہ تو میں وقت پر پہنچ گیا,audio/4_0_1_05.wav
10_1_4_23,train,Disgust,اپ مجھے ناکامی سے ڈرا رہے ہیں,لیکن مجھے اپ کے ساتھ کام کرنے میں کوئی دلچسپی نہیں,audio/10_1_4_23.wav
5_0_6_48,train,Neutral,جب اپ وہاں ائے تب اس نے کہا,اگر گرفتار کرنا ہی تھا تو سب سے پہلے راجہ جی کو کرتے ہیں,audio/5_0_6_48.wav
8_1_5_39,train,Happy,بابا تو اتنی محبت کرتے ہیں,میں جانتی ہوں بابا مجھ سے کئی زیادہ اچھے ہیں,audio/8_1_5_39.wav
8_1_1_15,train,Angry,طلاق دی ہے اپ کے بیٹے نے مجھے طلاق دی ہے,میں نے زمین سے اٹھا کر اسمان پر بٹھا دیا تھا اس کو اس نے میرے ساتھ یہ کیا,audio/8_1_1_15.wav
2_0_6_38,train,Neutral,اج ہی ہم نے نکاح کیا ہے,خالہ میں نہیں سمجھتا کہ ہمیں ڈھنڈورا پیٹنے کی ضرورت ہے,audio/2_0_6_38.wav
7_1_5_21,train,Happy,اب منہ دکھائی ہے تو منہ دیکھ کے ہی دو گے نا گونگٹ تو اٹھانے دو,اپ کے ساتھ وقت گزارنے میں مجھے سب سے زیادہ مزہ اتا ہے,audio/7_1_5_21.wav
1_0_4_39,train,Disgust,اب وہ جو جو تین بندہ کا الزام لگایا تم پر جو کچھ عرصہ پہلے غلام تھے تمہارے,انتظار تو تم نے اس رات بھی نہیں کیا جس رات عورتیں انتظار کرتی ہیں,audio/1_0_4_39.wav
5_0_6_47,train,Neutral,ویسے میں اپنی طرف سے بھی اپ کی سے میں نہیں بتا رہا,جب اپ وہاں ائے تب اس نے کہا,audio/5_0_6_47.wav
6_1_7_06,train,Sad,یہ کیسے ہوگیا ہے ہیں اللّٰہ خیر کرے,امی ایسا کریں آپ ایسا کریں نا میرا ایک اپر لے کر آئیں,audio/6_1_7_06.wav
3_0_4_15,train,Disgust,اگر گاڑی کی بریک بروقت کام نہ کر جاتی تو نہ جانے کیا ہو جاتا,اپ کے یہ صاحبزادے میری گاڑی کے نیچے انے لگے تھے,audio/3_0_4_15.wav
1_0_7_44,train,Sad,ایک حادثے نے میرے گھر کی دیواریں ہلا دی تھی,نہیں چاہتا کوئی اور حادثہ اس عمارت کو زمین بوس کر دے,audio/1_0_7_44.wav
9_1_3_38,train,Boredom,نہیں رابیل یہ درد نہیں ہے یہ,اجالا کو میرے پاس چھوڑ جاؤ میں دیکھ لوں گی اسے,audio/9_1_3_38.wav
7_1_7_37,train,Sad,بات اب ختم ہو چکی ہے,منہ پہ مارنے آئے ہو,audio/7_1_7_37.wav
9_1_1_32,train,Angry,کیا بات ہے,سمجھا دے اسے,audio/9_1_1_32.wav
2_0_5_07,train,Happy,مجھ سے پوچھنا چاہیے تھا یہ سوال تمہیں,بہت مزے کا ہے,audio/2_0_5_07.wav
7_1_7_34,train,Sad,کیا بات کروں بابا,میں کچھ نہیں سوچ رہی,audio/7_1_7_34.wav
7_1_5_23,train,Happy,اپ سے بڑھ کر کوئی نہیں ہے میرا دوست,خوشبو تو اچھی ہے,audio/7_1_5_23.wav
3_0_5_34,train,Happy,سن کر جی اٹھیں گے دیکھنا,صرف خدا کو مانتے ہیں اپنے اپ کو نہیں مانتے,audio/3_0_5_34.wav
5_0_2_35,train,Fear,ذرا سوچو ہیں بڑے اوکھے لوگ ہیں,غریب ادمی ہے وہ تمہارے چھوٹے چھوٹے بچے ہیں,audio/5_0_2_35.wav
2_0_6_14,train,Neutral,تمہیں کیا لگتا ہے تم نے ٹھیک کیا ہے,اب کہاں کا ٹور ہے اپ کا,audio/2_0_6_14.wav
7_1_1_42,train,Angry,میں نے کبھی گھر میں تمہارے ان محلوں کے چھچھوڑے دوستوں کا ذکر کیا ہے,ہاں کتنا چھچھورا سمجھتے ہیں سب لوگ تمہیں,audio/7_1_1_42.wav
2_0_5_02,train,Happy,اؤ اؤ میں تو کلاس لینے کے موڈ میں تھا سب کی,بس تمہاری محبت میں گھر لے گیا تھا,audio/2_0_5_02.wav
4_0_4_24,train,Disgust,مجھ سے کہتی ہے محبت میں زبردستی وہ کرتے ہیں جنہیں جسم پانا ہوتا ہے,سمجھ کیوں نہیں رہا تو سارہ کا سارا انتظام دھرا کا دھرا رہ جائے گا,audio/4_0_4_24.wav
3_0_7_06,train,Sad,یاد رکھنا زندگی بار بار چانس نہیں دیتی,مجھے یقین ہے جب تم واپس اؤ گے,audio/3_0_7_06.wav
6_1_4_40,train,Disgust,کیا ہوا ہے میرے حال کو,تجھے کس نے کہا تھا کہ تو صبح صبح اس کے کمرے میں جا,audio/6_1_4_40.wav
10_1_2_41,train,Fear,یار اج ایک بہت بڑی غلطی ہو گئی مجھ سے,کیا عزت رہ گئی ہوگی میری ان کے سامنے,audio/10_1_2_41.wav
7_1_3_35,train,Boredom,اماں کو تو ہار چڑھتی ہے اپ سے,اور میری اس پڑھائی سے,audio/7_1_3_35.wav
1_0_1_05,train,Angry,بکواس کر رہے ہو تم,اگر اسے بات کرنے کی تمیز نہیں ہے تو اسے اس گھر میں بھی رہنے کی کوئی ضرورت نہیں ہے,audio/1_0_1_05.wav
3_0_5_18,train,Happy,ارے یہ خط والے بات کا ذکر کہاں سے اگیا بھائی,میں نوکری پر رکھ لوں گا ا جاؤ اجاؤ,audio/3_0_5_18.wav
9_1_5_45,train,Happy,اچھا سا کھانا اور ساتھ میں چائے بی ہونی چاہیے,کسی چیز کی کوئی کمی نہ ہو میری پوتی کو بہت سے لوگ دیکھنے ا رہے ہیں,audio/9_1_5_45.wav
9_1_4_11,train,Disgust,یہ مجھ سے پلاسٹک کی بوتلوں میں پانی نہیں پیا جاتا ایسی گندی بدبو اتی ہے,اوئے اب تو سورج بھی اگ برس رہا ہوگا اس کے منہ پہ ہڈیاں بھنوائے گا اپنی,audio/9_1_4_11.wav
10_1_3_33,train,Boredom,اپ کی بھی اور حسن جہاں کی بھی,میرے لیے تو انہوں نے کبھی کوئی خواب دیکھا ہی نہیں تھا,audio/10_1_3_33.wav
5_0_4_47,train,Disgust,اپ نے مجھ سے جھوٹ نہیں بولا کیس کے اس واپس لے لیا ہے,مگر یہ بضد رہے کہنے لگے کہ نہیں میری بیٹی کو مارا گیا ہے,audio/5_0_4_47.wav
10_1_7_25,train,Sad,میری جان کے پیچھے کیوں پڑ گئے ہیں سارے,جہانگیر ختم ہو گیا,audio/10_1_7_25.wav
9_1_7_25,train,Sad,گھر میں اس وقت مہمان جمع ہیں اور میں اوپر جاکے آرام کروں,دیکھو بیٹا وہ تمہیں وارث دے رہی ہے,audio/9_1_7_25.wav
6_1_6_24,train,Neutral,اتنی اچھی لگتی ہوں تو ہمیشہ ہمیشہ کے لیئے اپنے پاس کیوں نہیں رکھ لیتے,میرا خیال ہے کہ نام ہی ٹھیک ہے,audio/6_1_6_24.wav
4_0_3_15,train,Boredom,اماں بھی نا بات کا بتنگڑ بنا دیتی ہیں,میں نے اماں سے ایک سرسری سی بات کی تھی,audio/4_0_3_15.wav
7_1_5_36,train,Happy,قسمت نہ خود اڑ کے ائے گی تیری بہن کے پاس,بات تو تیری بھی ویسے غلط نہیں ہے,audio/7_1_5_36.wav
5_0_5_50,train,Happy,ائے ہوئے عامر خان نظریں رہ گئی ہیں تجھ پہ,ہا ہا دیکھیے,audio/5_0_5_50.wav
8_1_6_11,train,Neutral,لیکن میں نے ہمارے ریلیشن شپ کو ٹائم دیا,اس کے ساتھ وقت گزارا,audio/8_1_6_11.wav
6_1_2_35,train,Fear,کچھ روز سے اوپر نہیں مل سکتے,بابر حالات بہت خراب ہو گئے ہیں,audio/6_1_2_35.wav
7_1_4_26,train,Disgust,بہت صحیح ٹائم پر تمہیں چوٹ لگی ہے,جھوٹ بولنا ایک چھوٹی سی خطا تمہارے لیئے ہوگی,audio/7_1_4_26.wav
5_0_6_36,train,Neutral,کیونکہ ابھی تک ڈاکٹر کی رپورٹ بھی نہیں ائی ہے نہ,اپ کی سہیلی ہے اللہ اس کو صحت دے,audio/5_0_6_36.wav
7_1_1_49,train,Angry,اپنی بیٹی کو اپنی اولاد کو بد دعا دیتی ہو اجڑنے کی,اور تجھ جیسے لوگوں کو وہ دنیا دکھانی ہے,audio/7_1_1_49.wav
1_0_7_18,train,Sad,بدر تیرا شوہر اس کی بہت عزت کرنا اس کا بہت خیال رکھنا,یہ مت سوچنا میری جان کہ وہ اس گھر کا اور دفتر کا ملازم تھا,audio/1_0_7_18.wav
5_0_3_26,train,Boredom,کیا اِن چکروں میں پڑنا تڑنا,ایف آئ آر غائب بیان غائب سمجھو کچھ ہوا ہی نہیں ہے,audio/5_0_3_26.wav
8_1_7_16,train,Sad,اپنے بھی خفا ہیں مجھ سے بیگانے بھی ناخوش,کیا آپ کو میری آنکھوں میں سچائی نظر نہیں آتی,audio/8_1_7_16.wav
10_1_7_29,train,Sad,اور میں بھی کچھ نہیں کر سکی,کسی نے نہیں بچایا,audio/10_1_7_29.wav
8_1_3_46,train,Boredom,اب کیوں مت پوچھیے گا,دیکھیے مجھے جانا ہے,audio/8_1_3_46.wav
2_0_6_22,train,Neutral,السلام علیکم سلیمان صاحب کیسے ہیں اپ ابھی اپ کا ہی ذکر ہو رہا تھا,میں خود سوچ رہا تھا اپ کو فون کر کے بتاؤں وجی گھر اگیا ہے,audio/2_0_6_22.wav
3_0_2_41,train,Fear,اب دیکھو نا اگر میں ماں بیٹے کو جدا کروں گا تو کیا خدا خوش ہو جائے گا,بس تم وہ کام نہ کرنا جسے کرتے ہوئے تمہیں شرم ہے,audio/3_0_2_41.wav
9_1_2_01,train,Fear,ایسی خبیث ڈھیٹ ہڈی ہے,پورے گھر میں ڈھونڈ ڈھونڈ کر پاگل ہو گئی ہوں,audio/9_1_2_01.wav
5_0_5_18,train,Happy,او ہو جائے گا ہو جائے گا بھائی,ائے ہائے بڑا ہولے ہولے مسکرا رہا ہے تو,audio/5_0_5_18.wav
4_0_6_21,train,Neutral,جاؤ قاضی صاحب اور مہمانوں کا گھر چھوڑ اؤ,میرے جیل سے رہا ہونے کے بعد میرے ابا نے مجھے گھر انے کی اجازت نہیں دی اور میں پلٹ کر گیا نہیں,audio/4_0_6_21.wav
10_1_7_48,train,Sad,بھوک مر گئی ہے میری,پہلے ہی بہت روئی ہوں مزید رونا نہیں چاہتی,audio/10_1_7_48.wav
7_1_3_27,train,Boredom,صابن ہے سونا نہیں ہے,رکھ رہی ہوں واپس,audio/7_1_3_27.wav
10_1_2_27,train,Fear,تو مجھے بہت ڈر لگتا ہے,امی کو بھی ایسے ہی ڈر لگتا تھا,audio/10_1_2_27.wav
1_0_3_10,train,Boredom,میں نا اچھا باب بن سکا نہ اچھا شوہر,نیلم کو رخصت کرتے وقت دل بہت اداس تھا,audio/1_0_3_10.wav
5_0_3_37,train,Boredom,بہت دیر کر دی مہرباں آتے,ہاں تو تم بھی پیسے بناؤنا,audio/5_0_3_37.wav
7_1_4_11,train,Disgust,یہ تو وہی لڑکی ہے,میں تمہارا پیچھا کر رہی ہوں تم کب سے میری گاڑی کے پیچھے پڑی ہوئی ہو میں,audio/7_1_4_11.wav
1_0_7_07,train,Sad,تقسیم نہ ہوتے یہ محبت یہ گنجائش لاتا کہاں سے,کمبخت نفرت نے کچھ سوچنا ہی نہیں دیا,audio/1_0_7_07.wav
6_1_1_15,train,Angry,لیکن مجھے بڑا افسوس ہوا ہے کہ اپ نے اس ٹائم اگر ساری باتیں کہ جس وقت میرا باپ بستر پر پڑا ہوا ہے,پہلے بھی ان کے ساتھ جو کچھ ہوا ان کی ذمہ دار تم ہی ہو,audio/6_1_1_15.wav
3_0_1_41,train,Angry,نئیے رشتے کی خاطر اپنے خون کے رشتوں کو بھولتے جا رہے ہیں,یہ جو تم نے گھر میں ہنگامہ کیا توڑ پھوڑ کی,audio/3_0_1_41.wav
1_0_5_11,train,Happy,بتاؤ نا کیا بنا رہی ہو,اج میں کوئی پرہیزی کھانا نہیں کھاؤں گا,audio/1_0_5_11.wav
9_1_7_02,train,Sad,اپنے نصیبوں کو رو رہی ہوں,میں ساری زندگی اولاد کو ترستی رہی,audio/9_1_7_02.wav
4_0_5_13,train,Happy,سالوں سے اس سگنل سے گزرتا ہوں تو اواز دے کر کہتا ہے کہ مرید صاحب پھول لے لیجیے,جانے لگا میں نے اواز دی کہ پھول تو دو,audio/4_0_5_13.wav
1_0_6_49,train,Neutral,تم رملہ یا فائق میں سے جانتے ہیں کسی کو میرا مطلب ہے ملاقات ہے تمہاری,کیا کرتے کیا تھے وہ,audio/1_0_6_49.wav
10_1_3_42,train,Boredom,کوئی یاد آگیا,کرتی ہوں امی تھوڑی دیر میں,audio/10_1_3_42.wav
4_0_6_20,train,Neutral,قاری صاحب معذرت چاہتا ہوں اپ تھوڑی دیر کے لیے ساتھ والے کمرے میں جا سکتے ہیں,جاؤ قاضی صاحب اور مہمانوں کا گھر چھوڑ اؤ,audio/4_0_6_20.wav
10_1_1_25,train,Angry,کیونکہ اگر آواز اُٹھاتے تو ساری چیزیں چھن جاتی نا,یہ گھر گاڑی پراپرٹی بزنس سب کچھ چھین جاتا,audio/10_1_1_25.wav
5_0_2_03,train,Fear,میں دیکھ اور سن سکتا ہوں یہ تو مجھے کیا دھوکہ دے رہے ہو,با جی میرے ساتھ جلدی چلو تانیا وہاں بے ہوش ہو گئی ہے,audio/5_0_2_03.wav
10_1_3_32,train,Boredom,آپ کی یاد آ رہی تھی اج,اپ کی بھی اور حسن جہاں کی بھی,audio/10_1_3_32.wav
3_0_3_17,train,Boredom,ابھی تو زندگی کا بڑا لمبا سفر باقی ہے بیگم صاحبہ,ہاں کم از کم تمہیں اور تمہاری امی کو,audio/3_0_3_17.wav
1_0_7_10,train,Sad,میں نے زندگی میں کتنا نقصان اٹھایا ہے,نہیں بھولوں گا پیار تھا مجھ سے,audio/1_0_7_10.wav
3_0_3_38,train,Boredom,ایسے شہر میں ہوتے ہیں تو ناگا نہیں کرتے,حلال کے پیسوں کا ہے,audio/3_0_3_38.wav
8_1_2_25,train,Fear,یہ سگریٹ کا دھوا نہیں ہے تمہارے خاندان کا وجود ہے جو تم دھوے میں اڑا رہے ہو,بس کر دو,audio/8_1_2_25.wav
3_0_6_49,train,Neutral,اللہ والے لوگ ہیں بھائی خبر نہ ملے تو خبر ہو جاتی ہے,محبت میں سیاست بھی شرعا جائز نہیں ہے,audio/3_0_6_49.wav
10_1_3_06,train,Boredom,ستارے تو ٹوٹ جاتے ہیں,مجھے بس پیسے چاہیے جس سے میں تمہارا ڈوبتا ستارہ بچا لوں,audio/10_1_3_06.wav
6_1_1_08,train,Angry,جو کچھ تم نے کیا ہے اس کے بعد معافی کے قابل تم سمجھتے ہو خود کو,تم اس اذیت سے گزرتے ہیں نا تو تجھے پتہ چلتا,audio/6_1_1_08.wav
1_0_7_43,train,Sad,میرے گھر کی دیواریں ہلا دی تھی,ایک حادثے نے میرے گھر کی دیواریں ہلا دی تھی,audio/1_0_7_43.wav
4_0_5_22,train,Happy,میں کیا کہا ہوں شکریہ سر,انہیں بہت اچھا لگا اپ سے مل کے بہت متاثر ہوئی خاص کر اپ کے گھر والوں سے ملی تو بہت خوشی ہوئی انہیں,audio/4_0_5_22.wav
9_1_2_50,train,Fear,ایک بات تو میں بتا دوں زین تم بہت پچھتانے والے ہو,کیا کیا بک رہی ہے چل بھاگ یہاں سے چل جا,audio/9_1_2_50.wav
6_1_6_09,train,Neutral,جی آپ اُسے اِتنا معصوم نہ سمجھیں بڑا گُھنا ہے,ہر کوئی قاضی صاحب جیسا تھوڑی ہوتا ہے,audio/6_1_6_09.wav
1_0_7_26,train,Sad,اور ایک چیز بہت ضروری ہے وہ ہے وفاداری,مگر اس سے تعلق میں بہت فرق پڑتا ہے بیٹا,audio/1_0_7_26.wav
9_1_3_30,train,Boredom,کوئی بات نہیں وہ تھکے ہوئے ہیں صبح مل لیں گے,ہاں بولو,audio/9_1_3_30.wav
7_1_5_28,train,Happy,ہم تو شادی پہ جائیں گے,پیسہ کماؤں گی تو ائے گا تو کھانا,audio/7_1_5_28.wav
7_1_1_05,train,Angry,ابھی بتاتی ہوں اسے,کچھ بھی کرو تمہاری بہن ہے,audio/7_1_1_05.wav
4_0_3_35,train,Boredom,تھوڑی سی دیر اگر رُک جاؤگی تو مہربانی ہوگی,بخار جانتا ہے نا کہ مرید کی ماں آزاد نہیں ہے وہ اکیلا ہے,audio/4_0_3_35.wav
5_0_2_34,train,Fear,سر کیا کہہ رہے ہیں اواز نہیں ارہی سر بالکل نہیں اواز نہیں ا رہی سر,ذرا سوچو ہیں بڑے اوکھے لوگ ہیں,audio/5_0_2_34.wav
9_1_1_12,train,Angry,تم بھی ذرا کان کھول کے سن لو,رتی بھر بھی پرواہ نہیں مجھے تمہاری ائی سمجھ,audio/9_1_1_12.wav
4_0_6_11,train,Neutral,اپ نے میرے حق میں گواہی دی اس کے لیے اپ کا شکریہ ادا کرتا ہوں,یہ سارا دن کمرے میں گھس کر کیا کرتے رہتے ہو تم,audio/4_0_6_11.wav
8_1_2_17,train,Fear,لیکن میں میری زندگی میں ادھورا پن کیوں ہے,مجھ میں کوئی کمی ہے,audio/8_1_2_17.wav
9_1_5_03,train,Happy,تو اسے کھلاؤں گی تیری پسند کی ٹھیک ہے نا,میرے بچے کی شادی ہو گئی,audio/9_1_5_03.wav
4_0_1_36,train,Angry,اسے مرنا نہیں ہے اسے درد کاٹنا ہے اتنا درد اتنا درد اتنا درد کہ درد محسوس ہونا بند ہو جائے,اپنے ماں کے قاتل کا چہرہ سب کے سامنے لاؤں گا پوری دنیا کے سامنے لاؤں گا میں,audio/4_0_1_36.wav
10_1_4_19,train,Disgust,وہ اس قابل بھی نہیں ہے کہ میں اس کا نام لوں,اس کی ہمت کیسی ہے مجھے یہ فل افر کرنے کی,audio/10_1_4_19.wav
6_1_6_34,train,Neutral,جہاں تک مجھے شک ہے یا تو وہ کچھ پوچھنا چاہ رہا تھا یا اسے کچھ بتانا چاہ رہا تھا,فارغ بیٹھنے سے تو بہتر ہے میں آگے بڑھوں,audio/6_1_6_34.wav
8_1_2_35,train,Fear,لیکن میرے پاس کچھ ایسا ہے جو اپ کا جاننا بہت ضروری ہے زید,برباد کر کے رکھ دی ہے تم نے میری زندگی,audio/8_1_2_35.wav
9_1_1_31,train,Angry,تو سے پوچھا کسی نے تیری بیوی سے بات کر رہی ہیں تو کیوں بول رہا ہے بیچ میں,کیا بات ہے,audio/9_1_1_31.wav
6_1_4_48,train,Disgust,چلے ٹھیک ہے اپ نہ مانیں ہو سکتا ہے میں ہی غلط ہوں,ہائے ہائے ایک تو امی پتہ نہیں چابی کیوں بھول جاتی ہیں,audio/6_1_4_48.wav
4_0_6_01,train,Neutral,محبتیں لٹ گئی جوانی میں,ویسے ایک بات کہوں عیسی تیرا شکریہ یار,audio/4_0_6_01.wav
1_0_2_16,train,Fear,اب اس گھر کی مزید جنگ اسائی سے یہی بہتر ہے,لیکن لوگوں کے تانے تو مجھے ہی سننے پڑتے نہ,audio/1_0_2_16.wav
4_0_6_18,train,Neutral,کوئی معقول وجہ بتا دو اسب نسب خاندان پیسہ دولت سب کچھ تو ہے میرے پاس,تمہیں اپنے گھر کی عزت بنا رہا ہوں زوہرا,audio/4_0_6_18.wav
1_0_6_43,train,Neutral,ہاں بھائی اپنی موم سے پوچھ لو اگر اس کے پاس ٹائم ہے تو,بشیر صاحب کو ابھی کانٹریکٹ کی کاپی نہیں بھیجنی ہے,audio/1_0_6_43.wav
10_1_3_10,train,Boredom,اپ بار بار مجھے حسن جہاں بنا کے دنیا میں بھیجتے ہیں,ہاں یاد ہے,audio/10_1_3_10.wav
6_1_1_07,train,Angry,کیا بدتمیزی ہاتھ چھوڑو میرا کہا نا ہاتھ چھوڑو,جو کچھ تم نے کیا ہے اس کے بعد معافی کے قابل تم سمجھتے ہو خود کو,audio/6_1_1_07.wav
2_0_3_43,train,Boredom,شایان بہت اذیت سے گزرا ہے,ایسے فضول باتیں کرتا رہتا ہے,audio/2_0_3_43.wav
5_0_6_37,train,Neutral,اپ کی سہیلی ہے اللہ اس کو صحت دے,اتنا تفشیش تو ہمیں کرنا ہی ہوتا ہے,audio/5_0_6_37.wav
6_1_3_01,train,Boredom,کچھ بھی کر لوں گی,ہمم میں چادر لے لوں,audio/6_1_3_01.wav
1_0_4_12,train,Disgust,اس کی طرف سے بدگمان کرنے کی کوشش نہ کرو مجھے ایسا ویسا نہیں ہے وہ,اب پڑھنے کی تو تم بات ہی نہ کرو نہ اور باقی جو تم نے کچھ کرنا ہو گا شادی کے بعد کرتی رہنا,audio/1_0_4_12.wav
2_0_5_05,train,Happy,کہاں ہیں اپ کا دوست عمر,کہا تھا نا میں نے,audio/2_0_5_05.wav
8_1_4_15,train,Disgust,ڈیڈ یہ اپ دونوں مجھے کیوں بلیم کر رہے ہیں,کب سے تمہاری بکواس برداشت کر رہے ہیں,audio/8_1_4_15.wav
10_1_6_10,train,Neutral,محبت سے زیادہ گہرا اور دائمی رشتہ ہے میرا اور تمہارا,میری یہ ف فائل رہ گئی تھی یہاں پر,audio/10_1_6_10.wav
3_0_2_22,train,Fear,اور اگر تم بھی سن رہے ہو تو یاد رکھنا,اج کی ملاقات تمہارے بندوں سے زیادہ ضروری ہے,audio/3_0_2_22.wav
7_1_5_27,train,Happy,انٹی سے کیا بولا,ہم تو شادی پہ جائیں گے,audio/7_1_5_27.wav
6_1_1_20,train,Angry,مجھے نہیں پتا میرا رویہ کسی کے ساتھ کیسا ہے,میرا نا دماغ خراب ہو گیا ہے تو جا یہاں سے,audio/6_1_1_20.wav
2_0_6_28,train,Neutral,کہاں سے ا رہی ہو تم,تھوڑے دن منت کو وہاں رہنے دو بعد میں خود نکال کر لے اؤں گا,audio/2_0_6_28.wav
6_1_6_40,train,Neutral,اور تم ایک بزدل انسان ہو ہمت نہیں ہے تم میں,مجھ میں غلطی کرنے کا حوصلہ تو ہے کم از کم,audio/6_1_6_40.wav
4_0_3_19,train,Boredom,اور بات صرف اتنی سی ہے کہ ہے اُس میں کچھ الگ,یہ محبت کی کہانیاں ادھوری کیوں رہ جا تی ہیں مراد,audio/4_0_3_19.wav
5_0_4_50,train,Disgust,کیا کروں دستی کمرہ بدل دیا,او بھائی اگر تجھے اتنی ہی جلدی ہے نا تو باہر جا کر کمپلین لکھوا دے,audio/5_0_4_50.wav
2_0_4_22,train,Disgust,لیکن پولیس والوں کو کم از کم یہ کہہ دیتے کہ ہمارا اپ کا گھر ایک ہی ہے,ہمیں انویسٹیگیشن سے دور رکھا جائے ہم اپ کے خیر خواہ ہیں یہ تو کہہ سکتے تھے نہ,audio/2_0_4_22.wav
8_1_4_13,train,Disgust,تم بھول جاتے ہو اس لیے بار بار تمہیں یاد دلاتی ہوں,تم نے پتہ نہیں کیوں کشمالہ کو اپنے سر پہ چڑھا کے رکھا ہوا ہے,audio/8_1_4_13.wav
2_0_5_47,train,Happy,اسی چکر میں بعد میں مجھے,میں نے کہا میں نہیں اٹھا رہا سڑک پر پڑا ہے,audio/2_0_5_47.wav
5_0_4_29,train,Disgust,بابا جی اپ کو نہیں پتہ اج کل کیا لڑکیاں کرتی پھر رہی ہیں,اس گھر کی بہو راضی ہو گئی ہیں,audio/5_0_4_29.wav
2_0_5_14,train,Happy,میری طرف سے ٹریٹ تھی میں دے دوں گا,کھانا تو وہ ایسا زبردست بناتا ہے,audio/2_0_5_14.wav
1_0_3_34,train,Boredom,اتنا بھی ٹھیک نہیں ہوں بیٹا اور پھر تم ہو نا وہاں,وہ پاس ہوئی ہے انعام کے طور پر کچھ بھجوا دو,audio/1_0_3_34.wav
1_0_2_06,train,Fear,میں کسی بھی بڑی مشکل سے بچنا چاہتا ہوں,وہ اگر یہاں ہوتی نا تو میرے لہجے میں بھی اتنی تلخی نہ ہوتی,audio/1_0_2_06.wav
8_1_2_50,train,Fear,اسے تڑپا تڑپا کر مارنا ہے,مجھے بھوک نہیں لگ رہی ہے مجھے جانا ہے,audio/8_1_2_50.wav
9_1_4_15,train,Disgust,ایسی احسان فراموش,ایسے نہیں کہتے بری بات چاچا کو,audio/9_1_4_15.wav
1_0_7_20,train,Sad,ہاں اب وہ تیرا شوہر ہے اس کی عزت کرنا تیرا فرض ہے,میں جانتا ہوں تیری ماں فریحہ کے دیور کے ساتھ تیری شادی کرنا چاہتی تھی,audio/1_0_7_20.wav
4_0_5_33,train,Happy,میری کسی نیکی کا صلہ ہے اپ,میں بیان نہیں کر سکتا کہ میں کتنا خوش ہوں,audio/4_0_5_33.wav
4_0_2_32,train,Fear,جو طوفان انا تھا وہ تو کب سے ا چکا ہے,ساری کشتیاں جلا دی ہیں میں نے واپسی کا کوئی راستہ نہیں ہے میرے پاس زوہرا,audio/4_0_2_32.wav
1_0_4_10,train,Disgust,رہنے دو تم پڑھائی پڑھائی کی اتنی فکر ہوتی نا تو دو مضامین میں سپلی نہ اتی تمہاری,اچھا نا میں بات کر رہا ہوں نا تم خاموش رہو,audio/1_0_4_10.wav
2_0_5_49,train,Happy,پھر اس نے اٹھایا,یہ والا تیز ہے بھائی وہ میں نے چیک کیا تھا,audio/2_0_5_49.wav
8_1_1_22,train,Angry,بھاڑ میں گئے اپ کے یہ سارے ثبوت,اپ یہ بتانے کے لیے یہاں پہ ائے ہیں کہ ہم کیس ہار گئے,audio/8_1_1_22.wav
1_0_5_19,train,Happy,اب تم نے بالکل رونا وونا نہیں ہے پرانی باتوں کو بھول جاؤ ہم نے بھی بھلا دی ہیں,اسی لیے تو جا رہا ہوں,audio/1_0_5_19.wav
9_1_2_24,train,Fear,صبح تو اس کو یاد بھی نہیں رہے گا کہ کیا ہوا تھا,اور تم نے دیکھ لیا اپنے بھائی کے کرتوت,audio/9_1_2_24.wav
5_0_6_35,train,Neutral,ان سے ایڈریس لو وہاں چلتے ہیں,کیونکہ ابھی تک ڈاکٹر کی رپورٹ بھی نہیں ائی ہے نہ,audio/5_0_6_35.wav
9_1_2_12,train,Fear,اور کتنی نظر رکھوں کیا کروں جوان اولاد کو تالے تو نہیں لگائے جاتے نا,مجھے تو یہی فکر ہے کہیں راستہ نہ بھٹک جائے کہیں,audio/9_1_2_12.wav
4_0_1_03,train,Angry,اندر جاؤ اندر چلو چلو,کوئی باہر نہیں ائے گا سنا تم لوگوں نے,audio/4_0_1_03.wav
2_0_3_03,train,Boredom,وہ میرے کچھ پیسے اس میں رکھے ہوئے تھے وہ ڈھونڈ رہا تھا,کیا مصیبت ہے صبح صبح تم ڈپریشن کی باتیں کیوں کر رہی ہو,audio/2_0_3_03.wav
9_1_6_30,train,Neutral,اور ایسے معاملات میں اپنے آپ کو صاف بچا لیتے ہیں,ایسے معاملات میں ماں باپ پریشان ہو جاتے ہیں,audio/9_1_6_30.wav
7_1_6_37,train,Neutral,میں اب ان کے ہی طور طریقوں کے مطابق چل رہی ہوں,نہیں امی میں سمجھ چکی ہوں اپ کے اب کلچر کو,audio/7_1_6_37.wav
7_1_3_04,train,Boredom,ارے بہت نیند ا رہی ہے,بس میرے دماغ میں نہیں رہا,audio/7_1_3_04.wav
6_1_5_19,train,Happy,میں خود ہی کھا لیتی ہوں اسے,اچھا چل ٹھیک ہے,audio/6_1_5_19.wav
9_1_3_17,train,Boredom,چائے سے ٹھیک ہو جاؤں گی,بھلا ڈھلتی عمر کی ہی سہی,audio/9_1_3_17.wav
1_0_1_10,train,Angry,میں نے دوستی کا ہاتھ بڑھایا تو ہاتھ تھام لیا اس نے,زبیر ملک بس تم نے اس کی بیوی کو اغوا کیا,audio/1_0_1_10.wav
6_1_1_13,train,Angry,میں نے کہا ہے نا مجھے اپ سے کوئی بات نہیں کرنی میرا ہاتھ کیوں پکڑا ہے چھوڑو میرا ہاتھ,تمہاری جرات کیسے ہوئی اس طرح ہم بات کرنے کی مجھ سے,audio/6_1_1_13.wav
7_1_3_33,train,Boredom,ہاں بہت بدبو ہے,سانس الٹنے لگتا ہے جی رکنے لگتا ہے,audio/7_1_3_33.wav
8_1_6_13,train,Neutral,وہ میری ہر اچھائی برائی کو بہت اچھے سے سمجھ گیا,اس کے بعد اس نے مجھ سے نکاح کیا,audio/8_1_6_13.wav
6_1_1_39,train,Angry,اتنی باتیں میں نے تجھے سنائی ہیں پھر بھی تجھے شرم نہیں ائی,خود کو بھی جلا دوں گی اور تجھے بھی,audio/6_1_1_39.wav
5_0_1_24,train,Angry,جی نہیں میری بیٹی نہیں ہے,اگر ہوتی نہ تو میں کبھی بھی بڑے گھر کے لوگوں کے ساتھ اس کی دوستی نہ ہونے دیتا,audio/5_0_1_24.wav
4_0_1_47,train,Angry,نہیں مارا کیونکہ میں بھیڑیا نہیں ہوں میں قاتل نہیں ہوں,چلاو گولی دیکھ کیا رہے ہو چلاو گولی,audio/4_0_1_47.wav
10_1_5_09,train,Happy,یہ کیا خیالی پلاؤ پک رہا ہے ابا,کیا مردانہ وجاہت ہے,audio/10_1_5_09.wav
10_1_3_04,train,Boredom,میری قسمت پھر بھی نہیں بدلے گی,سٹار بننا نہیں چاہتی,audio/10_1_3_04.wav
7_1_2_10,train,Fear,لڑائی انہوں نے شروع کی تھی,نہیں بھابھی میں جھوٹ نہیں بول رہی قسم سے,audio/7_1_2_10.wav
3_0_5_03,train,Happy,ایسے راستہ تو اندھوں کو دکھایا جاتا ہے,ضرورت نہیں ہے ہا ہا ہا ماں جی اس کی تو اشد ضرورت تھی,audio/3_0_5_03.wav
5_0_4_25,train,Disgust,دیکھیں اگر رب مجھے نواز رہا ہے تو اپ کو کیا تکلیف ہے,اور اپنی ذاتی گاڑی پر پیٹرول فوک ٹر,audio/5_0_4_25.wav
10_1_3_26,train,Boredom,تمہارا خواب تھانہ وہاں جانا,اتنے ہفتے گزر گئے جہانگیر,audio/10_1_3_26.wav
8_1_5_25,train,Happy,شام کہاں سے اسمانی میرا انچل دھانی,ہم دونوں نے مل کر نہ جانے کیا کرنے کی ٹھانی ہے,audio/8_1_5_25.wav
2_0_6_23,train,Neutral,میں خود سوچ رہا تھا اپ کو فون کر کے بتاؤں وجی گھر اگیا ہے,ہاں ہاں کیوں نہیں اپ ایسا کیوں نہیں کرتے کہ اپ ہمارے گھر ا جائیں,audio/2_0_6_23.wav
9_1_4_07,train,Disgust,تم کیا کر رہی ہو,ہوا نے کی بھی نہیں ہے,audio/9_1_4_07.wav
9_1_4_10,train,Disgust,ارے شکورا دیکھ کے توڑ نہ دیو,یہ مجھ سے پلاسٹک کی بوتلوں میں پانی نہیں پیا جاتا ایسی گندی بدبو اتی ہے,audio/9_1_4_10.wav
3_0_3_32,train,Boredom,ٹھہر جا رقیہ ٹھہر,ہیں لگ تو نہیں رہا,audio/3_0_3_32.wav
4_0_7_48,train,Sad,مجھے وہ بات یاد دلانے کی کوشش کی گئی ہے جو بات میرے خون کی یادداشت کی محفوظ ہے نہ میں بھولا تھا نہ میں بھولا ہوں نہ میں کبھی بھول سکتا ہوں,ٹھیک کہتی تھی اماں بالکل ٹھیک کہتی تھی کہ پانی ہمیشہ اس طرف جاتا ہے جو نچائی کی طرف ہوتی ہے نیچے,audio/4_0_7_48.wav
5_0_7_27,train,Sad,اس سے اس کے علاوہ میں نے کچھ مانگا ہی نہیں,یہ دنیا ہے یہاں جینا ہے,audio/5_0_7_27.wav
5_0_2_26,train,Fear,کون تھا وہ بولیں پلیز,یار یہ سائن ویجیٹل,audio/5_0_2_26.wav
9_1_6_45,train,Neutral,نہیں میرا بیٹا اور بہو آرہے ہیں وہ آئیں گے اُن کے ساتھ ہی کھائیں گے ہم,کہیں جانا ہی نہیں چاہتی مجھےتو گھر میں ہی سکوں ملتا ہے,audio/9_1_6_45.wav
3_0_6_13,train,Neutral,وہاں رہتے ہیں اپ,چلو اؤ میں تمہیں گھر چھوڑ دوں,audio/3_0_6_13.wav
5_0_4_35,train,Disgust,جانتے ہو یہ کون ہے یہ بھی یہی کہہ رہا تھا کہ نہیں چھوڑوں گا بدلہ لوں گا,کیا کیا ہے ہم نے بچا تو سکے نہیں,audio/5_0_4_35.wav
2_0_7_36,train,Sad,اٹھو شایان میں تمہارے بغیر نہیں رہ سکتا میں اکیلا رہ گیا,میں نے تم سے وعدہ کیا تھا کہ میں منت کو کچھ نہیں ہونے دوں گا تم نے وعدہ توڑ دیا,audio/2_0_7_36.wav
3_0_7_28,train,Sad,کیا ہوا تمہیں کیا میری کہانی کے اس انجام سے تمہیں شدید صدمہ پہنچا ہے,اج جو کچھ ہوا وہ پتہ نہیں کیا کچھ کہہ گیا میں تمہارے اور اپنے بارے میں,audio/3_0_7_28.wav
9_1_1_36,train,Angry,یہاں نہیں چلے گی یہ بکواس ائی سمجھ,بک بک کروا لو کام نہ کرے کوئی,audio/9_1_1_36.wav
8_1_4_14,train,Disgust,تم نے پتہ نہیں کیوں کشمالہ کو اپنے سر پہ چڑھا کے رکھا ہوا ہے,ڈیڈ یہ اپ دونوں مجھے کیوں بلیم کر رہے ہیں,audio/8_1_4_14.wav
2_0_6_01,train,Neutral,بنا تو لیتے ہیں بھائی سب,ٹھیک ہے تم ملوا ہی دو میں کل ا رہا ہوں,audio/2_0_6_01.wav
10_1_1_41,train,Angry,کیسے نہیں ہوگی میری اُس سے شادی,اُسکی شادی صرف مجھ سے ہوگی,audio/10_1_1_41.wav
10_1_7_49,train,Sad,پہلے ہی بہت روئی ہوں مزید رونا نہیں چاہتی,یہ سوال مت پوچھیے گا,audio/10_1_7_49.wav
5_0_4_07,train,Disgust,ائے کیا مصیبت ہے,میں ابھی انہیں دیکھ کر اتا ہوں,audio/5_0_4_07.wav
6_1_5_50,train,Happy,کیا چیز ہے یار,بس سب اچھا لگنے لگا ہے,audio/6_1_5_50.wav
6_1_6_42,train,Neutral,نہیں نہیں میں چلی جاتی ہوں آپ کیوں تکلیف کر رہے ہیں آپ جائیں,ویسے یہ آفس والوں نے جبہی چھٹی پر بھیج دیا اُنہیں,audio/6_1_6_42.wav
6_1_4_30,train,Disgust,اپنی غلطی مجھ پر کیوں تھوپ رہے ہو,تو کیا رات یہیں گزارنے کا ارادہ کر رہے ہو,audio/6_1_4_30.wav
6_1_7_32,train,Sad,آسکا صرف ایک ہی مقصد ہوتا ہے اُس وعدے کو توڑنا,میرے بس میں نہیں ہے سر,audio/6_1_7_32.wav
2_0_3_29,train,Boredom,تم سے کہہ رہا ہوں,پتہ نہیں ہے اب وہ یہاں ائے گی بھی یا نہیں,audio/2_0_3_29.wav
10_1_7_05,train,Sad,لوگوں سے ہوں,سب اللّٰہ کے ہیں بس مومنہ اللّٰہ کی نہیں ہے,audio/10_1_7_05.wav
8_1_1_41,train,Angry,جاہل ادمی,سمجھا کیا ہے تم نے مجھے جیل کرواؤں گی میں تمہیں,audio/8_1_1_41.wav
4_0_7_20,train,Sad,اگر اپ نے مجھے نہ رکھا تو انہی گلیوں میں نوکری ڈھونڈتا رہوں گا مجھے یہ ماحول چاہیے,یہی میرا نصیب ہے یہی میری تقدیر ہے اور یہی میری سزا,audio/4_0_7_20.wav
10_1_3_27,train,Boredom,اتنے ہفتے گزر گئے جہانگیر,اماں اپ روز مجھ سے یہی سوال پوچھتی ہیں,audio/10_1_3_27.wav
2_0_7_05,train,Sad,ٹھیک ہے حادثہ بہت بڑا ہے لیکن,جب تک نایاب کا علاج چل رہا ہے کہاں اپ کو پریشان ہوتے پھریں گے بسو اور رکشوں کے چکر میں,audio/2_0_7_05.wav
8_1_1_02,train,Angry,اگر یہ میرے سامنے ایا نا ڈیڈ میں چھوڑوں گی نہیں اس کو,کیا کہنا چاہتے ہو ہاں,audio/8_1_1_02.wav
1_0_3_21,train,Boredom,نہیں ٹھیک ہوں میں,اہ کیا کہہ سکتا ہوں میں,audio/1_0_3_21.wav
5_0_4_33,train,Disgust,اگر میری نیت میں فتور ہوتا نا تو میں تمہارے گھر میں کبھی تمہیں بتانے نہ اتا,ہاں بابا جی اس وقت باپ کا فرض نبھا رہا تھا نہ,audio/5_0_4_33.wav
5_0_5_36,train,Happy,اپ ایک ایماندارو پولیس افیسر پر الزام لگا رہے ہیں,کیا حال چال ہیں,audio/5_0_5_36.wav
8_1_7_29,train,Sad,ایک آخری وار کر دو,اس حادثے نے تو جیسے مجھے ذہنی طور پر معوف کر دیا ہو,audio/8_1_7_29.wav
9_1_4_08,train,Disgust,ہوا نے کی بھی نہیں ہے,اب نہیں ائے گی ہاتھ کی صفائی دکھا گئی ہے اڑن چھو ہو گئی ہے اب نہیں ائے گی,audio/9_1_4_08.wav
6_1_3_49,train,Boredom,ویسے ایک عورت کے طور پر نہیں لیتی,انسان کے بس میں تھوڑی ہوتا ہے اندر کی خاموشی کو توڑنا,audio/6_1_3_49.wav
9_1_1_03,train,Angry,اور یہ اتنا ڈیٹا کہ کوئی اثر نہیں ہے اس پہ,اسے نہیں پتہ کہ کس رشتے سے کیسے بات کی جاتی ہے,audio/9_1_1_03.wav
2_0_2_13,train,Fear,اس کی حالت ویسے ہی ٹھیک نہیں ہے اور خدانخواستہ کچھ ہو گیا یہ بھی تم پر ڈال دیں گے,یہ تو تم سمجھتی ہو یہ تو ہمیں اپنا دشمن سمجھتے ہیں اور ہمارے خلاف ایف ائی ار کٹوانے جا رہی ہے,audio/2_0_2_13.wav
4_0_6_47,train,Neutral,مجھے پورا یقین ہے ایک دن اپ بے قصور ثابت ہو جائیں گے اور پھر اپنے گھر والوں کے ساتھ رہنے لگیں گی,ساری زندگی اپ نے بھی بڑی خدمت گزاری کروائی ہے مجھ سے,audio/4_0_6_47.wav
2_0_4_04,train,Disgust,اتنی سی بات نہیں ہے,جب جوان لڑکیوں کو گھر میں ملازم رکھتے ہو نا تو ان کی عزت کی ذمہ داری بھی لو یہ بھی کسی کی بیٹیاں ہیں,audio/2_0_4_04.wav
2_0_1_49,train,Angry,جھوٹ مت بولنا مجھ سے ٹھیک ٹھیک بتاؤ مجھے یہ بچہ کس کا ہے,مجھے بتاؤ گے نہیں تو جان سے مار ڈالوں گا تمہیں,audio/2_0_1_49.wav
5_0_5_38,train,Happy,اچھا اچھا بڑا خوبصورت نام رکھا ہے,واہ واہ کیا بات ہے,audio/5_0_5_38.wav
10_1_6_13,train,Neutral,آپ کا زمانہ اور تھا,ہر چیز کی قیمت ہوتی ہے قدر نہیں,audio/10_1_6_13.wav
6_1_4_32,train,Disgust,تو ایسا کہہ رہی ہے جیسے میں روز جاتی ہوں تیرے ساتھ اس سے ملنے کے لیے جو مجھے بتاؤ,کیوں بھائی,audio/6_1_4_32.wav
9_1_5_26,train,Happy,اچھا یہ تو بہت اچھا ہو گیا,یا اللہ تیرا شکر ہے,audio/9_1_5_26.wav
3_0_1_36,train,Angry,لیکن تم نے کوئی نام نہیں بتایا,اب پھر نام بھی بتایا ہے,audio/3_0_1_36.wav
7_1_2_20,train,Fear,میرا فون ڈیڈ ہو گیا اپ دیکھیں ڈیڈ ہے,تو پھر اس میں میرا کیا قصور,audio/7_1_2_20.wav
2_0_1_27,train,Angry,اگر ہاتھ اٹھایا تم نے,ادھر اؤ باہر نکالو اسے,audio/2_0_1_27.wav
1_0_6_38,train,Neutral,اچھا خیر یہ بتاؤ کہ وہ فہد کے بارے میں بات کی ہے تم نے یا نہیں,تمہیں جاب دیکھ کر میں تم پر احسان نہیں کر رہا,audio/1_0_6_38.wav
5_0_7_22,train,Sad,موڈ خراب ہوا چھوٹی چھوٹی بچیوں کے سمیت بیوی کو گھر سے نکال دیا,میں کہتا ہوں کہ میری نہیں تو اپنی بیٹیوں کا تو سوچو,audio/5_0_7_22.wav
6_1_6_46,train,Neutral,کسی نے میرا اتنا خیال نہیں رکھا,اور بس ایک اچھے دوست ہیں صرف دوست,audio/6_1_6_46.wav
2_0_1_23,train,Angry,خبردار جو میرے سامنے مہر کے لیے ایک لفظ بھی اپنے منہ سے نکالا تو,اپنے گھر میں اپنے گھر میں اپنی بہن کی منگنی والے دن,audio/2_0_1_23.wav
1_0_1_48,train,Angry,ابھی تک میری ٹیبل پر نہیں ائی ہے وہ کیا کرتے رہتے ہو تم لوگ سارا دن,تو بتا دینا اپنی بیٹی کو اس بار اس کا پاس ہونا بہت ضروری ہے,audio/1_0_1_48.wav
4_0_5_44,train,Happy,بتائیں کیا یاد رکھتی ہیں زیادہ,اللہ تعالیٰ اپ کی مدد کرے اس بات میں یہ تو بڑی خوبصورت بات ہے تالیاں ان کیلئے,audio/4_0_5_44.wav
7_1_5_25,train,Happy,کی طرح کیوں ایسے,اچھا بتاؤ کیسا لگا تمہیں اپنا ویلکم پاکستان میں,audio/7_1_5_25.wav
1_0_7_11,train,Sad,نہیں بھولوں گا پیار تھا مجھ سے,جب اپ کی زندگی میں کاش ا جائے نا تو انسان پچھتاوے کی اگ میں جلتا رہتا ہے,audio/1_0_7_11.wav
8_1_6_07,train,Neutral,چلو کوئی تو ہے جو کچھ کچھ میری طرح سوچتا ہے,تم جانتے ہو نا اگر تم اج نہ اتے تو میں تمہیں جان سے مار دیتی,audio/8_1_6_07.wav
7_1_6_29,train,Neutral,لیکن ہم کیوں باہر ملیں گے,تمہیں مل کر بات کیا کرنی ہے مجھ سے,audio/7_1_6_29.wav
1_0_6_30,train,Neutral,تم مجھے لے کر جاؤ گے تمہیں کوئی اعتراض تو نہیں ہے,ملازم سمجھ کر نہیں بیٹا سمجھ کر لے کر جا رہا ہوں,audio/1_0_6_30.wav
4_0_6_07,train,Neutral,اماں مجھے نہیں کرنی ابھی شادی,ایسی لڑکیاں پسند نہیں ہیں مجھے میں بس چاہتا ہوں کہ وہ الگ ہو,audio/4_0_6_07.wav
2_0_4_35,train,Disgust,اچھا بس ٹھیک ہے زیادہ غصہ کرنے کی ضرورت نہیں ہے,جب ایف ائی ار کٹ رہی تھی اس وقت کہاں تھی تم,audio/2_0_4_35.wav
9_1_3_49,train,Boredom,ارے سن لیا,ائے ہائے دھوپ نکل ائی,audio/9_1_3_49.wav
5_0_2_18,train,Fear,کوئی نیا تماشہ کرنے سے پہلے یہ یاد رکھنا,تمہارے پرانے تماشوں کا تماشائی یہی ہے,audio/5_0_2_18.wav
2_0_6_48,train,Neutral,ہشام ابھی تک واپس نہیں ایا,سب چیزیں لاک کر کے جائیں گے,audio/2_0_6_48.wav
2_0_6_32,train,Neutral,ٹھیک ہے یہ سارے اپ دیکھ لیں,تصویریں یہ سارے سیمپلز ہم نے بھیج دیے ہیں,audio/2_0_6_32.wav
8_1_2_18,train,Fear,مجھ میں کوئی کمی ہے,وہی کی وہیں کھڑی ہو نا سب کے سب مجھ سے اگے چلے گئے ڈیڈ یہاں تک کہ زہد بھی چلا گیا چھوڑ کر,audio/8_1_2_18.wav
10_1_5_39,train,Happy,آپ قدر دان ہیں اس لیئے,آپ کو میری شادی کہاں سے یاد آگئی,audio/10_1_5_39.wav
1_0_2_46,train,Fear,تمہارا کیا خیال ہے مجھے اس سے بات نہیں کرنی چاہیے تھی,کرنی چاہیے تھی میں نے بالکل ٹھیک کیا,audio/1_0_2_46.wav
10_1_4_47,train,Disgust,گھر میں مجھے سب لوگ مارتے ہیں,سب کچھ سہ رہی ہوں تمہاری وجہ سے,audio/10_1_4_47.wav
4_0_1_17,train,Angry,اپ کی قسم کوئی ٹال نہیں سکتا ہاتھ باندھ دیے نا موسی کے اپ نے چھوڑ دو انہیں بخش دوں,جانتی ہو مجھے موسی نام ہے میرا,audio/4_0_1_17.wav
1_0_2_30,train,Fear,نکل اؤ اس خوش فہمی سے,وہ ہم دونوں سے نالہ ہے وہ ہم دونوں کے ساتھ بیٹھنا ہی نہیں چاہتی کیونکہ ہم دونوں اس کو ٹائم ہی نہیں دیتے,audio/1_0_2_30.wav
10_1_7_03,train,Sad,امی فیصلہ نہیں کر سکتیں اپنے بارے میں,اللّٰہ سے مایوس نہیں ہوں دنیا سے ہوں,audio/10_1_7_03.wav
3_0_6_10,train,Neutral,جی فرمائیےکس سے ملنا ہے,اچھا سنو تم وہ مس لبنا کا جو ارڈر ہے نا وہ جلدی پہنچا دو,audio/3_0_6_10.wav
7_1_3_26,train,Boredom,تحفہ تو کسی نے دیا ہی نہیں کبھی,صابن ہے سونا نہیں ہے,audio/7_1_3_26.wav
3_0_3_29,train,Boredom,اچھا ایسا ہے کہ میں ذرا جلدی میں ہوں,جب میں وہاں پہنچا تو میچ زوروں پر چل رہا تھا,audio/3_0_3_29.wav
9_1_1_04,train,Angry,اسے نہیں پتہ کہ کس رشتے سے کیسے بات کی جاتی ہے,اسے سمجھا دو ورنہ ایسا نہ ہو کہ اسے سمجھانا پڑے,audio/9_1_1_04.wav
5_0_1_45,train,Angry,تجھ سے نہیں پوچھ رہا,کیا کرتا ہے,audio/5_0_1_45.wav
7_1_7_42,train,Sad,تم مجھ سے اتنا پیار کرتے ہو,اور میں سمجھ رہی تھی کہ میں تمہیں زبردستی اپنے ساتھ گھسیٹ,audio/7_1_7_42.wav
4_0_1_02,train,Angry,تجھے تو میں بعد میں پوچھتا ہوں,اندر جاؤ اندر چلو چلو,audio/4_0_1_02.wav
8_1_7_05,train,Sad,میں نے اپنی ساری خوش فہمیاں ساری اُمیدوں کو ختم کر دیا ہے,آپ کا اور میرا رشتہ اب ساس بہو کا نہیں رہا,audio/8_1_7_05.wav
8_1_5_42,train,Happy,ساری زندگی ان کی احسان مند رہوں گی,سارے اچھے انسان ایسا ہی کچھ کرتے ہیں,audio/8_1_5_42.wav
6_1_6_48,train,Neutral,اچھا ہوا تم نے یاد کروا دیا,قریبی رشتے داروں کو بلاتے ہیں کافی ہے,audio/6_1_6_48.wav
3_0_4_33,train,Disgust,اس کے سامنے چل اور ڈٹ کر بتاؤ اس کے کرتوت,اور کہاں نا چل اس کے سامنے چل اور سارے ثبوت پیش کردے,audio/3_0_4_33.wav
7_1_1_32,train,Angry,میرے بھائیوں پر کیا گزری ہوگی اندازہ ہے تمہیں,اور تم نے مڑ کر خبر نہیں لی کہ میں ٹھیک ہوں یا نہیں,audio/7_1_1_32.wav
7_1_6_16,train,Neutral,ہاں نا میں اگے بات نہیں بڑھانا چاہتی,اپ مجھے دیکھنے کے لیے ائے,audio/7_1_6_16.wav
3_0_1_09,train,Angry,گورے کہہ جو دیا ہے تم سے,اس سے اگے میں اور کوئی دلیل سننا نہیں چاہتا,audio/3_0_1_09.wav
9_1_3_46,train,Boredom,تم چاہو تو سارے حالات ٹھیک کر سکتے ہو,میری بیٹیوں کی طرح خدمت کی ہے,audio/9_1_3_46.wav
4_0_4_11,train,Disgust,گھر سے یہی سوچ کر نکل تھا لیکن اماں کی قسم نے میرے ہاتھ پاؤں باندھ دیے,اچھا چلو اب بکو مت زیادہ باتیں کرنے کی ضرورت نہیں ہے,audio/4_0_4_11.wav
8_1_2_36,train,Fear,برباد کر کے رکھ دی ہے تم نے میری زندگی,میں کہیں نہیں جا رہی ہوں میری طبیعت ٹھیک نہیں ہے,audio/8_1_2_36.wav
2_0_1_47,train,Angry,یہ جو گھمنڈ ہے نا تو میں اپنی دولت کا اسے نکال دو اپنے ذہن سے,یہ ایسے خاموش ہونے والی نہیں ہے,audio/2_0_1_47.wav
6_1_5_22,train,Happy,ہاں پہنچ گئے,کھا لیں میاں مٹھو ناراض ہے مجھ سے کھا لو,audio/6_1_5_22.wav
5_0_7_26,train,Sad,کچھ نہیں بیٹا بس چکر اگئے تھے بیٹا چکر اگئے تھے ٹھیک ہو میں,اس سے اس کے علاوہ میں نے کچھ مانگا ہی نہیں,audio/5_0_7_26.wav
4_0_6_06,train,Neutral,درجنوں لڑائیاں لڑی ہیں محلے میں تمہارے کھلونوں کے لیے سب بھول گئی ہو,اماں مجھے نہیں کرنی ابھی شادی,audio/4_0_6_06.wav
7_1_7_36,train,Sad,اس سے کیا ہوگا,بات اب ختم ہو چکی ہے,audio/7_1_7_36.wav
10_1_7_18,train,Sad,میں بہت گناہگار ہوں,کہاں کی مومن کہاں کا اجر,audio/10_1_7_18.wav
10_1_1_12,train,Angry,اب مجھ پہ ایک بھی الزام اور مت لگائیے گا,جب میری غلطی تھی سارے الزامات بھی سہے اور ماریں بھی سہیں آپ لوگوں کی,audio/10_1_1_12.wav
10_1_4_06,train,Disgust,اور جس کا خمان اور خلاصہ ہے وہ کیا کر رہا ہے,اماں وہ لایا تھا اپنی ماں کو,audio/10_1_4_06.wav
9_1_7_08,train,Sad,کیسے ٹھیک ہو گا یہ ڈاکٹروں کے بس کا روگ نہیں ہے,صبح بخار اُترتا ہے تو نکلتی ہوں,audio/9_1_7_08.wav
3_0_4_17,train,Disgust,گاڑی چلانے والے اندھے ہو کر گاڑی چلاتے ہیں,تو کم از کم اپ اس گیٹ کو کنڈی تالا لگا کے ہی رکھا کریں,audio/3_0_4_17.wav
9_1_3_28,train,Boredom,پتہ نہیں کیا بات ہے,ہائے اللہ کرے ایسا ہی ہو,audio/9_1_3_28.wav
10_1_5_07,train,Happy,ہاں آج تو میں ہی کھلاؤں گی,نہیں ابّا میں پھر بھی بس میں ہی آیا کروں گی,audio/10_1_5_07.wav
4_0_1_35,train,Angry,اتنی اسانی سے نہیں اگر اسے مارنا ہی ہوتا تو کیا یہ مشکل تھا میرے لیے ایک سیکنڈ میں اس کو,اسے مرنا نہیں ہے اسے درد کاٹنا ہے اتنا درد اتنا درد اتنا درد کہ درد محسوس ہونا بند ہو جائے,audio/4_0_1_35.wav
3_0_7_22,train,Sad,لیکن اس کا کیا ہوا جو تم نے میرے لیے اپنے دل پر چند سال پہلے لگا لی تھی,ایسے بھی میرے پاس جو کچھ تھا وہ تو پہلے ہی لوٹ چکا,audio/3_0_7_22.wav
3_0_1_38,train,Angry,نوکر کی بیٹی کا,کیا رشتہ تمہارا اس ماروی کے ساتھ,audio/3_0_1_38.wav
3_0_1_17,train,Angry,رک تو صحیح بات تو سن میری,ذرا گھر سے باہر نکل کر دیکھو,audio/3_0_1_17.wav
7_1_5_47,train,Happy,پورا گاؤں اتنی عزت سے ان کا نام لیتا ہے اتنی عزت کرتا ہے ان کی,وہی ابھی اپ کو کل کا قصہ بتاؤں میں,audio/7_1_5_47.wav
8_1_2_49,train,Fear,نہیں ڈیڈ جان سے نہیں مارنا اسے,اسے تڑپا تڑپا کر مارنا ہے,audio/8_1_2_49.wav
9_1_2_41,train,Fear,کہیں زین نے غلط فیصلہ تو نہیں کر لیا,بیٹی نہیں نہیں,audio/9_1_2_41.wav
2_0_3_32,train,Boredom,میں حیا کا بھائی بات کر رہا ہوں,کہتے ہوئے اچھا بھی تو نہیں لگتا,audio/2_0_3_32.wav
5_0_7_01,train,Sad,ارے بھائی وہ کل میں تو بتانا ہی بھول گیا کہ کل اس لڑکے نے ا کر خود بیان دیا ہے,ہائے بیٹا میرے لیے اچھا موسم کہاں رہا ہے,audio/5_0_7_01.wav
7_1_1_06,train,Angry,کچھ بھی کرو تمہاری بہن ہے,ہٹو شور مچا دوں گی,audio/7_1_1_06.wav
10_1_7_20,train,Sad,لیکن میں نے کوئی بھی کام اجر کے لیئے کیا ہی نہیں,دنیا کی کوئی بھی شے میرے دل کو آباد نہیں کر سکتی,audio/10_1_7_20.wav
4_0_4_19,train,Disgust,تم بھی مجھ سے وہی کہہ رہے ہو جو پورا زمانہ کہتا ہے تم تو سمجھتے ہو مراد علی,کوئی برائی ہے کیا مجھ میں میری محبت میں کوئی برائی ہے تو بتاؤ بولو,audio/4_0_4_19.wav
7_1_2_03,train,Fear,لیکن پتہ کیسے چلا,لیکن جب میں نے گاڑی روکی اس کے بعد ہوا کیا,audio/7_1_2_03.wav
7_1_6_01,train,Neutral,سچی میں اماں جی ایسا ہو سکتا ہے,تمہیں میری شکل سے کیبنہ افس جانے والی لگ رہی ہے,audio/7_1_6_01.wav
7_1_2_45,train,Fear,اٹھو کہیں لگی کیا کر رہے ہیں اپ,مجھے کیا پتا تم کیا کر رہے ہو یہاں,audio/7_1_2_45.wav
7_1_5_42,train,Happy,پوری کلاس میں سیکنڈ پوزیشن ائی ہے,ان کی تو بڑی عزت ہوگی,audio/7_1_5_42.wav
8_1_1_30,train,Angry,تمہیں سب کچھ پتہ تھا,ان لوگوں نے مل کر صرف ہمیں بے وقوف بنایا ہے,audio/8_1_1_30.wav
10_1_7_32,train,Sad,نہیں میری امی کے پاس جاؤ,اب آپ کو کچھ نہیں ہوگا,audio/10_1_7_32.wav
4_0_1_44,train,Angry,مجھے لگا کہ شاید شاید اپ کو میرا احساس ہے شاید میرا احساس ہے,جانور لگتا ہوں نا میں اپ کو,audio/4_0_1_44.wav
3_0_7_03,train,Sad,میں تھک گیا ہوں تو میں بتا بتا کے,وہ اپنے اندر کہیں رک سی گئی ہے,audio/3_0_7_03.wav
2_0_2_02,train,Fear,یہ سب کچھ یہاں سے جتنی جلدی ہو صاف کرو فوراً,مجھے اسی گھر میں,audio/2_0_2_02.wav
1_0_6_20,train,Neutral,تاریخ دے دو انہیں منور جو کام ہو جائے وہ اچھا ہے,نبیل صاحب اپ یہ بتائیں افس میں کوئی پریشانی تو نہیں ہوئی اپ کو,audio/1_0_6_20.wav
3_0_5_09,train,Happy,یار شکی بھائی ساری مخلوق اللہ کی بنائی ہوئی ہے میں نے تو ویسے ہی مثال دی تھی,انہوں نے اج تک کوئی اچھی مثال قائم ہی نہیں کی تو میں کیا دوں,audio/3_0_5_09.wav
4_0_3_36,train,Boredom,بخار جانتا ہے نا کہ مرید کی ماں آزاد نہیں ہے وہ اکیلا ہے,ایسا اب حال ہو جائے گا میرا میں نے سوچا بھی نہیں تھا,audio/4_0_3_36.wav
7_1_5_44,train,Happy,تمہیں پتہ ہے میرے گاؤں میں نا ایک اماں جنتیں ہیں,اللہ ان کو زندگی دے اللہ ان کی لمبی عمر دے بڑی اچھی عورت ہے,audio/7_1_5_44.wav
8_1_7_03,train,Sad,حساب کتاب تو غیروں سے لیا جاتا ہے,لیکن میں تو یہ بھی نہیں جانتی کہ مجھے چھوڑ کر جانے والا میرا اپنا تھا,audio/8_1_7_03.wav
7_1_7_21,train,Sad,میں آپ کے پاس آنا چاہ رہی تھی میں گھر آنا چاہ رہی تھی,مجھے مجھے گھر کی بہت یاد آرہی تھی,audio/7_1_7_21.wav
2_0_4_08,train,Disgust,ہمارے ساتھ پشتوں میں اج تک پولیس نے اس گھر میں قدم نہیں رکھا,اپ نے کچھ اور دیکھنا ہے یا چلیں,audio/2_0_4_08.wav
1_0_3_02,train,Boredom,اچھا چلیں اپ کہتی ہیں تو مان لیتا ہوں,تنہا انسان تو بالکل خاک کی طرح ہوتا ہے,audio/1_0_3_02.wav
5_0_3_46,train,Boredom,ہائے یار و,چلو تو پھر ہم دکھاتے ہیں ہوں ں ں,audio/5_0_3_46.wav
10_1_2_40,train,Fear,اگر انکھوں میں دھول جھونکنا ہوتا تو چیخ چیخ کر اپ لوگوں کو نہ بلاتی یہ جھوٹ بول رہا ہے بھائی,یار اج ایک بہت بڑی غلطی ہو گئی مجھ سے,audio/10_1_2_40.wav
8_1_1_36,train,Angry,اور اوپر سے میرا یہ بھائی جو لاش کی طرح پڑا ہوا ہے,ہاتھ نہیں لگایا نہ تو ہاتھ توڑ دوں گی میں تمہارا,audio/8_1_1_36.wav
8_1_4_45,train,Disgust,عمیر تم ٹھیک نہیں کر رہے ہو,کیا کیا پتہ چلنا چاہیے,audio/8_1_4_45.wav
8_1_2_32,train,Fear,کس بات کا بدلہ لیا ہے تم نے مجھ سے,کیوں کیا یہ سب کچھ,audio/8_1_2_32.wav
2_0_2_24,train,Fear,اچھا تو میں تھوڑی دیر افس چکر لگا کے اتا ہوں,فوجی ائے تو اس سے کہنا اگر پولیس میں سے کوئی ائے تو انہیں گھر کے اندر انے نہ دیں پورچ تک رکھے بس,audio/2_0_2_24.wav
10_1_1_03,train,Angry,میرے قریب مت آنا,میں بتا رہی ہوں میرے قریب مت آنا ورنہ میں یہاں سے کُود جاؤں گی,audio/10_1_1_03.wav
5_0_1_07,train,Angry,اب کوئی افواہ تیزی سے نکلے,مطلب یہ بغیرت,audio/5_0_1_07.wav
6_1_4_36,train,Disgust,میں مجھے نہیں اچھا لگتا اپ کیوں کرتی ہیں میرے ساتھ ایسا,امی زندگی ان چیزوں سے اگے کا نام ہے,audio/6_1_4_36.wav
3_0_3_11,train,Boredom,دیکھو فارعہ میں تمہیں ارام سے سمجھا رہا ہوں کہ گھر چلو,اب تمہاری غیر موجودگی میں مجھے ہی فیصلہ کرنا پڑے گا,audio/3_0_3_11.wav
1_0_5_44,train,Happy,سنو ایک ائیڈیا ایا ہے,ایسا کرتے ہیں اور اس کے پیرنٹس کو گھر انوائٹ کر لیتے ہیں,audio/1_0_5_44.wav
9_1_6_49,train,Neutral,اب ایسا کرو کہ شام کی تیاری کرو,کہا نا بہت دور چلا گیا ہے تم سے تم پیچھے رہ گئی ہو بہت پیچھے,audio/9_1_6_49.wav
7_1_1_44,train,Angry,کبھی انکھیں بند کر کے کچرہ پھینکا ہے تم نے گھر سے باہر,ادھر ساری بکواس میرے ہی بات پر یاد اتی ہیں,audio/7_1_1_44.wav
1_0_7_45,train,Sad,نہیں چاہتا کوئی اور حادثہ اس عمارت کو زمین بوس کر دے,میں اپنی گیتی کو اس طرح سے رخصت نہیں کر سکا جس طرح اس کا حق تھا,audio/1_0_7_45.wav
9_1_5_09,train,Happy,تیری شادی کر رہی ہوں شادی,تیرے لیے اتنی پیاری لڑکی دیکھ کے ائی ہوں,audio/9_1_5_09.wav
8_1_6_20,train,Neutral,ٹھیک کہہ رہے ہو تم اس بار میں اپنے کسی لیول کے لڑکے سے شادی کروں گی,کہ میرے ساتھ دو دن کوئی چگزارا نہیں کر سکتا,audio/8_1_6_20.wav
1_0_5_40,train,Happy,دیکھا دیکھا میری بیٹی میری مجبوری کو کیسے سمجھتی ہے,ظاہر ہے اتنا اہم مہمان ا رہا ہے تو اس سے ملنا تو ہے نا,audio/1_0_5_40.wav
2_0_2_49,train,Fear,تم یہاں کیا کر رہے ہو,مطلب کیا ہے تمہارا,audio/2_0_2_49.wav
4_0_7_23,train,Sad,اتنا بد قسمت ہونا میں بدقسمت,میرے وجود سے نہ کسی کو خوشی ملی ہے نہ راحت اور نہ سکون,audio/4_0_7_23.wav
9_1_5_37,train,Happy,ضرور کیوں نہیں,کتنی پیاری بچی ہے,audio/9_1_5_37.wav
4_0_4_39,train,Disgust,یاد کرو وہ دن جب میں نے تمہیں بچایا تھا ورنہ تم اج زندہ نہ ہوتے,انہیں ایسا نہیں کرنا چاہیے تھا کتنا کمزور انسان ہو نا میں,audio/4_0_4_39.wav
10_1_7_38,train,Sad,دو پیار کرنے والے ایک دوسرے سے الگ ہو,سب کچھ ٹوٹ گیا,audio/10_1_7_38.wav
8_1_6_14,train,Neutral,اس کے بعد اس نے مجھ سے نکاح کیا,اس سے بھی تو منع کر سکتا تھا نا,audio/8_1_6_14.wav
7_1_4_46,train,Disgust,اُسے اپنی پابندیوں میں نا سر سے لیکر پیر تک باندھ دیا ہے,خود ڈھونڈنے والیاں کیا بدمعاش ہوتی ہیں ہاں,audio/7_1_4_46.wav
4_0_3_50,train,Boredom,میری کہانی میرے ماضی کے ساتھ جڑے ایک زخم کی ہے,میرے ماں باپ کے لڑنے کی آوازیں آ,audio/4_0_3_50.wav
8_1_5_45,train,Happy,ایک مسیحہ ساجن بن کہ آیا ہے,ساری دنیا چمک اٹھی ہے,audio/8_1_5_45.wav
9_1_2_27,train,Fear,خیر اب کیا ہو سکتا ہے جو قسمت میں اب وہی ہوگا نا,مجھے کیا کرنا ہے اور کیا نہیں کرنا,audio/9_1_2_27.wav
10_1_5_01,train,Happy,تمہیں یہی سب کچھ چاہیے نا مجھ سے,اللّٰہ کرے,audio/10_1_5_01.wav
7_1_6_33,train,Neutral,اپ کی خوشی میں میری خوشی ہے,مجھے اپ سے کوئی شکوہ نہیں,audio/7_1_6_33.wav
4_0_2_46,train,Fear,اج اس اگ پر پہلی بارش کی بوند گری ہے مبارک ہو اپ کو,میں خدا کی قسم کھا کر کہتا ہوں کہ 27 سالوں میں وہ نمک مرید کا کچھ نہیں گزار سکا,audio/4_0_2_46.wav
7_1_3_11,train,Boredom,وہ ہے ہی نہیں ویسی جیسے میں نے سوچا تھا,لیکن صرف مجھے نہیں نا,audio/7_1_3_11.wav
8_1_6_32,train,Neutral,میں اپنے گھر واپس ائی ہوں,کشمالہ اؤ نا,audio/8_1_6_32.wav
2_0_4_26,train,Disgust,اپنے ہی گھر میں غیر بنا دیا ہے مجھے,پولیس والوں کے باپ کا کیا جاتا ہے پروموشن چاہیے انہیں بس,audio/2_0_4_26.wav
2_0_7_41,train,Sad,منت کی امی کی ڈیتھ ہو گئی ہے,یہ کیا حال بنا رکھا ہے تم نے اپنا گھر میں مہمان اگئے ہیں,audio/2_0_7_41.wav
2_0_2_50,train,Fear,مطلب کیا ہے تمہارا,یہ سب کچھ نہیں ہوگا پاگلوں والی باتیں مت کرو چلے جاؤ یہاں سے,audio/2_0_2_50.wav
6_1_1_36,train,Angry,خدا ہے فرشتہ ہے کیا ہے تو بول,یہ جو چاہتا ہے نا میں نہیں ہونے دوں گی,audio/6_1_1_36.wav
4_0_1_01,train,Angry,نوٹوں کی خوشبو میں دفن کر دیا ہے کمینے کو,تجھے تو میں بعد میں پوچھتا ہوں,audio/4_0_1_01.wav
9_1_6_50,train,Neutral,کہا نا بہت دور چلا گیا ہے تم سے تم پیچھے رہ گئی ہو بہت پیچھے,یہ تو صحیح کہ رہا ہے تو ویسے,audio/9_1_6_50.wav
8_1_5_05,train,Happy,تمہیں جو پسند ائے لے لینا,اس دن اتنی تعریفیں کر رہی تھی میری,audio/8_1_5_05.wav
5_0_2_07,train,Fear,سب خیریت ہے نا نیچے اوازیں,بیٹا اپ ہر بات میں بولنا چھوڑ دیں اندر جائیں چلیں اندر جائیں,audio/5_0_2_07.wav
1_0_1_14,train,Angry,تو ساری زندگی جیل میں چکی پیستا رہتا,بات کر رہا ہوں نا مت بولو بیچ میں,audio/1_0_1_14.wav
3_0_6_42,train,Neutral,تم ضرورت کی چند چیزیں میرے بیگ میں ڈال کر مجھے روانہ کر دو,وہ تو شیخ صاحب سے میری بات ہوئی تھی,audio/3_0_6_42.wav
4_0_7_09,train,Sad,نامراد وہ تیرے یار موسی سے عشق نہیں کرتی,اس کے لیے اس نے شرط رکھ دی ہے,audio/4_0_7_09.wav
2_0_5_37,train,Happy,پاکستان کا ٹائم,تو تو اس طرح کی میرے کچھ ذہن میں اس وقت چیزیں ا رہی تھی,audio/2_0_5_37.wav
7_1_5_20,train,Happy,یہ تمہارے پاس تھی,اب منہ دکھائی ہے تو منہ دیکھ کے ہی دو گے نا گونگٹ تو اٹھانے دو,audio/7_1_5_20.wav
5_0_5_44,train,Happy,اچھے کپڑے پہننے کے شوقین سوٹ خریدا تھا اس کا بل ہے کل لے لوں گا سر اپ سے ہیں سر,او نازلین کیا حال ہے بائے بائے ٹاٹا,audio/5_0_5_44.wav
1_0_5_42,train,Happy,میں اسے جانتا ہوں کون ہے وہ,نئی نہ شانزے بتاؤ نا مجھے کہ کون ہے,audio/1_0_5_42.wav
5_0_7_28,train,Sad,یہ دنیا ہے یہاں جینا ہے,تکلیفیں اٹھانی ہیں مشکلات برداشت کرنی ہیں,audio/5_0_7_28.wav
10_1_6_44,train,Neutral,آنا چاہتی ہوں لیکن پیروں میں سفر کا بھنور لپٹ گیا ہے,آپ ایسی باتیں کرتے ہیں تو ایسا لگتا ہے کوئی میرے زخم پر مرہم کے ٹھنڈے پھائے رکھ رہا ہے,audio/10_1_6_44.wav
2_0_3_47,train,Boredom,فکر ہے تو صرف دل مہر کی,بغیر ملے ہی جا رہی تھی,audio/2_0_3_47.wav
10_1_3_16,train,Boredom,ہاں کر رہی ہوں,کبھی میں نے سنی نہیں اپ کی اواز,audio/10_1_3_16.wav
3_0_3_33,train,Boredom,ہیں لگ تو نہیں رہا,دیکھو ذرا کیسے پسینوں میں بھیگ رہا ہے,audio/3_0_3_33.wav
4_0_4_32,train,Disgust,چھوڑ دیا میں نے سب کچھ چھوڑ دیا ہمیشہ ہمیشہ کے لیے,یار ایسا سلوک تو کوئی اپنا پالتو جانور کے ساتھ نہیں کرتا مراد علی,audio/4_0_4_32.wav
2_0_7_42,train,Sad,یہ کیا حال بنا رکھا ہے تم نے اپنا گھر میں مہمان اگئے ہیں,بہت سوچ سمجھ کر فیصلہ کیا ہے,audio/2_0_7_42.wav
1_0_2_40,train,Fear,اسی چیز کا تو فائدہ اٹھا رہا ہے وہ,یہ یہی چیز تو تمہیں سمجھا رہا ہوں,audio/1_0_2_40.wav
3_0_2_19,train,Fear,تو پھر کھاتے جمع رکھو کچھ کر کے دکھانے کے لیے تو روز جاتا ہوں,اللہ والوں کی ابرو پر حرف ائے تو معجزے ہوتے ہیں,audio/3_0_2_19.wav
10_1_2_06,train,Fear,کرتی ہوں امی تھوڑی دیر میں,تم میرے پر اتنا بڑا الزام نہیں لگا سکتی وہ بھی مجھے صفائی کا موقع دیے بغیر,audio/10_1_2_06.wav
9_1_1_39,train,Angry,کیا بک رہی ہے,سکھ چلاکیوں کا پتہ ہے مجھے,audio/9_1_1_39.wav
5_0_4_30,train,Disgust,اس گھر کی بہو راضی ہو گئی ہیں,تم مجھ پہ شک کر رہے ہیں مجھ کو الزام لگا رہے ہو,audio/5_0_4_30.wav
2_0_4_21,train,Disgust,بیان دیتے اپ کس نے منع کیا ہے,لیکن پولیس والوں کو کم از کم یہ کہہ دیتے کہ ہمارا اپ کا گھر ایک ہی ہے,audio/2_0_4_21.wav
3_0_7_48,train,Sad,میری ماں نہیں ہے نا ورنہ میں بھی بری ہو جاتا,میں نے اپنے لخت جگر کو حلال رزق کھلا کر پالنے کا جرم کیا ہے,audio/3_0_7_48.wav
9_1_3_16,train,Boredom,ہائے بڑی درد ہے سر میں بس,چائے سے ٹھیک ہو جاؤں گی,audio/9_1_3_16.wav
7_1_1_50,train,Angry,اور تجھ جیسے لوگوں کو وہ دنیا دکھانی ہے,چل کیا رہا ہے نہیں مقصد کیا ہے تمہارا,audio/7_1_1_50.wav
1_0_3_14,train,Boredom,ہماری امید ہمارا بھروسہ لوگوں کو ہماری نظروں سے گرنے نہیں دیتا,پتہ نہیں عجیب باتیں کرتی ہوں,audio/1_0_3_14.wav
5_0_2_49,train,Fear,ایک بات یاد رکھیے گا میں اتنی اسانی سے بھلائی جانے والا نہیں ہوں,اوئے اسے کہتے ہیں مکا فات عمل دوسروں کی ماں بیٹوں کے ساتھ کرتا ہے اج تیری بہن کے ساتھ بھی,audio/5_0_2_49.wav
10_1_4_32,train,Disgust,اللہ کے گھر میں بیٹھ کے کیوں فضول افواہ پھیلا رہے ہو پہلے مجھے اس بات کا جواب دو,تم جیسا لعنتی ادمی میں نے اپنی زندگی میں نہیں دیکھا روشنے,audio/10_1_4_32.wav
8_1_5_14,train,Happy,میں اپ کو بتا نہیں سکتی,ہاں جناب کیسا گزرا اج کا دن اپ کا,audio/8_1_5_14.wav
9_1_5_27,train,Happy,یا اللہ تیرا شکر ہے,کتنا ہی شکر ہے کہ تو نے مجھے یہ دن دکھایا,audio/9_1_5_27.wav
8_1_4_26,train,Disgust,میں نے کہا زین کو فون دو,اور اپ کے مرحوم باپ کی روح بھی اپ کا انتظار کرتی رہی,audio/8_1_4_26.wav
2_0_2_47,train,Fear,اپنے بھائی کو جیل کی چکی پیسنے دیتا یہ نہیں دیکھ سکتا میں,میں اپنی ڈائیورس کی وجہ سے بہت پریشان ہوں مجھے مزید پریشان مت کرو,audio/2_0_2_47.wav
7_1_7_43,train,Sad,اور میں سمجھ رہی تھی کہ میں تمہیں زبردستی اپنے ساتھ گھسیٹ,تم تو مجھ سے بھی آگے نکل گئے,audio/7_1_7_43.wav
3_0_2_45,train,Fear,کہنا کیا چاہتے ہو مجھے پتہ نہیں چلا کہ کہنا کیا چاہ رہے ہیں,پھر بھی ڈاکٹر کے پاس چلے جاؤ مجھ جیسے شخص کو دماغ کی خلل کا پتہ نہیں چلتا,audio/3_0_2_45.wav
8_1_4_30,train,Disgust,لیکن اگر بابا کی بات نہ مانی گئی تو برا ہونے کا اندیشہ ضرور ہے,ابھی بتاتی ہیں تم دونوں گندی بچیوں کو,audio/8_1_4_30.wav
6_1_1_04,train,Angry,میں نے کہا نا میں نے تمہاری کوئی بات نہیں سنی,تمہاری ان باتوں سے جو مجھے ذلت کا احساس ہوا ہے وہ دور ہو جائے گا,audio/6_1_1_04.wav
8_1_1_03,train,Angry,کیا کہنا چاہتے ہو ہاں,پاگل ہوں میں ہاں,audio/8_1_1_03.wav
6_1_4_01,train,Disgust,واقعی ہی ابو کے سوا کوئی بھی نہیں ہے ہمارا,میرا خیال ہے ٹھیک ہے میں طبیعت بھی ا جاتی ہے,audio/6_1_4_01.wav
4_0_2_23,train,Fear,میں زندگی میں پہلی بار ایسا الجھا ہوں یار اگر میں نے تجھے دل کی بات بتا دی ہے تو مجھے مزید الجھانا مت,کہ میں اپنی گلی کا گنڈا اوارہ لچا نہیں جو روز تمہارے راستے میں ا کے کھڑا رہتا ہوں,audio/4_0_2_23.wav
7_1_2_23,train,Fear,یہ مجھ پر شک کر رہے ہیں,تو بھیا اپ ایک کام کریں مجھے کمرے میں بند کر دیں,audio/7_1_2_23.wav
6_1_4_08,train,Disgust,خدا کی قسم سے زہر لگتا ہے مجھے یہ لڑکا,تو نہ کیا کریں نا فون,audio/6_1_4_08.wav
9_1_1_35,train,Angry,میرے منہ پہ پٹاخ سے جواب دے دیا تو نے,یہاں نہیں چلے گی یہ بکواس ائی سمجھ,audio/9_1_1_35.wav
4_0_7_17,train,Sad,چل میری مدد کر دے میرے لیے کر دے گا تو تیرے بھائی کی بے چینی کو تھوڑا سکون مل جائے گا تیری مہربانی یار,نہیں میڈم خدا کا واسطہ ہے یہ مت کیجئے گا میرے ساتھ,audio/4_0_7_17.wav
5_0_2_41,train,Fear,اوئے ہوئے اوئے ہوئے تفشیش کے دوران جو مار پڑتی ہے,علا مہ علا مہ اوئے ہوئے ہوئے ہوئے,audio/5_0_2_41.wav
3_0_5_47,train,Happy,جاتے ہوئے کہہ گیا ہے کہ کسی دن بھابھی کو لے کر ائیے نا ہمارے گھر,شرمندہ اپ لوگوں نے کرنا شروع کر دیا ہے,audio/3_0_5_47.wav
6_1_4_37,train,Disgust,امی زندگی ان چیزوں سے اگے کا نام ہے,جو بندہ اپنی زندگی خود قصہ اور کمیٹیوں سے پوری کر رہا ہے وہ کسی کے لیے کیا کرے گا,audio/6_1_4_37.wav
9_1_7_27,train,Sad,رابیل نے تو کبھی میرے سامنے آنکھ اُٹھا کے دیکھا بھی نہیں تھا,میری میں جانتی ہوں تم تم اس وقت بہت پریشان ہو بیٹا,audio/9_1_7_27.wav
8_1_1_34,train,Angry,اور اس سے کہو یہاں ائے معافی مانگے مجھ سے اور مجھے عزت سے لے کر جائے,اپ ایسے ادمی کے ساتھ کہہ رہے ہیں کہ میں زندگی نبھاؤں,audio/8_1_1_34.wav
4_0_1_30,train,Angry,لیکن وہ گھٹیا شخص اس لائق ہی نہیں ہے وہ مرد کہلانے کے لائق ہی نہیں ہے,اور وہ بے غیرت گھٹیا گرا ہوا انسان ہنس رہا تھا,audio/4_0_1_30.wav
6_1_5_37,train,Happy,او بلے بلے,ابے میری بلبل,audio/6_1_5_37.wav
3_0_3_42,train,Boredom,بیٹا اب تمہارا نوکری پر نہیں رہا,وہاں تک تو ٹھیک ہے لیکن مجھے سننے میں ایسا لگا جیسے تم بیٹی کی بات کر رہے ہو,audio/3_0_3_42.wav
6_1_3_10,train,Boredom,نعیم صاحب لیکن,میں کیسی باتیں کیا کروں,audio/6_1_3_10.wav
9_1_1_06,train,Angry,تم حد سے بڑھ رہی ہو,تم کیوں چپ ہو تمہیں اس لڑکی کے سامنے سانپ سونگ جاتا ہے,audio/9_1_1_06.wav
10_1_7_09,train,Sad,بال بال قرضے میں ہے,اُک میں نے کیا رونا ہے ماسٹر صاحب,audio/10_1_7_09.wav
9_1_3_50,train,Boredom,ائے ہائے دھوپ نکل ائی,میرے تو دل کو لگی نہیں خاص بھائی,audio/9_1_3_50.wav
4_0_4_26,train,Disgust,مجھے کیا پتا تھا اس کا شوہر ہے وہ مجھے لگا اس کا ساتھ بدتمیزی کر رہا ہے تو,گانڈ ہی بلاتا رہے گا کھانے کو کچھ نہیں دے گا,audio/4_0_4_26.wav
5_0_2_39,train,Fear,سر جی کوئی گستاخی ہوئی ہے,اب وہ وہ سر خاموش کرانے کا بل,audio/5_0_2_39.wav
6_1_3_11,train,Boredom,میں کیسی باتیں کیا کروں,کیا مصیبت ہے یار ایک تو امی ہر دوسرے دن اُس کی دعوت رکھ لیتی ہیں,audio/6_1_3_11.wav
6_1_7_15,train,Sad,امی اللّٰہ سے دعا کریں سب ٹھیک ہو جائے گا,امی اس طرح حوصلہ تو نہ ہاریں نا ابو کی حالت دیکھیں پہلے ٹھیک نہیں ہے,audio/6_1_7_15.wav
6_1_5_46,train,Happy,ایک بات تو بتا,اوئے ہوئے کیا بات ہے مشاعرہ ہی لوٹ لیا,audio/6_1_5_46.wav
1_0_2_42,train,Fear,کہ وہ میرے کسی دوست کا بیٹا نہیں ہے اجنبی ہے وہ,تم بھی بیٹی کی طرح اپنے اپ کو دھوکہ دے رہی ہو,audio/1_0_2_42.wav
6_1_4_24,train,Disgust,ساری عمر ایک جیسی اواز دیتا ہے چائے ٹائپ کرنے والی انگلیاں چاہے جتنی تیز کیوں نہ چلتی ہوں,یہی سوچ کر تو ہول اٹھتے ہیں میرے دل میں,audio/6_1_4_24.wav
5_0_5_37,train,Happy,کیا حال چال ہیں,اچھا اچھا بڑا خوبصورت نام رکھا ہے,audio/5_0_5_37.wav
4_0_3_11,train,Boredom,نہیں نہیں ڈاکٹر کو بلانے کی کوئی ضرورت نہیں ہے,تھوڑی دیر کے لیے آیا ہے بخار چلا جائے گا,audio/4_0_3_11.wav
8_1_3_31,train,Boredom,صحیح ہوں گے اپ,ممم میں نایاب نیاب اقبال,audio/8_1_3_31.wav
3_0_2_23,train,Fear,اج کی ملاقات تمہارے بندوں سے زیادہ ضروری ہے,یہ کیا کر رہے ہو,audio/3_0_2_23.wav
1_0_6_47,train,Neutral,جس طرح ساری ایمپلائیز کے ساتھ میں بات کرتا ہوں اسی طرح اس کے ساتھ بھی کرتا ہوں,ایک نظر ذرا دیکھ لوں تو پھر بات کرتے ہیں,audio/1_0_6_47.wav
8_1_1_33,train,Angry,دلہن بنے کبھی اس گھر کبھی اس گھر گھوم رہی ہوں,اور اس سے کہو یہاں ائے معافی مانگے مجھ سے اور مجھے عزت سے لے کر جائے,audio/8_1_1_33.wav
4_0_5_08,train,Happy,اچھا,بتانا صرف یہ تھا کہ اماں مزے مزے کی کہانیاں سناتی تھی,audio/4_0_5_08.wav
7_1_4_40,train,Disgust,میرے بغیر تو رہ سکتے ہو نا,تم اپنے کمرے اپنے بستر اپنے تکیے کے بغیر نہیں رہ سکتے,audio/7_1_4_40.wav
6_1_1_14,train,Angry,تمہاری جرات کیسے ہوئی اس طرح ہم بات کرنے کی مجھ سے,لیکن مجھے بڑا افسوس ہوا ہے کہ اپ نے اس ٹائم اگر ساری باتیں کہ جس وقت میرا باپ بستر پر پڑا ہوا ہے,audio/6_1_1_14.wav
6_1_5_28,train,Happy,ہائے ویسے کتنا مزہ ائے نا اگر ایسا بندہ مل جائے,یہ میرا ہے,audio/6_1_5_28.wav
2_0_1_04,train,Angry,اوے کا اوا ہی بگڑا ہوا ہے اب کان کھول کر سن لو تم سب لوگ,ائندہ گھر کی کوئی بھی لڑکی ڈرائیوروں اور ملازموں کے پاس کھانا نہیں لے کر جائے گی چاہے وہ بھوکے مر جائیں,audio/2_0_1_04.wav
4_0_2_43,train,Fear,مجھے اپ سے کہتے ہوئے یہ بہت افسوس ہو رہا ہے میں شرمندہ ہوں لیکن,میں سمجھا نہیں صاحب,audio/4_0_2_43.wav
5_0_4_09,train,Disgust,میں جا کر ابھی ان کا بندوبست کرتا ہوں اور دیکھتا ہوں کہ وہ پھر کیسے میری بیوی کو تنگ کرتے ہیں,تور کیا اپ تو جالی بابا لگتے ہو,audio/5_0_4_09.wav
2_0_3_28,train,Boredom,ہو گئی تمہاری بات نکال لی دل کی بھڑاس,تم سے کہہ رہا ہوں,audio/2_0_3_28.wav
2_0_7_26,train,Sad,کیا پتا طوفان تھامے تو کچھ بتائے ایک پرابلم ختم ہوتی ہے تو دوسری شروع ہو جاتی ہے,میں کیا بتاؤں ارام سے بتاؤں,audio/2_0_7_26.wav
1_0_3_38,train,Boredom,اور اب نا یہ تو کیوں کر کے ساتھ دل بھی ویران ہو گیا ہے میرا,اس کی موجودگی بھی محسوس نہیں ہوتی تھی,audio/1_0_3_38.wav
9_1_7_23,train,Sad,پتہ نہیں میرے بھولے کو دیکھ کر کیا کرے گی وہ,بتا دیتی سب سیدھی بات,audio/9_1_7_23.wav
3_0_6_29,train,Neutral,پرانے زیورات اگر پالش کر لیے جائیں تو ان کی چمک تو واپس لوٹ اتی ہے پر ان کے نقش و نگار نہیں بدلتے,لکھا ہے جو چھٹیاں تم نے افس سے لی ہیں وہ ختم ہو گئی ہیں,audio/3_0_6_29.wav
3_0_2_36,train,Fear,لوگ کیا دیکھ رہی ہو ناشتے پانی کا بندوبست کرو,اس کو کھلاؤ پلاؤ اس کی خاطر مدارت کرو,audio/3_0_2_36.wav
10_1_6_07,train,Neutral,کوئی تھوڑی بہت ہی رقم دلوا دیں,بس سلیم بھائی میں پہنچتی ہوں,audio/10_1_6_07.wav
10_1_5_05,train,Happy,تم ٹھیک ہوجاؤ پھر تمہیں لے کے چلوں گی لاہور,سارے انتظامات اُنہوں نے ہی کیے ہیں,audio/10_1_5_05.wav
1_0_3_35,train,Boredom,وہ پاس ہوئی ہے انعام کے طور پر کچھ بھجوا دو,اسے کچھ پیسے بھجوا دو,audio/1_0_3_35.wav
5_0_5_10,train,Happy,بیٹا اپی لو نا میں ا کے کرتا ہوں اچھا میں چلتا ہوں,ارے میرے بلوں چلو چلو چلو,audio/5_0_5_10.wav
9_1_3_27,train,Boredom,تمہاری صحت کے لیے اچھا نہیں ہے,پتہ نہیں کیا بات ہے,audio/9_1_3_27.wav
8_1_1_35,train,Angry,اپ ایسے ادمی کے ساتھ کہہ رہے ہیں کہ میں زندگی نبھاؤں,اور اوپر سے میرا یہ بھائی جو لاش کی طرح پڑا ہوا ہے,audio/8_1_1_35.wav
8_1_1_21,train,Angry,تم دونوں کو پتہ نہیں ہے تم دونوں کا واسطہ کس سے پڑا ہے,بھاڑ میں گئے اپ کے یہ سارے ثبوت,audio/8_1_1_21.wav
9_1_2_38,train,Fear,اس کی قدر کرو اس کا خیال رکھو,مگر اس وقت اسے تمہاری ضرورت ہے تمہیں خیال رکھنا ہوگا زین,audio/9_1_2_38.wav
8_1_7_06,train,Sad,آپ کا اور میرا رشتہ اب ساس بہو کا نہیں رہا,ڈیڈ اس کمرے سے باہر مجھے خوف آتا ہے,audio/8_1_7_06.wav
9_1_7_38,train,Sad,کتنا بدنصیب ہے میرا بیٹا,کتنا بد قسمت کتنا بے درد,audio/9_1_7_38.wav
6_1_1_05,train,Angry,تمہاری ان باتوں سے جو مجھے ذلت کا احساس ہوا ہے وہ دور ہو جائے گا,بابر کب تک تم اپنے باپ کی انگلی پکڑ کے پھرتے رہو گے,audio/6_1_1_05.wav
9_1_5_46,train,Happy,کسی چیز کی کوئی کمی نہ ہو میری پوتی کو بہت سے لوگ دیکھنے ا رہے ہیں,اس کے انے سے پورے گھر میں روشنی ہوگی,audio/9_1_5_46.wav
2_0_5_42,train,Happy,کوئی عمر کا تعلق نہیں ہے اس سے میرے بھائی,اچھی لگ رہی ہو,audio/2_0_5_42.wav
2_0_1_28,train,Angry,ادھر اؤ باہر نکالو اسے,اچھی طرح سے اس کی خاطر تواضع کرنا ایسی چائے پلانا ہے اسے کہ ائے گا دوبارہ یہ یہاں,audio/2_0_1_28.wav
5_0_5_11,train,Happy,ارے میرے بلوں چلو چلو چلو,ناشتہ بھی کریں گے چائے بھی پییں گے ٹھیک ہے چلو شاباش,audio/5_0_5_11.wav
9_1_3_21,train,Boredom,ارے کہاں جائے گا یہیں ہوگا,او اچھا اچھا,audio/9_1_3_21.wav
2_0_4_46,train,Disgust,تو مسئلہ یہ ہے کہ میں بہت شریف ادمی ہوں تمہارے جیسا پولیس افسر نہیں,مسکرانا ورانا نہیں ہے لیکن تنزیہ مسکراہٹ کا کیا مطلب,audio/2_0_4_46.wav
7_1_6_08,train,Neutral,کیا میں پوچھ سکتی ہوں کہ اپ نے فون کیوں کیا ہے,چار بجے کے بعد کسی بھی وقت مل لیتے ہیں,audio/7_1_6_08.wav
10_1_4_37,train,Disgust,منع بھی کیا تھا قاسم کو نالے کپڑے رنگ کروانے کے لیے,پھر وہ دے دی اب بولو قاسم کو,audio/10_1_4_37.wav
6_1_3_35,train,Boredom,طبیعت ٹھیک ہے طبیعت کو کیا ہونا ہے میری,میں کیا کہ سکتی ہوں,audio/6_1_3_35.wav
6_1_1_17,train,Angry,میرے میں اور برداشت نہیں ہے میں اپ کو برداشت نہیں کر سکتی جائیں یہاں سے,خدا کے واسطے میرے دروازے پہ دوبارہ نہ انا,audio/6_1_1_17.wav
3_0_6_41,train,Neutral,دروازے پر سے کان ہٹا لو اور اندر ا جاؤ,تم ضرورت کی چند چیزیں میرے بیگ میں ڈال کر مجھے روانہ کر دو,audio/3_0_6_41.wav
9_1_7_41,train,Sad,خیر بدنصیب تو میں بھی کم نہیں,اب تو اُس کے انتظار میں آنکھیں بند ہی ہونے والی ہیں,audio/9_1_7_41.wav
2_0_1_44,train,Angry,اور اج اگر اس کی ماں کو کچھ ہو جاتا تو,خدا کی قسم اگر اج مجھے اپنے مرے ہوئے باپ کا خیال نہیں ہوتا نا تو کہہ دیتا ہے میں تمہیں جاؤ لڑو خود سے,audio/2_0_1_44.wav
6_1_4_05,train,Disgust,اچھا ٹھیک ہے خدا حافظ,ہاں ہاں تمہارے نعیم بھائی شام کو اؤں گا,audio/6_1_4_05.wav
7_1_4_36,train,Disgust,ہم کونسا پوری زندگی وہاں رہنے کے لیے جا رہے ہیں,اور جو تمہاری امی رسمیں کر رہیں تھیں وہ ایسے پانی وارنے والی وہ بہت معقول ہے,audio/7_1_4_36.wav
2_0_4_45,train,Disgust,کھانا پینا چھوڑو گے تو کوئی کام پر توجہ دو گے نا,تو مسئلہ یہ ہے کہ میں بہت شریف ادمی ہوں تمہارے جیسا پولیس افسر نہیں,audio/2_0_4_45.wav
10_1_7_16,train,Sad,ہر ہر وقت روتے رہتے ہیں,میں ڈھیٹ ہو گئی ہوں ماسٹر صاحب,audio/10_1_7_16.wav
9_1_6_11,train,Neutral,اور ایسوں کو میں نے بڑی اچھی طرح سنبھلتے دیکھا ہے,میرا بھولا بھی بالکل صحیح ہو جائے گا ان شاءاللہ,audio/9_1_6_11.wav
1_0_4_49,train,Disgust,وہ تمہارے بارے اتنی بڑی بات کر رہا تھا تو کیا میں برداشت کر سکتا تھا,جاؤ تم لوگ بعد میں بات کروں گا تم سے نکمے کہیں کے,audio/1_0_4_49.wav
8_1_4_12,train,Disgust,میں ان بیویوں کی طرح نہیں ہے جو یہ سب کچھ برداشت کریں,تم بھول جاتے ہو اس لیے بار بار تمہیں یاد دلاتی ہوں,audio/8_1_4_12.wav
9_1_5_08,train,Happy,او ماسد کے جائے یہ عید نہیں ہے,تیری شادی کر رہی ہوں شادی,audio/9_1_5_08.wav
10_1_6_30,train,Neutral,ہمارا پیار اتنا ہی تھا داستانوں والا پیار نہیں تھا ہمارا,کانچ چبھ گیا ہوگا پیر میں,audio/10_1_6_30.wav
8_1_6_19,train,Neutral,اپ تو جانتے ہیں نا میری ضد اور انا کو,ٹھیک کہہ رہے ہو تم اس بار میں اپنے کسی لیول کے لڑکے سے شادی کروں گی,audio/8_1_6_19.wav
7_1_2_42,train,Fear,ہم نے ساتھ میں ڈھنگ سے وقت نہیں گزارا ہے,ہم نے ساتھ میں بیٹھ کر بات تک نہیں کی ہے,audio/7_1_2_42.wav
9_1_1_40,train,Angry,سکھ چلاکیوں کا پتہ ہے مجھے,ویسے سب نے مرنا ہے ایک دن وہ مر جائے گی تو کیا ہو جائے گا,audio/9_1_1_40.wav
1_0_5_35,train,Happy,ابھی ہم تمہارا ہی ذکر کر رہے تھے,اچھا نہ چھوڑو ان باتوں کو کچھ سوچ رہا تھا او بیٹھ کر ڈسکس کرتے ہیں,audio/1_0_5_35.wav
1_0_3_17,train,Boredom,اس وقت تم نے ذکر ہی نہیں کیا پہلے بتا دیتی,مجبور تو میں ہوں,audio/1_0_3_17.wav
3_0_3_10,train,Boredom,محبت تماشا نہیں ہوتی,دیکھو فارعہ میں تمہیں ارام سے سمجھا رہا ہوں کہ گھر چلو,audio/3_0_3_10.wav
9_1_7_22,train,Sad,لیکن اس بے کوشی میں بھی وہ اپنا سارا دکھ بول گیا باولا,پتہ نہیں میرے بھولے کو دیکھ کر کیا کرے گی وہ,audio/9_1_7_22.wav
6_1_4_06,train,Disgust,ہاں ہاں تمہارے نعیم بھائی شام کو اؤں گا,ہر دوسرے دن منہ اٹھا کر ا جاتا ہے,audio/6_1_4_06.wav
2_0_4_02,train,Disgust,ان کے گھر والے انہیں ہمارے ہمارے اسرے پر یہاں بھیجتے ہیں کل کلاں کو کوئی بات ہو گئی تو کون جواب دے گا ان کی فیملی کو,وہ کہاں گیا ہے سلیم کہاں چلے گئے تھے تم,audio/2_0_4_02.wav
3_0_6_15,train,Neutral,کیا بات ہے گھر میں کوئی نہیں ہے,تو کیا نانی ماں گھنٹی کی اواز پر دروازہ نہیں کھولتی,audio/3_0_6_15.wav
7_1_7_29,train,Sad,باقی کیا ہے وہ سب کچھ نہیں کھاتا,میں اب اُس کے گھر نہیں جاؤں گی,audio/7_1_7_29.wav
2_0_7_39,train,Sad,ہر وقت ہمیں مرنے کی دھمکیاں دیتا تھا اج ہمیں چھوڑ کر چلا گیا,میں نے نہ کبھی ایسا سوچا ہے نہ مجھے کوئی ملا ہے,audio/2_0_7_39.wav
3_0_3_21,train,Boredom,اگر اپ اجازت دیں تو,میں روبینہ سے ایک بات پوچھوں,audio/3_0_3_21.wav
2_0_1_11,train,Angry,اٹھو ابھی اسی وقت اٹھو یہاں سے,دو کوڑی کا ایس ایچ او مجھے دھمکی دے رہا ہے,audio/2_0_1_11.wav
10_1_1_33,train,Angry,دن رات کام کرتی ہوں نوکری کرتی ہوں,بسوں میں دھکے کھاتی ہوں,audio/10_1_1_33.wav
2_0_7_43,train,Sad,بہت سوچ سمجھ کر فیصلہ کیا ہے,اس گھر میں بہت بے چینی ہے,audio/2_0_7_43.wav
9_1_2_21,train,Fear,دورہ سا پڑ جاتا ہے,اکثر نہیں بس کبھی کبھار,audio/9_1_2_21.wav
1_0_2_47,train,Fear,کرنی چاہیے تھی میں نے بالکل ٹھیک کیا,میں تو اللہ کا شکر ادا کرتا ہوں کہ میں نے اس سے بات کی اور اس کی حقیقت کھل کر سامنے اگئی,audio/1_0_2_47.wav
5_0_3_25,train,Boredom,سیدھا آپ کے گھر تشریف لے کے آگیا ہوں,کیا اِن چکروں میں پڑنا تڑنا,audio/5_0_3_25.wav
9_1_5_14,train,Happy,دونوں کے دل ایک دوسرے کے محبت کے لیے بھر دے,ارے السلام علیکم,audio/9_1_5_14.wav
2_0_1_36,train,Angry,تم اپنا منہ بند رکھو,یہ کس چیز کا بل ہے,audio/2_0_1_36.wav
10_1_5_31,train,Happy,کب آئے تھے آپ تو مجھے کچھ بتایا کیوں نہیں,مجھے ملوائیں گی اُن سے,audio/10_1_5_31.wav
3_0_3_46,train,Boredom,لیکن اس سے کیا فرق پڑتا ہے,دو چار سیگریٹ تو وہاں بھی پی لیتا تھا ایسی کوئی عادت نہیں ہے اس کو,audio/3_0_3_46.wav
6_1_7_34,train,Sad,کچھ بھی سمجھ نہیں آ رہا,تو مجھے کچھ سمجھ نہیں آ رہا,audio/6_1_7_34.wav
4_0_5_36,train,Happy,ہمیشہ لگتی ہو لیکن اج زیادہ لگ رہی ہے ہو,اپ دیکھ کیوں نہیں رہی ہیں میری طرف,audio/4_0_5_36.wav
5_0_2_21,train,Fear,یارا جی دعا کریں کہ وہ لڑکی بچ جائے,تو اس نے خودکشی کی یا کسی نے اسے چھت سے دھکا دیا,audio/5_0_2_21.wav
10_1_1_23,train,Angry,اُس وقت کیوں نہیں آواز اُٹھائی,میری ماں کے لیئے کیوں آواز نہیں اُٹھائی تم نے,audio/10_1_1_23.wav
8_1_3_21,train,Boredom,انہوں نے بتا تھا,اس استری میں تو زنگ لگا ہوا تھا,audio/8_1_3_21.wav
9_1_6_20,train,Neutral,بھلے گھرانوں میں ایسے تھوڑی شادیاں ہوا کرتی ہیں,ایک آدھ دن تو دو مجھے سوچنے کو,audio/9_1_6_20.wav
2_0_7_17,train,Sad,اور بہت اکیلا ہو گیا ہوں شاید مجھے تمہاری ضرورت ہے,اتنی بدنامی پہلے کبھی دیکھی نہیں,audio/2_0_7_17.wav
1_0_7_08,train,Sad,کمبخت نفرت نے کچھ سوچنا ہی نہیں دیا,جہاں ارا اس سے ملا ہوں تو ہو مجھے اندازہ ہوا ہے کہ,audio/1_0_7_08.wav
10_1_4_12,train,Disgust,میرے اور اس کے درمیان میں سات سمندر ہیں,میرے سامنے اسی فلم کا نام مت لیا کرو,audio/10_1_4_12.wav
3_0_5_50,train,Happy,ادب پہلا کرینہ ہے محبت کے کرینوں میں,پتہ چلا کہ اس کی بنا بنیاد میں بھی لے لے اور لے ہے,audio/3_0_5_50.wav
5_0_2_13,train,Fear,کیوں شوکت کو غصہ دلا رہی ہو معافی مانگو,کسی نے ایف ائی ار تک نہ لی,audio/5_0_2_13.wav
5_0_6_33,train,Neutral,اپ کو ایسا کیوں لگتا ہے کہ اس نے خودکشی کی,جی اپ بالکل صحیح کہہ رہے ہیں یہ ہمارا کام ہے,audio/5_0_6_33.wav
6_1_6_35,train,Neutral,فارغ بیٹھنے سے تو بہتر ہے میں آگے بڑھوں,اب میرا دل چاہتا ہے کہ میں آپ لوگوں کے لیئے کچھ کروں,audio/6_1_6_35.wav
1_0_2_09,train,Fear,منور تم فون نہیں کرو گے,بدر اپنے گھر فون لگا اور اپنے باپ کو بلا,audio/1_0_2_09.wav
10_1_7_13,train,Sad,صبح اُٹھتی ہوں تو ایسا لگتا ہے کہ ابھی اُسے ہاسپٹل لے کے جاؤں گی,پھر خیال آتا ہے کہ وہ تو ہے ہی نہیں,audio/10_1_7_13.wav
3_0_2_04,train,Fear,یہ سارا کچھ اتنا اسان نہیں ہے,کیا ہوا کیا ہے جو تم نے اچانک اتنا بڑا فیصلہ کر لیا,audio/3_0_2_04.wav
2_0_3_18,train,Boredom,تمیز نہیں ہے کسی اچھے محفل میں جانے کی,پھر کیوں نہ سمجھی والی باتیں کر رہی ہیں,audio/2_0_3_18.wav
6_1_6_14,train,Neutral,اُسکے شوہر نے عمرے پہ جانا ہے تو آپ کیا کرنے جا رہی ہیں,اچھا وہ مجھے صوبیہ کی طرف جانا ہے,audio/6_1_6_14.wav
5_0_4_37,train,Disgust,جا جا کر اندر بتا عامر خان ایا ہے,میمونہ سارا گھر ہی نمونوں کا ہے,audio/5_0_4_37.wav
4_0_6_33,train,Neutral,بنگلے والے جب کسی سامان سے بور ہو جاتے ہیں یا خراب ہو جاتا ہے تو گھر سے باہر نکال دیتے ہیں,اور مجھے بگڑی ہوئی چیزوں کو ٹھیک کرنے کا شوق ہے صاحب ٹھیک کر کے اپنے سرونٹ کوارٹر میں رکھ لیتا ہوں میرے ابا بھی یہی کرتے تھے,audio/4_0_6_33.wav
9_1_7_01,train,Sad,یہ تو صحیح کہ رہا ہے تو ویسے,اپنے نصیبوں کو رو رہی ہوں,audio/9_1_7_01.wav
7_1_4_33,train,Disgust,تمہارا یہ رُعب نا مجھ پر نہیں چلنے والا,چاہتے کیا ہو تم,audio/7_1_4_33.wav
1_0_4_32,train,Disgust,زندگی تو میری برباد کر گی تم,ارے شکر کریں اپا منور نے اس پر ایف ائی ار نہیں کٹوائی,audio/1_0_4_32.wav
2_0_4_34,train,Disgust,میں نہیں چاہتا میرا پیٹ خراب ہو جائے یہ لو,اچھا بس ٹھیک ہے زیادہ غصہ کرنے کی ضرورت نہیں ہے,audio/2_0_4_34.wav
5_0_6_19,train,Neutral,میں جانتا ہوں بہت اچھی طرح سے جانتا ہوں,بہت بڑے لوگ ہیں بہت امیر ہیں,audio/5_0_6_19.wav
5_0_1_17,train,Angry,ان کی لاش لے کر دردر میں جاتا رہا,ویسے بھی تفشیش کے کچھ سوالات اتنے کڑوے ہوتے ہیں,audio/5_0_1_17.wav
4_0_4_45,train,Disgust,نسون نکیہا سمجھ سے باہر,کیا بھی بگاڑا ہے میں نے زندگی کا جو اس نے یہ سلوک کیا ہے میرے ساتھ,audio/4_0_4_45.wav
2_0_2_05,train,Fear,اپ کا انتظار ہم کیوں کریں اپ کا انتظار تو مجرموں کو ہوتا نہیں,انشاءاللہ بہت جلدی ٹھیک ہو جائے گی بہتر یہی ہوگا کہ اپ اس معاملے کو رفع دفع کریں,audio/2_0_2_05.wav
1_0_2_26,train,Fear,لیکن اس کا یہ مطلب تو نہیں کہ اپ گھر چھوڑ کر جانے کی باتیں کریں,تمہارے تینوں بندوں کو مرتسم نے اٹھا لیا ہے,audio/1_0_2_26.wav
5_0_3_13,train,Boredom,تمہارا باپ اتنا بیمار نہیں ہوا,عادت بگڑ جائے گی,audio/5_0_3_13.wav
3_0_4_27,train,Disgust,جو حیثیت میں بیتے ہوئے ایک ایک لمحے کا حساب لیں گے تم سے,مطلب تم اچھی طرح جانتی ہو,audio/3_0_4_27.wav
1_0_3_16,train,Boredom,بہت مایوسی ہوئی ہے مجھے,اس وقت تم نے ذکر ہی نہیں کیا پہلے بتا دیتی,audio/1_0_3_16.wav
2_0_1_05,train,Angry,ائندہ گھر کی کوئی بھی لڑکی ڈرائیوروں اور ملازموں کے پاس کھانا نہیں لے کر جائے گی چاہے وہ بھوکے مر جائیں,تم لوگوں کو جو کوئی کہتا ہے تم لوگ یقین کر لیتے ہو,audio/2_0_1_05.wav
3_0_6_16,train,Neutral,تو کیا نانی ماں گھنٹی کی اواز پر دروازہ نہیں کھولتی,میرا مطلب ہے کسی لوہار یا درخوان کو بلا کر یہ کام کرا لیں,audio/3_0_6_16.wav
8_1_2_30,train,Fear,تمہارے ہاگے ہاتھ جوڑتی ہوں عمیر چھوڑ دو یہ زد خدا کے لیے چھوڑ دو,وہ تو اپنی ممتا کی خاطر مجبور ہو کر ائی ہیں تمہارے پاس,audio/8_1_2_30.wav
5_0_4_11,train,Disgust,ہٹاؤ اسے پرے کرو,مجھے لگتا ہے یہ ساری نحوست انہی پتلیوں کی وجہ سے ہے,audio/5_0_4_11.wav
10_1_4_42,train,Disgust,پتہ نہیں کیوں چھٹی فل کو اپنے گلے میں ڈال لیا,میں نے ایسا کیا کر دیا تیرے ساتھ,audio/10_1_4_42.wav
1_0_5_24,train,Happy,مجھے کیا ضرورت ہے بیٹی کے سامنے نمبر بنانے کی,اج ہی افس انے کی بات ہوئی اور اج ا بھی گئی ہے بیٹھو نہ بیٹھو,audio/1_0_5_24.wav
1_0_2_25,train,Fear,میں تو اللہ کا شکر ادا کر کرتا ہوں کہ میں نے گیتی کا رشتہ نہیں اس کے ساتھ کر دیا ورنہ میں تو اپنے اپ کو معافی نہیں کرتا,لیکن اس کا یہ مطلب تو نہیں کہ اپ گھر چھوڑ کر جانے کی باتیں کریں,audio/1_0_2_25.wav
9_1_6_32,train,Neutral,آپ جانتے ہیں کہ آپ کا بیٹا ہمیں کیا کہتا ہے,یہ سب کچھ تمہارے بابا کا کیا دھرا ہے,audio/9_1_6_32.wav
1_0_5_47,train,Happy,شانزے سو رہی ہے کیا,مانتے ہیں اس چیز کو کہ ہم بوڑھے ہو گئے ہیں,audio/1_0_5_47.wav
5_0_4_14,train,Disgust,ہاں دماد ہونے کا یہ مطلب نہیں ہے کہ تم حد پار کرو,کیا سمجھتے ہو تم,audio/5_0_4_14.wav
8_1_5_49,train,Happy,بس وہ چند لمحے ہی تو زندگی ہوتے ہیں,میرے پاس تو اپ کو دینے کے لیے کچھ بھی نہیں ہے,audio/8_1_5_49.wav
3_0_3_27,train,Boredom,تم ٹھیک کہتی ہو,تم اس کے حصے کا زیادہ وقت میرے ساتھ گزارنے لگی ہو,audio/3_0_3_27.wav
9_1_3_20,train,Boredom,ہائے اللہ صوبی,ارے کہاں جائے گا یہیں ہوگا,audio/9_1_3_20.wav
7_1_1_15,train,Angry,نہیں اپ لوگوں نے میرے ساتھ مذاق کیا ہے,میری تو کوئی مجھے فون ہی کر لیتے ہیں میری رائے پوچھنے کے لیے,audio/7_1_1_15.wav
2_0_5_26,train,Happy,ہمیں ملوانا تھا نا اس نے,رکھ دیا قدموں میں دل,audio/2_0_5_26.wav
4_0_7_34,train,Sad,سانس لینا تو میری اماں کے لیے بھی مشکل ہو گیا تھا منشی صاحب,کتنی مشکل ہوئی ہوگی نا اماں کو,audio/4_0_7_34.wav
3_0_2_11,train,Fear,پتہ نہیں کیا میں اول فول بک گیا,میں نا میں دراصل پتہ نہیں کیوں,audio/3_0_2_11.wav
6_1_7_35,train,Sad,تو مجھے کچھ سمجھ نہیں آ رہا,ایسا لگتا ہے جیسے میں میں ذرا ذرا کر کے ٹوٹنے لگی ہوں,audio/6_1_7_35.wav
4_0_1_22,train,Angry,سمجھ نہیں ا رہا تیری کیا بول رہا ہوں میں تجھ سے کہ ابا کو تمہاری ضرورت ہے ابا جو بیٹا مجھے میں دیکھنا تھا اگر تجھ میں دیکھ لیں گے تو کیا ہو جائے گا,اور میں میں ایک لمحے کے لیے بھی میرا نہیں سوچا تم نے,audio/4_0_1_22.wav
10_1_4_34,train,Disgust,یہ پنسورہ نہیں ہے جنتری ہے بدبخت,کہ اپ کو اچھے بھلے کا مطلب پتہ بھی ہے,audio/10_1_4_34.wav
6_1_6_02,train,Neutral,میں اور حیا شاپنگ کے لیئے جا رہے تھے سوچا نایاب کو بھی لے جائیں,نہیں شایان ہے نا میرے ساتھ کچھ نہیں ہوگا آپ دعا کریں,audio/6_1_6_02.wav
4_0_2_15,train,Fear,کچھ لمحہ دیر کر دیتا تو بغیر ڈولی کے رخصت ہو جاتی ہے یہ,کاشانہ پیرا کے مرد اتنے بغیرت نہیں ہیں کہ عورت پر ہاتھ اٹھائیں اماں,audio/4_0_2_15.wav
6_1_2_03,train,Fear,زمین تنگ کر دو,میرا ضمیر کیا کہہ رہا ہے کہ مجھے کیا کرنا چاہیے,audio/6_1_2_03.wav
4_0_4_43,train,Disgust,میری ایک بات یاد رکھنا ہمیشہ,اس کسی پہرے سے ڈرا ہے مراد اس رکاوٹ سے کب رکا,audio/4_0_4_43.wav
3_0_1_40,train,Angry,لیکن ہم اسے ہمارے اپنوں میں شامل نہیں سمجھتے,نئیے رشتے کی خاطر اپنے خون کے رشتوں کو بھولتے جا رہے ہیں,audio/3_0_1_40.wav
7_1_2_21,train,Fear,تو پھر اس میں میرا کیا قصور,میں رو اس لیے رہی ہوں کیونکہ میرے لیے یہ بڑی بات ہے,audio/7_1_2_21.wav
8_1_6_42,train,Neutral,ماں کی دعا کامیابی کا سینہ ہوتی ہے,اچھا چلیں کوئی بات نہیں اپ اپنے کام پر دھیان دیجیے,audio/8_1_6_42.wav
3_0_4_06,train,Disgust,کیا کرو گی اس طرح محفوظ ہو کہ,لیکن تم میری باتیں کہاں سمجھو گی,audio/3_0_4_06.wav
7_1_2_31,train,Fear,نہیں مراد یہ نہیں ہو سکتا یہ ہرگز نہیں ہو سکتا,نہیں کروں گی میں اس جھوٹے اور بزدل انسان سے بات,audio/7_1_2_31.wav
2_0_4_11,train,Disgust,تو پھر ٹھیک ہے جب ایف ائی ار کٹ جائے گی ہم اسی وقت انٹیروگیٹ ہوں گے,دیکھو منت اب اس گھر میں اس لڑکی کا ذکر نہیں ہوگا,audio/2_0_4_11.wav
7_1_5_35,train,Happy,یہ تو زبردست ہو گیا,قسمت نہ خود اڑ کے ائے گی تیری بہن کے پاس,audio/7_1_5_35.wav
4_0_4_08,train,Disgust,ہبچپن سے لے کر اج تک کی حفاظت کی ہے میں نے تمہاری,کل تم گاڑی لے کر گئے تھے نا پٹرول نہیں بھروایا,audio/4_0_4_08.wav
1_0_2_45,train,Fear,بات نہیں کریں گے کیوں بات نہیں کروں میں بیٹی کے متعلق بات ہے اور میں بات نہ کروں,تمہارا کیا خیال ہے مجھے اس سے بات نہیں کرنی چاہیے تھی,audio/1_0_2_45.wav
7_1_7_27,train,Sad,مجبور نہیں ہے وہ بزدل ہے,اور بزدل لوگ نا محبت نہیں کر سکتے,audio/7_1_7_27.wav
1_0_5_20,train,Happy,اسی لیے تو جا رہا ہوں,ضرور مجھے مس کر رہی ہوگی تم ہے نا,audio/1_0_5_20.wav
1_0_3_45,train,Boredom,کس کی کیا اوقات ہے یہ دولت نہیں وقت طے کرتا ہے,بہت ضروری کام ہے بھائی,audio/1_0_3_45.wav
1_0_4_09,train,Disgust,ھو میری بھی کیا زندگی ہے ایک عورت ملی اور وہ بھی دھوکہ دے کے چلی گئی,رہنے دو تم پڑھائی پڑھائی کی اتنی فکر ہوتی نا تو دو مضامین میں سپلی نہ اتی تمہاری,audio/1_0_4_09.wav
4_0_1_29,train,Angry,اماں اس سے میرا ہاتھ مانگنے نہیں گئی تھی جھوٹ بولا اماں نے یار مجھ سے,لیکن وہ گھٹیا شخص اس لائق ہی نہیں ہے وہ مرد کہلانے کے لائق ہی نہیں ہے,audio/4_0_1_29.wav
4_0_6_10,train,Neutral,بس پڑ جاتا ہوں یہاں سے ایک بس ہے جو سیدھا مذار پر جاتی ہے,اپ نے میرے حق میں گواہی دی اس کے لیے اپ کا شکریہ ادا کرتا ہوں,audio/4_0_6_10.wav
10_1_3_17,train,Boredom,کبھی میں نے سنی نہیں اپ کی اواز,پتہ نہیں ابا کو ہر بات پر حسن جہان ج کیوں یاد آ جاتی ہے,audio/10_1_3_17.wav
7_1_1_39,train,Angry,ہاں نہیں ملتے بھائی میرے مزاج کسی سے بھی,میں بتا رہی ہوں سب کے منہ پر تیزاب پھینک دوں گی میں,audio/7_1_1_39.wav
9_1_2_36,train,Fear,اور اس حالت میں ہم اسے تکلیف نہیں دے سکتے وہ پہلے ہی بہت دکھ میں ہے,خدا نہ کرے کچھ ہو گیا ایسا ویسا تو ہم کیا کریں گے,audio/9_1_2_36.wav
5_0_4_01,train,Disgust,ضابطے کی کاروائی ہے جی,پہلے انہیں بلایا تھا تو ان کے عقل گھاس چل رہی تھی,audio/5_0_4_01.wav
8_1_4_28,train,Disgust,اور وقت کی سوئیاں اپ کے منتظر رہیں,نہ کیا کریں اپ ایسی باتیں میں اپ کو چھوڑ کر کہیں نہیں جانے والی,audio/8_1_4_28.wav
6_1_7_41,train,Sad,روتی رہتی ہوں کہ شاید وہ کبھی میری سسکی کوئی آہ سن لے مگر,میری آواز تک نہیں سننا چاہتا,audio/6_1_7_41.wav
10_1_7_31,train,Sad,میرا باپ میری ماں کا قاتل ہے,نہیں میری امی کے پاس جاؤ,audio/10_1_7_31.wav
3_0_7_38,train,Sad,اس لیے کہ یہ چھوٹا سا لفظ تمہارے دکھ اور میری ندامت کا مدا نہیں بن سکتا,میں تو تم سے اپنے گناہ کی سزا کی بھیک مانگنے ایا ہوں,audio/3_0_7_38.wav
7_1_7_04,train,Sad,میں بڑے بھیا سے جھوٹ نہیں بولنا چاہتی,پھر اپنے بڑے بھیا کا اعتبار نہیں کھو سکتی,audio/7_1_7_04.wav
7_1_3_23,train,Boredom,نہیں باجی ایسی بات نہیں ہے,اپ کو اماں جی نے نہیں بتایا میں کسی کا احسان بھی نہیں لیتی,audio/7_1_3_23.wav
1_0_3_04,train,Boredom,اس لیے کہ میں نے کبھی پیار سے اس کو بولا ہی نہیں ہے,ہاں مگر روح بن کر زندگی کو ضرور نگل جاتی ہے,audio/1_0_3_04.wav
7_1_6_25,train,Neutral,تم تو بہت جلدی گھبرا گئی,اپ ناراض تو نہیں ہیں مجھ سے,audio/7_1_6_25.wav
10_1_2_50,train,Fear,ابا اپ ٹھیک تو ہیں نا ابا,مجھے کچھ ہو جائے گا یہاں پہ,audio/10_1_2_50.wav
5_0_7_23,train,Sad,میں کہتا ہوں کہ میری نہیں تو اپنی بیٹیوں کا تو سوچو,نہ دولت نا عزت,audio/5_0_7_23.wav
7_1_5_09,train,Happy,جیسے کہ لڑائی جھگڑا,اسی خوشی میں پزا پارٹی میری طرف سے,audio/7_1_5_09.wav
1_0_7_04,train,Sad,اور اس کی سزا میں نے تمہیں بھی دی,دل میں تھوڑی گنجائش پیدا کر لیتا تو تین زندگیاں اسان ہو جاتی,audio/1_0_7_04.wav
6_1_4_11,train,Disgust,یار جو میں سوچتی ہوں اس نیں یہ کہیں بھی فٹ نہیں ہوتا,اور جس کو اپ انکھ بھر کر نہ دیکھ سکو اس کے ساتھ پوری زندگی کیسے گزاری جا سکتی ہے,audio/6_1_4_11.wav
2_0_2_26,train,Fear,قانون کی انکھوں پر تو ہم پٹیاں باندھ دیتے ہیں لیکن ضمیر کو اندھا کون کرے,نہیں میں تو یہ یہ کہہ رہا تھا,audio/2_0_2_26.wav
4_0_2_10,train,Fear,بالکل اس اگ کی طرح جو انسان کے اندر انتقام میں جلتی ہے اور اس کے اندر کو جل کر راکھ کر دیتی ہے,پتہ نہیں عجیب سی بے چینی ہے ایسے جیسے کوئی چھن گیا ہو,audio/4_0_2_10.wav
10_1_1_13,train,Angry,جب میری غلطی تھی سارے الزامات بھی سہے اور ماریں بھی سہیں آپ لوگوں کی,آج اپنی ذات پہ ایک بھی الزام برداشت نہیں کروں گی میں,audio/10_1_1_13.wav
6_1_3_13,train,Boredom,اب یہ صبح صبح تجھے مجھ سے کیا کام ہے,ویسے تیری ساری حرکتیں ماؤں جیسی ہیں,audio/6_1_3_13.wav
3_0_1_19,train,Angry,اپنے بیٹے کی ازمائشیں دیکھو,تھم کے رہو رقیہ بیگم شوگن والے دن اناب شناب بول رہی ہو,audio/3_0_1_19.wav
2_0_1_50,train,Angry,مجھے بتاؤ گے نہیں تو جان سے مار ڈالوں گا تمہیں,انکھیں نیچی کرو اب جواب میں ابھی تم تھپڑ مارو گی,audio/2_0_1_50.wav
2_0_2_29,train,Fear,ایک حیا کو ملا اور ایک مجھے تمہارے کمرے میں تمہاری پھٹی ہوئی شیروانی کے بٹن پر اٹکا ہوا ملا,نہیں میں نے اس سے جھمکا لے لیا,audio/2_0_2_29.wav
5_0_3_38,train,Boredom,ہاں تو تم بھی پیسے بناؤنا,یہ چلی گئی گئی واپس نہیں آنے والی,audio/5_0_3_38.wav
10_1_6_47,train,Neutral,میرا نصیب لینا چاہو تو کبھی بھی مانگ لینا ہاتھ جوڑ کر دے دوں گی,اُسکا کوئی اتا پتا ہے,audio/10_1_6_47.wav
3_0_2_01,train,Fear,اس شہزادہ کو گھر سے باہر کی سختیوں کا کیا پتا,کیا ہوا فارعہ,audio/3_0_2_01.wav
1_0_3_06,train,Boredom,لاکھ ان کو دل سے نکالنا چاہو نہیں نکلتے,مگر کچھ رشتے ٹوٹ کر بھی دل میں تعلق بن کر کھڑے رہتے ہیں,audio/1_0_3_06.wav
6_1_1_46,train,Angry,دھمکی دے رہا ہے مرد بنا پھر رہا ہے,شرم نہیں اتی مجھے اور میری مری ہوئی ماں کو اس سے گالیاں دلاتے ہوئے,audio/6_1_1_46.wav
6_1_7_31,train,Sad,میرے حصّے میں جو قرب آنا تھا وہ تو آچکا ہے سر,آسکا صرف ایک ہی مقصد ہوتا ہے اُس وعدے کو توڑنا,audio/6_1_7_31.wav
8_1_3_16,train,Boredom,مجھے لگتا ہے چوٹ کا اسر تمہارے دماغ پہ ہو گیا ہے,اپ نا ماما کو مت بتائیے گا,audio/8_1_3_16.wav
1_0_3_32,train,Boredom,ہاں گیا ہوں تو پتہ چلا ہے,فیکرٹری گیا تھا کچھ گڑبڑ لگ رہی ہے مجھے وہاں پر,audio/1_0_3_32.wav
4_0_6_03,train,Neutral,تیرا بھائی ہونے ہونے پر فخر محسوس ہوا ہے مجھے ورنہ ابا نے ایک دفعہ اسے حکم دیا اور اس نے مان لیا,میں بھی ابا کی بہت عزت کرتا ہوں کبھی ان کا حکم ٹال نہیں سکتا لیکن اگر وہ مجھ سے مانگتے,audio/4_0_6_03.wav
4_0_3_12,train,Boredom,تھوڑی دیر کے لیے آیا ہے بخار چلا جائے گا,ہاں ماں جی وہ تو مجبوری ہے وہ تو آنا پڑے گا,audio/4_0_3_12.wav
6_1_6_50,train,Neutral,تو اُن کا وقت پہ اور خود پہ اختیار نہیں ہوتا,اُسکی تو الف ب بھی نہیں آتی تھی مجھے,audio/6_1_6_50.wav
6_1_6_16,train,Neutral,یار کوئی ضروری کام تھا,صوبیہ شرافت کے ساتھ زندگی نہیں گزرتی,audio/6_1_6_16.wav
10_1_1_26,train,Angry,یہ گھر گاڑی پراپرٹی بزنس سب کچھ چھین جاتا,اسی لیئے نہیں بولے تم,audio/10_1_1_26.wav
9_1_4_36,train,Disgust,یہی سکھایا ہے تمہارے ماں باپ نے,بس بھوت سوار تھا سر پہ اور کیا,audio/9_1_4_36.wav
6_1_5_03,train,Happy,ائی ائی ائی ائی ائی ائی ائی ائی ائی,چڑیا گھر ہے میرے لیے,audio/6_1_5_03.wav
4_0_4_21,train,Disgust,اگر میں تم سے عزت نیک نامی کا سودا کرنا چاہتا ہوں تو بدلے میں تم بھی بدنامی اور رسوائی کے ازمائش سے گزارنا چاہتی ہو مجھے سوداگر تو تم بھی ہو زوہرا,کیا فرق ہے مجھ میں اور تم میں,audio/4_0_4_21.wav
10_1_5_10,train,Happy,کیا مردانہ وجاہت ہے,جیسے بھی آیا میں خوش ہوں,audio/10_1_5_10.wav
3_0_4_22,train,Disgust,اور راجہ صاحب اپ اپنی پرابلم کی بات کریں,شادی شدہ انسان جو اس کا بہنوئی تھا,audio/3_0_4_22.wav
7_1_5_43,train,Happy,ان کی تو بڑی عزت ہوگی,تمہیں پتہ ہے میرے گاؤں میں نا ایک اماں جنتیں ہیں,audio/7_1_5_43.wav
7_1_2_26,train,Fear,نہیں بس ہم نکل رہے ہیں,میں اس لڑکے کو جواب دے چکی ہوں انکار کر چکی ہوں,audio/7_1_2_26.wav
4_0_4_48,train,Disgust,اور جا جا کر اماں کو روک مجھے نہیں کرنی شادی وادی,اپ سے بات کرنی ہے مجھے کچھ پوچھنا ہے اپ سے,audio/4_0_4_48.wav
2_0_5_16,train,Happy,انگلیاں چاٹتی رہ جاؤ,کیا بات کر دی تم نے ابھی لایا,audio/2_0_5_16.wav
6_1_7_12,train,Sad,ابو کی طبیعت ٹھیک نہیں ہے ہاسپٹل میں کھڑے ہوئے ہیں,ایسا تو نہ کریں امی اگر آپ حوصلہ چھوڑ دیں گی تو پھر میرا کیا بنے گا,audio/6_1_7_12.wav
6_1_7_30,train,Sad,جب غم دوست سے ملا ہو تو کسی دوست سے شیئر کرتے ہوئے بہت ڈر لگتا ہے,میرے حصّے میں جو قرب آنا تھا وہ تو آچکا ہے سر,audio/6_1_7_30.wav
7_1_4_02,train,Disgust,یا تو پڑھ پڑھ کے سڑ گیا ہوتا ہے,مجھے کیوں دے رہی ہو اپنے بچوں کا جھوٹا,audio/7_1_4_02.wav
1_0_5_41,train,Happy,ظاہر ہے اتنا اہم مہمان ا رہا ہے تو اس سے ملنا تو ہے نا,میں اسے جانتا ہوں کون ہے وہ,audio/1_0_5_41.wav
6_1_6_25,train,Neutral,میرا خیال ہے کہ نام ہی ٹھیک ہے,میں سمجھی آپ سو رہے ہیں کیسی طبعیت ہے آپکی,audio/6_1_6_25.wav
2_0_5_04,train,Happy,ظاہر ہے اس میں کچھ تھا ہی نہیں گھر تو انا تھا,کہاں ہیں اپ کا دوست عمر,audio/2_0_5_04.wav
9_1_1_33,train,Angry,سمجھا دے اسے,اج کیا مطلب میں جھوٹ بول رہی ہوں,audio/9_1_1_33.wav
5_0_3_42,train,Boredom,سر بلائیں گے ضرور بلائیں گے کیوں نہیں بلائیں گے,او یار ایسے کر یہاں نا بھاگ کے نا,audio/5_0_3_42.wav
6_1_3_40,train,Boredom,شاید ماں بھی بیٹی کو ایک بیٹی سمجھتی ہے,میرا صُوبیہ کے گھر جانے کا بھی دل نہیں چاہ رہا,audio/6_1_3_40.wav
10_1_4_49,train,Disgust,اخر میرا کیا قصور ہے بابا,تماشا میں نے ہی کر رہی ہوں,audio/10_1_4_49.wav
2_0_1_03,train,Angry,کتنی دفعہ میں نے منع کیا نہیں سمجھ اتا تم لوگوں کو,اوے کا اوا ہی بگڑا ہوا ہے اب کان کھول کر سن لو تم سب لوگ,audio/2_0_1_03.wav
10_1_5_35,train,Happy,میں نے پہچان لیا,بہت خوبصورت جگہ ہے,audio/10_1_5_35.wav
7_1_2_32,train,Fear,نہیں کروں گی میں اس جھوٹے اور بزدل انسان سے بات,وہ بت بن کر کیوں بیٹھا ہوا ہے کچھ بول کیوں نہیں رہا ہے,audio/7_1_2_32.wav
9_1_6_41,train,Neutral,تمہارے لیئے بہت ضروری تھا یہ,اور گھومنے پھرنے کا کیا ہے وہ تو ساری زندگی چلتا رہتا ہے,audio/9_1_6_41.wav
4_0_3_48,train,Boredom,لیکن میں تو وہ ہوں نا,میں یہاں اکیلا نہیں آتا بچپن میرے ساتھ آتا ہے,audio/4_0_3_48.wav
5_0_7_24,train,Sad,نہ دولت نا عزت,اج کے بعد میں اپ جیسے غریب لوگوں کو میں منہ بھی نہیں لگاتا میں بیٹا,audio/5_0_7_24.wav
4_0_3_46,train,Boredom,یہ میرے میرے جیسا تو نہیں ہے نا ہیں نا نہیں ہے نا,ممم میرے جیسا نہیں ہونا چاہیے یہ,audio/4_0_3_46.wav
4_0_6_49,train,Neutral,کم ہے میری زندگی میں بہت لیکن ہے کچھ محسن,اچھائی کیا ہوتی ہے اگر کوئی یہ سوال کرے تو مرید اپ کا نام لے گا,audio/4_0_6_49.wav
8_1_6_39,train,Neutral,شکر ہے تم اگئے ہو,اور کشمالہ کو واپس گھر بھیج سکو,audio/8_1_6_39.wav
9_1_7_32,train,Sad,ہوسکے تو اپنی بہن خوشیوں میں شریک ہوجانا,اپنی غلطیاں اپنی کوتاہیاں اپنی خطائیں,audio/9_1_7_32.wav
6_1_2_34,train,Fear,کتنی دیر سے انتظار کر رہی تھی کہاں تھے تم,کچھ روز سے اوپر نہیں مل سکتے,audio/6_1_2_34.wav
6_1_7_45,train,Sad,ایسے میں تو خدا بھی مان جاتا ہے وہ کیوں نہیں مانتا ہے,یہ میں نے اپنے ساتھ کیا کر لیا ہے,audio/6_1_7_45.wav
9_1_2_26,train,Fear,خدا کے لیے سمجھو بات کو,خیر اب کیا ہو سکتا ہے جو قسمت میں اب وہی ہوگا نا,audio/9_1_2_26.wav
2_0_3_49,train,Boredom,تم نے اس سے کہا ہے ائندہ یہاں نہیں اؤں گی,اپ نے سنا نہیں تھا اس نے کیا کہا تھا,audio/2_0_3_49.wav
5_0_1_18,train,Angry,ویسے بھی تفشیش کے کچھ سوالات اتنے کڑوے ہوتے ہیں,یہ یہاں پر خود خوشی ہوئی ہے اور خودکشی جرم ہے,audio/5_0_1_18.wav
2_0_5_40,train,Happy,میرے سامنے کھڑا ہے چودری نزاکت چل شروع ہوجا,بس پھیلا دیا عوام نے,audio/2_0_5_40.wav
8_1_3_14,train,Boredom,تم بھی عجیب ہو,اپنی تکلیف سے زیادہ تمہیں میری نیند پیاری ہے,audio/8_1_3_14.wav
10_1_3_24,train,Boredom,پتہ نہیں,اگلے ہفتے پھر جانا ہے,audio/10_1_3_24.wav
1_0_6_37,train,Neutral,اور اس کے لیے تمہارے علاوہ میرے پاس کوئی ایسا آدمی نہیں ہے جس پر میں اعتبار کر سکوں,اچھا خیر یہ بتاؤ کہ وہ فہد کے بارے میں بات کی ہے تم نے یا نہیں,audio/1_0_6_37.wav
8_1_4_06,train,Disgust,پلیز جاؤ اور جا کر اسے سنبھالو,اور تمہاری یہ موم کہاں جا رہی ہیں وہ گھر پہ ہی ہیں نہ,audio/8_1_4_06.wav
10_1_7_07,train,Sad,میں پاگل ہو رہی ہوں پاگل ہوگئی,لیکن آزمائش ختم نہیں ہورہی,audio/10_1_7_07.wav
1_0_1_26,train,Angry,جانتے ہو کہ میں کیا کر سکتا ہوں,سالے ڈر کے شہر میں کہیں بھاگ گئے,audio/1_0_1_26.wav
9_1_1_28,train,Angry,ارے کلیجہ منہ کو اگیا میرے,پر کچھ عقل نہیں ائی اس کو ہوش پھرتی رہتی ہے سارا دن,audio/9_1_1_28.wav
1_0_6_32,train,Neutral,جمیل صاحب بتا رہے تھے کہ کل تم کراچی گئے تھے,کوئی ایسی بات نہیں ہے وہ گاڑی اب تمہارے استعمال میں رہے گی,audio/1_0_6_32.wav
7_1_7_02,train,Sad,بڑے بھیا کو روکنا اب کسی کے بس کی بات نہیں ہے مراد,جیسا تم سمجھ رہے ہو نا ویسا کچھ ہے نہیں لیکن,audio/7_1_7_02.wav
9_1_5_07,train,Happy,ارے کیسی باتیں کر رہی ہوں ایک دن سے کیا ہو گا,او ماسد کے جائے یہ عید نہیں ہے,audio/9_1_5_07.wav
9_1_1_14,train,Angry,اور تمہاری نشان کو کیا ہے ایک کوئلا گوبھی جلا ہوا,اور اس وقت ہم تمہاری کوئی مدد نہیں کر سکتے اسی لیے بہتر ہوگا کہ اب بھی سمجھ جاؤ,audio/9_1_1_14.wav
2_0_2_06,train,Fear,انشاءاللہ بہت جلدی ٹھیک ہو جائے گی بہتر یہی ہوگا کہ اپ اس معاملے کو رفع دفع کریں,اس کی محبت اور خلوص کے لیے بدتمیزی کرنے کے لیے,audio/2_0_2_06.wav
1_0_6_34,train,Neutral,یہ اپ کا گھر ہے اور ہم سب کے دل میں اپ کی بہت عزت ہے,ہاں بلانا تو ہے تمہیں اس لیے خود انے کی زحمت کی ہے,audio/1_0_6_34.wav
4_0_5_03,train,Happy,جب ایسی لڑکی مل جائے گی تو بتا دیجیے گا میں کر لوں گا شادی,ارے نامراد صاحب اتنے تکلف کی کیا ضرورت تھی,audio/4_0_5_03.wav
10_1_4_13,train,Disgust,میرے سامنے اسی فلم کا نام مت لیا کرو,اور نہ ہی مومن کا نام لیا کرو,audio/10_1_4_13.wav
8_1_7_30,train,Sad,اس حادثے نے تو جیسے مجھے ذہنی طور پر معوف کر دیا ہو,اگر یہ ننھا وجود میرے ساتھ نہ ہوتا تو شاید میں پاگل ہو جاتی,audio/8_1_7_30.wav
2_0_6_09,train,Neutral,جہاں تک مجھے یاد پڑتا ہے وہ تو اپنے سر انکھوں پر بٹھاتی ہمیشہ اسے,بلکہ وہ تو میرے سر پر سوار تھی کہ میرے چھوٹے بھائی کی شادی نایاب سے کرا دی جائے,audio/2_0_6_09.wav
8_1_7_40,train,Sad,بس دعا کرو زین اللّٰہ مجھے اتنی ہمت دے,کہ میں اس آزمائش سے پوری اُتر سکوں,audio/8_1_7_40.wav
7_1_6_38,train,Neutral,نہیں امی میں سمجھ چکی ہوں اپ کے اب کلچر کو,میرے لیے تو دونوں ہی ایک برابر ہیں,audio/7_1_6_38.wav
7_1_2_48,train,Fear,بہتر ہے اپ اسی وقت یہاں سے تشریف لے جائیے اپ کی امی اپ کی راہ دیکھ رہی ہوں گی گھر پر,وہ اپنی ماں کو تو صرف نہیں چھوڑ کے گیا تھا نا,audio/7_1_2_48.wav
10_1_2_01,train,Fear,میں ابھی اپنے تایا ابو کو اُٹھاتی ہوں تایا ابو,ارے عزت تو میری پیر کی جوتی پر ہے,audio/10_1_2_01.wav
6_1_3_18,train,Boredom,نہیں سر وہ,نہیں سر ایسی کوئی بات نہیں ہے وہ,audio/6_1_3_18.wav
5_0_3_40,train,Boredom,چا چا جی ذرا سمجھنے کی کوشش کرو,ڈر تو ایسے رہا ہے جیسے تم ہی مندر ہو تم ہی پوجا ہو,audio/5_0_3_40.wav
6_1_1_18,train,Angry,خدا کے واسطے میرے دروازے پہ دوبارہ نہ انا,مجھے یہ سمجھ نہیں ا رہی ہر کوئی مجھے کیوں سکھانے ا جاتا ہے,audio/6_1_1_18.wav
8_1_1_12,train,Angry,میرے سامنے مت انا تم,بند کریں یہ کیمرہ سمجھ نہیں ارہی ہے یہ بات,audio/8_1_1_12.wav
10_1_6_06,train,Neutral,سلیم بھائی کسی طرح آج ہی کروا دیں,کوئی تھوڑی بہت ہی رقم دلوا دیں,audio/10_1_6_06.wav
1_0_7_23,train,Sad,اللہ کی مرضی تھی بیٹا اور اللہ کے ہر کام میں بہتری ہوتی ہے,اب تجھے یہ اپنا فرض نبھانا ہے ایمانداری سے,audio/1_0_7_23.wav
9_1_4_13,train,Disgust,ارے چپ کر یہ دانت اپنے پردے میں رکھا کر,منھوس کہیں کی سالوں میں نے اس کا گھر چلایا ہے,audio/9_1_4_13.wav
9_1_1_50,train,Angry,نہ کر ایسی بات میرا خون کھول رہا ہے پہلے ہی,ایسی خبیث ڈھیٹ ہڈی ہے,audio/9_1_1_50.wav
1_0_2_41,train,Fear,یہ یہی چیز تو تمہیں سمجھا رہا ہوں,کہ وہ میرے کسی دوست کا بیٹا نہیں ہے اجنبی ہے وہ,audio/1_0_2_41.wav
5_0_7_09,train,Sad,جا اس سے پوچھ کہ اس کا کس کے ساتھ چکر چل رہا ہے کیا بدلہ لے رہی ہے مجھ سے,تمہیں کیا پروا تم ایک ازاد عورت ہو جس کی کوئی حدیں بھی نہیں ہے,audio/5_0_7_09.wav
2_0_6_40,train,Neutral,یہ ہمارا ذاتی معاملہ ہے بس گھر میں ہی رہے تو اچھا ہے,اپ اسے اندر لے لے جائیں مجھے کچھ کام کرنا ہے,audio/2_0_6_40.wav
8_1_5_20,train,Happy,کبھی کبھی پہیلیاں بجھوانے میں مزہ اتا ہے,میں اتنی بھی بورنگ نہیں ہوں جتنا اپ سمجھتے ہیں ابھی تو نہیں بتاؤں گی,audio/8_1_5_20.wav
10_1_4_18,train,Disgust,نفرت کا لفظ سامنے اتا ہے تو اس کا چہرہ ا جاتا ہے,وہ اس قابل بھی نہیں ہے کہ میں اس کا نام لوں,audio/10_1_4_18.wav
9_1_3_03,train,Boredom,ارے بینوں کیا پوچھتی ہو,پوچھا تھا میں نے اس نے اپنی الف لیلیٰ شروع کر لی,audio/9_1_3_03.wav
8_1_7_20,train,Sad,صدمے اور تکلیف سے نڈھال ہوں میں,کہیں بھی چلی جاؤں گی,audio/8_1_7_20.wav
2_0_1_22,train,Angry,میں تم سے بات کر رہا ہوں جو پوچھا رہا ہوں جواب دو,خبردار جو میرے سامنے مہر کے لیے ایک لفظ بھی اپنے منہ سے نکالا تو,audio/2_0_1_22.wav
3_0_1_44,train,Angry,پیدل چلنا بھی نہیں اتا,لیکن اس گھر میں رہنے کے کچھ ایسے اصول ہیں,audio/3_0_1_44.wav
8_1_5_24,train,Happy,کوثر قضا کی سیڑھی اتر کر مجھ سے ملنے اتی ہے,شام کہاں سے اسمانی میرا انچل دھانی,audio/8_1_5_24.wav
6_1_6_17,train,Neutral,صوبیہ شرافت کے ساتھ زندگی نہیں گزرتی,تمہارا منگیتر کچھ نہیں لاتا تمہارے لیئے,audio/6_1_6_17.wav
8_1_7_45,train,Sad,تم سے میں نے یہ وعدہ کیا تھا کہ اس گھر سے کبھی رشتہ اور ناطہ نہیں توڑوں گی,میں جب بھی کسی سے محبت کرتی ہوں کسی کے کلوز آتی ہوں چھوڑ کر چلا جاتا ہے,audio/8_1_7_45.wav
6_1_5_23,train,Happy,کھا لیں میاں مٹھو ناراض ہے مجھ سے کھا لو,ہیلو امی کیسے ہیں اپ,audio/6_1_5_23.wav
10_1_7_17,train,Sad,میں ڈھیٹ ہو گئی ہوں ماسٹر صاحب,میں بہت گناہگار ہوں,audio/10_1_7_17.wav
1_0_7_29,train,Sad,پھر تم نے اسے پھانسی دلوا دی یا عمر قید دلوا دی تو,میرے پاس کچھ نہیں بچے گا,audio/1_0_7_29.wav
5_0_7_19,train,Sad,ویسے بھی ان کو چلانا گھر میں رکھنا ہمارے لیے تکلیف کا ہی باعث ہوتی ہے,تمہاری ماں بھی مر گئی اور پھر یاسمین کی پریشانیاں بھی تمہارے سامنے ہیں,audio/5_0_7_19.wav
2_0_6_33,train,Neutral,تصویریں یہ سارے سیمپلز ہم نے بھیج دیے ہیں,شیان کے گھر کی میڈ کو اور ان کی وائف کو یہاں بلا لیا ہے اب اپ بات کر سکتے ہیں,audio/2_0_6_33.wav
9_1_2_05,train,Fear,میں ڈھونڈ ڈھونڈ کر تھک گئی پورے گھر میں,کیا مطلب کیا مطلب بھولے کو ڈھونڈا کیا تعلق اس کا,audio/9_1_2_05.wav
9_1_3_11,train,Boredom,ابھی تو زندہ ہوں میں ہوں اس کے سامنے,جب میری انکھیں بند ہو جائیں گی تو کیا ہوگا اس دیوانے کا,audio/9_1_3_11.wav
8_1_2_23,train,Fear,اس طرح اپ کچھ کرتے کیوں نہیں ہیں,اس لیے ہمارے پاس ا کر شرمندہ ہونے کی ضرورت نہیں ہے,audio/8_1_2_23.wav
9_1_4_12,train,Disgust,اوئے اب تو سورج بھی اگ برس رہا ہوگا اس کے منہ پہ ہڈیاں بھنوائے گا اپنی,ارے چپ کر یہ دانت اپنے پردے میں رکھا کر,audio/9_1_4_12.wav
5_0_6_11,train,Neutral,ہم سب کی ڈورے اللہ تعالی کے ہاتھوں میں ہیں جسے چاہے چھوڑ دے جسے چاہے کھینچ دے,جی جی میں کپڑے لے ایا تھا گھر پہ ہی لے ایا تھا,audio/5_0_6_11.wav
9_1_4_47,train,Disgust,سارے رشتے قانونی ترازو پر نہیں ماپے جاتے,سارا دن اب بورا گزرے گا میرا,audio/9_1_4_47.wav
2_0_3_13,train,Boredom,جا کر سو جاؤ بہت دیر ہو گئی ہے,لگتا ہے مجھے سارے گھر کے نوکروں کو نکالنا پڑے گا تاکہ تمہیں پھر سے کافی بنانی ا جائے,audio/2_0_3_13.wav
2_0_4_40,train,Disgust,کم از کم اج میں ضمیر کی عدالت میں سرخرو ہو گیا کہ میں نے تمہیں ایک لاسٹ چانس دیا,تمہاری یہ ہٹ دھرمی یہ انداز مجھے اور میرے گھر کو قبول نہیں ہے,audio/2_0_4_40.wav
9_1_2_25,train,Fear,اور تم نے دیکھ لیا اپنے بھائی کے کرتوت,خدا کے لیے سمجھو بات کو,audio/9_1_2_25.wav
4_0_5_48,train,Happy,جو اپ چھ چھ فون لے کر رکھتی ہیں,نمرا کے دو مہینے اچھے گزریں گے,audio/4_0_5_48.wav
9_1_7_17,train,Sad,ارے تین ٹانکے لگے ہیں میرے بچے کو تین,میرا بچہ بخار کے بعد اتنی کمزوری کی حالت میں گھر سے نکلا ہے,audio/9_1_7_17.wav
9_1_2_19,train,Fear,ارے ایسے کیسے دورہ پڑھ سکتا ہے,بس میرا بچہ بس بس میرا بچہ,audio/9_1_2_19.wav
5_0_1_42,train,Angry,خاموش,نکل جائے اس کے اندر سے,audio/5_0_1_42.wav
6_1_2_12,train,Fear,یار اسمانوں پر بیٹھا ہوا ہے اتنا بد ذوق نہیں ہے,اور اج جو بھی تم نے میرے ساتھ کیا ہے نا اس کے بعد میں تم سے ڈر گئی ہوں,audio/6_1_2_12.wav
8_1_6_25,train,Neutral,کہ ڈیڈ جو میاں بیوی کا رشتہ ہوتا ہے نہ اسے چار دیواری کے اندر میاں بیوی جانتے ہیں,یہاں تک کہ بہت کچھ ایسا تھا جسے میں نے اگنور بھی کیا,audio/8_1_6_25.wav
5_0_3_34,train,Boredom,آ با با جی یہ بات دراصل یہ ہے کہ یہ معاملہ بہت ہی نازک ہے,ذرا آہستہ آہستہ آہستہ آگے بڑہیں گے,audio/5_0_3_34.wav
1_0_6_45,train,Neutral,میں کل پہلے ان سے ذرا میٹنگ کر لوں پھر اس کے بعد بھیجتے ہیں,ہاں چلو کل افس اتا ہوں تو بات کرتے ہیں,audio/1_0_6_45.wav
1_0_6_31,train,Neutral,ملازم سمجھ کر نہیں بیٹا سمجھ کر لے کر جا رہا ہوں,جمیل صاحب بتا رہے تھے کہ کل تم کراچی گئے تھے,audio/1_0_6_31.wav
7_1_5_11,train,Happy,تو اپ ان سے بات کر لے نا جلدی سے ہیں,ہا ہا ہا ہاہا,audio/7_1_5_11.wav
9_1_4_40,train,Disgust,نہیں ابھی نہیں لگانا کیا جلدی ہے تمہیں,دس تو روز ھی بجتے ہیں کوئی نئی بات ہے,audio/9_1_4_40.wav
5_0_5_45,train,Happy,او نازلین کیا حال ہے بائے بائے ٹاٹا,ہاں میں تو پھر میں تو بس انتظار ہی کرتا رہ گیا,audio/5_0_5_45.wav
9_1_2_17,train,Fear,ارے انکھیں تو کھول ادھر اماں کو دیکھ,بھولے ادھر مجھے دیکھ ارے اماں کو دیکھ نہ,audio/9_1_2_17.wav
1_0_7_21,train,Sad,میں جانتا ہوں تیری ماں فریحہ کے دیور کے ساتھ تیری شادی کرنا چاہتی تھی,وہ نہیں کر سکی بدر کے ساتھ ہو گئی جیسے بھی ہوئی جس حال میں بھی ہوئی,audio/1_0_7_21.wav
5_0_1_11,train,Angry,اگر ان کی نظریں مل گئی تو کیا قیامت اگئی ہے,کوئی نئی بات نہیں ہے,audio/5_0_1_11.wav
10_1_5_08,train,Happy,نہیں ابّا میں پھر بھی بس میں ہی آیا کروں گی,یہ کیا خیالی پلاؤ پک رہا ہے ابا,audio/10_1_5_08.wav
5_0_1_39,train,Angry,او بھائی او میاں او پپو,بچیا بڑا شوق ہے تجھے دیکھنے کا ا بیٹا دیکھ,audio/5_0_1_39.wav
10_1_2_46,train,Fear,یا اللہ میرا دل بہت گھبرا رہا ہے,ارے کمبخت کہاں رہ گیا,audio/10_1_2_46.wav
8_1_6_50,train,Neutral,تم خود دیکھو اپنی ڈریسنگ کو وہاں کے ویٹرز نے ایسی ڈریسنگ کی ہوئی تھی,لیکن اس نے مجھ سے شادی کی تاکہ میرے سٹیٹس اور میرے نام کو کیش کر سکے,audio/8_1_6_50.wav
9_1_3_40,train,Boredom,بے وفائی کی اگ میں جلایا تم نے اسے,جلا کر راکھ کر دیا پھر بھی کہتے ہو شکایت کیسی,audio/9_1_3_40.wav
10_1_6_36,train,Neutral,تم تو مجھے جانتے ہو تمہی یہ بات کر رہے ہو,میرے پاس آپ لوگوں سے بات کرنے کی فُرصت نہیں ہے,audio/10_1_6_36.wav
8_1_5_30,train,Happy,پھر انے کا وعدہ کیا تو میں بھی تب ہی مانی,بہت چاہتے تھے نا انہیں,audio/8_1_5_30.wav
5_0_3_09,train,Boredom,ہاں مل گئے نا,میں وہی بول رہا ہوں,audio/5_0_3_09.wav
4_0_3_08,train,Boredom,اماں کہاں چلی گئیں آواز دے کے مجھے,میں بول رہا ہوں نا کہ میں یہاں ہوں,audio/4_0_3_08.wav
10_1_1_34,train,Angry,بسوں میں دھکے کھاتی ہوں,اُسکے بعد گھر آکے آپ کی باتیں سننی پڑتیں ہیں مجھے,audio/10_1_1_34.wav
8_1_7_49,train,Sad,میں نہیں جانتی میں زندہ ہوں میں مر گئی,اب اُس نے مجھے دھوکہ دے دیا,audio/8_1_7_49.wav
1_0_6_27,train,Neutral,میں چاہ رہا ہوں دل صاف کر کے لوگوں کو معاف کر کے زندگی گزاروں,اب تو تم بتا رہی ہو کہ وہ اپنی ماں کے پاس چلی گئی ہے اب تو میرا اس پہ بالکل بھی اختیار نہیں ہے,audio/1_0_6_27.wav
1_0_4_04,train,Disgust,کیا کروں ان سب کا باقی کام تو تم سے ہو نہیں رہے,باہر دانے کا بندوبست نہیں کیا موٹر خراب پڑی ہے مکینک نہیں ایا,audio/1_0_4_04.wav
6_1_4_26,train,Disgust,ہم اپنی ہر غلطی اس پہ کیوں ڈال دیتے ہیں,سارا موڈ خراب کر دیتی ہے,audio/6_1_4_26.wav
4_0_5_15,train,Happy,پہن میرا مطلب ہے کہ رکھ لیجئے,لا لا لا لا لا لا لا لا لا لا,audio/4_0_5_15.wav
4_0_1_25,train,Angry,اچھا چلو ٹھیک ہے مار دے چلا گولی اور جان لے لی اس کی,اگر اس کو مار دینے سے مسئلہ حل ہو جائے گا تو مار اسے مار نہ مارتا کیوں نہیں,audio/4_0_1_25.wav
7_1_2_02,train,Fear,بڑے بھیا کو کہیں مراد کے بارے میں تو پتہ نہیں چل گیا,لیکن پتہ کیسے چلا,audio/7_1_2_02.wav
9_1_3_47,train,Boredom,میری بیٹیوں کی طرح خدمت کی ہے,چھری تلے دم لے لے,audio/9_1_3_47.wav
8_1_6_49,train,Neutral,پتہ نہیں کون سا سرپرائز پلان کر رہے ہیں میرے لیے,تم خود دیکھو اپنی ڈریسنگ کو وہاں کے ویٹرز نے ایسی ڈریسنگ کی ہوئی تھی,audio/8_1_6_49.wav
9_1_1_10,train,Angry,یہ کیا بری خبر لے کے اگیا صبح سویرے,نہ تمہاری رائے اور نہ ہی مجھے ضرورت ہے,audio/9_1_1_10.wav
5_0_6_03,train,Neutral,ایسا کرو تم سب الگ الگ اپنی زمینیں میرے اگے بیچ دو,پرانے داؤ سے ایک ٹکہ زیادہ دوں گا,audio/5_0_6_03.wav
6_1_2_46,train,Fear,مجھے افسوس اس بات کا ہے کہ تو اس وقت مجھ سے یہ بات کر رہا ہے جب میرا باپ اندر بیمار پڑا ہے,سر دس منٹ میں ا رہی ہوں,audio/6_1_2_46.wav
1_0_2_02,train,Fear,دعا کرو کہ وہ کسی مشکل میں ہو تبھی اسے ہوش ائے گا,میں سمجھتا ہوں کہ بچیوں کو اس طرح وہاں بھیجنا کچھ مناسب نہیں لگتا,audio/1_0_2_02.wav
2_0_1_10,train,Angry,کیا بکواس کر رہے ہو,اٹھو ابھی اسی وقت اٹھو یہاں سے,audio/2_0_1_10.wav
10_1_5_41,train,Happy,کہاں لگاؤں اسے,تب تک کے لیئے سفید گلاب کافی ہے,audio/10_1_5_41.wav
3_0_5_39,train,Happy,یہ گاڑی جہیز والی ہوگی یا قسطوں والی,نماز پڑھنے ائے تمہارے بارے میں بتایا انہوں نے,audio/3_0_5_39.wav
1_0_5_45,train,Happy,ایسا کرتے ہیں اور اس کے پیرنٹس کو گھر انوائٹ کر لیتے ہیں,ہماری ملاقات ہو جائے گی شانزے تو ان سے پہلے ہی مل چکی ہے,audio/1_0_5_45.wav
10_1_2_29,train,Fear,ابو میں معافی مانگتی ہوں مجھے مار لیں امی کو مت مارے اپ کو خدا کا واسطہ,میری امی کو مار دیا,audio/10_1_2_29.wav
1_0_6_09,train,Neutral,بہت شکریہ اپا بھائی کا مان رکھنے کا,ارے بس بھابھی ہم ذرا پرانے خیالات کے لوگ ہیں بہن بیٹی کے گھر انا مناسب نہیں سمجھتے,audio/1_0_6_09.wav
2_0_7_28,train,Sad,امیج خراب کرنے کی کوشش کی بعد میں اس لڑکے نے بھی انکار کر دیا کچھ ایسا کچھ ہوا,بڑے ٹھیک ہی کہتے ہیں لڑکوں اور لڑکیوں کا گھومنا پھرنا اچھا نہیں ہوتا,audio/2_0_7_28.wav
5_0_2_43,train,Fear,اور ٹھیک ہے ٹھیک ہے ٹھیک ہے میں ا رہا ہوں ا رہا ہوں,چل چلو جلدی بیٹھے بیٹھے اوکے اوکے اوکے چل چل,audio/5_0_2_43.wav
1_0_3_31,train,Boredom,ہاں جا تو رہا ہے,ہاں گیا ہوں تو پتہ چلا ہے,audio/1_0_3_31.wav
8_1_2_14,train,Fear,پاگل ہوں میں,سمجھتا کیا ہے تمہارا بھائی خود کو,audio/8_1_2_14.wav
4_0_6_25,train,Neutral,جھوٹ بول کر نوکری حاصل کرنا رزق کمانا یہ موسی کو زیب نہیں دیتا میڈم,نہیں میڈم پولیس والوں کا تو کام ہے تفشیش کرنا,audio/4_0_6_25.wav
5_0_2_22,train,Fear,تو اس نے خودکشی کی یا کسی نے اسے چھت سے دھکا دیا,جب وہ چھت سے نیچے گری تو تم کہاں تھے,audio/5_0_2_22.wav
6_1_3_44,train,Boredom,نہیں شام ہو جائے گی واپس کون لے کر آئے گا,میری بات اور ہے,audio/6_1_3_44.wav
5_0_1_33,train,Angry,کیا بہن بہن لگایا ہوا ہے تو نے,اوئے تو تو چکروں میں رہتا ہے کبھی اپنی بہن کبھی کسی اور کی بہن,audio/5_0_1_33.wav
4_0_4_23,train,Disgust,ہاں جانتا ہوں پر کسی نے سوداگر ہونے کا تانہ دیا ہے عیسی,مجھ سے کہتی ہے محبت میں زبردستی وہ کرتے ہیں جنہیں جسم پانا ہوتا ہے,audio/4_0_4_23.wav
7_1_7_13,train,Sad,ٹھیک ہے ٹھیک ہے میں نے معاف کیا اگر دوبارہ اگر,اچھا ٹھیک ہے میں فون اب بند کر رہی ہوں میں دوستوں کے ساتھ بیٹھی ہوئی ہوں بار بار فون کر کے مجھے تنگ نہ کرو,audio/7_1_7_13.wav
9_1_5_32,train,Happy,کیوں بھائی اپ کیوں چلیں گے,ارے تو نے تو شاپنگ پہ جانا گوارا نہیں کیا ہمارے ساتھ,audio/9_1_5_32.wav
1_0_4_46,train,Disgust,کیا بے وقوفوں والی باتیں کر رہی ہوں تم,کم از کم اس لڑکے کی حقیقت تو ہمارے سامنے اگئی ہے نا,audio/1_0_4_46.wav
5_0_3_29,train,Boredom,جس دن میں وردی میں آیا نا پورا کروڑ لوں گا,میں نے تو پلاٹ پسند کیا تھا,audio/5_0_3_29.wav
4_0_1_15,train,Angry,زندہ چھوڑ دو ان بغیرتوں کو,اچھی طرح جانتی ہے نا میں کتنی محبت کرتا ہوں اپ سے,audio/4_0_1_15.wav
5_0_4_23,train,Disgust,اس کو بری طرح زدوکو کیا گیا ہے,اپ سے سوالات کیسے نہیں ہو سکتے,audio/5_0_4_23.wav
2_0_7_22,train,Sad,لیکن اس میں حیا کا کیا قصور ہے,مطلب یہ حادثہ تو کسی کے گھر بھی ہو سکتا تھا اپ کے گھر بھی ہو سکتا تھا,audio/2_0_7_22.wav
2_0_1_17,train,Angry,تم ہوش میں ہو,میں نے بہت برداشت کر لیا نکل جاؤ یہاں سے دفع ہو جاؤ,audio/2_0_1_17.wav
2_0_5_15,train,Happy,کھانا تو وہ ایسا زبردست بناتا ہے,انگلیاں چاٹتی رہ جاؤ,audio/2_0_5_15.wav
9_1_5_18,train,Happy,میرے بھولے کا بسا ہوا گھر اس کی دلہن,میرے اللہ نے بہت نوازا ہے مجھے,audio/9_1_5_18.wav
7_1_7_05,train,Sad,پھر اپنے بڑے بھیا کا اعتبار نہیں کھو سکتی,بڑے بھیا,audio/7_1_7_05.wav
7_1_5_30,train,Happy,اچھا لگتا ہے,چھوڑیں مجھے اپ کو ایک گڈ نیوز دینی ہے,audio/7_1_5_30.wav
1_0_6_01,train,Neutral,شکر ہے اللہ کا میں کبھی پکڑا نہیں گیا,بیٹا اس کے لیے یہ بالکل نیا ماحول ہے تھوڑا برداشت کرو,audio/1_0_6_01.wav
3_0_2_46,train,Fear,پھر بھی ڈاکٹر کے پاس چلے جاؤ مجھ جیسے شخص کو دماغ کی خلل کا پتہ نہیں چلتا,جب خوشی کے ساتھ وہم شامل ہو جائے تو تیار رہنا چاہیے,audio/3_0_2_46.wav
2_0_5_32,train,Happy,ٹوائلٹ میں اڑایا اس کے بعد,کوئی دیکھ تو نہیں رہا میری طرف,audio/2_0_5_32.wav
4_0_7_31,train,Sad,اماں کا کیا ہوگا گھر کیا ہوگا سوچنا سمجھ بھائی تیری مہربانی ہے یار,تباہی مچا دی سب کچھ جلا کر راکھ کر دیا کچھ نہیں بچا,audio/4_0_7_31.wav
8_1_2_46,train,Fear,یہ میرے ساتھ ایسا نہیں کر سکتے,میں بھی انسان ہوں کوئی پتھر نہیں ہوں جس کی زبان نہ ہو,audio/8_1_2_46.wav
8_1_2_24,train,Fear,اس لیے ہمارے پاس ا کر شرمندہ ہونے کی ضرورت نہیں ہے,یہ سگریٹ کا دھوا نہیں ہے تمہارے خاندان کا وجود ہے جو تم دھوے میں اڑا رہے ہو,audio/8_1_2_24.wav
8_1_7_01,train,Sad,لیکن اس نے مجھ سے شادی کی تاکہ میرے سٹیٹس اور میرے نام کو کیش کر سکے,ماما اپنوں کو تو معاف کر دیا جاتا ہے,audio/8_1_7_01.wav
6_1_3_09,train,Boredom,تمہارا سر ہوتا ہے کیا ہوتا ہے,نعیم صاحب لیکن,audio/6_1_3_09.wav
7_1_1_19,train,Angry,ابھی جا کر انہیں بتاتی ہوں کہ میں ہوں کون,اتار کے پھینکو یہ پلاسٹر,audio/7_1_1_19.wav
5_0_2_29,train,Fear,اس بیچاری کو اپ سے بہت امیدیں تھی,یہ بتاؤ کیا کر سکتے ہیں لیکن گناہ تو ہوا ہے نا,audio/5_0_2_29.wav
4_0_6_39,train,Neutral,ویسے ہی مذاقن منہ سے نکل گیا امید کرتا ہوں اپ نے برا نہیں مانا ہوگا,نوکر ہونا صاحب نوکر ہونے کے سارے تقاضے پورے کرتا ہوں,audio/4_0_6_39.wav
4_0_3_45,train,Boredom,ہوئی ہے خوشی اتنی زیادہ ہوئی ہے,یہ میرے میرے جیسا تو نہیں ہے نا ہیں نا نہیں ہے نا,audio/4_0_3_45.wav
10_1_4_33,train,Disgust,تم جیسا لعنتی ادمی میں نے اپنی زندگی میں نہیں دیکھا روشنے,یہ پنسورہ نہیں ہے جنتری ہے بدبخت,audio/10_1_4_33.wav
2_0_5_29,train,Happy,مجھے یاد ہے جس وقت ایا تھا وہ میم,اس کو بھی بلا لیتے,audio/2_0_5_29.wav
5_0_6_46,train,Neutral,مرنے والے نے مرنے سے پہلے مجرم کا نام بتا دیا,ویسے میں اپنی طرف سے بھی اپ کی سے میں نہیں بتا رہا,audio/5_0_6_46.wav
3_0_5_33,train,Happy,کہ میرا افضل بڑا ادمی بن گیا ہے,سن کر جی اٹھیں گے دیکھنا,audio/3_0_5_33.wav
5_0_6_43,train,Neutral,ویسے سر بہت بری بات ہے اتنے امیر ادمی ایک کپ چائے کا بھی نہیں پلایا,پر جو ہوتا ہے بھلے کے لیے ہی ہوتا ہے,audio/5_0_6_43.wav
7_1_2_18,train,Fear,ادھی رات نہیں ہوئی ہے,اپ وقت دیکھیں ساڑھے سات بج رہے ہیں,audio/7_1_2_18.wav
2_0_2_01,train,Fear,انکھیں نیچی کرو اب جواب میں ابھی تم تھپڑ مارو گی,یہ سب کچھ یہاں سے جتنی جلدی ہو صاف کرو فوراً,audio/2_0_2_01.wav
8_1_7_09,train,Sad,لوگوں کی نظریں اُن کے سوالات اُن کے جوابات میں کیسے دوں گی ڈیڈ,اُن سب کی مرضی جانے بنا کیسے ہوگیا یہ رشتہ,audio/8_1_7_09.wav
9_1_7_35,train,Sad,اُمید ہے کہ تم ضرور آؤگے,میرا اور تمہارا دکھ زیادہ مختلف نہیں رابیل,audio/9_1_7_35.wav
4_0_4_47,train,Disgust,اپ کے ساتھ جو ہوا ہے اس بات کی اتنی تکلیف ہوئی ہے مجھے کہ میں اپ کو بتا نہیں سکتا,اور جا جا کر اماں کو روک مجھے نہیں کرنی شادی وادی,audio/4_0_4_47.wav
1_0_1_11,train,Angry,زبیر ملک بس تم نے اس کی بیوی کو اغوا کیا,اس لیے کہ تم میری اکلوتی اولاد ہو نہیں کھونا چاہتا تمہیں,audio/1_0_1_11.wav
1_0_2_10,train,Fear,بدر اپنے گھر فون لگا اور اپنے باپ کو بلا,کچھ تو بھرم رہ جائے گا,audio/1_0_2_10.wav
4_0_4_50,train,Disgust,کبھی کبھی ہمیں تو پتہ نہیں ہوتا انے والا ایک لمحہ ہمارے لیے ایک دشمن لے کے ا رہا ہے,جب بھی بات میری عزت پر اتی ہے میرا خود پر قابو نہیں رہتا,audio/4_0_4_50.wav
1_0_6_24,train,Neutral,یہ تو بہت اچھا کیا ہے تم نے,اچھا ٹھیک ہے میں بدر سے کہہ دوں گا وہ لے جائے گا اپ لوگوں کو,audio/1_0_6_24.wav
4_0_2_42,train,Fear,اور ہوتا بھی کیوں نہیں میرا باپ نوکر میرے باپ کا باپ نوکر,مجھے اپ سے کہتے ہوئے یہ بہت افسوس ہو رہا ہے میں شرمندہ ہوں لیکن,audio/4_0_2_42.wav
4_0_1_19,train,Angry,اگر ڈاکہ ڈالنا ہوتا تو تمہیں نکاح کی پیشکش نہ کرتا موسی,بار بار ایک بات کیوں دہراتی ہو تم,audio/4_0_1_19.wav
10_1_2_13,train,Fear,اسے اتنا نقصان ہو اتنا نقصان ہو کے,کبھی کبھی کبھی کبھی میرا دل چاہتا ہے کہ میں,audio/10_1_2_13.wav
7_1_4_07,train,Disgust,جو کہنا ہے کہہ بددُعا نہ دے اُجڑے کی,شکل دیکھی ہے ائینے میں,audio/7_1_4_07.wav
9_1_1_29,train,Angry,پر کچھ عقل نہیں ائی اس کو ہوش پھرتی رہتی ہے سارا دن,ا ہائےعقل کا کچھ نہیں,audio/9_1_1_29.wav
2_0_7_31,train,Sad,وجی یہ تمہارے اکیلے کی جنگ نہیں ہے یہ ہماری جنگ ہے,ایسے حساب رکھوں گا میں ان گزرتے لمحوں کا,audio/2_0_7_31.wav
5_0_4_24,train,Disgust,اپ سے سوالات کیسے نہیں ہو سکتے,دیکھیں اگر رب مجھے نواز رہا ہے تو اپ کو کیا تکلیف ہے,audio/5_0_4_24.wav
3_0_6_48,train,Neutral,غریب پڑھنے کے بعد کافی دیر تک میرے پاس بیٹھے رہیں,اللہ والے لوگ ہیں بھائی خبر نہ ملے تو خبر ہو جاتی ہے,audio/3_0_6_48.wav
7_1_5_34,train,Happy,اس سے بہت پیار کرتی ہوں,یہ تو زبردست ہو گیا,audio/7_1_5_34.wav
7_1_4_31,train,Disgust,بس کرو یہ ڈراما کب تک چلے گا یہ سب کچھ,اپنی یہ چوہدراہٹ مجھے دکھانے کی کوشش نہ کرو,audio/7_1_4_31.wav
1_0_1_34,train,Angry,ہاں تو ثابت کر دیا نا اس نے کہ وہ جہاں ارا کی بیٹی ہے,تو کیا کرتا جو وہ کرنے جا رہی تھی شاباشی دیتا اسے میں,audio/1_0_1_34.wav
6_1_4_13,train,Disgust,منہ ہے اس کا مرغی والا مصالحہ لگا دوں گی,میں نہیں بیٹھ سکتی اس کے پاس میرا نہیں دل چاہتا,audio/6_1_4_13.wav
6_1_6_26,train,Neutral,میں سمجھی آپ سو رہے ہیں کیسی طبعیت ہے آپکی,ویسے بھی کام والا بندہ زیادہ دیر تک بستر پر نہیں پڑا رہ سکتا,audio/6_1_6_26.wav
8_1_1_45,train,Angry,میں تم سے بات کر رہی ہوں,زیادہ معصوم بننے کی ضرورت نہیں ہے,audio/8_1_1_45.wav
10_1_4_15,train,Disgust,میرے ہاتھ دیکھو کیا تمہیں لگتا ہے کما نہیں سکتی,یا قرض ادا کرنے کی طاقت نہیں رکھتے,audio/10_1_4_15.wav
2_0_3_04,train,Boredom,کیا مصیبت ہے صبح صبح تم ڈپریشن کی باتیں کیوں کر رہی ہو,ہمارا کوشش کرنا بنتا نہیں ہے,audio/2_0_3_04.wav
10_1_6_45,train,Neutral,آپ ایسی باتیں کرتے ہیں تو ایسا لگتا ہے کوئی میرے زخم پر مرہم کے ٹھنڈے پھائے رکھ رہا ہے,اس زمانے کے سب سے بڑے خطاط ہیں وہ,audio/10_1_6_45.wav
6_1_2_19,train,Fear,کون چھین لے گا,کے پاس سے چلے جاؤ رات کو ا جاؤں گی,audio/6_1_2_19.wav
3_0_5_19,train,Happy,میں نوکری پر رکھ لوں گا ا جاؤ اجاؤ,بی اے کا سن کر بولے لے ائیے گا میرے پاس,audio/3_0_5_19.wav
1_0_3_44,train,Boredom,سمجھ نہیں اتا ایسا کیا گناہ کیا ہے میں نے,کس کی کیا اوقات ہے یہ دولت نہیں وقت طے کرتا ہے,audio/1_0_3_44.wav
3_0_1_33,train,Angry,حالانکہ تم اچھی طرح جانتے ہو,کہ ہم تمہاری شادی نرمین سے کرنا چاہتے ہیں,audio/3_0_1_33.wav
10_1_4_39,train,Disgust,تو میں اس سے مطلب,تم کو بندے والے بھی کام کر لیا کرو,audio/10_1_4_39.wav
8_1_5_41,train,Happy,یہ تو اچھی بات ہے نا میں بابا کی اچھی بیٹی ہوں,ساری زندگی ان کی احسان مند رہوں گی,audio/8_1_5_41.wav
6_1_6_15,train,Neutral,اچھا وہ مجھے صوبیہ کی طرف جانا ہے,یار کوئی ضروری کام تھا,audio/6_1_6_15.wav
10_1_3_01,train,Boredom,مجھے کچھ ہو جائے گا یہاں پہ,ہاں ہاں مجھے پتہ ہے,audio/10_1_3_01.wav
1_0_5_18,train,Happy,پھر اج تو تمہیں خوش ہونا چاہیے,اب تم نے بالکل رونا وونا نہیں ہے پرانی باتوں کو بھول جاؤ ہم نے بھی بھلا دی ہیں,audio/1_0_5_18.wav
2_0_7_10,train,Sad,اور وہ لڑکا بھی اتفاق سے اس دن فنکشن میں ایا ہوا تھا,ہاں میرے خیال میں مناسب رہے گا یہ مہینہ,audio/2_0_7_10.wav
2_0_7_50,train,Sad,بس تم اپنا ضروری سامان پیک کر لو جاؤ,کچھ نہیں بس ایسے ہی,audio/2_0_7_50.wav
1_0_1_23,train,Angry,اس بار اسے جواب دینا پڑے گا,کہ تمہارا بیٹا نیک پرہیزگار شرم اور حیا والا ہے,audio/1_0_1_23.wav
3_0_5_13,train,Happy,وہ پیلے رنگ کا جوڑا نظر ایا تو لگا کہ تم پر جچے گا,تمہاری ملاقات ہو جایا کرے گی,audio/3_0_5_13.wav
8_1_4_20,train,Disgust,یہی عقیدت مانگی تھی اج جس کے تم وہ دعوے کرتے تھے,جسے تم صرف اور صرف اپنے مطاحیات کا نام دیا کرتے تھے,audio/8_1_4_20.wav
3_0_2_40,train,Fear,اس سے کہو یہ یہی رہے اور میرے سینے پر موم ڈلتا رہے,اب دیکھو نا اگر میں ماں بیٹے کو جدا کروں گا تو کیا خدا خوش ہو جائے گا,audio/3_0_2_40.wav
3_0_2_48,train,Fear,کسی دن بگڑ گیا تو,ارے بھول گئی یہاں سے ہجرت کرنے کے ڈراوے دیتا رہتا ہے,audio/3_0_2_48.wav
3_0_6_39,train,Neutral,عرفہ بتا رہی تھی کہ تم مجھ سے ڈر رہے تھے,مجھے ان باتوں کا ثبوت نہیں ملا,audio/3_0_6_39.wav
1_0_1_47,train,Angry,دو دن ہو گئے ہیں میں نے تم سے کہا تھا تمام کمپنیوں کی لسٹ بنا کر مجھے دو,ابھی تک میری ٹیبل پر نہیں ائی ہے وہ کیا کرتے رہتے ہو تم لوگ سارا دن,audio/1_0_1_47.wav
5_0_1_08,train,Angry,مطلب یہ بغیرت,انگوٹھی نہیں پہنی گئی,audio/5_0_1_08.wav
7_1_3_40,train,Boredom,سچ کہوں تو,میں کون سا اپ کے بغیر رہ سکتی ہوں,audio/7_1_3_40.wav
6_1_7_24,train,Sad,بہت ہمت جمع کی لیکن دل نہیں مان رہا,تُو کس عذاب میں پھنس گئی یہ,audio/6_1_7_24.wav
10_1_2_49,train,Fear,اپنی بدقسمتی کا احساس ہوتا ہے,ابا اپ ٹھیک تو ہیں نا ابا,audio/10_1_2_49.wav
5_0_7_25,train,Sad,اج کے بعد میں اپ جیسے غریب لوگوں کو میں منہ بھی نہیں لگاتا میں بیٹا,کچھ نہیں بیٹا بس چکر اگئے تھے بیٹا چکر اگئے تھے ٹھیک ہو میں,audio/5_0_7_25.wav
5_0_2_33,train,Fear,اور نانا نا سر بالکل بالکل بھی نہیں,سر کیا کہہ رہے ہیں اواز نہیں ارہی سر بالکل نہیں اواز نہیں ا رہی سر,audio/5_0_2_33.wav
10_1_3_30,train,Boredom,اور میں روز اپ سے کہتی ہوں ہاں,سوچ رہی ہوں,audio/10_1_3_30.wav
2_0_2_19,train,Fear,اس سارے قصے میں ہمیں الزام دینا ہمارے ساتھ سراسر زیادتی ہے,اب میڈیا میں کیس اچھلے گا اخباروں میں ائے گا پھر عدالتوں کے چکر لگیں گ,audio/2_0_2_19.wav
6_1_2_17,train,Fear,صوبیہ میرا خیال ہے مجھے چلنا چاہیے بہت دیر ہو گئی ہے,میں نے کہا یہاں سے چلے جاؤ کچھ دیر اور یہاں بیٹھے کچھ نہ کچھ ہو جائے گا,audio/6_1_2_17.wav
8_1_2_28,train,Fear,پرواہ ہے تو صرف اپنی تم کیا چاہتے ہو تمہارے ساتھ کیا ہوا تمہیں کسی اور کی کوئی پرواہ نہیں ہے,جو لوگ تم سے اتنی محبت کرتے ہیں تمہیں ان کی کوئی فکر نہیں ہے تم اتنے خود غرض ہو,audio/8_1_2_28.wav
5_0_4_05,train,Disgust,منشی تو کیا مجھے بے وقوف ادمی سمجھتا ہے,وال چٹے ہو جائیں تو دماغ میں کوئی رنگ ونگ نہیں رہتا,audio/5_0_4_05.wav
6_1_4_33,train,Disgust,کیوں بھائی,جی نہیں کوئی بات نہیں ہے اور ویسے بھی میں کسی کو منہ نہیں لگاتی,audio/6_1_4_33.wav
7_1_1_33,train,Angry,اور تم نے مڑ کر خبر نہیں لی کہ میں ٹھیک ہوں یا نہیں,کوئی حیثیت کوئی عزت ہے میری اس گھر میں,audio/7_1_1_33.wav
4_0_3_39,train,Boredom,کون چاہتا ہے محبت کےبغیر جینا,محبت کے بغیر رہنا نفرت کے ساتھ جینا,audio/4_0_3_39.wav
2_0_7_01,train,Sad,لیکن یہ ڈیل اس کے سامنے ہوئی ہے جانتا ہے وہ,نایاب نے چھت سے کود کر خود کشی کر لی ہے,audio/2_0_7_01.wav
3_0_4_44,train,Disgust,استغفراللہ وہ کوئی بھولتا ہے کیا,مولوی کو بس مسجد تک ہی رہنے دو,audio/3_0_4_44.wav
4_0_3_13,train,Boredom,ہاں ماں جی وہ تو مجبوری ہے وہ تو آنا پڑے گا,نہیں نہیں اماں پسند وسند کوئی نہیں ہے مجھے,audio/4_0_3_13.wav
7_1_6_11,train,Neutral,بس اپ مجھے یہ بتا دیں کہ کیا مجھے کوئی اور ڈاکومنٹس لے کے انے ہیں ورنہ سی وی تو اپ کے پاس ہے ہی,صحیح کہا اپ نے,audio/7_1_6_11.wav
7_1_7_12,train,Sad,بھابھی مجھے ابھی کچھ سمجھ نہیں آ رہا کیا ہو رہا ہے,ٹھیک ہے ٹھیک ہے میں نے معاف کیا اگر دوبارہ اگر,audio/7_1_7_12.wav
10_1_7_15,train,Sad,اماں ابّا کی کمر ٹوٹ گئی ہے,ہر ہر وقت روتے رہتے ہیں,audio/10_1_7_15.wav
9_1_3_43,train,Boredom,اور اس میں اس میں بس صرف اور صرف رابیل کی رضامندی اور خوشی ٹال سکتی ہے,ماں کا دل بڑا ہو نہ ہو ماں کا دل مجبور بڑا ہوتا ہے,audio/9_1_3_43.wav
1_0_3_05,train,Boredom,ہاں مگر روح بن کر زندگی کو ضرور نگل جاتی ہے,لاکھ ان کو دل سے نکالنا چاہو نہیں نکلتے,audio/1_0_3_05.wav
1_0_4_07,train,Disgust,یہی تو بات ہے کہ بچی نہیں رہی ہے بڑی ہو گئی ہے وہ,پھر محبت کرنا ضروری ہے کیا ضرورتیں تو پوری ہو رہی ہیں اس کی,audio/1_0_4_07.wav
4_0_4_49,train,Disgust,اپ سے بات کرنی ہے مجھے کچھ پوچھنا ہے اپ سے,کبھی کبھی ہمیں تو پتہ نہیں ہوتا انے والا ایک لمحہ ہمارے لیے ایک دشمن لے کے ا رہا ہے,audio/4_0_4_49.wav
4_0_5_24,train,Happy,دراصل مال جی خود بھی انا چاہ رہی تھی اپ کی طرف,تمہیں سوچتے ہی دل ایک انجانی سی خوشی سے سرشار ہونے لگ جاتا ہے ایک ایک دن,audio/4_0_5_24.wav
7_1_1_13,train,Angry,مطلب میں کوئی بھیڑ بکری ہوں,کہ مجھ سے پوچھنا گوارا نہیں کیا کسی نے,audio/7_1_1_13.wav
8_1_2_10,train,Fear,زید کو فون کریں رخصتی کا وقت ہونے والا ہے,یہ غلط ہے,audio/8_1_2_10.wav
1_0_6_23,train,Neutral,میرا جہاں تک خیال ہے کہ وہ ملیشیا نہیں گیا کہیں اور گیا ہے,یہ تو بہت اچھا کیا ہے تم نے,audio/1_0_6_23.wav
2_0_5_27,train,Happy,رکھ دیا قدموں میں دل,خالہ کی تنہائی دور کر دی جائے تو,audio/2_0_5_27.wav
7_1_7_49,train,Sad,میں کوئی خواب دیکھ رہی ہوں,کوئی ڈراؤنا خواب,audio/7_1_7_49.wav
9_1_6_29,train,Neutral,اور بیٹا یہ لڑکے تو ہوتے ہی ایسے ہیں,اور ایسے معاملات میں اپنے آپ کو صاف بچا لیتے ہیں,audio/9_1_6_29.wav
7_1_3_50,train,Boredom,مطلب کوئی پریشانی کی بات تو نہیں ہے,ناشتہ ہی تو تھا اپ بنا دیتی,audio/7_1_3_50.wav
4_0_6_04,train,Neutral,میں بھی ابا کی بہت عزت کرتا ہوں کبھی ان کا حکم ٹال نہیں سکتا لیکن اگر وہ مجھ سے مانگتے,مجھے تمہارا وکیل مقرر کیا گیا ہے تمہاری رضامندی پوچھنے کے لیے ایا ہوں,audio/4_0_6_04.wav
3_0_3_37,train,Boredom,شیخ صاحب دو دن سے فجر پڑھنے نہیں ائے,ایسے شہر میں ہوتے ہیں تو ناگا نہیں کرتے,audio/3_0_3_37.wav
7_1_6_45,train,Neutral,سیڑھیاں تو ارام سے چڑھ سکتا ہے,میں اس بیچارے بچے کو زبردستی اپنی گود میں بٹھا کے تھوڑی لے کر جا رہی ہوں,audio/7_1_6_45.wav
9_1_7_18,train,Sad,میرا بچہ بخار کے بعد اتنی کمزوری کی حالت میں گھر سے نکلا ہے,ارے تم کیا جانو میرے دل کی حالت,audio/9_1_7_18.wav
3_0_2_24,train,Fear,یہ کیا کر رہے ہو,اوئے رک کہاں جا رہا ہے,audio/3_0_2_24.wav
7_1_3_28,train,Boredom,رکھ رہی ہوں واپس,پتہ نہیں کون جاہل لوگ ہوتے ہیں,audio/7_1_3_28.wav
6_1_5_26,train,Happy,ہا ہا جی ہا ہا,چائے پیتے جائیے,audio/6_1_5_26.wav
6_1_6_10,train,Neutral,ہر کوئی قاضی صاحب جیسا تھوڑی ہوتا ہے,نا نا جی نے قاضی صاحب میں کیا دیکھا تھا,audio/6_1_6_10.wav
4_0_7_24,train,Sad,میرے وجود سے نہ کسی کو خوشی ملی ہے نہ راحت اور نہ سکون,وہ بھی کہاں خوش ہے جان پوری,audio/4_0_7_24.wav
4_0_6_13,train,Neutral,اور سنیں اپ میرے لیے ایسے بلا وجہ پریشان نہ ہوا کریں,اصل میں میری یہ خواہش ہے میری ایک دعا ہے,audio/4_0_6_13.wav
1_0_3_33,train,Boredom,فیکرٹری گیا تھا کچھ گڑبڑ لگ رہی ہے مجھے وہاں پر,اتنا بھی ٹھیک نہیں ہوں بیٹا اور پھر تم ہو نا وہاں,audio/1_0_3_33.wav
3_0_5_06,train,Happy,ہاں ہاں لو بھائی گھنٹی تو ہم نے ٹھیک کر دی,دیکھا کیسی ٹی ٹی کر کے بولی ہے نا,audio/3_0_5_06.wav
6_1_2_15,train,Fear,نہیں تو اس کا کیا مطلب ہوا اس کا کسی کے ساتھ چکر چل رہا ہے,مجھے کیا پتا یار تیرا منگیتر ہے تجھے پتہ ہو مجھ سے کیوں پوچھ رہی ہے,audio/6_1_2_15.wav
2_0_3_36,train,Boredom,ایسا کیوں سوچ رہی ہو شمع تمہیں کبھی کسی نے اجنبی نہیں سمجھا,جانتا ہوں میں کہ یہ کوئی غلط فہمی ہے,audio/2_0_3_36.wav
6_1_2_16,train,Fear,مجھے کیا پتا یار تیرا منگیتر ہے تجھے پتہ ہو مجھ سے کیوں پوچھ رہی ہے,صوبیہ میرا خیال ہے مجھے چلنا چاہیے بہت دیر ہو گئی ہے,audio/6_1_2_16.wav
3_0_4_40,train,Disgust,خدا کی پناہ پہلے تو بارش کو ترس جاتے تھے,یہ تمہاری ماں کی واپسی کب ہوگی,audio/3_0_4_40.wav
5_0_2_05,train,Fear,جلدی چلیں میں کہہ رہا ہوں بس جلدی چلیں,اچھا بابا میں جا کر لے اتا ہوں,audio/5_0_2_05.wav
5_0_3_21,train,Boredom,گُٹھنے ہمیشہ پیٹ کی طرف ہی جھکتے ہیں بیٹا,اس گھر میں لوئ وہ لڑکی,audio/5_0_3_21.wav
2_0_3_10,train,Boredom,میرے ہوتے ہوئے تم لوگوں کو فکر کرنے کی ضرورت نہیں ہے,اس کے اس کو پریس اور میڈیا سے بالکل دور رکھیں,audio/2_0_3_10.wav
10_1_5_22,train,Happy,کچھ گفٹس ہیں چاکلیٹس اور کاسمیٹکس,میں سُنوں گی بھی نہیں,audio/10_1_5_22.wav
1_0_6_15,train,Neutral,ٹھیک ہے منور جو تمہارا دل چاہے تم وہ کرو,یہ بتاؤ کوئی پیسوں ویسوں کی ضرورت ہے,audio/1_0_6_15.wav
7_1_3_49,train,Boredom,زیادہ تو نہیں ہے نا,مطلب کوئی پریشانی کی بات تو نہیں ہے,audio/7_1_3_49.wav
5_0_1_09,train,Angry,انگوٹھی نہیں پہنی گئی,جوان خون ہے اب تو نے بھی جوانی میں عشق کیا تھا,audio/5_0_1_09.wav
5_0_2_24,train,Fear,سمجھ نہیں ا رہا کو گری ہے یا اسے گرایا گیا ہے,اس کا مطلب ہے کہ اس کا موبائل ابھی بھی اس گھر میں ہے,audio/5_0_2_24.wav
1_0_5_43,train,Happy,نئی نہ شانزے بتاؤ نا مجھے کہ کون ہے,سنو ایک ائیڈیا ایا ہے,audio/1_0_5_43.wav
9_1_7_14,train,Sad,آجکل تو اچھے اچھے لوگوں کو رشتے نہیں ملتے,اتنا سا کام کہا تھا وہ بھی نہ ہوسکا تجھ سے,audio/9_1_7_14.wav
2_0_5_39,train,Happy,اوئے چودری نزاکت,میرے سامنے کھڑا ہے چودری نزاکت چل شروع ہوجا,audio/2_0_5_39.wav
7_1_7_35,train,Sad,میں کچھ نہیں سوچ رہی,اس سے کیا ہوگا,audio/7_1_7_35.wav
6_1_5_20,train,Happy,اچھا چل ٹھیک ہے,کیا ہے نہ دیکھو نا مجھے اس طرح,audio/6_1_5_20.wav
2_0_3_24,train,Boredom,وہ اصل میں ہوا یہ کہ,تمہاری بیوی اور اسد کو ایک ساتھ گھومتے پھرتے دیکھ لیا تھا,audio/2_0_3_24.wav
7_1_3_36,train,Boredom,اور میری اس پڑھائی سے,سکول جا کر کیا کرنا تھا اماں جی,audio/7_1_3_36.wav
7_1_6_09,train,Neutral,چار بجے کے بعد کسی بھی وقت مل لیتے ہیں,اا آپ کا نام کیا ہے میں پوچھ سکتی ہوں,audio/7_1_6_09.wav
4_0_1_12,train,Angry,اپ نے دودھ کی قسم دے دی ہے اج اپ کے دودھ کا کرز بھی جھکا دیا ہے میں نے چھوٹی ماں,اور سمجھا دیجیے اپنی بیٹی کو,audio/4_0_1_12.wav
4_0_6_43,train,Neutral,میرے دولت خانے کے دروازے اپ کے لیے ہمیشہ کھولے ہیں اپ ائیں گے تو خوشی ہوگی مجھے,میرے سارے کا سارا بچپن چھوٹی بیگم صاحبہ اور بڑی بیگم صاحبہ کے ساتھ گزرا,audio/4_0_6_43.wav
9_1_4_43,train,Disgust,کب تک کمرے میں قید رہے گی,یہ سرا سر نا انصافی اور خودغرضی ہے,audio/9_1_4_43.wav
2_0_5_12,train,Happy,ابے تو بالکل بھی نہیں بدلا,کمال ہے یار تو تو چھا گیا,audio/2_0_5_12.wav
6_1_4_03,train,Disgust,امی گھر پہ نہیں ائیں گے تو بتا دوں گی کہ اپ کا فون ایا تھا,میں کام کر رہی تھی میرے ایک ہاتھ میں جھاڑو ہیں اور دوسرے میں فون,audio/6_1_4_03.wav
9_1_4_37,train,Disgust,بس بھوت سوار تھا سر پہ اور کیا,پاگل ہو گئی ہو ساری رات جاگی ہو,audio/9_1_4_37.wav
10_1_1_19,train,Angry,لیکن میرا بھائی اپنی بیوی کے اشاروں پہ چلنے والا ایک زن مُرید ہے,بہت بڑی غیرت ہے نا آپ کی بہت غیرت ہے آپ میں,audio/10_1_1_19.wav
1_0_3_30,train,Boredom,بچہ ہے ابھی سمجھ رہا ہے کام کو,ہاں جا تو رہا ہے,audio/1_0_3_30.wav
10_1_6_05,train,Neutral,چیک آج مل جائے گا نا,سلیم بھائی کسی طرح آج ہی کروا دیں,audio/10_1_6_05.wav
1_0_7_13,train,Sad,ساری زندگی اس اگ میں جلتا رہا ہوں,تمہارے حوالے سے میں کسی کاش کا متحمل نہیں ہو سکتا,audio/1_0_7_13.wav
1_0_2_29,train,Fear,اس نے مجھے اپنے گھر انے دیا,نکل اؤ اس خوش فہمی سے,audio/1_0_2_29.wav
1_0_6_46,train,Neutral,ہاں چلو کل افس اتا ہوں تو بات کرتے ہیں,جس طرح ساری ایمپلائیز کے ساتھ میں بات کرتا ہوں اسی طرح اس کے ساتھ بھی کرتا ہوں,audio/1_0_6_46.wav
5_0_3_35,train,Boredom,ذرا آہستہ آہستہ آہستہ آگے بڑہیں گے,آآآ اِس بیان پہ یقین تو ہے نا آپ کو جی,audio/5_0_3_35.wav
5_0_2_31,train,Fear,راجہ بھیڑیا نکلا,نا نا نا نا نا نا میں اپنے حصے میں سے کچھ بھی نہیں دوں گا,audio/5_0_2_31.wav
5_0_4_10,train,Disgust,تور کیا اپ تو جالی بابا لگتے ہو,ہٹاؤ اسے پرے کرو,audio/5_0_4_10.wav
9_1_2_46,train,Fear,اٹھو ہوش کرو,اور یہ بات یہ بات تو ہمارے لیے خطرے کی گھنٹی ہے,audio/9_1_2_46.wav
7_1_6_44,train,Neutral,جب تک یہ زخم ٹھیک نہیں ہوگا اپ جانتے ہیں میں نہیں چھوڑنے والی اپ کی جان,سیڑھیاں تو ارام سے چڑھ سکتا ہے,audio/7_1_6_44.wav
10_1_6_38,train,Neutral,یہ والا گھر خالی کرنا ہے مجھے,شاید رہے نہیں یہاں پر اس لئیے آپ کو اندازہ نہیں ہے,audio/10_1_6_38.wav
4_0_5_07,train,Happy,ہا ہا ہا ہا نصیب میں نامراد کی دال روٹی لکھی ہے کھا رہے ہیں,اچھا,audio/4_0_5_07.wav
6_1_4_10,train,Disgust,تو کیا کروں یار اٹھ سال پہلے ماں باپ نے منگنی کر دی,یار جو میں سوچتی ہوں اس نیں یہ کہیں بھی فٹ نہیں ہوتا,audio/6_1_4_10.wav
4_0_6_30,train,Neutral,شریف نیک صلاۃ کی پابند رشتوں کا خیال رکھنے والی,لیکن داغ لگ گیا ہے صاحب ایک مشورہ ہے اگر مانے تو,audio/4_0_6_30.wav
1_0_5_26,train,Happy,اس سے بھی دیکھ لیتے ہیں بھائی کون ہے,بڑی ایفیشنٹ ہو گئی ہے میری بیٹی,audio/1_0_5_26.wav
7_1_1_17,train,Angry,مجھے اس گھر سے نکالنا چاہتے ہیں,میری تو کوئی اہمیت ہی نہیں ہے یہاں,audio/7_1_1_17.wav
3_0_7_46,train,Sad,ہر وقت ڈر لگا رہتا ہے کہ مسجد سے باہر نکلوں گا تو,حق اور باطل ایک چھت کے نیچے نہیں رہ سکتے,audio/3_0_7_46.wav
8_1_6_44,train,Neutral,میں میں اپ کی ساری ذمہ داری کو اپ کے ساتھ نبھاؤں گی,جیسے کہ سمجھداری کہ پایا چاری وغیرہ وغیرہ,audio/8_1_6_44.wav
6_1_3_12,train,Boredom,کیا مصیبت ہے یار ایک تو امی ہر دوسرے دن اُس کی دعوت رکھ لیتی ہیں,اب یہ صبح صبح تجھے مجھ سے کیا کام ہے,audio/6_1_3_12.wav
8_1_1_28,train,Angry,صرف اور صرف اسی کے بھائی کی وجہ سے,جھوٹ بولنے کی ضرورت نہیں ہے مجھ سے,audio/8_1_1_28.wav
3_0_2_44,train,Fear,کیا کیا پھر سے کہو کیا,کہنا کیا چاہتے ہو مجھے پتہ نہیں چلا کہ کہنا کیا چاہ رہے ہیں,audio/3_0_2_44.wav
9_1_6_23,train,Neutral,ارے بھیا نظرِ ثانی فیصلوں پر کی جاتی ہے,جہاں قول دے دیا جائے وہاں سے پیچھے نہیں ہٹا جاتا,audio/9_1_6_23.wav
7_1_4_21,train,Disgust,آپ مُجھ سے پُوچھ لیں میں بتا دیتی ہوں اُن کے اِرادے,میں تو ضرور بولوں گی بھابھی,audio/7_1_4_21.wav
7_1_2_24,train,Fear,تو بھیا اپ ایک کام کریں مجھے کمرے میں بند کر دیں,میں وہیں سے باہر نہیں اؤں گی,audio/7_1_2_24.wav
7_1_6_36,train,Neutral,میری امی نے جو لسٹ دی ہے اس کو بھی دیکھ لیں گے,میں اب ان کے ہی طور طریقوں کے مطابق چل رہی ہوں,audio/7_1_6_36.wav
3_0_7_15,train,Sad,سامان باندھ لو کوچ کا وقت اگیا ہے,افضل اب واپس نہیں ائے گا,audio/3_0_7_15.wav
1_0_1_06,train,Angry,اگر اسے بات کرنے کی تمیز نہیں ہے تو اسے اس گھر میں بھی رہنے کی کوئی ضرورت نہیں ہے,احسان کے گھر میں پینٹ کا کام مکمل نہیں ہوا ابھی تک اور تم کہہ رہے ہو کہ میں نے سارے کام کر دیے ہیں,audio/1_0_1_06.wav
9_1_7_21,train,Sad,ماں بیٹا دُکھ سُکھ بھول رہے تھے,لیکن اس بے کوشی میں بھی وہ اپنا سارا دکھ بول گیا باولا,audio/9_1_7_21.wav
1_0_6_50,train,Neutral,کیا کرتے کیا تھے وہ,شادی کے بعد تم شانزے کا مزاج اپنا سکو گ,audio/1_0_6_50.wav
3_0_6_06,train,Neutral,اک بار پھر سوچ لو,کہ تم نے اب تک جتنے بھی فیصلے کیے ہیں غلط ہی کیے ہیں تقریبا,audio/3_0_6_06.wav
5_0_1_50,train,Angry,دھوکے باز ہے وہ,وہ بہت خطرناک شخص ہے,audio/5_0_1_50.wav
5_0_5_27,train,Happy,ائیے ائیے جناب تشریف لائی ہے ائیے کھانا کھائیے,اہا واہ کیا بات ہے,audio/5_0_5_27.wav
8_1_6_03,train,Neutral,کبھی کبھی اپنے خوابوں کو بھی جی لیا کرو,اچھا ہے نہ تم نہیں لیتی ہو,audio/8_1_6_03.wav
9_1_3_22,train,Boredom,او اچھا اچھا,توبہ تھک گئی ہوں ابھی,audio/9_1_3_22.wav
4_0_7_25,train,Sad,وہ بھی کہاں خوش ہے جان پوری,یہی نہ مرتبہ خاندان ذات اسی کو وجہ بنا کر کسی نے مجھے ٹھکرا دیا ہے,audio/4_0_7_25.wav
9_1_4_29,train,Disgust,کیا ہوا بنا رہے ہو بات ہی غلط ہے,مجھے بھی کوئی شوق نہیں ہے یہاں بیٹھنے کا بدتمیز کہیں کی,audio/9_1_4_29.wav
5_0_6_32,train,Neutral,اور یہ سب اس کے دائیں ہاتھ کا کام ہے,اپ کو ایسا کیوں لگتا ہے کہ اس نے خودکشی کی,audio/5_0_6_32.wav
1_0_6_16,train,Neutral,یہ بتاؤ کوئی پیسوں ویسوں کی ضرورت ہے,اب اپ جلدی سے ٹھیک ہو اور افس ا کر جوائن کرو,audio/1_0_6_16.wav
2_0_4_14,train,Disgust,اس کی وجہ سے ہمیں جو ذلت اٹھانی پڑی مزید اٹھانی پڑے گی اور یہ ناقابل برداشت ہے,تو کیا ہم نے کیا ہے ہم اس طرح لوگوں کو گھروں میں بلا کر ان کو بےعزت کرتے ہیں,audio/2_0_4_14.wav
3_0_3_26,train,Boredom,میں نے سوچا کہ,تم ٹھیک کہتی ہو,audio/3_0_3_26.wav
3_0_2_07,train,Fear,لیکن یہ ثابت کرنے کی کوشش نہ کرو کہ تمہارے اگے پیچھے کوئی نہیں ہے,تم تم تم تم تم تم نے مجھ سے جھوٹ بولا ہے نا,audio/3_0_2_07.wav
8_1_4_40,train,Disgust,غصے سے نہ دماغ گھومنے والا ہے,میں کہیں نہیں جاؤں گی ڈیڈ,audio/8_1_4_40.wav
3_0_6_01,train,Neutral,پتہ چلا کہ اس کی بنا بنیاد میں بھی لے لے اور لے ہے,اسے ڈانٹنے کی بجائے اسے اپ تھوڑا خیال کر لیا کریں,audio/3_0_6_01.wav
2_0_4_05,train,Disgust,جب جوان لڑکیوں کو گھر میں ملازم رکھتے ہو نا تو ان کی عزت کی ذمہ داری بھی لو یہ بھی کسی کی بیٹیاں ہیں,نام میں کیا رکھا ہے اپ پولیس والے ہیں اتنا ہی کافی ہے,audio/2_0_4_05.wav
4_0_2_40,train,Fear,نہیں خدا کا واسطہ ہے یہ ہاتھ کھولو,ارے جس خوشی کی تلاش میں پاگلوں کی طرح گھوم رہا تھا وہ خوشی دی ہے تم نے مجھے اج,audio/4_0_2_40.wav
10_1_2_36,train,Fear,اس کا سوال ہی پیدا نہیں ہوتا,امی اگر انسان سے کوئی غلطی ہو جائے,audio/10_1_2_36.wav
8_1_6_27,train,Neutral,لیکن بس صرف اتنی سی ہے کہ ساری باتوں کی میں اکیلے خود گواہ ہوں,مجھے لگا تھا کہ تم شاید اج بھی نہیں ہو گے,audio/8_1_6_27.wav
9_1_2_09,train,Fear,یہ کون زہر بھر رہا ہے,کون تیرے دل میں میل بھر رہا ہے,audio/9_1_2_09.wav
2_0_3_11,train,Boredom,اس کے اس کو پریس اور میڈیا سے بالکل دور رکھیں,اس وقت ہماری عزت اپ کے ہاتھ میں ہے اس سے مت اچھالے,audio/2_0_3_11.wav
2_0_5_03,train,Happy,بس تمہاری محبت میں گھر لے گیا تھا,ظاہر ہے اس میں کچھ تھا ہی نہیں گھر تو انا تھا,audio/2_0_5_03.wav
5_0_2_14,train,Fear,کسی نے ایف ائی ار تک نہ لی,میں تمہارا یہ بیھانک چہرہ تمہارے بچوں کے سامنے بے نقاب کر دوں گا,audio/5_0_2_14.wav
2_0_3_50,train,Boredom,اپ نے سنا نہیں تھا اس نے کیا کہا تھا,جو پہاڑ کی طرح ہو جاتے ہیں تمہاری غیر موجودگی میں,audio/2_0_3_50.wav
5_0_5_16,train,Happy,ہا ہا ہا پاگل ہو گئی تم,ہا ہا ہا ہا ہا نہیں نہیں,audio/5_0_5_16.wav
6_1_4_20,train,Disgust,کھری کھری سنا دو اور بھی کام ہے مجھے فون بند کرو,تمیز ہوتی تو برداشت کر رہی ہوں ورنہ کب کا میں اس کو,audio/6_1_4_20.wav
10_1_1_27,train,Angry,اسی لیئے نہیں بولے تم,اسی لیئے نہیں بولے نا,audio/10_1_1_27.wav
7_1_1_45,train,Angry,ادھر ساری بکواس میرے ہی بات پر یاد اتی ہیں,اپنے پنجے قابو میں رکھ بے بے,audio/7_1_1_45.wav
9_1_7_26,train,Sad,دیکھو بیٹا وہ تمہیں وارث دے رہی ہے,رابیل نے تو کبھی میرے سامنے آنکھ اُٹھا کے دیکھا بھی نہیں تھا,audio/9_1_7_26.wav
2_0_5_28,train,Happy,خالہ کی تنہائی دور کر دی جائے تو,مجھے یاد ہے جس وقت ایا تھا وہ میم,audio/2_0_5_28.wav
5_0_5_20,train,Happy,بڑے شریف ہیں تو,ابے تجھے سات فٹ کا عامر خان نظر نہیں ارہا وہ دو فٹا یہاں کیا کر رہا ہے,audio/5_0_5_20.wav
6_1_3_16,train,Boredom,اچھا اُٹھتی ہوں,کیا ہو گیا ہے امی,audio/6_1_3_16.wav
9_1_5_36,train,Happy,ارے کیوں نہیں ضرور,ضرور کیوں نہیں,audio/9_1_5_36.wav
6_1_3_08,train,Boredom,ارے نہیں یار,تمہارا سر ہوتا ہے کیا ہوتا ہے,audio/6_1_3_08.wav
1_0_3_18,train,Boredom,مجبور تو میں ہوں,اچھا ٹھیک ہے میں بدر سے بات کروں گا,audio/1_0_3_18.wav
2_0_2_21,train,Fear,تو تمہیں کیا لگتا ہے اس نے تمہارا نام گواہ کے طور پر لیا ہے,فوجی دروازہ کھولو فوجی ہمارا بھائی مر گیا ہے,audio/2_0_2_21.wav
1_0_6_35,train,Neutral,ہاں بلانا تو ہے تمہیں اس لیے خود انے کی زحمت کی ہے,رشتے انسان کو مضبوط کرتے ہیں,audio/1_0_6_35.wav
8_1_3_06,train,Boredom,اسے کوئی فرق نہیں پڑتا,خیر اپ جانتے ہیں پچھلے کچھ مہینے سے میں بہت سٹریس میں ہوں,audio/8_1_3_06.wav
5_0_5_40,train,Happy,ارے کیسی ہو بہت اچھی لگ رہی ہو کیا بات ہے,افیسر یہ میری طرف سے کافی پیجیے گا,audio/5_0_5_40.wav
2_0_2_30,train,Fear,نہیں میں نے اس سے جھمکا لے لیا,تم اخر کر کیا رہے ہو وجی غلطی پر غلطی غلطی پر غلطی مصیبت ا جائے گی,audio/2_0_2_30.wav
2_0_4_28,train,Disgust,انتظار کر رہا تھا کہ شاید تم خود مجھے بتا دو گے,بلایا میں نے تھا چھوٹے نے نہیں,audio/2_0_4_28.wav
4_0_2_24,train,Fear,کہ میں اپنی گلی کا گنڈا اوارہ لچا نہیں جو روز تمہارے راستے میں ا کے کھڑا رہتا ہوں,اپنے سوال کا جواب لینے روز اتا ہوں یہاں مجھے میرے سوال کا جواب دے دو پھر دوبارہ کبھی واپس نہیں اؤں گا,audio/4_0_2_24.wav
2_0_1_25,train,Angry,اپنی بہن کی دوست کے ساتھ سہیلی بھی وہ جس سے تمہارا,بس ہو گئی تمہاری کہانی,audio/2_0_1_25.wav
7_1_1_23,train,Angry,تم بزدل ہونے کے ساتھ ساتھ جھوٹے بھی ہو,یہ سب کچھ تم نے میری خاطر کیا تو مجھ سے جھوٹ کیوں بولا,audio/7_1_1_23.wav
1_0_6_07,train,Neutral,اپا گھر کی بات ہے تیاری کیا کرنی ہے,سدھر جائے گی اپا ایک بار شادی ہو گئی نہ تو ٹھیک ہو جائی گی,audio/1_0_6_07.wav
8_1_3_44,train,Boredom,اپ کب تک مجھے اس سے بچاتے رہیں گے,دیکھیے ٹھیک ہی ہوں گے اب,audio/8_1_3_44.wav
7_1_2_46,train,Fear,مجھے کیا پتا تم کیا کر رہے ہو یہاں,ہو کیا رہا ہے پسٹل دور کریں مجھ سے,audio/7_1_2_46.wav
7_1_4_08,train,Disgust,شکل دیکھی ہے ائینے میں,لو فر کہیں کے,audio/7_1_4_08.wav
10_1_3_44,train,Boredom,اتنے مہینے تھی نہیں پاکستان میں,نہیں میں,audio/10_1_3_44.wav
6_1_7_39,train,Sad,میں تمہیں کیا سمجھتی رہی اور تم کیا نکلے یار,روز رات کو یہاں آجاتی ہوں گھنٹوں یہاں بیٹھی رہتی ہوں یہاں سے وہاں جانے کی ہمت نہیں ہوتی,audio/6_1_7_39.wav
8_1_5_13,train,Happy,مجھے ہمیشہ لگتا تھا اپ بس ائیں گے مجھے جھوٹی موٹی تسلیاں دیں گے اور چلے جائیں گے,میں اپ کو بتا نہیں سکتی,audio/8_1_5_13.wav
2_0_7_30,train,Sad,خاص طور پر اگر شوہر کی غیر موجودگی بہت بربادی لاتی ہے,وجی یہ تمہارے اکیلے کی جنگ نہیں ہے یہ ہماری جنگ ہے,audio/2_0_7_30.wav
7_1_4_19,train,Disgust,یہ ساری کھچڑی اطہر کی پکائی ہوئی ہے نا,پلیز کبھی اپنا بھی دماغ استعمال کر لیا کرو کوئی حرج نہیں ہے,audio/7_1_4_19.wav
8_1_4_48,train,Disgust,وہ تو میں دیکھ رہی ہوں,انسلٹ کی ہے اس نے میری وہ بھی سب کے سامنے,audio/8_1_4_48.wav
10_1_3_37,train,Boredom,مومنہ ہی کا تو دل نہیں ہے,پتہ نہیں کب اؤں اؤں بھی یا نہیں,audio/10_1_3_37.wav
9_1_7_05,train,Sad,ابھی ٹھیک ہو جائے گا ابھی ٹھیک ہو جائے گا,بخار دماغ کو چڑھ گیا لگتا ہے,audio/9_1_7_05.wav
6_1_7_44,train,Sad,رو رہی ہوں تڑپ رہی ہوں سسک رہی ہوں,ایسے میں تو خدا بھی مان جاتا ہے وہ کیوں نہیں مانتا ہے,audio/6_1_7_44.wav
4_0_1_42,train,Angry,میں نے اپ کو ایک اخری موقع دیا لیکن دھوکہ اپ کی معصومیت کے پیچھے دھوکہ اور صرف دھوکہ چھپا ہے,لیکن سارا کا سارا قصور میرا ہے سارا قصور میرا ہے,audio/4_0_1_42.wav
7_1_2_27,train,Fear,میں اس لڑکے کو جواب دے چکی ہوں انکار کر چکی ہوں,تو پھر گھروں میں تانک جھانک کرنے کی کیا ضرورت ہے,audio/7_1_2_27.wav
2_0_2_22,train,Fear,فوجی دروازہ کھولو فوجی ہمارا بھائی مر گیا ہے,ہاں نہیں میں نے تو نہیں کیا ہی ہے دیکھ لو تم,audio/2_0_2_22.wav
9_1_6_26,train,Neutral,کہ یہ روایت تو بیس سال پہلے ٹوٹ چُکی,معاف کیجئے گا میں نے آپ کو پہچانا نہیں,audio/9_1_6_26.wav
8_1_5_31,train,Happy,بہت چاہتے تھے نا انہیں,اپ بہانے بہانے سے امی کو یاد کرنا نہیں بھولتے,audio/8_1_5_31.wav
9_1_3_15,train,Boredom,اور کیسا ہوگا ویسا ہی ہوگا ہرن ڈھنگ,ہائے بڑی درد ہے سر میں بس,audio/9_1_3_15.wav
10_1_6_28,train,Neutral,میں سوہنی ہوں اور میرا گھڑا کچا ہے,وہ ماہیوال ہے مجھ کو بچائے کے لیئے خود کو نہیں ڈبوئے گا,audio/10_1_6_28.wav
10_1_1_21,train,Angry,ارے اُس وقت کہاں غیرت مر گئی تھی,جب میرے باپ نے میری ماں کا قتل کیا تھا,audio/10_1_1_21.wav
6_1_3_28,train,Boredom,امی دنیا میں ہزار نوکریاں ہیں,اب تو پکا ہے کہ میری بلبل کو کچھ ہوا ہے,audio/6_1_3_28.wav
10_1_2_03,train,Fear,اور ذلت سے بڑھ کر مجھے کبھی کوئی چیز راس ائی نہیں,میں یہ کپڑے نہیں پہنوں گی,audio/10_1_2_03.wav
4_0_3_40,train,Boredom,محبت کے بغیر رہنا نفرت کے ساتھ جینا,اچھا شکر ہے سوچنے کا کہا ہے تو,audio/4_0_3_40.wav
9_1_5_40,train,Happy,بالکل پاس رہی دل کے پاس بالکل قریب,بلکہ بیٹھنا کیا ہے کھانا کھاتے ہیں نا ہاں,audio/9_1_5_40.wav
7_1_2_38,train,Fear,بھابھی یہ گھر نہیں ہے یہ بازار ہے,یہاں پر اتنا شور ہوتا ہے میرے سر میں درد ہو گیا ہے,audio/7_1_2_38.wav
5_0_2_36,train,Fear,غریب ادمی ہے وہ تمہارے چھوٹے چھوٹے بچے ہیں,فرض کرو اگر تمہاری بیٹی کو اغوا کر لے یا مروا دے تو,audio/5_0_2_36.wav
9_1_3_24,train,Boredom,رابیل نے کوئی بات کی ہے تم سے,اچھا خیر اس وقت اس وقت چھوڑو,audio/9_1_3_24.wav
4_0_4_37,train,Disgust,پھر سے دھوکا اخری موقع دیا تھا میں نے اپ کو,کیونکہ تم اچھی طرح جانتے ہو میری زندگی کا مقصد صرف اور صرف امین قریشی ہے اگر اس کی جان گئی تو ہمیشہ کے لیے کھیل ختم,audio/4_0_4_37.wav
6_1_1_22,train,Angry,بھاڑ میں جاؤ تم اور تمہارا سچ مجھے تم سے کوئی لینا دینا نہیں ہے سمجھے,اج سے میرا اور تمہارا رشتہ ختم,audio/6_1_1_22.wav
9_1_3_18,train,Boredom,بھلا ڈھلتی عمر کی ہی سہی,ناک نقشہ بھی دبا ہوا بھی چلے گا,audio/9_1_3_18.wav
1_0_1_04,train,Angry,نکلو یہاں سے باہر چلو جاؤ,بکواس کر رہے ہو تم,audio/1_0_1_04.wav
6_1_1_25,train,Angry,تم کون ہوتے ہو یہ کہنے والے ہاں,یہ ہے تمہارا معمولی سا رشتہ جو ختم کر دیا ہے میں نے,audio/6_1_1_25.wav
10_1_2_47,train,Fear,ارے کمبخت کہاں رہ گیا,وہ مجھے مار کر ہی دم لیں گے,audio/10_1_2_47.wav
3_0_7_30,train,Sad,پر اتنی مدت بعد اچانک تمہیں دیکھ کر پرانے رشتے ناطے,میں نہ جانے کب سے تمہاری تلاش میں سر کٹا رہا ہوں,audio/3_0_7_30.wav
10_1_6_18,train,Neutral,دنیا سے چھپ کر کٹ کر,میرا اور تمہارا تو کوئی مقابلہ ہے ہی نہیں,audio/10_1_6_18.wav
3_0_6_33,train,Neutral,اچھا اب اس کو ہاتھ نہیں لگانا کھولنا نہیں,اپ کو پہچانا نہیں میں نے,audio/3_0_6_33.wav
9_1_6_01,train,Neutral,خوشیاں ہی خوشیاں ملے اس پہ کوئی بوجھ نہ پڑے,میرے چندہ لیکن میں یہ کہہ رہی ہوں کہ منہ کو صاف رکھنا چاہیے نا یہ دیکھ یہ لگا لیتی ہوں تجھے,audio/9_1_6_01.wav
7_1_2_11,train,Fear,نہیں بھابھی میں جھوٹ نہیں بول رہی قسم سے,اور ان کا موڈ ہی ایسا ہے,audio/7_1_2_11.wav
2_0_3_15,train,Boredom,ا کر زیادہ میں مذاق کے موڈ میں نہیں ہوں,ارے مصیبت خود اس نے اپنے سر پر لی ہے اب خود ہی بھگتے گا,audio/2_0_3_15.wav
2_0_4_27,train,Disgust,پولیس والوں کے باپ کا کیا جاتا ہے پروموشن چاہیے انہیں بس,انتظار کر رہا تھا کہ شاید تم خود مجھے بتا دو گے,audio/2_0_4_27.wav
9_1_2_04,train,Fear,وضو کرنے سے پہلے میں نے تو اپنے سرہانے رکھے تھے پھر کہاں گئے,میں ڈھونڈ ڈھونڈ کر تھک گئی پورے گھر میں,audio/9_1_2_04.wav
6_1_2_21,train,Fear,میری عزت کا خیال نہیں ہے تمہیں,جانے دو انہیں پیچھے بتانا,audio/6_1_2_21.wav
1_0_5_01,train,Happy,جاؤ تم لوگ بعد میں بات کروں گا تم سے نکمے کہیں کے,بتاؤ بیٹا کیا چاہیے تمہیں,audio/1_0_5_01.wav
7_1_3_29,train,Boredom,پتہ نہیں کون جاہل لوگ ہوتے ہیں,ویسے بھی سوچتی ہوں اتنی دھوپ ہے,audio/7_1_3_29.wav
7_1_5_12,train,Happy,ہا ہا ہا ہاہا,اپ نے مجھے فون پرفیوم کا پوچھنے کے لیے کیا ہے مطلب,audio/7_1_5_12.wav
8_1_2_40,train,Fear,اج کے بعد مجھ سے بات کرنے کی اور مجھ سے ملنے کی کوشش مت کرنا عمیر,بس چھوڑیں نہ ختم کریں,audio/8_1_2_40.wav
9_1_2_29,train,Fear,یہ میں اچھی طرح جانتی ہوں,تمہارے اشاروں پر نہیں چل سکتی,audio/9_1_2_29.wav
8_1_6_47,train,Neutral,وہاں تو سب لوگ اپ کی خیریت معلوم کر رہے ہوں گے,سارے پروگریس کو انوائٹ کر لیا ہے نا,audio/8_1_6_47.wav
6_1_2_49,train,Fear,مجھے کبھی اس طرح کسی نے بات نہیں کی,جب میرے بس میں نہیں ہے کچھ سمجھ نہیں ارہا,audio/6_1_2_49.wav
9_1_2_06,train,Fear,کیا مطلب کیا مطلب بھولے کو ڈھونڈا کیا تعلق اس کا,ہائے ہائے میرے اللہ,audio/9_1_2_06.wav
3_0_1_11,train,Angry,میں پوچھتا ہوں کیا نہیں ہے اس گھر میں کس چیز کی کمی ہے,تمہاری حسرت تھی تمہارا اپنا گھر ہوتا تو یہ رہا وہ گھر,audio/3_0_1_11.wav
5_0_3_28,train,Boredom,او ہو لگتا ہے یہ ساری جا ئیداد بابا جی نے بنائی ہے,جس دن میں وردی میں آیا نا پورا کروڑ لوں گا,audio/5_0_3_28.wav
6_1_2_29,train,Fear,تیرا دماغ چل گیا ہے کیا,اچھا ٹھیک ہے,audio/6_1_2_29.wav
3_0_5_12,train,Happy,تمہارے شکریہ میں محبت کم اور شکریہ زیادہ لگ رہا ہے,وہ پیلے رنگ کا جوڑا نظر ایا تو لگا کہ تم پر جچے گا,audio/3_0_5_12.wav
3_0_1_21,train,Angry,خدا کا خوف کرو رقیہ بیگم کہاں کا ٹانکا کہاں جوڑ رہی ہو,ڈٹی رہو اپنے ارادہ پر,audio/3_0_1_21.wav
7_1_6_50,train,Neutral,بتایا نہیں تم نے چوٹ کیسے لگی,بڑے بھیا کا کوئی قصور نہیں ہے غلطی تمہاری ہے,audio/7_1_6_50.wav
5_0_7_29,train,Sad,تکلیفیں اٹھانی ہیں مشکلات برداشت کرنی ہیں,بیٹا کبھی سوچنا بھی نہ,audio/5_0_7_29.wav
5_0_6_21,train,Neutral,لیکن میں تو یہ کام چھوڑ چکا ہوں,بس یہ جو دو وقت کی عزت کی روٹی مل رہی ہے نا یہی کافی ہے,audio/5_0_6_21.wav
2_0_7_14,train,Sad,اج جا کر اس نے وجی کے خلاف ایف ائی ار کٹوائی,پولیس ہمارے گھر ائی شاید ہمارے ڈرائنگ روم میں,audio/2_0_7_14.wav
3_0_7_32,train,Sad,تمہاری تمہاری امی نے مجھے سب کچھ بتا دیا ہے,تمہارا شوہر سے شکیل ایک حادثے میں انتقال کر گیا ہے,audio/3_0_7_32.wav
5_0_1_49,train,Angry,فریب ہے دھوکا ہے,دھوکے باز ہے وہ,audio/5_0_1_49.wav
4_0_4_17,train,Disgust,جو چیز تمہارے لیے رسوائی اور بدنامی کا باعث نہیں بن رہی,میری زندگی میں بہت سے ایسے کنگلے دیکھے ہیں جو جیب میں لاکھوں کروڑوں روپے لے کر پھرتے ہیں لیکن دل کے بھکاری ہوتے ہیں وہ,audio/4_0_4_17.wav
6_1_7_38,train,Sad,ساری زندگی میں نے ایسی اذیت برداشت نہیں کی,میں تمہیں کیا سمجھتی رہی اور تم کیا نکلے یار,audio/6_1_7_38.wav
1_0_7_25,train,Sad,میاں بیوی میں محبت اور عزت تو ہوتی ہے,اور ایک چیز بہت ضروری ہے وہ ہے وفاداری,audio/1_0_7_25.wav
6_1_6_05,train,Neutral,جب تک سارے گھر کا کام ختم نہیں ہو جاتا وہ آنے نہیں دے گی اُسکو,صفائیاں کر رہی ہے وہ,audio/6_1_6_05.wav
10_1_2_05,train,Fear,میں روز اپ سے کہتی ہوں ہاں,کرتی ہوں امی تھوڑی دیر میں,audio/10_1_2_05.wav
3_0_4_38,train,Disgust,جس بدبخت نے اطلاع دی تھی,مگر میں گنہگار کٹہرے میں کھڑا ہو گیا,audio/3_0_4_38.wav
10_1_7_14,train,Sad,پھر خیال آتا ہے کہ وہ تو ہے ہی نہیں,اماں ابّا کی کمر ٹوٹ گئی ہے,audio/10_1_7_14.wav
7_1_3_25,train,Boredom,احسان کبھی کسی کا لیا ہی نہیں اور,تحفہ تو کسی نے دیا ہی نہیں کبھی,audio/7_1_3_25.wav
10_1_6_39,train,Neutral,شاید رہے نہیں یہاں پر اس لئیے آپ کو اندازہ نہیں ہے,میں نے چھوڑا تھا اُسے جانے سے پہلے,audio/10_1_6_39.wav
6_1_3_22,train,Boredom,امی کیا رکھا ہے اس گھر میں,ہاں ں ں سن رہی ہوں,audio/6_1_3_22.wav
6_1_7_21,train,Sad,آہ میرے خدا میں کس عذاب میں پھنس گئی ہوں,لیکن قصور تو کہیں نا کہیں میرا بھی ہے,audio/6_1_7_21.wav
6_1_3_46,train,Boredom,امی چپ کر جائیں نا,نہیں تو ایسی کوئی بات نہیں ہے,audio/6_1_3_46.wav
6_1_2_47,train,Fear,سر دس منٹ میں ا رہی ہوں,جب کچھ گٹمٹ ہو رہا ہے نبیل مجھے کچھ سمجھ نہیں ا رہا,audio/6_1_2_47.wav
4_0_7_16,train,Sad,یار تیری منت کر رہا ہوں بھائی تو میرا چھوٹا بھائی ہے یار,چل میری مدد کر دے میرے لیے کر دے گا تو تیرے بھائی کی بے چینی کو تھوڑا سکون مل جائے گا تیری مہربانی یار,audio/4_0_7_16.wav
1_0_2_32,train,Fear,بھائی اگر وہ خود سے تمہیں کچھ نہیں بتا رہی تو تم ہی اس سے پوچھ لیتی,تمہارے والد نہیں ہیں,audio/1_0_2_32.wav
4_0_6_50,train,Neutral,اچھائی کیا ہوتی ہے اگر کوئی یہ سوال کرے تو مرید اپ کا نام لے گا,پتہ نہیں کیوں لیکن مجھے لگتا ہے کہ یہ بات یہ جان گیا ہے کہ اس گھر میں کوئی ا گیا ہے جو میرا درد بانٹتا ہے,audio/4_0_6_50.wav
10_1_1_04,train,Angry,میں بتا رہی ہوں میرے قریب مت آنا ورنہ میں یہاں سے کُود جاؤں گی,تم مجھے پا نہیں سکتے,audio/10_1_1_04.wav
7_1_7_11,train,Sad,میری وجہ سے آپ لوگوں پر کتنا بوجھ پڑ گیا ہے,بھابھی مجھے ابھی کچھ سمجھ نہیں آ رہا کیا ہو رہا ہے,audio/7_1_7_11.wav
8_1_4_36,train,Disgust,بابا اتنا پسینہ کیوں ا رہا ہے اپ کو,کیسے رہ پاؤں گی میں اپ لوگوں کے بغیر,audio/8_1_4_36.wav
4_0_6_48,train,Neutral,ساری زندگی اپ نے بھی بڑی خدمت گزاری کروائی ہے مجھ سے,کم ہے میری زندگی میں بہت لیکن ہے کچھ محسن,audio/4_0_6_48.wav
2_0_6_26,train,Neutral,تم لوگ گواہی دینے والوں کو تھانے نہیں بلاتے کیا,سنا ہے رات بھر تمہاری بیوی گھر سے باہر تھی,audio/2_0_6_26.wav
8_1_7_33,train,Sad,ورنہ میرے پاس بچا ہی کیا ہے باقی کچھ بھی نہیں,آدھی زندگی تو دوسروں کو آزمانے میں ہی گزر گئی,audio/8_1_7_33.wav
3_0_3_19,train,Boredom,شکیل بھائی کے ساتھ رہنے پر مجبور نہ ہو,انہوں نے سب کچھ کیا مگر تمہیں گاڑی چلانی نہیں سکھائی,audio/3_0_3_19.wav
10_1_1_15,train,Angry,بس کر دیں بھائی بس کر دیں,اب مجھ پہ ہاتھ مت اُٹھائیے گا,audio/10_1_1_15.wav
9_1_4_05,train,Disgust,شرم نہیں اتی تم دونوں کو,یہ بات یاد رکھنا,audio/9_1_4_05.wav
6_1_2_09,train,Fear,کہا نا صبح بتاؤں گی ابھی کیسے بتا دوں,کہا نا ابھی فون نہ کرو,audio/6_1_2_09.wav
9_1_4_16,train,Disgust,ایسے نہیں کہتے بری بات چاچا کو,وہ جو باہر خاک اڑاتا پھرتا ہے لوگوں سے تھپڑ کھاتا پھرتا ہے,audio/9_1_4_16.wav
2_0_3_05,train,Boredom,ہمارا کوشش کرنا بنتا نہیں ہے,وہی لوگ کوشش کریں تو ٹھیک ہے ہم بات کریں گے تو ویسے ہی اچھا نہیں لگے گا,audio/2_0_3_05.wav
8_1_7_13,train,Sad,تاکہ بابا کی روح کو تسلی مل سکے,اب کیا ہوگیا ہے تم کیا کر رہے ہو,audio/8_1_7_13.wav
5_0_6_22,train,Neutral,بس یہ جو دو وقت کی عزت کی روٹی مل رہی ہے نا یہی کافی ہے,زیادہ کام تو وہی کرتی ہے میں تو بس اس کو سپورٹ کر رہا ہوں,audio/5_0_6_22.wav
1_0_4_42,train,Disgust,اور تم تو جیسے ہر وقت اس کے کندھے کے ساتھ کندھا ملا کر بیٹھے رہتی ہو,ہاں نا کہہ دیا نا تمہیں کلی ای میل کرو مجھے سارا کچھ,audio/1_0_4_42.wav
5_0_6_12,train,Neutral,جی جی میں کپڑے لے ایا تھا گھر پہ ہی لے ایا تھا,اپ 12 بجے بھیج دیجیے گا اپ کو کپڑے مل جائیں گے گھر پہ بھیجیے گا دکان پہ نہیں,audio/5_0_6_12.wav
4_0_6_45,train,Neutral,میری یہ تیزی سے اٹھتے ہوئے قدم میری بے چینی کی نشانی نہیں ہے,اس دنیا میں کوئی ایسا انسان ہے جسے اپنے ماں باپ پیارے نہ ہو سب کو ہوتے ہیں,audio/4_0_6_45.wav
3_0_2_31,train,Fear,اس کی نیک نامی کا چرچہ سنو,تو تمہیں پتہ چلے کہ ایک وقت میں دو دو نوکریاں کرتا ہے ہمارا افضل,audio/3_0_2_31.wav
3_0_5_40,train,Happy,نماز پڑھنے ائے تمہارے بارے میں بتایا انہوں نے,یاد ہے میں نے تم سے کہا تھا کہ اس کا کوئی عاجزی والا نام رکھو,audio/3_0_5_40.wav
3_0_7_42,train,Sad,کہ میں ندامت اور پشیمانیوں میں لے ہاتھوں سے ان کرچیوں کو سمیٹنا بھی چاہوں تو شاید ساری زندگی نہ کر سکو,بولو نا خدا کے لیے کچھ تو بولو بولو نا,audio/3_0_7_42.wav
6_1_1_44,train,Angry,کیا تماشہ بنایا ہوا ہے میرا,میری ماں کے مرتے وقت اس کو لے ایا,audio/6_1_1_44.wav
3_0_6_03,train,Neutral,اج تمہارا فیئر ویل ہے,ا جاتا ہے تو پھر ہم اسے یہاں ہم مینج کر لیتے ہیں,audio/3_0_6_03.wav
3_0_6_43,train,Neutral,وہ تو شیخ صاحب سے میری بات ہوئی تھی,یہاں تو سب ٹھیک لگ رہا ہے,audio/3_0_6_43.wav
2_0_7_37,train,Sad,میں نے تم سے وعدہ کیا تھا کہ میں منت کو کچھ نہیں ہونے دوں گا تم نے وعدہ توڑ دیا,شایان یہ کیا کیا تم نے یہ نہیں ہو سکتا شایان,audio/2_0_7_37.wav
1_0_2_27,train,Fear,تمہارے تینوں بندوں کو مرتسم نے اٹھا لیا ہے,غلطی ہو گئی ہے اس سے وہ تمہیں مارنا نہیں چاہتا تھا,audio/1_0_2_27.wav
2_0_4_12,train,Disgust,دیکھو منت اب اس گھر میں اس لڑکی کا ذکر نہیں ہوگا,اس کے ساتھ جو ہوا ہمیں اس کا افسوس ہے لیکن,audio/2_0_4_12.wav
6_1_5_49,train,Happy,ہا ہا دولہا چوم لو پھر,کیا چیز ہے یار,audio/6_1_5_49.wav
1_0_5_27,train,Happy,بڑی ایفیشنٹ ہو گئی ہے میری بیٹی,کافی بریلینٹ لگتا ہے کافی اچھی پرسنٹیج دی ہے ہر سال اس نے,audio/1_0_5_27.wav
9_1_5_11,train,Happy,جلدی جلدی شہزادہ بن جا تیار ہو جا,ماشاءاللہ سورۃ منموری,audio/9_1_5_11.wav
4_0_3_34,train,Boredom,میرا مطلب ہے کہ ٹھیک ہے چلی جانا,تھوڑی سی دیر اگر رُک جاؤگی تو مہربانی ہوگی,audio/4_0_3_34.wav
4_0_1_23,train,Angry,اور میں میں ایک لمحے کے لیے بھی میرا نہیں سوچا تم نے,اور تم یہ بات بول رہے ہو بہن ہے سکینہ میری,audio/4_0_1_23.wav
1_0_3_01,train,Boredom,دعا کرو کہ وہ لڑکا ہماری بیٹی کی زندگی سے جلد از جلد نکل جائے,اچھا چلیں اپ کہتی ہیں تو مان لیتا ہوں,audio/1_0_3_01.wav
3_0_1_43,train,Angry,ہمارے برسوں کے لاڈ پیار کا یہی صلہ,پیدل چلنا بھی نہیں اتا,audio/3_0_1_43.wav
5_0_3_50,train,Boredom,یہ جو نوٹوں کی گڈیاں ہوتی ہیں نہ اور اُن کی خوشبو وآآب,ضابطے کی کاروائی ہے جی,audio/5_0_3_50.wav
2_0_4_29,train,Disgust,بلایا میں نے تھا چھوٹے نے نہیں,پیسہ تم پورے لے رہے ہو اور کام ادھا کر رہے ہو,audio/2_0_4_29.wav
10_1_2_12,train,Fear,میرا دل چاہتا تھا کہ اس کی فلم فلاپ ہو جائے,اسے اتنا نقصان ہو اتنا نقصان ہو کے,audio/10_1_2_12.wav
2_0_3_39,train,Boredom,نوازستان میں کم از کم اداسی تو تھی یہاں تو ایک عجیب سا خالی پن ہے,جیسے صبح ہوتی ہے ویسے ہی شام بھی ہو جاتی ہے,audio/2_0_3_39.wav
7_1_7_33,train,Sad,تم گولی کھاؤ میں پانی پلاتی ہوں,کیا بات کروں بابا,audio/7_1_7_33.wav
3_0_2_35,train,Fear,بس بہت ہو گئی بہت ہو گئی خدا کی نوکری,لوگ کیا دیکھ رہی ہو ناشتے پانی کا بندوبست کرو,audio/3_0_2_35.wav
8_1_1_32,train,Angry,تماشہ تو میرا بنا ہوا ہے نا دیکھیں مجھے,دلہن بنے کبھی اس گھر کبھی اس گھر گھوم رہی ہوں,audio/8_1_1_32.wav
2_0_6_45,train,Neutral,اب اسے بھی جا کر سمجھا دیں کہ وہ وہاں ارام کریں,ابھی اپ کہہ رہی تھی کہ اپ سب کچھ سمجھ گئے ہیں,audio/2_0_6_45.wav
3_0_4_45,train,Disgust,مولوی کو بس مسجد تک ہی رہنے دو,میں نے ذرا بھی شک کیا ہو تو میرے خلاف فتوی دے دینا,audio/3_0_4_45.wav
6_1_4_22,train,Disgust,تو امی وہ روز ار ٹپکتا ہے اب اس کی وجہ سے گھر سے نکلنا چھوڑ دوں,اس کے بارے میں سوچتی ہوں نا تو کسی سرکاری دفتر کا ٹائپ رائٹر یاد ا جاتا ہے,audio/6_1_4_22.wav
8_1_7_18,train,Sad,کسی اور کا آپ پر کوئی حق نہیں ہے,بس ایک دفعہ میں آپ سے سننا چاہتی ہوں کہ آپ ہی صرف میرے ہیں,audio/8_1_7_18.wav
1_0_6_14,train,Neutral,سب کچھ تو سنبھال لیا ہے تم نے مجھے کافی تسلی ہو گئی ہے,ٹھیک ہے منور جو تمہارا دل چاہے تم وہ کرو,audio/1_0_6_14.wav
7_1_6_10,train,Neutral,اا آپ کا نام کیا ہے میں پوچھ سکتی ہوں,بس اپ مجھے یہ بتا دیں کہ کیا مجھے کوئی اور ڈاکومنٹس لے کے انے ہیں ورنہ سی وی تو اپ کے پاس ہے ہی,audio/7_1_6_10.wav
3_0_2_42,train,Fear,بس تم وہ کام نہ کرنا جسے کرتے ہوئے تمہیں شرم ہے,مجھے کوئی پریشانی نہیں ہے مگر کمبخت بتائے تو صحیح کہ وہ ہے کون,audio/3_0_2_42.wav
2_0_3_08,train,Boredom,میں کون ہوتا ہوں انہیں روکنے یا بھیجنے والا,تمہیں تو دیکھ رہا ہوں,audio/2_0_3_08.wav
5_0_1_22,train,Angry,اے پاگل ہو گیا ہے باہر ہی کھڑا رہ,اس کو اندر مت انے دینا اس کو کہنا کہ صاحب جو ہے نا واردات کے موقع پر گیا ہوا ہے چل چل,audio/5_0_1_22.wav
6_1_2_02,train,Fear,زہر دے دے مجھے,زمین تنگ کر دو,audio/6_1_2_02.wav
8_1_1_01,train,Angry,مجھے ایسا لگ رہا تھا جیسے,اگر یہ میرے سامنے ایا نا ڈیڈ میں چھوڑوں گی نہیں اس کو,audio/8_1_1_01.wav
8_1_4_34,train,Disgust,کسی پودے کو اس کی جڑ سے اکھاڑ دینا,تکلیف تو ہو گی نا,audio/8_1_4_34.wav
10_1_1_28,train,Angry,اسی لیئے نہیں بولے نا,مجھے شرم آتی ہے تمہیں اپنا بھائی کہتے ہوئے,audio/10_1_1_28.wav
9_1_2_30,train,Fear,تمہارے اشاروں پر نہیں چل سکتی,ہاں اگر ہماری اڑ میں تمہیں ارام کرنا ہے تو جا سکتی ہو تم,audio/9_1_2_30.wav
7_1_3_22,train,Boredom,میرا کمرہ,نہیں باجی ایسی بات نہیں ہے,audio/7_1_3_22.wav
2_0_3_37,train,Boredom,جانتا ہوں میں کہ یہ کوئی غلط فہمی ہے,نیے گھر میں شفٹ تو ہو گئے لیکن دل نہیں لگ رہا,audio/2_0_3_37.wav
4_0_2_33,train,Fear,ساری کشتیاں جلا دی ہیں میں نے واپسی کا کوئی راستہ نہیں ہے میرے پاس زوہرا,یہ چھپ چھپ کر ملنا میری محبت کی توہین ہے,audio/4_0_2_33.wav
4_0_6_40,train,Neutral,نوکر ہونا صاحب نوکر ہونے کے سارے تقاضے پورے کرتا ہوں,دو قسم کے انسو ہوتے ہیں صاحب خوشی کے اور غم کے,audio/4_0_6_40.wav
5_0_4_36,train,Disgust,کیا کیا ہے ہم نے بچا تو سکے نہیں,جا جا کر اندر بتا عامر خان ایا ہے,audio/5_0_4_36.wav
3_0_2_18,train,Fear,زندگی تو تم نے میری تباہ کر دی اب اب عمر کا بقیہ حصہ تمہیں میں پا کر کھو دینے کی اذیت میں گزار دوں یہی چاہتی ہو تم,تو پھر کھاتے جمع رکھو کچھ کر کے دکھانے کے لیے تو روز جاتا ہوں,audio/3_0_2_18.wav
9_1_6_37,train,Neutral,کہو کیسے یاد کیا,ہاں ذرا میرے کمرے میں آؤ تم سے ضروری بات کرنی ہے,audio/9_1_6_37.wav
4_0_2_06,train,Fear,دیوانگی نہیں مصطفی بھائی یہ انتقام کی بارش ہے,بچپن سے لے کر اج تک یہ جوتے صاف کرتے کرتے بڑا ہوا ہوں صاحب,audio/4_0_2_06.wav
2_0_4_41,train,Disgust,تمہاری یہ ہٹ دھرمی یہ انداز مجھے اور میرے گھر کو قبول نہیں ہے,اور افسوس مجھے اس بات کا ہے کہ تم اپنے گھر کے بچے کو مجرم سمجھ رہی ہو,audio/2_0_4_41.wav
1_0_1_09,train,Angry,بس بس میں آ گیا ہوں نا مرتسم خان مجھ سے بات کرو,میں نے دوستی کا ہاتھ بڑھایا تو ہاتھ تھام لیا اس نے,audio/1_0_1_09.wav
4_0_7_40,train,Sad,میں نے اپنی ماں کی انکھوں میں جو شرمندگی دیکھی تھی تب چھوٹا تھا نا بچپن میں سمجھ نہیں سکتا تھا,سمجھ ائی نہیں کہ کس چیز کی شرمندگی ہے مجھے وہ میرے اندر ایسے ہے جیسے موت کسی کے اندر,audio/4_0_7_40.wav
9_1_4_30,train,Disgust,مجھے بھی کوئی شوق نہیں ہے یہاں بیٹھنے کا بدتمیز کہیں کی,اور میں تو ڈر کے مارے کچھ بولتی نہیں بھائی ان کی مرضی ہے,audio/9_1_4_30.wav
5_0_3_20,train,Boredom,ہوووں دبئی میں آپ کے مطابق,گُٹھنے ہمیشہ پیٹ کی طرف ہی جھکتے ہیں بیٹا,audio/5_0_3_20.wav
10_1_6_17,train,Neutral,میں نیک ہوتی تو یہ کر رہی ہوتی,دنیا سے چھپ کر کٹ کر,audio/10_1_6_17.wav
10_1_5_45,train,Happy,پتہ ہے سیلری بھی بہت اچھی ہوگی,نہیں شکل تو ایک جیسی ہے بھائی بھی تو ہو سکتا ہے,audio/10_1_5_45.wav
1_0_3_50,train,Boredom,نہیں بس ویسے ہی کہہ رہا تھ,ٹھیک ٹھیک ہے اپا اگر,audio/1_0_3_50.wav
1_0_7_46,train,Sad,میں اپنی گیتی کو اس طرح سے رخصت نہیں کر سکا جس طرح اس کا حق تھا,اس کو وہ عزت وہ مان نہیں دے سکا باپ کی شفقت نہیں دے سکا,audio/1_0_7_46.wav
5_0_1_28,train,Angry,ارے یار میں تمہیں کیا سمجھا رہا ہوں تم وہیں پھنسے ہو شکل سے شریف ادمی,او بھائی شکل پہ شریف یا بدمعاش نہیں لکھا ہوتا,audio/5_0_1_28.wav
6_1_5_09,train,Happy,یہ ہوئی نا بات,دل بور ہو رہا تھا امی نے کہا صوبیہ کی طرف چلی جا تو میں ا گئی,audio/6_1_5_09.wav
1_0_5_03,train,Happy,مہمان اگئے کون کون اگیا,ارے اپا شکریہ,audio/1_0_5_03.wav
3_0_5_45,train,Happy,ہم دین دنیا کی باتیں کرتے رہے,لگتا ہے وہ بہت خوش ہیں تم سے,audio/3_0_5_45.wav
9_1_5_24,train,Happy,اور پتہ ہے اس سے کیا بات کرنی ہے,ارے ادھر تو اا اپ پوری بات تو سن لے,audio/9_1_5_24.wav
1_0_5_02,train,Happy,بتاؤ بیٹا کیا چاہیے تمہیں,مہمان اگئے کون کون اگیا,audio/1_0_5_02.wav
8_1_3_24,train,Boredom,وہ مجھے سمجھ نہیں ا رہا تھا میں کیا کروں,اچھا ایسا ہی سمجھ لو,audio/8_1_3_24.wav
1_0_2_44,train,Fear,وہ ایک بات کرنی تھی تم سے,بات نہیں کریں گے کیوں بات نہیں کروں میں بیٹی کے متعلق بات ہے اور میں بات نہ کروں,audio/1_0_2_44.wav
8_1_2_33,train,Fear,کیوں کیا یہ سب کچھ,میرے پاس تھا ہی کیا ایک کردار کا مان ہی تو تھا,audio/8_1_2_33.wav
7_1_1_47,train,Angry,ہاتھ نہ لگائیں میری کتابوں کو,کباڑی کو دینے کے لیے نہیں ہوتی ہے ہٹ یہاں سے ہٹ,audio/7_1_1_47.wav
8_1_7_42,train,Sad,ماموں مجھے معاف کر دیں,میں نے بہت کوشش کی تھی کہ آپ کے اور ابرار انکل کے وعدے کا پاس رکھ سکوں,audio/8_1_7_42.wav
7_1_4_15,train,Disgust,آپ مجھے سسرال سے اتنا ڈراتی کیوں رہتی ہیں,یہ کیا کہ رہے ہیں آپ,audio/7_1_4_15.wav
8_1_7_27,train,Sad,تو تڑپتے ہوئے جسم کا کیا جواب ہوگا,یہی ہوگا نا کہ ہاں مجھے موت چاہیے,audio/8_1_7_27.wav
10_1_3_12,train,Boredom,ڈیلیٹ تو نہیں کیا ابھی تک,کیا اج بھی تمہاری آواز میرے کانوں میں گونجتی,audio/10_1_3_12.wav
2_0_5_22,train,Happy,ہم لوگ کہیں باہر گھومنے چلتے ہیں,زبردست ہو گیا ہے کام,audio/2_0_5_22.wav
8_1_7_32,train,Sad,اس نے مجھے جینے کی وجہ دی ہے,ورنہ میرے پاس بچا ہی کیا ہے باقی کچھ بھی نہیں,audio/8_1_7_32.wav
9_1_6_44,train,Neutral,اپنے رشتے اپنے بچے اپنے سب پیار کرنے والے,نہیں میرا بیٹا اور بہو آرہے ہیں وہ آئیں گے اُن کے ساتھ ہی کھائیں گے ہم,audio/9_1_6_44.wav
9_1_4_50,train,Disgust,نہ تمیز نہ طریقہ نہ سلیقہ نہ عقل,ایسا نہ ہو کہ زندگی تمہارے لیے ہی تنگ ہو جائے,audio/9_1_4_50.wav
9_1_3_19,train,Boredom,ناک نقشہ بھی دبا ہوا بھی چلے گا,ہائے اللہ صوبی,audio/9_1_3_19.wav
8_1_6_28,train,Neutral,مجھے لگا تھا کہ تم شاید اج بھی نہیں ہو گے,پر اج بھی میرا سب کے سامنے تماشا بنے گا,audio/8_1_6_28.wav
8_1_5_46,train,Happy,ساری دنیا چمک اٹھی ہے,اچھا میں لاتی ہوں,audio/8_1_5_46.wav
7_1_7_28,train,Sad,اور بزدل لوگ نا محبت نہیں کر سکتے,باقی کیا ہے وہ سب کچھ نہیں کھاتا,audio/7_1_7_28.wav
6_1_7_13,train,Sad,ایسا تو نہ کریں امی اگر آپ حوصلہ چھوڑ دیں گی تو پھر میرا کیا بنے گا,ابو کے بعد میرے پاس آپ کے علاوہ اور کوئی نہیں ہے,audio/6_1_7_13.wav
5_0_3_27,train,Boredom,ایف آئ آر غائب بیان غائب سمجھو کچھ ہوا ہی نہیں ہے,او ہو لگتا ہے یہ ساری جا ئیداد بابا جی نے بنائی ہے,audio/5_0_3_27.wav
4_0_1_13,train,Angry,اور سمجھا دیجیے اپنی بیٹی کو,قسم کیوں دیا اپ نے ان بغیرتوں نے پیر قدرت اللہ شاہ کی عزت پہ ہاتھ ڈالا ہے کہ,audio/4_0_1_13.wav
6_1_5_14,train,Happy,سچ میں اتنا پیار کرتا ہے مجھ سے,ویسے بڑی جھلی ہے سوبیہ پتہ ہے کیا کہتی ہے,audio/6_1_5_14.wav
4_0_6_02,train,Neutral,ویسے ایک بات کہوں عیسی تیرا شکریہ یار,تیرا بھائی ہونے ہونے پر فخر محسوس ہوا ہے مجھے ورنہ ابا نے ایک دفعہ اسے حکم دیا اور اس نے مان لیا,audio/4_0_6_02.wav
1_0_3_43,train,Boredom,اگے تو صرف اندھیرا ہے اپا,سمجھ نہیں اتا ایسا کیا گناہ کیا ہے میں نے,audio/1_0_3_43.wav
9_1_6_47,train,Neutral,تھوڑا سا اپنی بہن کے بارے میں سوچو,زندگی میں دوسروں کے لیے بھی جینا سیکھو,audio/9_1_6_47.wav
2_0_3_20,train,Boredom,قانون تو معاف کر دیتا ہے لیکن انسان زندگی بھر اپنے اپ کو معاف نہیں کر سکتا,ہاں لڑکیاں اگر جا کر دیکھنا چاہتے ہیں تو چلی جائیں,audio/2_0_3_20.wav
4_0_7_14,train,Sad,میں خوشی سے نہیں اپ کو بیچ رہا,الٹ پلٹ گیا ہے یار سب مجھے کچھ سمجھ نہیں ارہا عیسا,audio/4_0_7_14.wav
10_1_6_43,train,Neutral,رزق ختم ہونے سے پہلے رزق,آنا چاہتی ہوں لیکن پیروں میں سفر کا بھنور لپٹ گیا ہے,audio/10_1_6_43.wav
4_0_4_41,train,Disgust,اس سے پہلے مزید دم گھٹنے لگے چادر پہ پڑی ہوئی گرد کو جھاڑ دیں,یہ عیش و عشرت یہ محفلیں یہ رونقیں موسی کا نیم دار گھرانہ تمہیں نہیں دے سکتا تھا,audio/4_0_4_41.wav
4_0_5_35,train,Happy,میرے کہنے کا مطلب ہے کہ اپ خوبصورت لگ رہی ہیں مجھ سے,ہمیشہ لگتی ہو لیکن اج زیادہ لگ رہی ہے ہو,audio/4_0_5_35.wav
3_0_1_34,train,Angry,کہ ہم تمہاری شادی نرمین سے کرنا چاہتے ہیں,اور وہیں پر ہوگی,audio/3_0_1_34.wav
4_0_2_05,train,Fear,انتقام کے بعد تم یہ بات نہیں جانتی کس کی چھت پر برسنا ہے اور کب برسنا ہے,دیوانگی نہیں مصطفی بھائی یہ انتقام کی بارش ہے,audio/4_0_2_05.wav
5_0_4_28,train,Disgust,مجھے اس غریب کو 10 لاکھ دیتے ہوئے ان کی جان جاتی ہے,بابا جی اپ کو نہیں پتہ اج کل کیا لڑکیاں کرتی پھر رہی ہیں,audio/5_0_4_28.wav
8_1_5_16,train,Happy,درد دل درد جگر وغیرہ وغیرہ,تو میں بھی اکیلے میں اپ سے بہت ضروری بات کرنا چاہتی ہوں,audio/8_1_5_16.wav
3_0_7_43,train,Sad,بولو نا خدا کے لیے کچھ تو بولو بولو نا,ایسا لگ رہا ہے مجھے ایسا لگ رہا ہے یہ نہیں ہو سکتا,audio/3_0_7_43.wav
2_0_7_12,train,Sad,ہاں بعض دفعہ ایسی غلطیاں ہو جاتی ہیں جنہیں مانتے ہوئے شرم اتی ہے,ہم سے خدا حافظ کر کے ایئرپورٹ کے لیے نکلی تھی لیکن سیدھا تھانے چلی گئی,audio/2_0_7_12.wav
3_0_6_31,train,Neutral,اب اپ کو اس قسم کی چھوٹی موٹی نوکریاں کرنے کی ضرورت نہیں ہے,اچھا ٹھیک ہے ایسا کرتے ہیں کہ پہلے میں تمہارے انکھوں پر پٹی باندھتا ہوں ہیں تم مجھے پکڑو,audio/3_0_6_31.wav
9_1_5_20,train,Happy,اے اللہ تیرا شکر ہے,ارے کتنی اچھی لگ رہی,audio/9_1_5_20.wav
3_0_3_15,train,Boredom,کرائے پر کوئی دیتا ہی نہیں,اج تو حشر ہی ہو گیا,audio/3_0_3_15.wav
7_1_1_16,train,Angry,میری تو کوئی مجھے فون ہی کر لیتے ہیں میری رائے پوچھنے کے لیے,مجھے اس گھر سے نکالنا چاہتے ہیں,audio/7_1_1_16.wav
2_0_4_25,train,Disgust,اس نے تمہارے خلوس کو نفرت کی اگ میں جھونک دیا تم پھر بھی اس کی طرف داری کر رہی ہو,اپنے ہی گھر میں غیر بنا دیا ہے مجھے,audio/2_0_4_25.wav
6_1_6_30,train,Neutral,ہاسپٹل میں ہماری اتنی مدد کی اُسنے,اب ٹھیک ہیں,audio/6_1_6_30.wav
5_0_5_47,train,Happy,ہا ہا ہا ہا ہا اوے ابھی تو نے ننگا ہونا ہے چھ ٹکے کے بچے,بس یار اپ کی دعائیں ہیں,audio/5_0_5_47.wav
2_0_2_08,train,Fear,یہ وہ جگہ تھی جہاں لڑکی کڈنیپ,میں چاہتا ہوں کہ تم دل مہر سے معافی مانگو,audio/2_0_2_08.wav
2_0_7_02,train,Sad,نایاب نے چھت سے کود کر خود کشی کر لی ہے,جی ہم نے ایمبولنس میں اسے ہاسپٹل پہنچا دیا ہے اپ بھی وہاں پہنچ جائیں,audio/2_0_7_02.wav
3_0_1_35,train,Angry,اور وہیں پر ہوگی,لیکن تم نے کوئی نام نہیں بتایا,audio/3_0_1_35.wav
9_1_4_02,train,Disgust,اور حقیقت یہی ہے کہ اس لڑکی نے اس گھر میں اور ہمارے دل میں کوئی جگہ نہیں بنائی,وہ بھی بے شرم و کالا کر لے کئی دفعہ ہو جائے,audio/9_1_4_02.wav
9_1_4_17,train,Disgust,وہ جو باہر خاک اڑاتا پھرتا ہے لوگوں سے تھپڑ کھاتا پھرتا ہے,بڑا ایا ماں کا سجینہ کچھ نہیں ہوتا تجھے,audio/9_1_4_17.wav
3_0_3_48,train,Boredom,سب خیریت ہے نا شیخ صاحب,لے لے لے لے لے لے لیکن,audio/3_0_3_48.wav
10_1_4_11,train,Disgust,محبت میں انا نہیں خودداری ہوتی ہے اماں,میرے اور اس کے درمیان میں سات سمندر ہیں,audio/10_1_4_11.wav
4_0_5_28,train,Happy,لفظ تو ہزاروں ہیں میرے پاس لیکن کہنے کی ترتیب نہیں بنا پا رہا,جو کہہ رہا ہوں وہ سچ ہے اور خوبصورت ہے,audio/4_0_5_28.wav
9_1_7_36,train,Sad,میرا اور تمہارا دکھ زیادہ مختلف نہیں رابیل,میرا کیا میں تو میں تو ماں ہوں نا,audio/9_1_7_36.wav
8_1_6_48,train,Neutral,سارے پروگریس کو انوائٹ کر لیا ہے نا,پتہ نہیں کون سا سرپرائز پلان کر رہے ہیں میرے لیے,audio/8_1_6_48.wav
5_0_5_41,train,Happy,افیسر یہ میری طرف سے کافی پیجیے گا,اچھا چلو ٹھیک ہو گیا اچھا یہ تحفہ میری طرف سے قبول کرو,audio/5_0_5_41.wav
9_1_2_34,train,Fear,تو بیٹا تم جا کر جو منا کر اسے گھر لے اؤ,کیسی باتیں کر رہے ہو پاگل ہو گئے ہو زین,audio/9_1_2_34.wav
8_1_6_29,train,Neutral,پر اج بھی میرا سب کے سامنے تماشا بنے گا,ڈیڈ میں زید کے ساتھ رہنا چاہتی ہوں,audio/8_1_6_29.wav
1_0_4_30,train,Disgust,جہاں ارا کے در پر چلا جاؤں اپنی بیٹی واپس لانے کے لیے بھیک مانگوں اس س,کیسے بھول سکتا ہوں میں ایک بیٹی کو جنم دینے باوجود تم نے کبھی ماں کے فرائض ادا ہی نہیں کیے,audio/1_0_4_30.wav
5_0_3_08,train,Boredom,شا کِرہ بوجھ نہیں ہے,ہاں مل گئے نا,audio/5_0_3_08.wav
3_0_2_10,train,Fear,میں بچپن سے انہیں دیکھتا چلا ایا ہوں,پتہ نہیں کیا میں اول فول بک گیا,audio/3_0_2_10.wav
2_0_1_37,train,Angry,یہ کس چیز کا بل ہے,تیار میں بولو میں ابھی تمہیں دے دوں گا,audio/2_0_1_37.wav
9_1_3_48,train,Boredom,چھری تلے دم لے لے,ارے سن لیا,audio/9_1_3_48.wav
6_1_1_28,train,Angry,اپ کو اس شخص ہمدردی ہوگی مجھے نہیں ہے,کیوں ملنا چاہتی ہے ہو اپ اس سے,audio/6_1_1_28.wav
2_0_4_50,train,Disgust,ہم سے خون کا رشتہ نہ ہوتا تو اب تک ہمیں جان سے مار چکا ہوتا,کیا حرکت ہے یہ,audio/2_0_4_50.wav
4_0_4_28,train,Disgust,کتنا گھٹیا مرد ہے عورت کی کمائی کھا رہا ہے کہاں ہوتے ہیں ایسے مرد,یہ وجہ تھی جی اس وجہ سے تم نے موسی کو ٹھکرا دیا,audio/4_0_4_28.wav
5_0_7_46,train,Sad,بھیا بہت مارا ہے انہوں نے بڑا ہی مارا ہے,دل پہ بوجھ سا ہے جو اتر نہیں رہا,audio/5_0_7_46.wav
7_1_3_21,train,Boredom,جی میں بس,میرا کمرہ,audio/7_1_3_21.wav
2_0_1_38,train,Angry,تیار میں بولو میں ابھی تمہیں دے دوں گا,تم ابھی چلو میرے ساتھ ابھی چلو,audio/2_0_1_38.wav
4_0_2_13,train,Fear,دماغ کام کر نہیں کر رہا تمہارا میں تمہیں یہ بتا رہا ہوں کہ ابا میری وجہ سے پہلے ہی بہت پریشان ہیں عیسی,وہ تو قاضی کے دفتر میں میرا جانے والا ایک بندہ کام کرتا ہے اس نے مجھے فون کر کے بتا دیا,audio/4_0_2_13.wav
3_0_6_34,train,Neutral,اپ کو پہچانا نہیں میں نے,کے درد دل کی واسطے پیدا کیا ہے انسان کو,audio/3_0_6_34.wav
2_0_1_33,train,Angry,منہ مانگے پیسے دیے تھے میں نے تمہیں کیسے ہوا یہ سب کچھ,بکواس بند کرو شرم نہیں ائی تمہیں,audio/2_0_1_33.wav
7_1_5_37,train,Happy,بات تو تیری بھی ویسے غلط نہیں ہے,اب اللہ نے حسن سے نواز ہی دیا ہے تو پھر کیش کیوں نہ کریں,audio/7_1_5_37.wav
7_1_7_20,train,Sad,مجھے آپ کی بہت یاد آرہی تھی بھیا,میں آپ کے پاس آنا چاہ رہی تھی میں گھر آنا چاہ رہی تھی,audio/7_1_7_20.wav
9_1_2_40,train,Fear,اس قدر بدتمیز لڑکی ہے یہ,کہیں زین نے غلط فیصلہ تو نہیں کر لیا,audio/9_1_2_40.wav
1_0_4_13,train,Disgust,اب پڑھنے کی تو تم بات ہی نہ کرو نہ اور باقی جو تم نے کچھ کرنا ہو گا شادی کے بعد کرتی رہنا,تیری ماں کی وجہ سے میں نے بڑی ذلت اٹھائی ہے رسوائی سمیٹی ہے,audio/1_0_4_13.wav
3_0_1_16,train,Angry,اج میرے پاس اتنی دولت ہے کہ دونوں ہاتھوں سے بھی لٹاؤ گی تو ختم نہیں ہوگی,رک تو صحیح بات تو سن میری,audio/3_0_1_16.wav
1_0_2_34,train,Fear,یہ کیا حماقت تھی شانزے,کون ہے یہ لڑکا,audio/1_0_2_34.wav
9_1_2_14,train,Fear,ارے کہاں جا رہی ہو ارے بیٹھو نا تم,ارام سے بیٹھو کیوں ناراض ہو رہی ہو,audio/9_1_2_14.wav
10_1_2_30,train,Fear,میری امی کو مار دیا,جلدی جائیں جلدی جائیں انہیں اٹھائیں,audio/10_1_2_30.wav
6_1_5_36,train,Happy,اپ کے ساتھ کون کون ائے گا,او بلے بلے,audio/6_1_5_36.wav
4_0_3_44,train,Boredom,کہاں جا رہی ہے مجھے اکیلا چھوڑ کے,ہوئی ہے خوشی اتنی زیادہ ہوئی ہے,audio/4_0_3_44.wav
10_1_7_06,train,Sad,سب اللّٰہ کے ہیں بس مومنہ اللّٰہ کی نہیں ہے,میں پاگل ہو رہی ہوں پاگل ہوگئی,audio/10_1_7_06.wav
3_0_7_49,train,Sad,میں نے اپنے لخت جگر کو حلال رزق کھلا کر پالنے کا جرم کیا ہے,اور تمہاری وجہ سے میں اپنی اخرت سے ڈرنے لگا ہوں,audio/3_0_7_49.wav
7_1_1_46,train,Angry,اپنے پنجے قابو میں رکھ بے بے,ہاتھ نہ لگائیں میری کتابوں کو,audio/7_1_1_46.wav
1_0_5_14,train,Happy,اااا مثلا وہ جو تم بناتی ہو پالک پنیر چکن روسٹ اور وہ کیا ایک اور ڈش,پسند بدل جاتی ہے بھائی نہیں دل کرتا کسی وقت,audio/1_0_5_14.wav
4_0_3_10,train,Boredom,اور تخت پر اگر میرا ابّا بیٹھ جاتا,نہیں نہیں ڈاکٹر کو بلانے کی کوئی ضرورت نہیں ہے,audio/4_0_3_10.wav
5_0_1_10,train,Angry,جوان خون ہے اب تو نے بھی جوانی میں عشق کیا تھا,اگر ان کی نظریں مل گئی تو کیا قیامت اگئی ہے,audio/5_0_1_10.wav
5_0_4_26,train,Disgust,اور اپنی ذاتی گاڑی پر پیٹرول فوک ٹر,اور یہ یار یہ بڑے لوگ بہت ہی کمینے ہوتے ہیں,audio/5_0_4_26.wav
5_0_3_12,train,Boredom,میں تو خود چاہ رہا ہوں چلو گھر چلے جاؤ,تمہارا باپ اتنا بیمار نہیں ہوا,audio/5_0_3_12.wav
3_0_4_47,train,Disgust,کس سے بات کر لیں,مسلمان ہوں بی بی قربانی میں پہل کرتا ہوں,audio/3_0_4_47.wav
9_1_3_12,train,Boredom,جب میری انکھیں بند ہو جائیں گی تو کیا ہوگا اس دیوانے کا,ہاں جنت بی بس نکلنا ہی نہیں ہوتا,audio/9_1_3_12.wav
10_1_4_26,train,Disgust,اور اگر کوئی غلطی ہو جائے اتنی باتیں سناتے ہیں بس,مجھے تو وہ کوئی ہٹلر یا چنگیز خان لگتا ہے,audio/10_1_4_26.wav
8_1_6_05,train,Neutral,کچھ کہنا ہے کیا,تم جانتی ہو نا تمہارے بھلے کے لیے کہتی ہوں,audio/8_1_6_05.wav
7_1_1_26,train,Angry,جھوٹ پہ جھوٹ بولتے جا رہے ہو,شرم نہیں اتی تھکتے نہیں ہو جھوٹ بولتے ہوئے,audio/7_1_1_26.wav
9_1_5_50,train,Happy,چلو بھائی بس سو گیا اچھا بھائی اچھا بھائی اچھا اور نہیں پینا اچھا ٹھیک ہے,خوشیاں ہی خوشیاں ملے اس پہ کوئی بوجھ نہ پڑے,audio/9_1_5_50.wav
4_0_6_41,train,Neutral,دو قسم کے انسو ہوتے ہیں صاحب خوشی کے اور غم کے,میں غم میں اپنوں کو یاد نہیں کرتا خوشی میں کرتا ہوں,audio/4_0_6_41.wav
1_0_4_23,train,Disgust,ظفر ظاہر ہے جب مالک لیٹ ائے گا تو سٹاف لیٹ آے گا نہ,ظفر کیا کر رہے ہو تم کوئی چھٹی پہ ہے کوئی لیٹ ا رہا ہے ایسے کیسے چلے گا افس کا نظام,audio/1_0_4_23.wav
9_1_3_32,train,Boredom,اوئے یہ کیا کرے گی,بھائی جاتی ہوگی جاتی ہوگی,audio/9_1_3_32.wav
2_0_7_24,train,Sad,شادی سے انکار کر دیا ہے,کیا ہو جاتا اگر منت خاموش ہو جاتی,audio/2_0_7_24.wav
4_0_3_03,train,Boredom,ویسے بھی سر میں درد ہے صبح سے,نہیں نہیں ایسی کوئی بات نہیں ہے اماں,audio/4_0_3_03.wav
8_1_2_43,train,Fear,اپ میرے ساتھ ایسا نہیں کر سکتے یہ جھوٹ بول رہی ہے اپ جھوٹ بول رہے ہیں,بولیں نا زین زین یہ جھوٹ ہے بولیں,audio/8_1_2_43.wav
7_1_7_01,train,Sad,بڑے بھیا کا کوئی قصور نہیں ہے غلطی تمہاری ہے,بڑے بھیا کو روکنا اب کسی کے بس کی بات نہیں ہے مراد,audio/7_1_7_01.wav
10_1_6_11,train,Neutral,میری یہ ف فائل رہ گئی تھی یہاں پر,مجھ سے بد تمیزی کرنے کی ضرورت نہیں ہے فائل لینے آئی ہوں لے کے جارہی ہوں,audio/10_1_6_11.wav
3_0_4_01,train,Disgust,دل کی نہ سہی تڑپنے کی دوا تو دے دیجیے,اج تو ڈھنگ سے تیار ہو جاتی,audio/3_0_4_01.wav
5_0_7_36,train,Sad,مجھے تو لگتا ہے یہ منحوس پتلیوں کی وجہ سے سب کچھ ہوا ہے,زمین تم پر کتنی بھی تنگ کیوں نہ ہو جائے اپنا دل ہمیشہ بڑا رکھنا,audio/5_0_7_36.wav
8_1_7_48,train,Sad,پر اُنہوں نے صرف اپنی ذات کو اہمیت دی,میں نہیں جانتی میں زندہ ہوں میں مر گئی,audio/8_1_7_48.wav
3_0_5_36,train,Happy,میں تو بکرا عید والا جوڑا پہنوں گا,خود ہی پہنچایا کرنا وہ بھی ساتھ چلا جایا کرے گا,audio/3_0_5_36.wav
9_1_3_41,train,Boredom,جلا کر راکھ کر دیا پھر بھی کہتے ہو شکایت کیسی,بے پسند ہے,audio/9_1_3_41.wav
4_0_1_20,train,Angry,بار بار ایک بات کیوں دہراتی ہو تم,سمجھ نہیں اتی کیا تمہیں,audio/4_0_1_20.wav
1_0_1_01,train,Angry,,اور تم سارے شہر میں یہ ڈھنڈورا پیٹتی آ رہی ہو,audio/1_0_1_01.wav
1_0_2_31,train,Fear,وہ ہم دونوں سے نالہ ہے وہ ہم دونوں کے ساتھ بیٹھنا ہی نہیں چاہتی کیونکہ ہم دونوں اس کو ٹائم ہی نہیں دیتے,بھائی اگر وہ خود سے تمہیں کچھ نہیں بتا رہی تو تم ہی اس سے پوچھ لیتی,audio/1_0_2_31.wav
9_1_2_48,train,Fear,اب کیا ہوگا,یہ کس قسم کی لڑکی ہے,audio/9_1_2_48.wav
5_0_4_17,train,Disgust,اسی وقت غلطی کرتا ہے وہ,سر اونچا بولیں نا سمجھ ائے,audio/5_0_4_17.wav
3_0_6_32,train,Neutral,اچھا ٹھیک ہے ایسا کرتے ہیں کہ پہلے میں تمہارے انکھوں پر پٹی باندھتا ہوں ہیں تم مجھے پکڑو,اچھا اب اس کو ہاتھ نہیں لگانا کھولنا نہیں,audio/3_0_6_32.wav
1_0_2_33,train,Fear,تمہارے والد نہیں ہیں,یہ کیا حماقت تھی شانزے,audio/1_0_2_33.wav
9_1_1_46,train,Angry,سب تو نے کیا ہے میں جانتی ہوں اچھے طریقے سے,پوچھ اس سے کیا کیا اس نے,audio/9_1_1_46.wav
1_0_1_35,train,Angry,تو کیا کرتا جو وہ کرنے جا رہی تھی شاباشی دیتا اسے میں,اج میں تمہارا لحاظ بھی نہیں کروں گا جان سے مار دوں گا,audio/1_0_1_35.wav
10_1_2_34,train,Fear,اپ مجھے مروائیں گے کیا,اپ کا دماغ تو خراب نہیں ہو گیا ایسا ہو ہی نہیں سکتا,audio/10_1_2_34.wav
4_0_2_09,train,Fear,خدا کا واسطہ ہے مجھے مزید اذیت مت دیں بیگم صاحبہ,بالکل اس اگ کی طرح جو انسان کے اندر انتقام میں جلتی ہے اور اس کے اندر کو جل کر راکھ کر دیتی ہے,audio/4_0_2_09.wav
6_1_6_39,train,Neutral,سر کام کے ساتھ تو یہ ہوتا ہی ہے پھر,اور تم ایک بزدل انسان ہو ہمت نہیں ہے تم میں,audio/6_1_6_39.wav
6_1_4_44,train,Disgust,تو اپنے دکھڑے لے کر بیٹھ جاتی ہے یا میری دکھتی رگ پر ہاتھ رکھ دیتی ہیں,مجھے تو لگتا ہے میری ساری زندگی ایسی گزر جائے گی چاول پکا لو جھاڑو مار لو برتن دھو لو,audio/6_1_4_44.wav
2_0_7_04,train,Sad,رمضان صاحب دیکھیں ہم تو ہمیشہ سے اپ کے ساتھ,ٹھیک ہے حادثہ بہت بڑا ہے لیکن,audio/2_0_7_04.wav
8_1_4_11,train,Disgust,اپ اپنے بیٹے کو کہیں کہ وہ بھی میری عزت رکھے,میں ان بیویوں کی طرح نہیں ہے جو یہ سب کچھ برداشت کریں,audio/8_1_4_11.wav
2_0_7_20,train,Sad,جی وہ خیریت سے ہیں لیکن گھر پر ہے,ٹھیک ہے میں میں نے تو اپنی پوری کوشش کر لی ہے تم بھی کر کر دیکھ لو میں تمہارے ساتھ ہوں,audio/2_0_7_20.wav
6_1_5_02,train,Happy,کیا ہے اچھا میں فون تو سن لوں ٹھہر جا,ائی ائی ائی ائی ائی ائی ائی ائی ائی,audio/6_1_5_02.wav
8_1_4_17,train,Disgust,ڈیڈ اپ کو پتہ ہے اصف انکل نے زید کو اپنے گھر سے نکال دیا لیکن اسے کوئی فرق نہیں پڑا,اس نے جا کر ہمارے دشمنوں کو جوائن کر لیا,audio/8_1_4_17.wav
4_0_1_10,train,Angry,اج ابھی کے ابھی یہاں فیصلہ ہوگا اپ لوگوں میں سے کوئی بھی بیچ میں نہیں ایے گا,بتا رہا ہوں میں اور اچھا نہیں ہوگا,audio/4_0_1_10.wav
3_0_3_44,train,Boredom,کوئی وقت بھی قربانی کا وقت ہو سکتا ہے,یہ پھر وہی بات کر رہا ہے مطلب جو شخص نوکری نہیں دے رہا وہ بیٹی دینے پر راضی ہو گیا ہے,audio/3_0_3_44.wav
4_0_7_49,train,Sad,ٹھیک کہتی تھی اماں بالکل ٹھیک کہتی تھی کہ پانی ہمیشہ اس طرف جاتا ہے جو نچائی کی طرف ہوتی ہے نیچے,نہیں پوچھنا اپ جان گئی تو اپ کو تکلیف ہو گئی,audio/4_0_7_49.wav
1_0_1_02,train,Angry,اور تم سارے شہر میں یہ ڈھنڈورا پیٹتی آ رہی ہو,تم نہیں سمجھ رہی ہو تمہیں سمجھ نہیں آ رہی ہے,audio/1_0_1_02.wav
6_1_3_39,train,Boredom,آپ نے پہلے کبھی ایسی باتیں نہیں کیں,شاید ماں بھی بیٹی کو ایک بیٹی سمجھتی ہے,audio/6_1_3_39.wav
6_1_6_33,train,Neutral,کوئی بڑا فیصلہ کرنے والی ہوں میں,جہاں تک مجھے شک ہے یا تو وہ کچھ پوچھنا چاہ رہا تھا یا اسے کچھ بتانا چاہ رہا تھا,audio/6_1_6_33.wav
4_0_5_18,train,Happy,اتنا سب کچھ اپ میرے بارے میں کیسے کہہ سکتے ہیں,اب اپ کو پسند ائی ہے تو ٹھیک ہے ماں جی,audio/4_0_5_18.wav
7_1_4_16,train,Disgust,یہ کیا کہ رہے ہیں آپ,اور ایسا سوچا بھی کیسے آپ نے,audio/7_1_4_16.wav
2_0_7_35,train,Sad,مجھے اپنی پرواہ ہے ہی کہاں,اٹھو شایان میں تمہارے بغیر نہیں رہ سکتا میں اکیلا رہ گیا,audio/2_0_7_35.wav
1_0_1_33,train,Angry,سنا نہیں تم نے تم کہیں نہیں جا رہی ہو مر گئی ہے گیتی اس گھر کے لیے ہم سب کے لئے,ہاں تو ثابت کر دیا نا اس نے کہ وہ جہاں ارا کی بیٹی ہے,audio/1_0_1_33.wav
1_0_7_36,train,Sad,جس کے ساتھ بھاگ کر اس نے گھر کی عزت نیلام کی ہے,لوگ تو بھول جائیں گے میں نہیں بھلا سکوں گا,audio/1_0_7_36.wav
3_0_6_11,train,Neutral,اچھا سنو تم وہ مس لبنا کا جو ارڈر ہے نا وہ جلدی پہنچا دو,بہتر ہوتا کہ تم اس شخص کو خود ہی دیکھ لیتی,audio/3_0_6_11.wav
9_1_1_20,train,Angry,تمہارا وجود ہمیں بالکل برداشت نہیں ہے نکلو یہاں سے نکلو,نکلو یہاں سے چلو نکلو اور اج کے بعد شکل مت دکھانا مجھے اپنی,audio/9_1_1_20.wav
7_1_5_41,train,Happy,سنا ہے مسٹر مرتے ہیں تیری بہن پر,پوری کلاس میں سیکنڈ پوزیشن ائی ہے,audio/7_1_5_41.wav
10_1_3_45,train,Boredom,نہیں میں,مجھے لگا شاید ان کی ہے,audio/10_1_3_45.wav
2_0_2_32,train,Fear,تم سنبھال سکتے تو شاید میں کبھی اپنا منہ نہ کھولتا,لیکن وجی کا کوئی قصور نہیں ہے سب جانتے ہیں اس لڑکی نے خودکشی کی ہے,audio/2_0_2_32.wav
10_1_3_11,train,Boredom,ہاں یاد ہے,ڈیلیٹ تو نہیں کیا ابھی تک,audio/10_1_3_11.wav
10_1_5_21,train,Happy,یہ تمہارے اور داؤد کے لیئے,کچھ گفٹس ہیں چاکلیٹس اور کاسمیٹکس,audio/10_1_5_21.wav
5_0_1_23,train,Angry,اس کو اندر مت انے دینا اس کو کہنا کہ صاحب جو ہے نا واردات کے موقع پر گیا ہوا ہے چل چل,جی نہیں میری بیٹی نہیں ہے,audio/5_0_1_23.wav
7_1_1_03,train,Angry,ہٹو سامنے سے,ایک لڑکی کے کمرے میں ایسے منہ اٹھا کر چلے آئے ہو,audio/7_1_1_03.wav
7_1_4_25,train,Disgust,کل رات سے آج صبح تک تمہارا کوئی اتا پتا نہیں تھا,بہت صحیح ٹائم پر تمہیں چوٹ لگی ہے,audio/7_1_4_25.wav
1_0_6_05,train,Neutral,احسان بھائی کے کراچی والے ڈریس پہ بھجوا دو,اپا میں سوچ رہا تھا ولیمے پہ تو جا ہی رہے ہیں,audio/1_0_6_05.wav
3_0_7_11,train,Sad,اب اسے میری ضرورت نہیں ہے,تم اس کی دوسری بیوی بن کر جا رہی ہوں,audio/3_0_7_11.wav
3_0_5_27,train,Happy,بیٹھو نہ بیٹا بیٹھو,اچھا دروازہ بند کر دینا,audio/3_0_5_27.wav
6_1_6_28,train,Neutral,جب کبھی بھی ہم باہر جاتے تھے آپ تو جگہ ڈھونڈ رہے ہوتے تھے بیٹھنے کے لیے,آپکو پتا ہے دل کی بات شیئر کرنے سے نا بوجھ ہلکا ہو جاتا ہے,audio/6_1_6_28.wav
9_1_5_21,train,Happy,ارے کتنی اچھی لگ رہی,اور یہ کتنے پیارے لگ رہے ہیں,audio/9_1_5_21.wav
5_0_2_02,train,Fear,کچھ نہیں کر سکتا میں بیمار ہوں,میں دیکھ اور سن سکتا ہوں یہ تو مجھے کیا دھوکہ دے رہے ہو,audio/5_0_2_02.wav
10_1_7_11,train,Sad,میرا میرا درد میرے یہ آنسو پی گئے ہیں,میں کیا روؤں گی,audio/10_1_7_11.wav
1_0_2_43,train,Fear,تم بھی بیٹی کی طرح اپنے اپ کو دھوکہ دے رہی ہو,وہ ایک بات کرنی تھی تم سے,audio/1_0_2_43.wav
3_0_2_13,train,Fear,میں تم سے معافی مانگنے ایا ہوں جو روبینہ,بھول جاؤ کیسے بھول سکتا ہوں میں,audio/3_0_2_13.wav
7_1_7_15,train,Sad,نہیں بھیا,ایسی کس کی مجال کہ میرے ساتھ کچھ ایسا کرے,audio/7_1_7_15.wav
7_1_4_38,train,Disgust,آپ نہیں سمجھیں گی بھابھی,اگر ہوتی نا تو آپ کو بھی لگ پتا جاتا,audio/7_1_4_38.wav
2_0_2_34,train,Fear,خامخواہ لوگ سٹوریز بنا رہے ہیں کہ تشدد کیا گیا ایسا کچھ نہیں ہے اپ تو یقین کریں,وجی اج اور کل وہاں رہے گا لوک اپ میں,audio/2_0_2_34.wav
6_1_4_15,train,Disgust,کیسے چپک کے بیٹھی تھی تمہارے ساتھ,تمہیں اس سے کیا تم لانے جانے میں تمہیں مصروف ہو لوگوں کو,audio/6_1_4_15.wav
1_0_1_12,train,Angry,اس لیے کہ تم میری اکلوتی اولاد ہو نہیں کھونا چاہتا تمہیں,مجھے منظور ہے,audio/1_0_1_12.wav
4_0_7_11,train,Sad,تو بس دعا کرنا میرے یار اس نے بڑا بے چین کر دیا مجھے,میرے اندر اگ لگا دی ہے میں میں تکلیف میں ہوں,audio/4_0_7_11.wav
2_0_6_18,train,Neutral,چلیں یہ بھی ٹھیک ہے لیکن حیا کی خوائشیں کبھی ختم ہونے والی نہیں ہے میں بات کر لوں گا اس سے,اس کا مطلب ہے نہیں مانی ٹھیک ہے اب اپ کا ہم سے شکوہ نہیں بنتا,audio/2_0_6_18.wav
9_1_7_30,train,Sad,میرا بیٹا یہ میرا بیٹا ایسے کرے گا میرے ساتھ,لیکن ماؤں کے رستے طویل نہیں ہوا کرتے بیٹا,audio/9_1_7_30.wav
6_1_7_25,train,Sad,تُو کس عذاب میں پھنس گئی یہ,کوئی چیز ہے جو اندر ہی اندر ختم کیے جا رہی ہے,audio/6_1_7_25.wav
7_1_3_15,train,Boredom,اچھا ہوا گھس جاؤ تم میرے خواب میں اماں,اور بھی وجہ ہے تو میں یہی تکلیف ہے نا,audio/7_1_3_15.wav
3_0_2_14,train,Fear,بھول جاؤ کیسے بھول سکتا ہوں میں,زندگی کے گزرے ہوئے لمحوں کا تانا بانا تم سے ایسے جڑ جاتا ہے میں چاہوں بھی تو تمہارے خیال کو دل سے نہیں نکال سکتا,audio/3_0_2_14.wav
8_1_4_01,train,Disgust,اپ اچھاآپ اگر کہہ رہی ہیں تو میں چلی جاتی ہوں,یہ نہ ہو کچھ دنوں بعد میں تمہارے ساتھ نکلنا ہی چھوڑ دوں,audio/8_1_4_01.wav
10_1_5_43,train,Happy,جو مانگو گی بغیر سوال کیے دیں گے,آپ کو بھی مبارک ہو,audio/10_1_5_43.wav
1_0_3_26,train,Boredom,کسی بھی مدد کی ضرورت ہو تو بلا جھجک مجھے کہہ دینا,اللہ تعالی ان کی مغفرت کرے,audio/1_0_3_26.wav
4_0_5_01,train,Happy,جب بھی بات میری عزت پر اتی ہے میرا خود پر قابو نہیں رہتا,ایسی ہو کہ ائینہ بھی واقف نہ ہو اس سے,audio/4_0_5_01.wav
2_0_1_29,train,Angry,اچھی طرح سے اس کی خاطر تواضع کرنا ایسی چائے پلانا ہے اسے کہ ائے گا دوبارہ یہ یہاں,چوری اور سینہ زوری کی زندہ مثال ہو تم,audio/2_0_1_29.wav
8_1_6_21,train,Neutral,کہ میرے ساتھ دو دن کوئی چگزارا نہیں کر سکتا,میں شادی کروں گی بھی اور نبھا کے بھی دکھاؤں گی,audio/8_1_6_21.wav
1_0_3_39,train,Boredom,اس کی موجودگی بھی محسوس نہیں ہوتی تھی,جب وہ تھی اس گھر میں,audio/1_0_3_39.wav
1_0_4_40,train,Disgust,انتظار تو تم نے اس رات بھی نہیں کیا جس رات عورتیں انتظار کرتی ہیں,تنگ ا گئی ہو تو پھر ہم دونوں ایک ساتھ میں کیوں ہیں,audio/1_0_4_40.wav
9_1_1_37,train,Angry,بک بک کروا لو کام نہ کرے کوئی,جلدی کرو بھوک لگی ہے مجھے,audio/9_1_1_37.wav
10_1_3_03,train,Boredom,میں یہ کام نہیں کرنا چاہتی,میری قسمت پھر بھی نہیں بدلے گی,audio/10_1_3_03.wav
8_1_5_38,train,Happy,میں کم کرتی ہوں بابا زیادہ کرتے ہیں,بابا تو اتنی محبت کرتے ہیں,audio/8_1_5_38.wav
7_1_7_40,train,Sad,یہ تم کیا کر رہے ہو اپنے ساتھ,میری زندگی برباد ہوچکی ہے اپنا فیوچر کیوں خراب کرنا چاہ رہے ہو تم,audio/7_1_7_40.wav
10_1_5_20,train,Happy,اب ان کی عادت ڈال لیں ابا,یہ تمہارے اور داؤد کے لیئے,audio/10_1_5_20.wav
8_1_7_46,train,Sad,میں جب بھی کسی سے محبت کرتی ہوں کسی کے کلوز آتی ہوں چھوڑ کر چلا جاتا ہے,چھوٹی سی ڈیڈ آٹھ سال کی مجھے سب سے زیادہ ضرورت تھی اُن کی,audio/8_1_7_46.wav
6_1_2_50,train,Fear,جب میرے بس میں نہیں ہے کچھ سمجھ نہیں ارہا,کچھ بھی کر لوں گی,audio/6_1_2_50.wav
2_0_2_38,train,Fear,اور یقین کرو میں نے کل اس سے بول بھی دیا تھا کہ گھر چھوڑ کر چلی جائے,یا ابھی اسے پیسے دیے ہیں تھوڑی دیر پہلے,audio/2_0_2_38.wav
3_0_1_37,train,Angry,اب پھر نام بھی بتایا ہے,نوکر کی بیٹی کا,audio/3_0_1_37.wav
1_0_6_42,train,Neutral,اور منیر صاحب کو اندر بھیجو میرے پاس,ہاں بھائی اپنی موم سے پوچھ لو اگر اس کے پاس ٹائم ہے تو,audio/1_0_6_42.wav
5_0_7_18,train,Sad,کتنی تکلیف میں اس نے دن گزارے اپنی بیماری کے,ویسے بھی ان کو چلانا گھر میں رکھنا ہمارے لیے تکلیف کا ہی باعث ہوتی ہے,audio/5_0_7_18.wav
10_1_1_39,train,Angry,نہیں ہوں میں گڑیا,مومن میرا راجا ہے میری شادی اُسی سے ہوگی بس,audio/10_1_1_39.wav
2_0_3_01,train,Boredom,یہ سب کچھ نہیں ہوگا پاگلوں والی باتیں مت کرو چلے جاؤ یہاں سے,جاؤ شاباش جا کر ریسٹ کرو سب کچھ ٹھیک ہو جائے گا اللہ مالک ہے,audio/2_0_3_01.wav
3_0_2_30,train,Fear,میرے افضل کا خون پسینہ گرا ہے دیکھو,اس کی نیک نامی کا چرچہ سنو,audio/3_0_2_30.wav
8_1_4_03,train,Disgust,اوپر کیسے نہ ائے مطلب,میں بھی انسان ہوں کب تک برداشت کروں گی,audio/8_1_4_03.wav
3_0_2_50,train,Fear,لیکن یہ بھی یاد رکھنا ہے ایسا بار بار ہوگا نہیں,لیکن یاد رکھنا ہاری ہوئی ماں کا بیٹا کبھی جیت نہیں سکتا,audio/3_0_2_50.wav
7_1_5_08,train,Happy,بہت کچھ,جیسے کہ لڑائی جھگڑا,audio/7_1_5_08.wav
5_0_7_35,train,Sad,پتہ نہیں کس کس کی نظر لگ گئی ہمیں,مجھے تو لگتا ہے یہ منحوس پتلیوں کی وجہ سے سب کچھ ہوا ہے,audio/5_0_7_35.wav
4_0_2_21,train,Fear,بات کر کے جا سکے ہم میئر میں,مدد کر یار میری جب تک وہ لڑکی کوئی واضح جواب نہیں دے دیتی,audio/4_0_2_21.wav
1_0_5_10,train,Happy,کیا بنا رہی ہو اج کھانے میں,بتاؤ نا کیا بنا رہی ہو,audio/1_0_5_10.wav
2_0_1_12,train,Angry,دو کوڑی کا ایس ایچ او مجھے دھمکی دے رہا ہے,تمہاری ایک ایک کرتوت سے اچھی طرح واقف ہوں میں,audio/2_0_1_12.wav
3_0_4_04,train,Disgust,اج میں نے تمہارے لیے سپیشل ڈریس بنوایا تھا کہ تم وہ پہنو,تمہارے سے ہولیے کی وجہ سے میں تمہیں کہیں لے کے نہیں جاتا,audio/3_0_4_04.wav
1_0_1_27,train,Angry,سالے ڈر کے شہر میں کہیں بھاگ گئے,میرے اعتماد کو سب سے زیادہ نقصان اس نے پہنچایا ہے,audio/1_0_1_27.wav
4_0_2_39,train,Fear,بوجھ ہوتی تو بہت پہلے خود ختم کر چکا ہوتا اسے,نہیں خدا کا واسطہ ہے یہ ہاتھ کھولو,audio/4_0_2_39.wav
10_1_5_32,train,Happy,مجھے ملوائیں گی اُن سے,آپ کو اندازہ نہیں ہے کہ اُن کے کام کی کتنی بڑی مداح ہوں میں,audio/10_1_5_32.wav
8_1_4_10,train,Disgust,کیا سمجھتا ہے اپ کا بیٹا خود کو,اپ اپنے بیٹے کو کہیں کہ وہ بھی میری عزت رکھے,audio/8_1_4_10.wav
10_1_7_36,train,Sad,میں غلط راستے پہ چل پڑی تھی,کبھی نہیں ملیں گے,audio/10_1_7_36.wav
10_1_3_28,train,Boredom,اماں اپ روز مجھ سے یہی سوال پوچھتی ہیں,میں روز اپ سے کہتی ہوں ہاں,audio/10_1_3_28.wav
6_1_4_27,train,Disgust,سارا موڈ خراب کر دیتی ہے,یار تو نے اس کا نام نہیں لینا اچھا پھر میرا موڈ خراب ہو جائے گا,audio/6_1_4_27.wav
10_1_2_44,train,Fear,اگر میں پاس نہ ہوئی تو یہ شمع بجھ جائے گی,اگر میں اس عمر میں پاس نہ ہوئی تو بڑی بےعزتی ہو جائے گی,audio/10_1_2_44.wav
3_0_7_21,train,Sad,سنا ہے ماں اگر ڈر جائے تو عام لوگوں کو بھی ڈر ہی جانا چاہیے,لیکن اس کا کیا ہوا جو تم نے میرے لیے اپنے دل پر چند سال پہلے لگا لی تھی,audio/3_0_7_21.wav
2_0_3_27,train,Boredom,کیا کیا دھمکا رہا,ہو گئی تمہاری بات نکال لی دل کی بھڑاس,audio/2_0_3_27.wav
3_0_4_14,train,Disgust,اسے اپنے ساتھ باندھ کر رکھا کیجیے,اگر گاڑی کی بریک بروقت کام نہ کر جاتی تو نہ جانے کیا ہو جاتا,audio/3_0_4_14.wav
7_1_7_24,train,Sad,میں شاید ایک دن اور یہاں پر رُکی نا میرا دم گُھٹ جائے گا,لیکن میں یہی تو نہیں چاہتی نا,audio/7_1_7_24.wav
5_0_7_16,train,Sad,جب یہ سامنے اتی ہے تو پرانے زخم تازہ ہو جاتے ہیں,تو اپنی ماں کی بیماری کیسے بھول سکتی ہے,audio/5_0_7_16.wav
5_0_4_46,train,Disgust,اب ان کو تو پولیس کی نوکری مشکل ہی پرابلم ہوتی ہے بندہ تھک جاتا ہے,اپ نے مجھ سے جھوٹ نہیں بولا کیس کے اس واپس لے لیا ہے,audio/5_0_4_46.wav
8_1_1_06,train,Angry,کون سا حق ادا کیا ہے تم نے ابھی تک بھائی کا,جب وہ موحد مجھ پہ ہاتھ اٹھا رہا تھا تو تم وہاں پر خاموش کھڑے ہوئے تھے,audio/8_1_1_06.wav
9_1_7_31,train,Sad,لیکن ماؤں کے رستے طویل نہیں ہوا کرتے بیٹا,ہوسکے تو اپنی بہن خوشیوں میں شریک ہوجانا,audio/9_1_7_31.wav
3_0_4_50,train,Disgust,کہاں سے ایا ہو رات کے ساڑھے نو بجے,نہ بھیا ایسی غیر نصابی سرگرمیوں کے بارے میں اپنی ماں سے پوچھو,audio/3_0_4_50.wav
6_1_4_35,train,Disgust,ابو نہیں ا رہے تھے تو اپ مجھے فون کر کے بتا دیتے ہیں میں خود ہی ا جاتی ہوں,میں مجھے نہیں اچھا لگتا اپ کیوں کرتی ہیں میرے ساتھ ایسا,audio/6_1_4_35.wav
3_0_2_47,train,Fear,جب خوشی کے ساتھ وہم شامل ہو جائے تو تیار رہنا چاہیے,کسی دن بگڑ گیا تو,audio/3_0_2_47.wav
4_0_2_02,train,Fear,جانتے ہیں کیا کر رہی تھی یہ بھاگ کر نکاح کر رہی تھی کسی کے ساتھ,اگر خدانخواستہ ایسا ہو جاتا تو ہماری سات نسلوں پر لگاتار کوئی دھو نہیں سکتا تھا ابا,audio/4_0_2_02.wav
5_0_7_47,train,Sad,دل پہ بوجھ سا ہے جو اتر نہیں رہا,پتہ نہیں کیا بوجھ ہے کس بات کی سزا ہے,audio/5_0_7_47.wav
9_1_2_15,train,Fear,ارام سے بیٹھو کیوں ناراض ہو رہی ہو,میرا تو دماغ ہی معاوف ہو گیا سمجھ نہیں ارہی کیا کروں,audio/9_1_2_15.wav
2_0_2_36,train,Fear,فوجی تم ٹھیک تو ہو جاؤ گے,تھوڑا صبر سب ٹھیک ہو جائے گا ایک ادھ دن کی بات ہے,audio/2_0_2_36.wav
7_1_5_45,train,Happy,اللہ ان کو زندگی دے اللہ ان کی لمبی عمر دے بڑی اچھی عورت ہے,وہ نہ چند بچوں کو اپنے گھر میں سپارہ پڑھاتی ہیں لیکن,audio/7_1_5_45.wav
8_1_3_32,train,Boredom,ممم میں نایاب نیاب اقبال,مم مجھے یہاں سے جانا چاہیے,audio/8_1_3_32.wav
9_1_1_16,train,Angry,سنبھل جاؤ زین سنبھل جاؤ,یہ کیوں ائی ہے یہاں کیوں ائی ہے اسے یہاں بھیجو,audio/9_1_1_16.wav
6_1_4_38,train,Disgust,جو بندہ اپنی زندگی خود قصہ اور کمیٹیوں سے پوری کر رہا ہے وہ کسی کے لیے کیا کرے گا,جب والدین مجبور ہو جائیں نا تو ایسے ہی جواب ملتے ہیں سننے کے لیے,audio/6_1_4_38.wav
7_1_6_04,train,Neutral,اگر بھیا نے ڈانٹا نا تو اپ جواب دے,میں زبردستی اپ کی پارکنگ میں نہیں گھس رہی ہوں,audio/7_1_6_04.wav
2_0_3_46,train,Boredom,میں نے غلط نہیں کیا خالہ,فکر ہے تو صرف دل مہر کی,audio/2_0_3_46.wav
3_0_4_41,train,Disgust,یہ تمہاری ماں کی واپسی کب ہوگی,بھیگ نہ جائے کمبخت,audio/3_0_4_41.wav
8_1_4_47,train,Disgust,میں اپنا حق چھیننا جانتی ہوں,وہ تو میں دیکھ رہی ہوں,audio/8_1_4_47.wav
9_1_2_18,train,Fear,بھولے ادھر مجھے دیکھ ارے اماں کو دیکھ نہ,ارے ایسے کیسے دورہ پڑھ سکتا ہے,audio/9_1_2_18.wav
9_1_4_49,train,Disgust,کیا ہے وہ پرکٹی روکھی ڈنڈی,نہ تمیز نہ طریقہ نہ سلیقہ نہ عقل,audio/9_1_4_49.wav
2_0_2_11,train,Fear,بس اب مزید بات مت کرو ہمیں یہاں نہیں رکنا چلو,مجھے کوئی کچھ بات نہیں کرنی چلو گھر چلو,audio/2_0_2_11.wav
2_0_2_37,train,Fear,تھوڑا صبر سب ٹھیک ہو جائے گا ایک ادھ دن کی بات ہے,اور یقین کرو میں نے کل اس سے بول بھی دیا تھا کہ گھر چھوڑ کر چلی جائے,audio/2_0_2_37.wav
5_0_6_04,train,Neutral,پرانے داؤ سے ایک ٹکہ زیادہ دوں گا,تم لوگوں کی زمینوں کے کاغذات تیار ہیں انگوٹھے لگاؤ اور پوری قیمت لے جاؤ,audio/5_0_6_04.wav
9_1_6_18,train,Neutral,ارے کبھی کبھی تو ایسی سمجھداری کی باتیں کرتا ہے میں خود حیران ہو جاتی ہوں,ارے تو آکے سنبھال لے گی نا آنے والی,audio/9_1_6_18.wav
4_0_6_46,train,Neutral,اس دنیا میں کوئی ایسا انسان ہے جسے اپنے ماں باپ پیارے نہ ہو سب کو ہوتے ہیں,مجھے پورا یقین ہے ایک دن اپ بے قصور ثابت ہو جائیں گے اور پھر اپنے گھر والوں کے ساتھ رہنے لگیں گی,audio/4_0_6_46.wav
2_0_5_19,train,Happy,یہ ساری باتیں تمہیں کیسے بتاتا,ہائے شکر ہے اس کا مطلب ہے نہیں بتایا,audio/2_0_5_19.wav
9_1_3_01,train,Boredom,کیا کیا بک رہی ہے چل بھاگ یہاں سے چل جا,ارے پیتی ہوں,audio/9_1_3_01.wav
9_1_7_06,train,Sad,بخار دماغ کو چڑھ گیا لگتا ہے,ارے نہیں ڈاکٹروں کے بس کا نہیں ہے یہ,audio/9_1_7_06.wav
1_0_2_11,train,Fear,کچھ تو بھرم رہ جائے گا,قابل ہو یا نہ ہو مجھے اس سے کوئی فرق نہیں پڑتا,audio/1_0_2_11.wav
8_1_2_39,train,Fear,اور مجھے اپنی بربادی کا ماتم کرنے دو,اج کے بعد مجھ سے بات کرنے کی اور مجھ سے ملنے کی کوشش مت کرنا عمیر,audio/8_1_2_39.wav
5_0_6_44,train,Neutral,پر جو ہوتا ہے بھلے کے لیے ہی ہوتا ہے,اپ سے بھی بہت ضروری بات کرنی ہے,audio/5_0_6_44.wav
7_1_1_25,train,Angry,تو پھر میں اس گھر میں واپس نہیں اؤں گی,جھوٹ پہ جھوٹ بولتے جا رہے ہو,audio/7_1_1_25.wav
8_1_3_04,train,Boredom,مممم میں کیا کروں گی ان سے بات کر کے,ہاں اچھا ہے اس کے ساتھ ٹائم سپینڈ کرنا بھی اچھا لگتا ہے,audio/8_1_3_04.wav
6_1_3_06,train,Boredom,کیا ہوا تیرا کیوں منہ لٹک گیا ہے,یار ایک تو تُو مرنے کے لیے تیار بیٹھی رہا کر,audio/6_1_3_06.wav
6_1_5_06,train,Happy,مجھے بھی تیرے ساتھ بائک پہ بیٹھنا ہے ویسے ہی,بس ٹھیک ہے کوشش کرتی ہوں,audio/6_1_5_06.wav
6_1_2_14,train,Fear,ایسی کون سی باتیں کرنی ہے جو میرے لیے کر رہی ہیں,نہیں تو اس کا کیا مطلب ہوا اس کا کسی کے ساتھ چکر چل رہا ہے,audio/6_1_2_14.wav
6_1_2_28,train,Fear,وہ نیند نہیں ا رہی مجھے,تیرا دماغ چل گیا ہے کیا,audio/6_1_2_28.wav
7_1_6_17,train,Neutral,اپ مجھے دیکھنے کے لیے ائے,کر چکی ہوں میں انکار ایک نہیں کئی بار,audio/7_1_6_17.wav
4_0_5_46,train,Happy,لوگوں نے بڑا پسند کیا ہے یار,جو اپ کو فون کی بیماری ہے,audio/4_0_5_46.wav
3_0_3_41,train,Boredom,صاف ہی کہو کہ حقیقتیں دیکھ کر ڈر گئی ہو,بیٹا اب تمہارا نوکری پر نہیں رہا,audio/3_0_3_41.wav
1_0_5_13,train,Happy,ھممم کچھ اچھا سا بناؤ تم,اااا مثلا وہ جو تم بناتی ہو پالک پنیر چکن روسٹ اور وہ کیا ایک اور ڈش,audio/1_0_5_13.wav
4_0_7_04,train,Sad,کچھ اور دکھائی نہیں دیتا نا تمہیں,میرا عشق میری محبت میری دیوانگی میرا جنون دکھائی نہیں دیتا,audio/4_0_7_04.wav
9_1_7_07,train,Sad,ارے نہیں ڈاکٹروں کے بس کا نہیں ہے یہ,کیسے ٹھیک ہو گا یہ ڈاکٹروں کے بس کا روگ نہیں ہے,audio/9_1_7_07.wav
8_1_5_35,train,Happy,بابا نے کہا ہے اج میں تم دونوں کو گھرداری سکھاؤں گی,مجھے اس بلا کے علاوہ اور بھی کئی ساری بلاؤں کے نام اتے ہیں,audio/8_1_5_35.wav
10_1_2_17,train,Fear,شادی کا نہیں بولتا تھا,نہیں کچھ نہیں وہ,audio/10_1_2_17.wav
2_0_7_15,train,Sad,پولیس ہمارے گھر ائی شاید ہمارے ڈرائنگ روم میں,سب کے سامنے وجی کو ہتھکڑی لگا کر اریسٹ کر کے لے گئے,audio/2_0_7_15.wav
8_1_6_36,train,Neutral,کیونکہ اپ نے اپنی بیٹی کی شاید تربیت ہی نہیں کی ہے,ویسے کیا روٹین ہے اپ کے بیٹے کی اج کل,audio/8_1_6_36.wav
7_1_1_31,train,Angry,میرے بھی پیر پکڑ کر مجھ سے معافی مانگو یا اس میں تمہیں شرم اتی ہے تو کوئی تمہاری مردان مردانگی کو ٹھیس,میرے بھائیوں پر کیا گزری ہوگی اندازہ ہے تمہیں,audio/7_1_1_31.wav
6_1_1_19,train,Angry,مجھے یہ سمجھ نہیں ا رہی ہر کوئی مجھے کیوں سکھانے ا جاتا ہے,مجھے نہیں پتا میرا رویہ کسی کے ساتھ کیسا ہے,audio/6_1_1_19.wav
7_1_7_08,train,Sad,اگر اُنہیں اتنا مسٔلہ ہے تو میں یہ بھی نہیں بناتی اپنی شادی کے پہنا دیں,بھابھی یہ بات نہیں ہے,audio/7_1_7_08.wav
10_1_7_39,train,Sad,سب کچھ ٹوٹ گیا,میرے سارے خواب بکھر گئے,audio/10_1_7_39.wav
4_0_7_13,train,Sad,کہاں سے لوگ چچا میرے پاس کچھ نہیں بچا,میں خوشی سے نہیں اپ کو بیچ رہا,audio/4_0_7_13.wav
7_1_2_40,train,Fear,ہمیں کسی کی اجازت کی کوئی ضرورت نہیں ہے,میرا جب دل چاہے گا میں ا جاؤں گی چاہے مراد ساتھ ائے یا نہ ائے,audio/7_1_2_40.wav
2_0_1_39,train,Angry,تم ابھی چلو میرے ساتھ ابھی چلو,یہ کیا کر رہی ہو چھوڑو اسے مار ڈالو گی کیا جان سے,audio/2_0_1_39.wav
9_1_6_22,train,Neutral,اچھا چلو چائے تو پیؤ نا پھر دیکھتے ہیں سوچتے ہیں کیا کرنا ہے,ارے بھیا نظرِ ثانی فیصلوں پر کی جاتی ہے,audio/9_1_6_22.wav
10_1_1_40,train,Angry,مومن میرا راجا ہے میری شادی اُسی سے ہوگی بس,کیسے نہیں ہوگی میری اُس سے شادی,audio/10_1_1_40.wav
4_0_1_28,train,Angry,دکھ ہوا ہے یار مجھے میری ذو,اماں اس سے میرا ہاتھ مانگنے نہیں گئی تھی جھوٹ بولا اماں نے یار مجھ سے,audio/4_0_1_28.wav
7_1_3_32,train,Boredom,اماں جی مجھے اپنے پاس یہاں رکھ لے نہ,ہاں بہت بدبو ہے,audio/7_1_3_32.wav
7_1_6_19,train,Neutral,اگر تم انکار نہیں کرو گی تو میں انکار کر دوں گی,دروازہ بند ہو گیا ہے,audio/7_1_6_19.wav
10_1_7_33,train,Sad,اب آپ کو کچھ نہیں ہوگا,لوگ جو کچھ بھی کہیں سب جھوٹ ہے,audio/10_1_7_33.wav
8_1_7_10,train,Sad,اُن سب کی مرضی جانے بنا کیسے ہوگیا یہ رشتہ,اُس نے کہا کہ میں پاگل ہوں میرے ساتھ کوئی نہیں رہ سکتا,audio/8_1_7_10.wav
8_1_1_05,train,Angry,تمہیں تو پیدا ہوتے ہی گلا دبا کر مار دینا چاہیے تھا,کون سا حق ادا کیا ہے تم نے ابھی تک بھائی کا,audio/8_1_1_05.wav
5_0_4_13,train,Disgust,تم تو چپ رہو یاسمین,ہاں دماد ہونے کا یہ مطلب نہیں ہے کہ تم حد پار کرو,audio/5_0_4_13.wav
4_0_7_10,train,Sad,اس کے لیے اس نے شرط رکھ دی ہے,تو بس دعا کرنا میرے یار اس نے بڑا بے چین کر دیا مجھے,audio/4_0_7_10.wav
5_0_6_39,train,Neutral,اپ کے کہنے کے مطابق میں نے خاموشی اختیار کی,برا ماننے کی کوئی بات نہیں ہے,audio/5_0_6_39.wav
2_0_6_43,train,Neutral,میں وہی کروں گا جو میرا دل چاہے گا,اچھا ہوا کہ اپ سمجھ گئی,audio/2_0_6_43.wav
8_1_4_22,train,Disgust,تمہارے ماں باپ تمہاری ذمہ داری ہے تمہیں ان کا خیال رکھنا چاہیے جتنا تم رکھ سکتی ہو,تم لوگ ان کا خیال نہیں رکھو گے ان کا تم ہی لوگ ان سے دور ہو,audio/8_1_4_22.wav
9_1_7_19,train,Sad,ارے تم کیا جانو میرے دل کی حالت,یا اللّٰہ گھر آ جائے میرا معصوم بچہ,audio/9_1_7_19.wav
2_0_3_02,train,Boredom,جاؤ شاباش جا کر ریسٹ کرو سب کچھ ٹھیک ہو جائے گا اللہ مالک ہے,وہ میرے کچھ پیسے اس میں رکھے ہوئے تھے وہ ڈھونڈ رہا تھا,audio/2_0_3_02.wav
10_1_4_41,train,Disgust,تمہارے خاندان میں دور دور تک میرے ابا کے قابل ہوا تھا,پتہ نہیں کیوں چھٹی فل کو اپنے گلے میں ڈال لیا,audio/10_1_4_41.wav
5_0_7_41,train,Sad,کسی کو ظالم بناتا ہے کسی کو مظلوم,سب سب خدا کی مرضی ہوتی ہے,audio/5_0_7_41.wav
5_0_5_17,train,Happy,ہا ہا ہا ہا ہا نہیں نہیں,او ہو جائے گا ہو جائے گا بھائی,audio/5_0_5_17.wav
5_0_1_12,train,Angry,کوئی نئی بات نہیں ہے,اگر ان بچوں کا دل اگیا ہے تو میں کیا کروں,audio/5_0_1_12.wav
3_0_7_17,train,Sad,اور یہ جاگتی رہے تو پھر مجھے سونے نہیں دیتی,گولی کھا کر بھی یہ جاگتی رہے گی,audio/3_0_7_17.wav
3_0_4_48,train,Disgust,مسلمان ہوں بی بی قربانی میں پہل کرتا ہوں,یہ رکھنا پڑے گا والی بات کچھ مناسب نہیں ہے,audio/3_0_4_48.wav
3_0_7_16,train,Sad,افضل اب واپس نہیں ائے گا,اور یہ جاگتی رہے تو پھر مجھے سونے نہیں دیتی,audio/3_0_7_16.wav
10_1_5_24,train,Happy,ٹھیک ہوں جہاں تم بولو,عبدولالا صاحب کے ہاتھ کا تحریر کردہ,audio/10_1_5_24.wav
9_1_7_04,train,Sad,اور اب سالوں سے تڑپ رہی ہوں,ابھی ٹھیک ہو جائے گا ابھی ٹھیک ہو جائے گا,audio/9_1_7_04.wav
8_1_2_03,train,Fear,جو میں کہوں گی وہی ہوگا,نہیں ہے مجھے ضرورت تمہاری ہمدردی کی,audio/8_1_2_03.wav
6_1_5_11,train,Happy,ویسے انٹی کو گھر میں کم ہی دیکھا ہے,اتنا زیادہ بھی نہیں ہے خدا حافظ چلیں,audio/6_1_5_11.wav
1_0_2_19,train,Fear,جمیل صاحب فون کیوں نہیں اٹھا رہے دل نہیں مان رہا,لیکن اپ مجھے تو یقین نہیں آ رہا,audio/1_0_2_19.wav
10_1_4_01,train,Disgust,ضرورت بھی بڑی بے شرم چیز ہے,تم مجھ سے میری عزت کیا چھینو گے,audio/10_1_4_01.wav
2_0_5_09,train,Happy,ارے ڈولی ہنس رہی ہے,ہاں بھائی دیر تو ہو رہی ہے,audio/2_0_5_09.wav
5_0_4_27,train,Disgust,اور یہ یار یہ بڑے لوگ بہت ہی کمینے ہوتے ہیں,مجھے اس غریب کو 10 لاکھ دیتے ہوئے ان کی جان جاتی ہے,audio/5_0_4_27.wav
10_1_2_43,train,Fear,خدارا مجھے پاس کر دے,اگر میں پاس نہ ہوئی تو یہ شمع بجھ جائے گی,audio/10_1_2_43.wav
4_0_4_31,train,Disgust,تمہیں میرے خاندان میرے نیک نامی میرے رواجوں سے چڑ تھی نا,چھوڑ دیا میں نے سب کچھ چھوڑ دیا ہمیشہ ہمیشہ کے لیے,audio/4_0_4_31.wav
5_0_1_47,train,Angry,اج کے بعد دوبارہ وہاں گئی تو مجھ سے رشتہ ختم,اب میرے جنات سے اجازت لے کر جانا ہوگی,audio/5_0_1_47.wav
9_1_4_22,train,Disgust,ایسا کیا ہوگا گھنٹہ بھر سے دیکھ رہی ہوں تم دونوں مین میناتے پھر رہے ہو,ارے بھائی تم لوگ کیوں نہیں سمجھتے,audio/9_1_4_22.wav
4_0_6_12,train,Neutral,یہ سارا دن کمرے میں گھس کر کیا کرتے رہتے ہو تم,اور سنیں اپ میرے لیے ایسے بلا وجہ پریشان نہ ہوا کریں,audio/4_0_6_12.wav
7_1_1_11,train,Angry,ایسے بڑوں سے ایسے ہی بات کی جاتی ہے بھابھی,میرا دم گھٹتا ہے اس گھر میں,audio/7_1_1_11.wav
6_1_3_03,train,Boredom,مما دودھ نہیں پیتی نا میں,اچھا امی,audio/6_1_3_03.wav
2_0_6_10,train,Neutral,بلکہ وہ تو میرے سر پر سوار تھی کہ میرے چھوٹے بھائی کی شادی نایاب سے کرا دی جائے,اچھا میں نا تم سے کہا تھا کہ نایاب بی بی کے علاج میں جو بھی خرچہ ہوگا وہ میرے اکاؤنٹ سے جائے گا,audio/2_0_6_10.wav
7_1_3_31,train,Boredom,سڑ نہیں جائے گا,اماں جی مجھے اپنے پاس یہاں رکھ لے نہ,audio/7_1_3_31.wav
3_0_4_26,train,Disgust,میں تو اس گھر میں محرومیوں کو بیحا کر لایا ہوں,جو حیثیت میں بیتے ہوئے ایک ایک لمحے کا حساب لیں گے تم سے,audio/3_0_4_26.wav
5_0_7_39,train,Sad,مجھے بالکل اچھا نہیں لگتا تمہیں میری خاطر حلکان ہوتا ہوا دیکھ کر,اہ بہت افسوس ہوا,audio/5_0_7_39.wav
6_1_1_24,train,Angry,جو کچھ اپ کرتے پھر رہے ہیں نا کیا سمجھتے ہیں کسی کو کچھ پتہ نہیں چلے گا,تم کون ہوتے ہو یہ کہنے والے ہاں,audio/6_1_1_24.wav
7_1_5_03,train,Happy,لیکن کیا ضرورت تھی اس کی عادل بھائی چھوڑ دیتے نا,بہت اچھی,audio/7_1_5_03.wav
5_0_3_01,train,Boredom,اس وقت میں تھا اور میرے ساتھ حوالدار نعیم تھا,ارے منشی کیا مدد کروں,audio/5_0_3_01.wav
1_0_1_21,train,Angry,میرے ہی گھر میں مجھے اسلحہ دیکھا کر دھمکی دیتے ہو تم,چھوڑوں گا نہیں مرتسم خان کو,audio/1_0_1_21.wav
9_1_1_38,train,Angry,جلدی کرو بھوک لگی ہے مجھے,کیا بک رہی ہے,audio/9_1_1_38.wav
7_1_6_46,train,Neutral,میں اس بیچارے بچے کو زبردستی اپنی گود میں بٹھا کے تھوڑی لے کر جا رہی ہوں,اور جلدی جلدی مت لگانا,audio/7_1_6_46.wav
2_0_6_20,train,Neutral,کھانا کھلاؤ انہیں اور گھر چھڑوا دو,ہاں لیکن اس کا دل ٹوٹ جائے گا,audio/2_0_6_20.wav
3_0_3_05,train,Boredom,لیکن کہاں ڈھونڈیں گے اس کو,ایسے ٹھیک ہے تم ریسٹ کرو,audio/3_0_3_05.wav
8_1_5_03,train,Happy,کچھ نیا ڈیزائن کیا ہے,کچھ اچھا لگ رہا ہے کیا,audio/8_1_5_03.wav
4_0_1_07,train,Angry,یہ کیا جواب دے گی,چھوٹی ماں اپ کہاں تھی اپ نظر نہیں رکھ سکتی اپنی بیٹی پر,audio/4_0_1_07.wav
7_1_4_50,train,Disgust,بس میری باری میں سب کو آگ لگ جاتی ہے ابا جی,اگر خدا نخواستہ کل کو مر مرا گئے تو حساب تو صاف ہونا چاہئے نا,audio/7_1_4_50.wav
2_0_1_01,train,Angry,تم نے ایک شوہر سے التجا کی تھی اور میں ایک ماں سے فریاد کر رہا ہوں,شہوار کہاں ہو تم,audio/2_0_1_01.wav
8_1_2_13,train,Fear,اور عزت کے ساتھ مجھے رخصت کر کے اس گھر میں نہیں لے کر ائے گا,پاگل ہوں میں,audio/8_1_2_13.wav
6_1_2_23,train,Fear,مجھے تو ابو نے لینے انا تھا یہ کہاں سے اگئے,میں نے جا رہی اس کے ساتھ تو جانتی ہے میں نہیں جا سکتی,audio/6_1_2_23.wav
9_1_1_08,train,Angry,خبردار اسے جو ہاتھ لگایا,اور جو اپ سن رہی ہیں میں وہی میں کہہ رہی ہوں,audio/9_1_1_08.wav
1_0_2_18,train,Fear,اب تو تھکنے لگا ہوں میں,جمیل صاحب فون کیوں نہیں اٹھا رہے دل نہیں مان رہا,audio/1_0_2_18.wav
1_0_5_37,train,Happy,بھائی میں یہ سوچ رہا ہوں کہ ہم اؤٹنگ پلان کریں اور ٹرپ رکھتے ہیں کوئی لاہور کا,ا کیا کہتی ہو تم فرانس یا ٹرکی,audio/1_0_5_37.wav
6_1_3_33,train,Boredom,کچھ بھی کہ دینا اُس کو دل کیوں دُکھائیں اُسکا,یا پھر ایسے ہی چھپ چھپ کر ملتے رہیں گے,audio/6_1_3_33.wav
5_0_1_37,train,Angry,چل چلا جا منہ اگے کر کے دفع ہو جا دفع ہو,اب نکل یہاں سے پھوٹا کھا نکل جا چل,audio/5_0_1_37.wav
8_1_3_08,train,Boredom,میں کیا سمجھاؤں اسے,سو گئی وہ کیا سمجھے گا وہ میرے متعلق,audio/8_1_3_08.wav
8_1_5_40,train,Happy,میں جانتی ہوں بابا مجھ سے کئی زیادہ اچھے ہیں,یہ تو اچھی بات ہے نا میں بابا کی اچھی بیٹی ہوں,audio/8_1_5_40.wav
10_1_1_29,train,Angry,مجھے شرم آتی ہے تمہیں اپنا بھائی کہتے ہوئے,بتاتا ہے یا دوں میں رکھ کے,audio/10_1_1_29.wav
7_1_5_46,train,Happy,وہ نہ چند بچوں کو اپنے گھر میں سپارہ پڑھاتی ہیں لیکن,پورا گاؤں اتنی عزت سے ان کا نام لیتا ہے اتنی عزت کرتا ہے ان کی,audio/7_1_5_46.wav
3_0_7_33,train,Sad,تمہارا شوہر سے شکیل ایک حادثے میں انتقال کر گیا ہے,تم ہی تو ہو میری خواب کی تعبیر,audio/3_0_7_33.wav
8_1_3_26,train,Boredom,کہ تمہیں جواب دینے سے پہلے خود اس کے پاس پہنچ جاتی,بے ہوشی کی حالت میں یہاں پہ رہنا ٹھیک تھا,audio/8_1_3_26.wav
3_0_3_02,train,Boredom,ایک تو اس بندے نے بہت تنگ کیا ہے,اور یہ بچہ اپ کا ہے,audio/3_0_3_02.wav
10_1_7_10,train,Sad,اُک میں نے کیا رونا ہے ماسٹر صاحب,میرا میرا درد میرے یہ آنسو پی گئے ہیں,audio/10_1_7_10.wav
6_1_7_22,train,Sad,لیکن قصور تو کہیں نا کہیں میرا بھی ہے,اب کیا میرا سب کچھ ختم ہو گیا,audio/6_1_7_22.wav
9_1_2_31,train,Fear,ہاں اگر ہماری اڑ میں تمہیں ارام کرنا ہے تو جا سکتی ہو تم,بہت طبیعت خراب ہے نبز بھی ٹوٹ رہی ہے,audio/9_1_2_31.wav
5_0_4_45,train,Disgust,پیٹ بھرے گا تو مجھے کوئی سمجھ ائے گی نا مجھے تو کچھ سمجھ ہی نہیں ا رہی تم سے کیا بات کروں,اب ان کو تو پولیس کی نوکری مشکل ہی پرابلم ہوتی ہے بندہ تھک جاتا ہے,audio/5_0_4_45.wav
6_1_2_32,train,Fear,اگر امی کو بتا کے جاتی تو امی جانے دیتی مجھے وہ بھی اپ کی طرح شک کرتی,تو کیا وہ کوئی ناجائز کام ہے,audio/6_1_2_32.wav
5_0_2_50,train,Fear,اوئے اسے کہتے ہیں مکا فات عمل دوسروں کی ماں بیٹوں کے ساتھ کرتا ہے اج تیری بہن کے ساتھ بھی,اس وقت میں تھا اور میرے ساتھ حوالدار نعیم تھا,audio/5_0_2_50.wav
9_1_2_10,train,Fear,کون تیرے دل میں میل بھر رہا ہے,ہائے کیا بتاؤں جل رہا ہے بخار میں میرا بچہ,audio/9_1_2_10.wav
5_0_1_15,train,Angry,تو بڑی خود غرض ہے,جب تم نے ان کو قتل کیا بعد میں پیسے دیکھ کر بھاگ گئی,audio/5_0_1_15.wav
5_0_7_21,train,Sad,کلثوم لوگوں کو خدا کا خوف ہی نہیں رہا,موڈ خراب ہوا چھوٹی چھوٹی بچیوں کے سمیت بیوی کو گھر سے نکال دیا,audio/5_0_7_21.wav
7_1_4_44,train,Disgust,مجھے کوئی شوق بھی نہیں ہے اُنہیں جا ننے کا,اور وہ بھی جھوٹ بول کر نہیں سچ بول کر,audio/7_1_4_44.wav
8_1_3_02,train,Boredom,کہہ ہی رہے ہو تو دیکھ ہی لیتے ہیں کیا گفٹ لائے ہو,اس کس کے کال کرنے باقی تھی,audio/8_1_3_02.wav
10_1_5_37,train,Happy,آپ تو ہمیشہ یاد رہتے ہیں,آپ سے ایک کام پڑ گیا تھا,audio/10_1_5_37.wav
6_1_2_13,train,Fear,اور اج جو بھی تم نے میرے ساتھ کیا ہے نا اس کے بعد میں تم سے ڈر گئی ہوں,ایسی کون سی باتیں کرنی ہے جو میرے لیے کر رہی ہیں,audio/6_1_2_13.wav
6_1_1_47,train,Angry,شرم نہیں اتی مجھے اور میری مری ہوئی ماں کو اس سے گالیاں دلاتے ہوئے,اتنی عزت یاد تھی تو کیوں جانے دیا مجھے,audio/6_1_1_47.wav
1_0_2_15,train,Fear,بس منور فیصلہ ہو چکا,اب اس گھر کی مزید جنگ اسائی سے یہی بہتر ہے,audio/1_0_2_15.wav
1_0_3_49,train,Boredom,کیا کہنا چاہ رہی ہو بچے کھل کر بتاؤ,نہیں بس ویسے ہی کہہ رہا تھ,audio/1_0_3_49.wav
6_1_7_17,train,Sad,آپ مجھے چھوڑ کے کبھی نہیں جائیں گے ہمیشہ میرے پاس رہیں گے,ابو نہ روئیں نا,audio/6_1_7_17.wav
3_0_6_28,train,Neutral,بہت عرصہ پہلے تمہیں اس روپ میں دیکھنے کے لیے اپنی نگاہوں میں سجائی تھی,پرانے زیورات اگر پالش کر لیے جائیں تو ان کی چمک تو واپس لوٹ اتی ہے پر ان کے نقش و نگار نہیں بدلتے,audio/3_0_6_28.wav
10_1_3_38,train,Boredom,پتہ نہیں کب اؤں اؤں بھی یا نہیں,پتہ نہیں ماسٹر صاحب,audio/10_1_3_38.wav
10_1_4_36,train,Disgust,کتنا کھٹا رنگ پہنا ہوا ہے میں نے,منع بھی کیا تھا قاسم کو نالے کپڑے رنگ کروانے کے لیے,audio/10_1_4_36.wav
7_1_4_35,train,Disgust,اِتنی سی صرف اتنی سی,ہم کونسا پوری زندگی وہاں رہنے کے لیے جا رہے ہیں,audio/7_1_4_35.wav
10_1_4_30,train,Disgust,خدا کے واسطے کسی کو تو ٹکنے دیا کریں اس گھر میں,اگر تو یہ مذاق تھا تو بہت بیہودہ تھا,audio/10_1_4_30.wav
3_0_2_25,train,Fear,اوئے رک کہاں جا رہا ہے,بلا کر لاؤ اسے,audio/3_0_2_25.wav
1_0_4_06,train,Disgust,یہ جو ہڈ ہرامی ہے نا سخت ناپسند ہے مجھے,یہی تو بات ہے کہ بچی نہیں رہی ہے بڑی ہو گئی ہے وہ,audio/1_0_4_06.wav
4_0_1_09,train,Angry,کس سے پوچھ کر گئی تھی یہ,اج ابھی کے ابھی یہاں فیصلہ ہوگا اپ لوگوں میں سے کوئی بھی بیچ میں نہیں ایے گا,audio/4_0_1_09.wav
2_0_5_43,train,Happy,اچھی لگ رہی ہو,اپ سمجھو جیسا,audio/2_0_5_43.wav
9_1_7_15,train,Sad,اتنا سا کام کہا تھا وہ بھی نہ ہوسکا تجھ سے,اتنا خون بہہ گیا ہوگا,audio/9_1_7_15.wav
2_0_2_18,train,Fear,تم سے کس نے کہا تھا ٹریٹمنٹ کے لیے,اس سارے قصے میں ہمیں الزام دینا ہمارے ساتھ سراسر زیادتی ہے,audio/2_0_2_18.wav
6_1_1_21,train,Angry,میرا نا دماغ خراب ہو گیا ہے تو جا یہاں سے,بھاڑ میں جاؤ تم اور تمہارا سچ مجھے تم سے کوئی لینا دینا نہیں ہے سمجھے,audio/6_1_1_21.wav
2_0_4_37,train,Disgust,تم فکر نہیں کرو دیکھ لوں گا اسے بھی,اوپر جاؤ جا کر شایان کی بیوی کو بلا کر لاؤ,audio/2_0_4_37.wav
2_0_1_26,train,Angry,بس ہو گئی تمہاری کہانی,اگر ہاتھ اٹھایا تم نے,audio/2_0_1_26.wav
3_0_1_39,train,Angry,کیا رشتہ تمہارا اس ماروی کے ساتھ,لیکن ہم اسے ہمارے اپنوں میں شامل نہیں سمجھتے,audio/3_0_1_39.wav
6_1_2_45,train,Fear,وہ ہمارے درمیان لڑائی کروانا چاہ رہا ہے,مجھے افسوس اس بات کا ہے کہ تو اس وقت مجھ سے یہ بات کر رہا ہے جب میرا باپ اندر بیمار پڑا ہے,audio/6_1_2_45.wav
9_1_6_16,train,Neutral,لوگوں کو پتھر مارنے والا دیوانہ نہیں ہے,مگر دل کا سچا اور دماغ کا کھرا ہے,audio/9_1_6_16.wav
1_0_3_47,train,Boredom,اگر تم سمجھتی ہو کہ انہیں بلانا چاہیے,بدر وکیل صاحب کو بلاؤ مجھے ان سے کوئی مشورہ کرنا ہے,audio/1_0_3_47.wav
10_1_2_26,train,Fear,جب ابھی جب ابھی ایسے چیختے ہیں نا,تو مجھے بہت ڈر لگتا ہے,audio/10_1_2_26.wav
8_1_1_42,train,Angry,سمجھا کیا ہے تم نے مجھے جیل کرواؤں گی میں تمہیں,اور یہ بات اپ ہی مجھ سے کہتے تھے نا بلکہ ساری دنیا مجھے یہی کہتی ہے,audio/8_1_1_42.wav
8_1_1_04,train,Angry,پاگل ہوں میں ہاں,تمہیں تو پیدا ہوتے ہی گلا دبا کر مار دینا چاہیے تھا,audio/8_1_1_04.wav
10_1_1_20,train,Angry,بہت بڑی غیرت ہے نا آپ کی بہت غیرت ہے آپ میں,ارے اُس وقت کہاں غیرت مر گئی تھی,audio/10_1_1_20.wav
6_1_5_16,train,Happy,اچھا ادھر انا تو کیوں پریشان ہو جاتی ہے,چلو جھولا لیتے ہیں چل,audio/6_1_5_16.wav
6_1_4_07,train,Disgust,ہر دوسرے دن منہ اٹھا کر ا جاتا ہے,خدا کی قسم سے زہر لگتا ہے مجھے یہ لڑکا,audio/6_1_4_07.wav
2_0_3_33,train,Boredom,کہتے ہوئے اچھا بھی تو نہیں لگتا,اس کا پہلے سے کسی سے افیئر چل رہا تھا,audio/2_0_3_33.wav
1_0_7_35,train,Sad,اسی لیے میں نے یہ فیصلہ کیا,جس کے ساتھ بھاگ کر اس نے گھر کی عزت نیلام کی ہے,audio/1_0_7_35.wav
9_1_1_17,train,Angry,یہ کیوں ائی ہے یہاں کیوں ائی ہے اسے یہاں بھیجو,جاؤ یہاں سے نکلو,audio/9_1_1_17.wav
3_0_4_18,train,Disgust,تو کم از کم اپ اس گیٹ کو کنڈی تالا لگا کے ہی رکھا کریں,اب دیکھو اپنے غم میں خود غرض ہو کر افضل کے باپ کی تکلیف کو مت بھولو,audio/3_0_4_18.wav
2_0_7_49,train,Sad,مجھے اس گھر سے کچھ نہیں چاہیے,بس تم اپنا ضروری سامان پیک کر لو جاؤ,audio/2_0_7_49.wav
1_0_3_48,train,Boredom,بدر وکیل صاحب کو بلاؤ مجھے ان سے کوئی مشورہ کرنا ہے,کیا کہنا چاہ رہی ہو بچے کھل کر بتاؤ,audio/1_0_3_48.wav
5_0_3_22,train,Boredom,اس گھر میں لوئ وہ لڑکی,وہ سا سار سا,audio/5_0_3_22.wav
2_0_2_46,train,Fear,چلو افس دیر ہو رہی ہے,اپنے بھائی کو جیل کی چکی پیسنے دیتا یہ نہیں دیکھ سکتا میں,audio/2_0_2_46.wav
8_1_2_02,train,Fear,میں ہی ہوں جو تمہارے ساتھ گزارا کر رہی ہوں کوئی اور لڑکی سوچ بھی نہیں سکتی,جو میں کہوں گی وہی ہوگا,audio/8_1_2_02.wav
5_0_5_21,train,Happy,ابے تجھے سات فٹ کا عامر خان نظر نہیں ارہا وہ دو فٹا یہاں کیا کر رہا ہے,اصل وہ چھوٹے بھائی نظر نہیں ا رہے,audio/5_0_5_21.wav
3_0_1_07,train,Angry,اگر انہوں نے تمہیں دولت کے بل بوتے پر اپنا گرویدہ بنا لیا ہے کوئی تیر نہیں مارا,اپنا فرض پورا کیا ہے اس نے,audio/3_0_1_07.wav
9_1_2_35,train,Fear,کیسی باتیں کر رہے ہو پاگل ہو گئے ہو زین,اور اس حالت میں ہم اسے تکلیف نہیں دے سکتے وہ پہلے ہی بہت دکھ میں ہے,audio/9_1_2_35.wav
9_1_6_42,train,Neutral,اور گھومنے پھرنے کا کیا ہے وہ تو ساری زندگی چلتا رہتا ہے,جی بہت شکریہ بہت نوازش ہے آپکی,audio/9_1_6_42.wav
5_0_7_17,train,Sad,تو اپنی ماں کی بیماری کیسے بھول سکتی ہے,کتنی تکلیف میں اس نے دن گزارے اپنی بیماری کے,audio/5_0_7_17.wav
8_1_3_05,train,Boredom,ہاں اچھا ہے اس کے ساتھ ٹائم سپینڈ کرنا بھی اچھا لگتا ہے,اسے کوئی فرق نہیں پڑتا,audio/8_1_3_05.wav
5_0_4_32,train,Disgust,پیسے پکڑو اور اپنا بڑھاپہ سوارو,اگر میری نیت میں فتور ہوتا نا تو میں تمہارے گھر میں کبھی تمہیں بتانے نہ اتا,audio/5_0_4_32.wav
3_0_7_45,train,Sad,پڑھ گیا نا کلیجے کو ہاتھ سمجھو یہی میری حالت بھی ہے,ہر وقت ڈر لگا رہتا ہے کہ مسجد سے باہر نکلوں گا تو,audio/3_0_7_45.wav
3_0_3_23,train,Boredom,تم یہاں کیوں ائی ہو,اس نے ایک دولتمند شادی شدہ انسان سے شادی کر لی,audio/3_0_3_23.wav
3_0_6_20,train,Neutral,ہاں وہ گھنٹی مجھے ملی نہیں کل میں وہ بھی لے اؤں گا,ہاں ہاں کل ویسے بھی چھٹی کا دن ہے میں یہ گھنٹی والا کام بھی کر جاؤں گا اور اگر کوئی اور بھی چھوٹا موٹا کام ہو تو بندہ حاضر ہے,audio/3_0_6_20.wav
10_1_7_24,train,Sad,وہ بھی فیل ہوگیا اور پاس میں بھی نہیں ہوئی,میری جان کے پیچھے کیوں پڑ گئے ہیں سارے,audio/10_1_7_24.wav
7_1_5_22,train,Happy,اپ کے ساتھ وقت گزارنے میں مجھے سب سے زیادہ مزہ اتا ہے,اپ سے بڑھ کر کوئی نہیں ہے میرا دوست,audio/7_1_5_22.wav
3_0_7_02,train,Sad,انہی لوگوں میں رہنا ہوتا ہے اسی دنیا میں رہنا ہے,میں تھک گیا ہوں تو میں بتا بتا کے,audio/3_0_7_02.wav
8_1_5_36,train,Happy,مجھے اس بلا کے علاوہ اور بھی کئی ساری بلاؤں کے نام اتے ہیں,محبت کرنا,audio/8_1_5_36.wav
6_1_1_41,train,Angry,ہاتھ تو لگائے مجھے,ٹھیک سے کھڑا نہیں ہو سکتا چل نہیں سکتا,audio/6_1_1_41.wav
2_0_2_40,train,Fear,اسی دن کے لیے میں چاہتا ہوں کہ وہ عورت اس گھر سے چلی جائے,اور شریف ادمی کو زیادتی کے لیے ایک بدمعاش کی ضرورت ہوتی ہے,audio/2_0_2_40.wav
8_1_4_39,train,Disgust,اپ کے بھتیجے ہیں نا ابو,غصے سے نہ دماغ گھومنے والا ہے,audio/8_1_4_39.wav
5_0_4_12,train,Disgust,مجھے لگتا ہے یہ ساری نحوست انہی پتلیوں کی وجہ سے ہے,تم تو چپ رہو یاسمین,audio/5_0_4_12.wav
6_1_6_36,train,Neutral,اب میرا دل چاہتا ہے کہ میں آپ لوگوں کے لیئے کچھ کروں,نہیں نہیں میں لڑوں گی کیونکہ ہر بار قتل ہو ہو کے تھک چکی ہوں,audio/6_1_6_36.wav
2_0_6_17,train,Neutral,ارے حیا تو بچی ہے اس کی باتوں کو چھوڑیں اپ,چلیں یہ بھی ٹھیک ہے لیکن حیا کی خوائشیں کبھی ختم ہونے والی نہیں ہے میں بات کر لوں گا اس سے,audio/2_0_6_17.wav
6_1_3_45,train,Boredom,میری بات اور ہے,امی چپ کر جائیں نا,audio/6_1_3_45.wav
10_1_5_44,train,Happy,آپ کو بھی مبارک ہو,پتہ ہے سیلری بھی بہت اچھی ہوگی,audio/10_1_5_44.wav
5_0_5_49,train,Happy,ویسے بھی نہ کہیں نا یاد تو کرتی ہے نا اس لیے تو مجھے بلایا ہے,ائے ہوئے عامر خان نظریں رہ گئی ہیں تجھ پہ,audio/5_0_5_49.wav
4_0_3_21,train,Boredom,قدم خودبخود چلنے لگے جب ہوش آیا تو تمہاری دہلیز پر کھڑا تھا,شاید اسی کو تقدیر کہتے ہیں,audio/4_0_3_21.wav
9_1_5_41,train,Happy,بلکہ بیٹھنا کیا ہے کھانا کھاتے ہیں نا ہاں,نہیں ہم تو انتظار کر رہے تھے کہ ساتھ کھائیں گے,audio/9_1_5_41.wav
7_1_7_18,train,Sad,آپ کو لگتا ہے کہ اُس میں اتنی ہمت ہے کہ مجھ پر رُعب جما سکے گا,جانتے نہیں ہیں کیا اپنی بہن کو آپ,audio/7_1_7_18.wav
7_1_2_01,train,Fear,چل کیا رہا ہے نہیں مقصد کیا ہے تمہارا,بڑے بھیا کو کہیں مراد کے بارے میں تو پتہ نہیں چل گیا,audio/7_1_2_01.wav
5_0_1_27,train,Angry,اوئے میری ٹاپی کہاں ہے,ارے یار میں تمہیں کیا سمجھا رہا ہوں تم وہیں پھنسے ہو شکل سے شریف ادمی,audio/5_0_1_27.wav
2_0_4_15,train,Disgust,تو کیا ہم نے کیا ہے ہم اس طرح لوگوں کو گھروں میں بلا کر ان کو بےعزت کرتے ہیں,بڑی ہمدردیاں ہو رہی تھی اس کے ساتھ گھر کی بہو بنانے کے خواب دیکھے جا رہے تھے,audio/2_0_4_15.wav
6_1_6_47,train,Neutral,اور بس ایک اچھے دوست ہیں صرف دوست,اچھا ہوا تم نے یاد کروا دیا,audio/6_1_6_47.wav
1_0_2_37,train,Fear,مجھے اس سے اس قسم کی بے وقوفی کی ہرگز امیر نہیں تھی,تم اس کو گھر کیوں نہیں بلا لیتی بھائی,audio/1_0_2_37.wav
4_0_1_40,train,Angry,یہ موقع مرید نے خود اپ کے ہاتھ میں تھمایا تھا کیا لگا تھا اپ کو,بالکل ٹھیک کر رہا ہوں میں,audio/4_0_1_40.wav
9_1_2_39,train,Fear,مگر اس وقت اسے تمہاری ضرورت ہے تمہیں خیال رکھنا ہوگا زین,اس قدر بدتمیز لڑکی ہے یہ,audio/9_1_2_39.wav
1_0_5_34,train,Happy,اؤ اؤ ڈارلنگ کیسی ہے میری بچی,ابھی ہم تمہارا ہی ذکر کر رہے تھے,audio/1_0_5_34.wav
4_0_6_36,train,Neutral,پڑھنا لکھنا میرا شوق تھا صاحب جو میں کر رہا ہوں وہ میں ہوں,جدی پشتی نوکر ہوں نمک سے بڑا گہرا رشتہ ہے صاحب,audio/4_0_6_36.wav
6_1_4_50,train,Disgust,اگر میرے باپ کو پتہ چل جاتا انہیں کچھ ہو جاتا تو اس کا ذمہ دار کون ہوتا,کیا ہر بات بتانی ضروری ہوتی ہے کیا,audio/6_1_4_50.wav
10_1_3_21,train,Boredom,اور اماں اماں جہانگیر کے عشق میں مبتلا ہے,دائروں میں چل رہے ہیں کوئی دائرہ کسی دوسرے دائرے سے ملتا ہی نہیں,audio/10_1_3_21.wav
9_1_4_31,train,Disgust,اور میں تو ڈر کے مارے کچھ بولتی نہیں بھائی ان کی مرضی ہے,پتہ نہیں تمہارے پاپا نے کیا دیکھ کر رشتہ لیا ہے,audio/9_1_4_31.wav
4_0_7_44,train,Sad,ہاں میں نے اذیت دی اپ کو پر وہ میں نے نہیں دی,اس بدلے کی اگ نے دی ہے جو میرے اندر پل رہی ہے,audio/4_0_7_44.wav
10_1_3_13,train,Boredom,کیا اج بھی تمہاری آواز میرے کانوں میں گونجتی,اپنی فائل بھول گئی تھی,audio/10_1_3_13.wav
8_1_2_48,train,Fear,چاہے میری زندگی برباد ہونے کے پیچھے میرے اپنے ہی کیوں نہ ہو,نہیں ڈیڈ جان سے نہیں مارنا اسے,audio/8_1_2_48.wav
4_0_6_08,train,Neutral,ایسی لڑکیاں پسند نہیں ہیں مجھے میں بس چاہتا ہوں کہ وہ الگ ہو,بس اسے کسی نا محرم نے نہ دیکھا ہو,audio/4_0_6_08.wav
5_0_4_16,train,Disgust,تم اپنا گناہ سماجی کاموں اور لوگوں کے کام اور لوگوں کی مدد کر کے چھپا لو گی,اسی وقت غلطی کرتا ہے وہ,audio/5_0_4_16.wav
5_0_5_01,train,Happy,او بھائی اگر تجھے اتنی ہی جلدی ہے نا تو باہر جا کر کمپلین لکھوا دے,نہیں یار میں تو تجھ سے,audio/5_0_5_01.wav
2_0_1_07,train,Angry,جس گھر میں کبھی پولیس نے قدم نہیں رکھا تھا وہ دو کوڑی کا انسپیکٹر ا کر ہمیں ذلیل کر رہا ہے دھمکا رہا ہے,یہی ہونا چاہیے تھا دوسروں کی ذاتی زندگی میں گھسنے والوں کے ساتھ ایسے ہی ہوتا ہے,audio/2_0_1_07.wav
1_0_3_46,train,Boredom,بہت ضروری کام ہے بھائی,اگر تم سمجھتی ہو کہ انہیں بلانا چاہیے,audio/1_0_3_46.wav
8_1_7_38,train,Sad,یہاں کے گھر والے میرے نہیں رہے,کوئی بھی نہیں ہے جسے میں اپنا کہہ سکوں اب,audio/8_1_7_38.wav
9_1_7_39,train,Sad,کتنا بد قسمت کتنا بے درد,اولاد کے ماتھے کو چومنا اُس کو گلے سے لگانا,audio/9_1_7_39.wav
7_1_4_49,train,Disgust,میں نے تو کسی سے نہیں پوچھا کہ کہاں گئی,بس میری باری میں سب کو آگ لگ جاتی ہے ابا جی,audio/7_1_4_49.wav
5_0_5_12,train,Happy,ناشتہ بھی کریں گے چائے بھی پییں گے ٹھیک ہے چلو شاباش,چلو چلو ناشتہ کرتے ہیں ہائے,audio/5_0_5_12.wav
7_1_1_09,train,Angry,جہاں اپنی گاڑی پارک کرنے لگتی ہوں تم اپنی گاڑی لے کر ا جاتی ہو زبردستی,زیادہ ہیرو بننے کی کوشش نہ کرو,audio/7_1_1_09.wav
2_0_7_34,train,Sad,کیوں سزا دے رہی ہو مجھے,مجھے اپنی پرواہ ہے ہی کہاں,audio/2_0_7_34.wav
6_1_7_27,train,Sad,میری طبیعت کچھ ٹھیک نہیں ہے آج,اِتنے دنوں سے میں اپنے آپ سے ایک جنگ کر رہی ہوں مسلسل ہارے جا رہی ہوں اُس میں,audio/6_1_7_27.wav
6_1_4_39,train,Disgust,جب والدین مجبور ہو جائیں نا تو ایسے ہی جواب ملتے ہیں سننے کے لیے,کیا ہوا ہے میرے حال کو,audio/6_1_4_39.wav
3_0_2_06,train,Fear,اب دیکھو فارعہ اپنے اپ کو تماشا نہ بناؤ نہیں بناؤ,لیکن یہ ثابت کرنے کی کوشش نہ کرو کہ تمہارے اگے پیچھے کوئی نہیں ہے,audio/3_0_2_06.wav
8_1_2_42,train,Fear,یہ جھوٹ بول رہی ہیں نا ایسا نہیں ہو سکتا زین,اپ میرے ساتھ ایسا نہیں کر سکتے یہ جھوٹ بول رہی ہے اپ جھوٹ بول رہے ہیں,audio/8_1_2_42.wav
1_0_4_27,train,Disgust,اپا کہا نا وہ بزی ہے فارغ ہوگا تو ا جائے گا,نیلم بھتیجی ہے تمہاری اس کی شادی میں انے کا دل نہیں تھا تمہارا,audio/1_0_4_27.wav
3_0_6_25,train,Neutral,تو ڈاکٹر کو بلانا پڑے گا اور وہ گھر انے کی علیحدہ فیس لیتا ہے,ابراہیم صاحب نے حامی بھری ہے,audio/3_0_6_25.wav
4_0_1_24,train,Angry,اور تم یہ بات بول رہے ہو بہن ہے سکینہ میری,اچھا چلو ٹھیک ہے مار دے چلا گولی اور جان لے لی اس کی,audio/4_0_1_24.wav
7_1_1_22,train,Angry,میں جیسا سمجھتی تھی تم بالکل ویسے نہیں ہو,تم بزدل ہونے کے ساتھ ساتھ جھوٹے بھی ہو,audio/7_1_1_22.wav
2_0_4_30,train,Disgust,پیسہ تم پورے لے رہے ہو اور کام ادھا کر رہے ہو,وہ لڑکی کا جو باپ ہے وہ ہمارے گھر کیوں اتا ہے,audio/2_0_4_30.wav
1_0_1_50,train,Angry,چل جا نکل جا میرا میٹر نہ گھما چل جا,اگر پرواہ نہیں ہے تو پھر جائے جہاں اس کی ماں دفن ہوئی ہے,audio/1_0_1_50.wav
1_0_2_08,train,Fear,اس نے یہاں سے جا کر میری محبت اور تمہارے نصیب میں کانٹے بوئے ہیں,منور تم فون نہیں کرو گے,audio/1_0_2_08.wav
1_0_1_03,train,Angry,تم نہیں سمجھ رہی ہو تمہیں سمجھ نہیں آ رہی ہے,نکلو یہاں سے باہر چلو جاؤ,audio/1_0_1_03.wav
6_1_2_31,train,Fear,مجھے اپنے ابو سے ملنا ہے لے کے چلو مجھے ان کے پاس,اگر امی کو بتا کے جاتی تو امی جانے دیتی مجھے وہ بھی اپ کی طرح شک کرتی,audio/6_1_2_31.wav
2_0_4_18,train,Disgust,سلے میں کیا ملا ذلت,نہ اپ اس گھر کی بہو تھی نہ بیٹی,audio/2_0_4_18.wav
3_0_3_43,train,Boredom,وہاں تک تو ٹھیک ہے لیکن مجھے سننے میں ایسا لگا جیسے تم بیٹی کی بات کر رہے ہو,کوئی وقت بھی قربانی کا وقت ہو سکتا ہے,audio/3_0_3_43.wav
6_1_6_11,train,Neutral,نا نا جی نے قاضی صاحب میں کیا دیکھا تھا,امی ہمیشہ آپ ٹال دیتی ہیں,audio/6_1_6_11.wav
1_0_5_32,train,Happy,ویسے عجیب بات ہے خوش ہو کر بھی شکل سے خوش نہیں لگتی ہو تم,اچھا بہرحال چھوڑو ایک کام کرو میں تو کہتا ہوں لڑکے کو کسی دن چائے پر بلا لیتے ہیں کیسے,audio/1_0_5_32.wav
4_0_5_45,train,Happy,اللہ تعالیٰ اپ کی مدد کرے اس بات میں یہ تو بڑی خوبصورت بات ہے تالیاں ان کیلئے,لوگوں نے بڑا پسند کیا ہے یار,audio/4_0_5_45.wav
8_1_5_48,train,Happy,کیونکہ شبنم زیادہ دیر پھول پر ٹھہر نہیں سکتی,بس وہ چند لمحے ہی تو زندگی ہوتے ہیں,audio/8_1_5_48.wav
8_1_2_22,train,Fear,جو کچھ میرے ساتھ ہو رہا ہے نا اپ نہیں سمجھیں گے میرا سر پھٹ رہا ہے,اس طرح اپ کچھ کرتے کیوں نہیں ہیں,audio/8_1_2_22.wav
5_0_2_40,train,Fear,اب وہ وہ سر خاموش کرانے کا بل,اوئے ہوئے اوئے ہوئے تفشیش کے دوران جو مار پڑتی ہے,audio/5_0_2_40.wav
9_1_2_07,train,Fear,ہائے ہائے میرے اللہ,ہائے میرے اللہ,audio/9_1_2_07.wav
8_1_3_41,train,Boredom,اا یہ گاڑی چلے گی بھی,یہ پچیدہ چیز کے ساتھ رکی رہے گی,audio/8_1_3_41.wav
9_1_3_07,train,Boredom,ارے یہ مجھے پتہ ہے,مجھے پتہ ہے میں جانتی ہوں میری اولاد ہے میں نے پیدا کیا ہے,audio/9_1_3_07.wav
5_0_4_31,train,Disgust,تم مجھ پہ شک کر رہے ہیں مجھ کو الزام لگا رہے ہو,پیسے پکڑو اور اپنا بڑھاپہ سوارو,audio/5_0_4_31.wav
10_1_4_14,train,Disgust,اور نہ ہی مومن کا نام لیا کرو,میرے ہاتھ دیکھو کیا تمہیں لگتا ہے کما نہیں سکتی,audio/10_1_4_14.wav
3_0_5_25,train,Happy,اور پورے 10 ہزار تنخواہ ہے,اور وہ بھی ایسے مردم شناس ہیں کہ اکاؤنٹس میں ہی لگوا دیا,audio/3_0_5_25.wav
5_0_3_23,train,Boredom,وہ سا سار سا,آپ چاہیں یا نہ چاہیں,audio/5_0_3_23.wav
7_1_3_38,train,Boredom,کام بھی تو کوئی ڈھنگ کا ہونا اماں جی,نہیں جمع دارنیوں والے کام نہیں کر سکتی,audio/7_1_3_38.wav
6_1_1_33,train,Angry,میں نے سن لیا اب میں کیا کروں,اگر تم میں تھوڑی سی بھی شرم ہے تو چلو,audio/6_1_1_33.wav
8_1_5_50,train,Happy,میرے پاس تو اپ کو دینے کے لیے کچھ بھی نہیں ہے,میری تو پوری دنیا ہی تم ہو,audio/8_1_5_50.wav
10_1_5_28,train,Happy,مجھے تو ابھی بھی یقین نہیں آرہا,لیکن میں اسے رکھنے سے انکار نہیں کر سکتی,audio/10_1_5_28.wav
9_1_4_33,train,Disgust,کچھ ہو گیا نا تو ہم ہی بھگتیں گے وہ تو سائیڈ پہ ہو جائیں گے,ارے چھوڑیے رہنے دیے میری بیٹی میں کون سا کوئی کمی ہے لاکھوں میں ایک ہے,audio/9_1_4_33.wav
2_0_1_14,train,Angry,ہزار ہزار روپے کی رشوت لینے والا اج لاکھوں کی ڈیل کر رہا ہے وہ بھی مجھ سے,شکل دیکھی ہے تم نے اپنی,audio/2_0_1_14.wav
5_0_6_38,train,Neutral,اتنا تفشیش تو ہمیں کرنا ہی ہوتا ہے,اپ کے کہنے کے مطابق میں نے خاموشی اختیار کی,audio/5_0_6_38.wav
9_1_6_24,train,Neutral,جہاں قول دے دیا جائے وہاں سے پیچھے نہیں ہٹا جاتا,دیکھو جنت بی بی نے مجھے کہا ہے کہ وہ اُنکی اولاد کی طرح ہے,audio/9_1_6_24.wav
2_0_1_32,train,Angry,سلیم گاڑی کی چابی دو,منہ مانگے پیسے دیے تھے میں نے تمہیں کیسے ہوا یہ سب کچھ,audio/2_0_1_32.wav
3_0_3_14,train,Boredom,لیکن مصیبت یہ ہے ان علاقوں میں لوگوں کے اپنے گھر نہیں ہے,کرائے پر کوئی دیتا ہی نہیں,audio/3_0_3_14.wav
4_0_4_10,train,Disgust,تو میں بتایا تھا نا کہ گاڑی کی کیسویں خراب ہے بتایا تھا نا,گھر سے یہی سوچ کر نکل تھا لیکن اماں کی قسم نے میرے ہاتھ پاؤں باندھ دیے,audio/4_0_4_10.wav
4_0_6_28,train,Neutral,جب بچپن میں نے یہ خواہش ظاہر کی تھی کہ میں بھی اس سکول میں پڑھنا چاہتا ہوں جہاں اپ پڑھتے ہیں,صاحب یہ جو نگاہ ہوتی ہے نا یہ بڑی خطرناک چیز ہوتی ہے,audio/4_0_6_28.wav
7_1_3_18,train,Boredom,کیا اڑنے کی کیا زنجیروں کو اتارنے کی توں بات کر رہی ہے,کہ اس کی اپنی دکان ہے اپنا مکان ہے اپنا یہ اپنا وہ ہر چیز اپنی ہے,audio/7_1_3_18.wav
9_1_5_35,train,Happy,وعلیکم السلام بالکل ٹھیک کیسی ہو,ارے کیوں نہیں ضرور,audio/9_1_5_35.wav
9_1_6_07,train,Neutral,اور وہاں ایک پیاری سی پری کو کنگن پسند آگئے زبردستی لے گئ,تمہیں میں نے کہا تھا رشیدن سے بات کرو بات کی تم نے,audio/9_1_6_07.wav
9_1_3_10,train,Boredom,ہاں بس رضوانہ یہی سوچتی ہوں,ابھی تو زندہ ہوں میں ہوں اس کے سامنے,audio/9_1_3_10.wav
1_0_4_33,train,Disgust,ارے شکر کریں اپا منور نے اس پر ایف ائی ار نہیں کٹوائی,تم یہاں کیا کرنے ائے ہو میں نہیں مانتا,audio/1_0_4_33.wav
7_1_6_47,train,Neutral,اور جلدی جلدی مت لگانا,اوپر اپنے کمرے میں,audio/7_1_6_47.wav
3_0_4_24,train,Disgust,عید باسی ہو جائے تم نیا لباس اس کی تازگی واپس نہیں لا سکتا,شاید اتفاقا میری کہانی کا یہ حصہ تمہاری اپنی کہانی سے مماثلت رکھتا ہے کیوں,audio/3_0_4_24.wav
10_1_6_16,train,Neutral,آپ نیک ہیں آپ جو چاہے کہ سکتے ہیں,میں نیک ہوتی تو یہ کر رہی ہوتی,audio/10_1_6_16.wav
10_1_3_19,train,Boredom,اب گھنٹوں اس کی مثالیں دیتے رہیں گے,کبھی کبھی مجھے لگتا ہے ابا کو ابا کو حسن جہاں سے محبت تھی,audio/10_1_3_19.wav
3_0_3_04,train,Boredom,میں اس بچے کا کیا کروں,لیکن کہاں ڈھونڈیں گے اس کو,audio/3_0_3_04.wav
7_1_4_14,train,Disgust,ابھی تمہیں اصل میں بتاؤں غنڈاگردی ہوتی کیا ہے,آپ مجھے سسرال سے اتنا ڈراتی کیوں رہتی ہیں,audio/7_1_4_14.wav
7_1_3_20,train,Boredom,ایک اچھا گھر ایک اچھے لوگ,جی میں بس,audio/7_1_3_20.wav
10_1_1_46,train,Angry,شادی کسی اور سے نہیں ہوگی,میرا راجا ہے وہ,audio/10_1_1_46.wav
3_0_3_01,train,Boredom,لیکن یاد رکھنا ہاری ہوئی ماں کا بیٹا کبھی جیت نہیں سکتا,ایک تو اس بندے نے بہت تنگ کیا ہے,audio/3_0_3_01.wav
6_1_6_01,train,Neutral,بس سب اچھا لگنے لگا ہے,میں اور حیا شاپنگ کے لیئے جا رہے تھے سوچا نایاب کو بھی لے جائیں,audio/6_1_6_01.wav
10_1_1_38,train,Angry,گڑیا مت کہیں مجھے,نہیں ہوں میں گڑیا,audio/10_1_1_38.wav
2_0_4_20,train,Disgust,اس کے ساتھ کیا ہوا کس نے کیا مجرم کون ہے یہ وہ پولیس والا جانے یا اس کا باپ,بیان دیتے اپ کس نے منع کیا ہے,audio/2_0_4_20.wav
4_0_5_19,train,Happy,اب اپ کو پسند ائی ہے تو ٹھیک ہے ماں جی,کیونکہ اج کل اپ صرف ایک ہی بات کرتی ہیں,audio/4_0_5_19.wav
4_0_1_06,train,Angry,وہ تو میں وقت پر پہنچ گیا,یہ کیا جواب دے گی,audio/4_0_1_06.wav
2_0_6_46,train,Neutral,ابھی اپ کہہ رہی تھی کہ اپ سب کچھ سمجھ گئے ہیں,یہ اپنی مرضی کی مالک ہے خالہ,audio/2_0_6_46.wav
10_1_2_45,train,Fear,اگر میں اس عمر میں پاس نہ ہوئی تو بڑی بےعزتی ہو جائے گی,یا اللہ میرا دل بہت گھبرا رہا ہے,audio/10_1_2_45.wav
8_1_7_11,train,Sad,اُس نے کہا کہ میں پاگل ہوں میرے ساتھ کوئی نہیں رہ سکتا,اُس نے کہا کہ مجھ سے کوئی محبت نہیں کرے گا,audio/8_1_7_11.wav
10_1_5_13,train,Happy,ہوں جلدی ہی ہے,مجھے تو لگ رہا ہے ہم دونوں کی شادی ساتھ ساتھ ہوگی,audio/10_1_5_13.wav
7_1_5_19,train,Happy,تم تو یار میرا دماغ پر لے,یہ تمہارے پاس تھی,audio/7_1_5_19.wav
7_1_5_06,train,Happy,سب بولیں گے کہ برانڈ نیو گاڑی لے کر ائی ہے,میں نے سوچا کہ شاید گونگٹ اس سے زیادہ اچھا لگے,audio/7_1_5_06.wav
8_1_2_44,train,Fear,بولیں نا زین زین یہ جھوٹ ہے بولیں,بولیں میں اپ سے سننا چاہتی ہوں یہ جھوٹ ہے,audio/8_1_2_44.wav
10_1_3_02,train,Boredom,ہاں ہاں مجھے پتہ ہے,میں یہ کام نہیں کرنا چاہتی,audio/10_1_3_02.wav
8_1_1_31,train,Angry,ان لوگوں نے مل کر صرف ہمیں بے وقوف بنایا ہے,تماشہ تو میرا بنا ہوا ہے نا دیکھیں مجھے,audio/8_1_1_31.wav
5_0_5_26,train,Happy,واہ یار پپیتا تو بڑا مزے کا تھا,ائیے ائیے جناب تشریف لائی ہے ائیے کھانا کھائیے,audio/5_0_5_26.wav
5_0_5_28,train,Happy,اہا واہ کیا بات ہے,واہ واہ,audio/5_0_5_28.wav
10_1_3_39,train,Boredom,پتہ نہیں ماسٹر صاحب,یہاں ایسا ہی ہے,audio/10_1_3_39.wav
8_1_1_44,train,Angry,یہ گلاس تمہارے منہ پر بھی ٹوٹ سکتا تھا,میں تم سے بات کر رہی ہوں,audio/8_1_1_44.wav
6_1_3_24,train,Boredom,امی کہا نا ابھی شادی نہیں کرنی بہت سے کام کرنے ہیں مجھے,چل بول نا کیا ہوا ہے,audio/6_1_3_24.wav
5_0_6_07,train,Neutral,یار میں تجھ سے بات کرنے ایا ہوں مطلب کہ سودا کرنے ایا ہوں,ویسے بچے پتہ ہے کیا ہوتا ہے دکان جانے سے پہلے سارا وقت جو ہے نا وہ بازار میں ضائع ہو جاتا ہے,audio/5_0_6_07.wav
8_1_6_46,train,Neutral,میرا ایسا کوئی خیال نہیں بابا کہتے ہیں کہ انسان کی ہمت کا اندازہ ترازو سے نہیں کیا جاتا,وہاں تو سب لوگ اپ کی خیریت معلوم کر رہے ہوں گے,audio/8_1_6_46.wav
9_1_7_20,train,Sad,یا اللّٰہ گھر آ جائے میرا معصوم بچہ,ماں بیٹا دُکھ سُکھ بھول رہے تھے,audio/9_1_7_20.wav
10_1_1_24,train,Angry,میری ماں کے لیئے کیوں آواز نہیں اُٹھائی تم نے,کیونکہ اگر آواز اُٹھاتے تو ساری چیزیں چھن جاتی نا,audio/10_1_1_24.wav
3_0_4_36,train,Disgust,میں نے کہا تھا اسے بلا کر لاؤ,خیر اس بات کا تو ٹنٹا ختم ہو گیا,audio/3_0_4_36.wav
10_1_5_06,train,Happy,سارے انتظامات اُنہوں نے ہی کیے ہیں,ہاں آج تو میں ہی کھلاؤں گی,audio/10_1_5_06.wav
7_1_2_49,train,Fear,وہ اپنی ماں کو تو صرف نہیں چھوڑ کے گیا تھا نا,میرے دکھ کو اس نے نظر انداز کر دیا,audio/7_1_2_49.wav
2_0_4_39,train,Disgust,اتنی محبت اتنا پیار اتنا عیش و ارام کس چیز کی کمی تھی,کم از کم اج میں ضمیر کی عدالت میں سرخرو ہو گیا کہ میں نے تمہیں ایک لاسٹ چانس دیا,audio/2_0_4_39.wav
2_0_3_30,train,Boredom,پتہ نہیں ہے اب وہ یہاں ائے گی بھی یا نہیں,السلام علیکم اپ نایاب کے والد بات کر رہے ہیں,audio/2_0_3_30.wav
6_1_6_20,train,Neutral,میں بھی تو دیکھوں تم میں کتنی ہمت ہے,اور ابو آفس میں ہیں جو بات کرنی ہے اُن سے وہیں کر لیجیۓ گا,audio/6_1_6_20.wav
4_0_4_38,train,Disgust,کیونکہ تم اچھی طرح جانتے ہو میری زندگی کا مقصد صرف اور صرف امین قریشی ہے اگر اس کی جان گئی تو ہمیشہ کے لیے کھیل ختم,یاد کرو وہ دن جب میں نے تمہیں بچایا تھا ورنہ تم اج زندہ نہ ہوتے,audio/4_0_4_38.wav
6_1_5_21,train,Happy,کیا ہے نہ دیکھو نا مجھے اس طرح,ہاں پہنچ گئے,audio/6_1_5_21.wav
1_0_1_13,train,Angry,مجھے منظور ہے,تو ساری زندگی جیل میں چکی پیستا رہتا,audio/1_0_1_13.wav
10_1_2_16,train,Fear,لاکھوں لوگ سب کچھ پا کر بھی ناخوش ہیں,شادی کا نہیں بولتا تھا,audio/10_1_2_16.wav
9_1_6_40,train,Neutral,کتنے اچھے لگ رہے ہو تم لوگ ایک ساتھ بیٹھے ہوئے,تمہارے لیئے بہت ضروری تھا یہ,audio/9_1_6_40.wav
5_0_6_49,train,Neutral,اگر گرفتار کرنا ہی تھا تو سب سے پہلے راجہ جی کو کرتے ہیں,اگر اپ کچھ کر سکتے ہیں نا تو اپنے گواہ پکے کریں,audio/5_0_6_49.wav
2_0_2_39,train,Fear,یا ابھی اسے پیسے دیے ہیں تھوڑی دیر پہلے,اسی دن کے لیے میں چاہتا ہوں کہ وہ عورت اس گھر سے چلی جائے,audio/2_0_2_39.wav
1_0_7_28,train,Sad,تمہیں کیا اندر انے کے لیے اجازت کی ضرورت ہے,پھر تم نے اسے پھانسی دلوا دی یا عمر قید دلوا دی تو,audio/1_0_7_28.wav
10_1_3_46,train,Boredom,مجھے لگا شاید ان کی ہے,نہیں مومنہ کہیں بھی رہ لوں گی,audio/10_1_3_46.wav
3_0_3_31,train,Boredom,ہیلو بھائی اج سے یہ ذمہ داری بھی میں تمہارے ہاتھ پر رکھ رہا ہوں,ٹھہر جا رقیہ ٹھہر,audio/3_0_3_31.wav
4_0_6_22,train,Neutral,میرے جیل سے رہا ہونے کے بعد میرے ابا نے مجھے گھر انے کی اجازت نہیں دی اور میں پلٹ کر گیا نہیں,اس ناشتے سے میں عمر بھر کے تمام صبح کا اغاز کر سکتا ہوں,audio/4_0_6_22.wav
1_0_4_45,train,Disgust,یہ صبح صبح تم کیا باتیں لے کر بیٹھ جاتی ہوں میرے ساتھ,کیا بے وقوفوں والی باتیں کر رہی ہوں تم,audio/1_0_4_45.wav
2_0_5_25,train,Happy,یہاں تو سیٹنگ ہوتی نظر ارہی ہے,ہمیں ملوانا تھا نا اس نے,audio/2_0_5_25.wav
8_1_5_04,train,Happy,کچھ اچھا لگ رہا ہے کیا,تمہیں جو پسند ائے لے لینا,audio/8_1_5_04.wav
1_0_2_17,train,Fear,لیکن لوگوں کے تانے تو مجھے ہی سننے پڑتے نہ,اب تو تھکنے لگا ہوں میں,audio/1_0_2_17.wav
10_1_6_09,train,Neutral,بھئی بس ایک ضروری کال کرنے باہر چلی آئی تھی,محبت سے زیادہ گہرا اور دائمی رشتہ ہے میرا اور تمہارا,audio/10_1_6_09.wav
2_0_5_36,train,Happy,مجھے تو بالکل فٹ لگ رہا ہے,پاکستان کا ٹائم,audio/2_0_5_36.wav
1_0_1_36,train,Angry,اج میں تمہارا لحاظ بھی نہیں کروں گا جان سے مار دوں گا,ے شرم بے حیا نکلی نہ اس بد کردار جہاں کی بیٹی,audio/1_0_1_36.wav
3_0_7_29,train,Sad,اج جو کچھ ہوا وہ پتہ نہیں کیا کچھ کہہ گیا میں تمہارے اور اپنے بارے میں,پر اتنی مدت بعد اچانک تمہیں دیکھ کر پرانے رشتے ناطے,audio/3_0_7_29.wav
10_1_2_23,train,Fear,میرا باپ کیسے قاتل ہو سکتا ہے,اس عورت کا قاتل جس سے وہ عشق کرتا تھا,audio/10_1_2_23.wav
1_0_4_36,train,Disgust,بھول جاؤ ان زمینوں کو ائندہ محتاط رہنا زبان دی ہے میں نے اسے,پتہ نہیں تمہاری وجہ سے اور مجھے کتنا خوار ہونا پڑے گا,audio/1_0_4_36.wav
10_1_6_14,train,Neutral,ہر چیز کی قیمت ہوتی ہے قدر نہیں,پندرہ بیس سال دو دہائیوں کو کہتے ہیں اماں,audio/10_1_6_14.wav
9_1_6_13,train,Neutral,باہر سے الا بلا کھا کر پیٹ خراب کر لیتا ہے,ارے اسکی کمر میں درد ہے اسلیئے بیٹھ کر نماز پڑھتا ہے,audio/9_1_6_13.wav
7_1_2_17,train,Fear,یہ ہمیشہ ایسے ہی اپنی مرضی چلاتے ہیں مجھ پر,ادھی رات نہیں ہوئی ہے,audio/7_1_2_17.wav
5_0_5_30,train,Happy,مچھر مار لوشن اپ کے چمچماتی جلد کو محفوظ رکھے,ہاں یا بڑا مزہ ا رہا ہے,audio/5_0_5_30.wav
5_0_7_32,train,Sad,تمہیں دینے کے لیے میرے پاس کچھ بھی نہیں ہے,میں نے اور تمہاری ماں نے تنکا تنکا جوڑ کے بنایا ہے,audio/5_0_7_32.wav
4_0_1_18,train,Angry,جانتی ہو مجھے موسی نام ہے میرا,اگر ڈاکہ ڈالنا ہوتا تو تمہیں نکاح کی پیشکش نہ کرتا موسی,audio/4_0_1_18.wav
2_0_5_08,train,Happy,بہت مزے کا ہے,ارے ڈولی ہنس رہی ہے,audio/2_0_5_08.wav
10_1_7_35,train,Sad,میں نے کوئی گناہ نہیں کیا,میں غلط راستے پہ چل پڑی تھی,audio/10_1_7_35.wav
4_0_4_42,train,Disgust,یہ عیش و عشرت یہ محفلیں یہ رونقیں موسی کا نیم دار گھرانہ تمہیں نہیں دے سکتا تھا,میری ایک بات یاد رکھنا ہمیشہ,audio/4_0_4_42.wav
7_1_6_42,train,Neutral,اچھا بائے ہو تو بتاؤ میرے ساتھ ہی واپس جاؤ گے نا,تو بس رک اور دیکھتی جا,audio/7_1_6_42.wav
4_0_3_32,train,Boredom,جو اولاد پہ کیسے ہی حالات کیوں نہ آجائیں نہ ہنستی ہیں نہ روتی ہیں,نہ ہاں یا نفی میں سر ہلاتی ہیں,audio/4_0_3_32.wav
1_0_2_13,train,Fear,میں جلد از جلد ا ذلت کو گھر سے باہر پھینکنا چاہتا ہوں,یہ اس سے تو بہتر ہے منور کہ لوگ یہ کہیں کہ اقبال حسین کی بیٹی گھر کے ملازم کے ساتھ بھاگ رہی تھی,audio/1_0_2_13.wav
8_1_7_35,train,Sad,اب مجھ میں اور ہمت نہیں ہے کہ میں کوئی بھی الزام اپنے سر لے سکوں,میں وہاں نہیں جاؤں گی,audio/8_1_7_35.wav
5_0_6_18,train,Neutral,یہ تم کو کم سنائی دیتا ہے بلو,میں جانتا ہوں بہت اچھی طرح سے جانتا ہوں,audio/5_0_6_18.wav
2_0_2_14,train,Fear,یہ تو تم سمجھتی ہو یہ تو ہمیں اپنا دشمن سمجھتے ہیں اور ہمارے خلاف ایف ائی ار کٹوانے جا رہی ہے,جو بھی ہے منت تم اس معاملے میں نہیں بولو گی,audio/2_0_2_14.wav
4_0_5_17,train,Happy,دوبارہ اچھا ہوگا,اتنا سب کچھ اپ میرے بارے میں کیسے کہہ سکتے ہیں,audio/4_0_5_17.wav
4_0_2_07,train,Fear,بچپن سے لے کر اج تک یہ جوتے صاف کرتے کرتے بڑا ہوا ہوں صاحب,عجیب پر اسراریت تھی ان کی اواز میں,audio/4_0_2_07.wav
4_0_3_42,train,Boredom,موبائل چھپایا ہے کپلوں میں,الجام لگاتی رہتی ہیں بولو بھولا بھی ہوں,audio/4_0_3_42.wav
8_1_7_47,train,Sad,چھوٹی سی ڈیڈ آٹھ سال کی مجھے سب سے زیادہ ضرورت تھی اُن کی,پر اُنہوں نے صرف اپنی ذات کو اہمیت دی,audio/8_1_7_47.wav
6_1_7_33,train,Sad,میرے بس میں نہیں ہے سر,کچھ بھی سمجھ نہیں آ رہا,audio/6_1_7_33.wav
8_1_4_33,train,Disgust,انے دو ذرا بابا کو تم دونوں کی شکایت لگاتی ہوں,کسی پودے کو اس کی جڑ سے اکھاڑ دینا,audio/8_1_4_33.wav
1_0_4_03,train,Disgust,جو ادمی باپ کے پیسے جوئے میں اڑاے اس سے کیا امید رکھی جا سکتی ہے چلو راحیلہ صاحبزادے کو ارام کرنے دو,کیا کروں ان سب کا باقی کام تو تم سے ہو نہیں رہے,audio/1_0_4_03.wav
1_0_4_19,train,Disgust,رکھ دو نا نہیں پینا مجھے,کہا ہے نا کہ نہیں پینا رکھ دو ادھر تمہیں بات سمجھ نہیں اتی ہے,audio/1_0_4_19.wav
6_1_3_17,train,Boredom,کیا ہو گیا ہے امی,نہیں سر وہ,audio/6_1_3_17.wav
5_0_3_06,train,Boredom,تیرے مشورے پہ عمل کر کے بھی دیکھ لیتے ہیں,تھوڑا سا قرضہ ہے اور مل جائے,audio/5_0_3_06.wav
6_1_5_44,train,Happy,میری چمک چھلو,اوئے ہوئے حسن کے ساتھ نزاکتیں میں صدقے جاؤں میری جان,audio/6_1_5_44.wav
1_0_6_08,train,Neutral,سدھر جائے گی اپا ایک بار شادی ہو گئی نہ تو ٹھیک ہو جائی گی,بہت شکریہ اپا بھائی کا مان رکھنے کا,audio/1_0_6_08.wav
2_0_7_21,train,Sad,ٹھیک ہے میں میں نے تو اپنی پوری کوشش کر لی ہے تم بھی کر کر دیکھ لو میں تمہارے ساتھ ہوں,لیکن اس میں حیا کا کیا قصور ہے,audio/2_0_7_21.wav
5_0_4_04,train,Disgust,بھائی یہ جرگا ہے ولیمے کی دعوت نہیں کہ سب میں سب کو پیغام بھیجتا ہوں,منشی تو کیا مجھے بے وقوف ادمی سمجھتا ہے,audio/5_0_4_04.wav
3_0_5_16,train,Happy,وعلیکم السلام جیتی رہو,وعلیکم السلام جیتے رہو جیتے رہو,audio/3_0_5_16.wav
9_1_7_29,train,Sad,اس وقت سب بھول جاؤ,میرا بیٹا یہ میرا بیٹا ایسے کرے گا میرے ساتھ,audio/9_1_7_29.wav
10_1_4_02,train,Disgust,تم مجھ سے میری عزت کیا چھینو گے,یہاں سب کو جسم دیکھنا اور دکھانا ہے ایکٹرس نے,audio/10_1_4_02.wav
10_1_2_08,train,Fear,اماں میرے سر پر قرضہ ہے مجھے کوئی اور کام نہیں اتا,اپ نے کیوں بات کی کیا سوچ رہا ہوگا اس کی منگنی ہو چکی ہے,audio/10_1_2_08.wav
7_1_7_23,train,Sad,مجھے نا یہاں پر بہت اکیلا اکیلا لگ رہا ہے,میں شاید ایک دن اور یہاں پر رُکی نا میرا دم گُھٹ جائے گا,audio/7_1_7_23.wav
7_1_5_29,train,Happy,پیسہ کماؤں گی تو ائے گا تو کھانا,اچھا لگتا ہے,audio/7_1_5_29.wav
1_0_7_09,train,Sad,جہاں ارا اس سے ملا ہوں تو ہو مجھے اندازہ ہوا ہے کہ,میں نے زندگی میں کتنا نقصان اٹھایا ہے,audio/1_0_7_09.wav
10_1_6_49,train,Neutral,ہر کامیابی کے پیچھے بہت بڑی قیمت ہوتی ہے,پا کے کھو دیتی اسی لیئے کھو دیا,audio/10_1_6_49.wav
8_1_5_19,train,Happy,تاکہ اپ سب لوگ کی مسکراہٹ ایک ساتھ دیکھ سکیں,کبھی کبھی پہیلیاں بجھوانے میں مزہ اتا ہے,audio/8_1_5_19.wav
6_1_1_48,train,Angry,اتنی عزت یاد تھی تو کیوں جانے دیا مجھے,ماری رہی تھی نا انتظار نہیں کر سکتا تھا کیا تھوڑا,audio/6_1_1_48.wav
2_0_6_39,train,Neutral,خالہ میں نہیں سمجھتا کہ ہمیں ڈھنڈورا پیٹنے کی ضرورت ہے,یہ ہمارا ذاتی معاملہ ہے بس گھر میں ہی رہے تو اچھا ہے,audio/2_0_6_39.wav
3_0_1_27,train,Angry,ہو سکتا ہے اسی درد کو سہ کر یہ مسلمان ہو جائے,فورا طور پر یہاں سے رخصت ہو جاؤ,audio/3_0_1_27.wav
2_0_1_35,train,Angry,میرے بھائی کے خلاف ایف ائی ار کٹوا کر تم اسی گھر میں واپس اگئی,تم اپنا منہ بند رکھو,audio/2_0_1_35.wav
4_0_7_30,train,Sad,ابا کا بازو ایک کٹا کھڑا ہے تیرے سامنے تو دوسرا بازو ہے,اماں کا کیا ہوگا گھر کیا ہوگا سوچنا سمجھ بھائی تیری مہربانی ہے یار,audio/4_0_7_30.wav
4_0_4_20,train,Disgust,کوئی برائی ہے کیا مجھ میں میری محبت میں کوئی برائی ہے تو بتاؤ بولو,اگر میں تم سے عزت نیک نامی کا سودا کرنا چاہتا ہوں تو بدلے میں تم بھی بدنامی اور رسوائی کے ازمائش سے گزارنا چاہتی ہو مجھے سوداگر تو تم بھی ہو زوہرا,audio/4_0_4_20.wav
2_0_3_12,train,Boredom,اس وقت ہماری عزت اپ کے ہاتھ میں ہے اس سے مت اچھالے,جا کر سو جاؤ بہت دیر ہو گئی ہے,audio/2_0_3_12.wav
8_1_7_08,train,Sad,میرے وجود کو اُس کی چاہت سے کوئی غرض نہیں,لوگوں کی نظریں اُن کے سوالات اُن کے جوابات میں کیسے دوں گی ڈیڈ,audio/8_1_7_08.wav
7_1_3_44,train,Boredom,ہر جگہ اپنے شوہر کے ساتھ جاتے رہوں,سب خیریت ہے نا,audio/7_1_3_44.wav
10_1_7_21,train,Sad,دنیا کی کوئی بھی شے میرے دل کو آباد نہیں کر سکتی,اگر کوئی اجر تھا بھی تو اُسے میرے گناہ کھا گئے,audio/10_1_7_21.wav
1_0_7_49,train,Sad,میں نے تمہاری زندگی کے بہت سے قیمتی سال اپنی نفرت سے ضائع کر دیے,کو تم سے کی ہوئی پہلی محبت میری ساری زندگی نگل گئی,audio/1_0_7_49.wav
9_1_5_34,train,Happy,دیکھو ارام سے شاپنگ کر اتے ہیں,وعلیکم السلام بالکل ٹھیک کیسی ہو,audio/9_1_5_34.wav
9_1_3_36,train,Boredom,میں جو کچھ کیا ٹھیک کیا,ہاں کچھ دوائیاں ختم ہوئی ہیں لیتی انا,audio/9_1_3_36.wav
3_0_6_08,train,Neutral,وہ نازیہ کا ایڈریس اور فون نمبر بھول تو نہیں ائے,اچھا بہرحال تمہیں کوئی بھی پرابلم ہو فورا اس سے کہنا,audio/3_0_6_08.wav
8_1_6_43,train,Neutral,اچھا چلیں کوئی بات نہیں اپ اپنے کام پر دھیان دیجیے,میں میں اپ کی ساری ذمہ داری کو اپ کے ساتھ نبھاؤں گی,audio/8_1_6_43.wav
7_1_5_04,train,Happy,بہت اچھی,اپ کی اجازت ہو تو میں یہ ربن اتار دوں,audio/7_1_5_04.wav
10_1_1_05,train,Angry,تم مجھے پا نہیں سکتے,تم مجھے پا نہیں سکتے,audio/10_1_1_05.wav
2_0_7_16,train,Sad,سب کے سامنے وجی کو ہتھکڑی لگا کر اریسٹ کر کے لے گئے,اور بہت اکیلا ہو گیا ہوں شاید مجھے تمہاری ضرورت ہے,audio/2_0_7_16.wav
4_0_1_48,train,Angry,چلاو گولی دیکھ کیا رہے ہو چلاو گولی,تو ملائکہ کو مارو نا بے وفائی تو ملائکہ نے کی ہے نا تمہارے ساتھ,audio/4_0_1_48.wav
6_1_7_20,train,Sad,میں نے اُس وقت یہ کیوں نہیں سوچا کہ میں کیا کر رہی ہوں,آہ میرے خدا میں کس عذاب میں پھنس گئی ہوں,audio/6_1_7_20.wav
3_0_2_21,train,Fear,اسے کہہ دو یہاں سے چلا جائے,اور اگر تم بھی سن رہے ہو تو یاد رکھنا,audio/3_0_2_21.wav
10_1_1_18,train,Angry,لوگ کہتے ہیں کہ بھائی محافظ ہوتا ہے,لیکن میرا بھائی اپنی بیوی کے اشاروں پہ چلنے والا ایک زن مُرید ہے,audio/10_1_1_18.wav
1_0_5_15,train,Happy,پسند بدل جاتی ہے بھائی نہیں دل کرتا کسی وقت,پرہیزی کھانا کھا کھا کے میرا دل خراب ہو رہا ہے اج تم اچھا سا بنا ہو بس,audio/1_0_5_15.wav
2_0_5_13,train,Happy,کمال ہے یار تو تو چھا گیا,میری طرف سے ٹریٹ تھی میں دے دوں گا,audio/2_0_5_13.wav
1_0_6_41,train,Neutral,بڑے اگر اپنا دل بڑا کر لیں نہ تو چھوٹوں کی چھوٹی چھوٹی باتوں کو بھولانا کوئی مشکل کام نہیں ہے,اور منیر صاحب کو اندر بھیجو میرے پاس,audio/1_0_6_41.wav
7_1_5_38,train,Happy,اب اللہ نے حسن سے نواز ہی دیا ہے تو پھر کیش کیوں نہ کریں,ہاں ویسے ایسے بھی کیا جا سکتا ہے,audio/7_1_5_38.wav
10_1_4_45,train,Disgust,تم کہنا کیا چاہتی,اپنے کسی دوست سے بات نہیں کرتی,audio/10_1_4_45.wav
10_1_2_24,train,Fear,اس عورت کا قاتل جس سے وہ عشق کرتا تھا,ابا میں اسے نہیں ملوں گی,audio/10_1_2_24.wav
1_0_3_29,train,Boredom,نہیں میں کافی دیر سے ایا ہوں میں جا ہی رہا تھا,بچہ ہے ابھی سمجھ رہا ہے کام کو,audio/1_0_3_29.wav
5_0_4_41,train,Disgust,کیا کرو جاہل لوگ ہیں بدتمیز لوگ ہیں ان کو کوئی عقل نہیں ہے,سر اتنا بڑا فارم ہاؤس بنایا ہے اور پلیٹیں چھوٹی چھوٹی,audio/5_0_4_41.wav
6_1_3_07,train,Boredom,یار ایک تو تُو مرنے کے لیے تیار بیٹھی رہا کر,ارے نہیں یار,audio/6_1_3_07.wav
5_0_1_32,train,Angry,اوئے لیپ ٹاپ کا کہا تھا یہ کیا لے کر ایا ہے یہ کیا رکھا ہوا ہے چھوڑو اسے,کیا بہن بہن لگایا ہوا ہے تو نے,audio/5_0_1_32.wav
5_0_5_04,train,Happy,سنیے اب تھوڑی دیر پہلے ہم دونوں کی شادی ہوئی ہے ہم اسی سلسلے میں حاضر ہوئے ہیں,اگر یہ شادی کے لیے تیار ہو جائے تو میرا تو بینڈ بج جائے گا,audio/5_0_5_04.wav
6_1_4_09,train,Disgust,تو نہ کیا کریں نا فون,تو کیا کروں یار اٹھ سال پہلے ماں باپ نے منگنی کر دی,audio/6_1_4_09.wav
4_0_7_35,train,Sad,کتنی مشکل ہوئی ہوگی نا اماں کو,اچھا نہیں کیا اپ نے میرے ساتھ دکھ ہوا,audio/4_0_7_35.wav
4_0_6_42,train,Neutral,میں غم میں اپنوں کو یاد نہیں کرتا خوشی میں کرتا ہوں,میرے دولت خانے کے دروازے اپ کے لیے ہمیشہ کھولے ہیں اپ ائیں گے تو خوشی ہوگی مجھے,audio/4_0_6_42.wav
5_0_3_31,train,Boredom,او سر رہنے دیں,ابھی عشق کے امتحاں اور بھی ہیں,audio/5_0_3_31.wav
3_0_3_47,train,Boredom,دو چار سیگریٹ تو وہاں بھی پی لیتا تھا ایسی کوئی عادت نہیں ہے اس کو,سب خیریت ہے نا شیخ صاحب,audio/3_0_3_47.wav
3_0_7_25,train,Sad,ماں باپ لاکھوں گہرے ہو گئے ہیں,تھی ایک لڑکی جب میری شریک حیات بننے والی تھی,audio/3_0_7_25.wav
9_1_1_27,train,Angry,صبح صبح کیسی منحوس خبر سنا دہی,ارے کلیجہ منہ کو اگیا میرے,audio/9_1_1_27.wav
6_1_2_22,train,Fear,جانے دو انہیں پیچھے بتانا,مجھے تو ابو نے لینے انا تھا یہ کہاں سے اگئے,audio/6_1_2_22.wav
3_0_6_17,train,Neutral,میرا مطلب ہے کسی لوہار یا درخوان کو بلا کر یہ کام کرا لیں,ہم یہ کر سکتے ہیں کہ کل کسی وقت ا کر اس گیٹ کو کنڈی اور تالا لگا دیں,audio/3_0_6_17.wav
7_1_5_18,train,Happy,ابھی منگنی ہوئی کہاں ہے ابھی تو صرف ایک کہاں ہوئی ہے,تم تو یار میرا دماغ پر لے,audio/7_1_5_18.wav
3_0_1_49,train,Angry,جانے دو اسے,نوکروں کی فوج کی خدمت,audio/3_0_1_49.wav
4_0_7_03,train,Sad,سودا لگتا ہے تو میں یہ کمتری بالا طری کا سودا,کچھ اور دکھائی نہیں دیتا نا تمہیں,audio/4_0_7_03.wav
2_0_3_17,train,Boredom,کیا ضرورت ہے لفافے کی,تمیز نہیں ہے کسی اچھے محفل میں جانے کی,audio/2_0_3_17.wav
3_0_5_04,train,Happy,ضرورت نہیں ہے ہا ہا ہا ماں جی اس کی تو اشد ضرورت تھی,ہا ہا ماں جی اپ تو خامخواہ تکلف سے کام لے رہی ہیں اس عمر میں بھی,audio/3_0_5_04.wav
10_1_3_09,train,Boredom,پھر مومنہ بن کے رہ جاتی,اپ بار بار مجھے حسن جہاں بنا کے دنیا میں بھیجتے ہیں,audio/10_1_3_09.wav
3_0_5_30,train,Happy,ہا ہا اچھا اس کو کسی نے انگریزی کا طنہ دے دیا ہونا,چائے پلا دو تو رقیہ کی ساری بے وقوفیاں معاف کر دوں گا,audio/3_0_5_30.wav
8_1_5_01,train,Happy,بیوی ہی ہوں,تمہاری پسند تھی نا,audio/8_1_5_01.wav
4_0_7_19,train,Sad,میرا تمہارے علاوہ اور بیگم صاحبہ کے علاوہ اور کوئی نہیں ہے,اگر اپ نے مجھے نہ رکھا تو انہی گلیوں میں نوکری ڈھونڈتا رہوں گا مجھے یہ ماحول چاہیے,audio/4_0_7_19.wav
7_1_5_07,train,Happy,میں نے سوچا کہ شاید گونگٹ اس سے زیادہ اچھا لگے,بہت کچھ,audio/7_1_5_07.wav
2_0_3_48,train,Boredom,بغیر ملے ہی جا رہی تھی,تم نے اس سے کہا ہے ائندہ یہاں نہیں اؤں گی,audio/2_0_3_48.wav
3_0_3_30,train,Boredom,جب میں وہاں پہنچا تو میچ زوروں پر چل رہا تھا,ہیلو بھائی اج سے یہ ذمہ داری بھی میں تمہارے ہاتھ پر رکھ رہا ہوں,audio/3_0_3_30.wav
4_0_6_34,val,Neutral,اور مجھے بگڑی ہوئی چیزوں کو ٹھیک کرنے کا شوق ہے صاحب ٹھیک کر کے اپنے سرونٹ کوارٹر میں رکھ لیتا ہوں میرے ابا بھی یہی کرتے تھے,یہ سارا سامان 25 30 سالوں میں اکٹھا ہوا ہے صاحب کل کی بات نہیں,audio/4_0_6_34.wav
5_0_2_30,val,Fear,یہ بتاؤ کیا کر سکتے ہیں لیکن گناہ تو ہوا ہے نا,راجہ بھیڑیا نکلا,audio/5_0_2_30.wav
7_1_7_19,val,Sad,جانتے نہیں ہیں کیا اپنی بہن کو آپ,مجھے آپ کی بہت یاد آرہی تھی بھیا,audio/7_1_7_19.wav
8_1_1_47,val,Angry,اس کی ضرورت نہیں ہے باسم انکل کی وہ واپس نہیں ائے گا,ان کی انکھوں میں اپنے لیے ارمان نظر نہیں اتے ان کی خواہشیں نظر نہیں اتی تمہیں,audio/8_1_1_47.wav
5_0_3_05,val,Boredom,چل بہت پہلے سے جانتا ہوں میں اِست کو,تیرے مشورے پہ عمل کر کے بھی دیکھ لیتے ہیں,audio/5_0_3_05.wav
4_0_4_04,val,Disgust,یہ سارا دن ماں کے گھٹنے سے لگا رہے گا کیا ہزار کام ہیں باہر چلو بس,تو کیا کرو اماں تو چاہتی ہے اس کی طرح سارا دن بغیر کسی وجہ کے بغیر کسی بات کے دانت نکلتا رہوں,audio/4_0_4_04.wav
1_0_7_30,val,Sad,میرے پاس کچھ نہیں بچے گا,زمین سے میں گاؤں سے ہاتھ اٹھا لوں گا یہ میرا وعدہ ہے,audio/1_0_7_30.wav
2_0_3_23,val,Boredom,اب بھابھی اصل میں ہوا یہ کہ,وہ اصل میں ہوا یہ کہ,audio/2_0_3_23.wav
2_0_4_32,val,Disgust,نہیں مان رہا نا وہ بڈھا گھر ا کر اس نے کافی ہنگامہ کیا ہے,دیے تو تھے پیسے اس کا بل الگ ہوگا,audio/2_0_4_32.wav
10_1_2_04,val,Fear,میں یہ کپڑے نہیں پہنوں گی,میں روز اپ سے کہتی ہوں ہاں,audio/10_1_2_04.wav
6_1_5_39,val,Happy,وہ زمانے گئے جب لڑکے کیا کرتے تھے میری جان,دیکھنا اب میں کیا کرتی ہوں,audio/6_1_5_39.wav
1_0_4_31,val,Disgust,کیسے بھول سکتا ہوں میں ایک بیٹی کو جنم دینے باوجود تم نے کبھی ماں کے فرائض ادا ہی نہیں کیے,زندگی تو میری برباد کر گی تم,audio/1_0_4_31.wav
6_1_1_23,val,Angry,اج سے میرا اور تمہارا رشتہ ختم,جو کچھ اپ کرتے پھر رہے ہیں نا کیا سمجھتے ہیں کسی کو کچھ پتہ نہیں چلے گا,audio/6_1_1_23.wav
5_0_7_42,val,Sad,سب سب خدا کی مرضی ہوتی ہے,او ہو میں اپ کو لفظ با لفظ ساری کہانی سناتا ہوں,audio/5_0_7_42.wav
2_0_2_35,val,Fear,وجی اج اور کل وہاں رہے گا لوک اپ میں,فوجی تم ٹھیک تو ہو جاؤ گے,audio/2_0_2_35.wav
3_0_7_01,val,Sad,اور یہ بھی جائز نہیں ہے کہ تم بے وقت شرع کو بیچ میں لے ائو,انہی لوگوں میں رہنا ہوتا ہے اسی دنیا میں رہنا ہے,audio/3_0_7_01.wav
6_1_3_50,val,Boredom,انسان کے بس میں تھوڑی ہوتا ہے اندر کی خاموشی کو توڑنا,واقعی ہی ابو کے سوا کوئی بھی نہیں ہے ہمارا,audio/6_1_3_50.wav
7_1_4_23,val,Disgust,بتایا تھا میں نے آپکو,اور وہ اچھی بات ہے جو تمہاری امی نے کی ہے,audio/7_1_4_23.wav
5_0_2_45,val,Fear,جیسا بھی ہے تو سیدھا سیدھا الزام ہی,میں غریب ادمی ہوں,audio/5_0_2_45.wav
1_0_1_45,val,Angry,اور تو نے کون سا تھوڑی دیر میں جا کر سارا کورس حفظ کر لینا ہے,اگر اپ لوگوں نے جو سزا دینی ہوگی وہ دے دیجئے گا,audio/1_0_1_45.wav
6_1_2_04,val,Fear,میرا ضمیر کیا کہہ رہا ہے کہ مجھے کیا کرنا چاہیے,میں نہیں لڑ سکتی یہ کیس,audio/6_1_2_04.wav
4_0_4_12,val,Disgust,اچھا چلو اب بکو مت زیادہ باتیں کرنے کی ضرورت نہیں ہے,یار بکواس بند کر دے یار عیسی میں نے تھپڑ مارنا تیرے منہ پہ,audio/4_0_4_12.wav
1_0_6_26,val,Neutral,میں ہر رشتوں کو اس کے مقام پر دیکھنا چاہتا ہوں اپا,میں چاہ رہا ہوں دل صاف کر کے لوگوں کو معاف کر کے زندگی گزاروں,audio/1_0_6_26.wav
5_0_5_43,val,Happy,اس رات اپ نے اس خوبصورت پارٹی اور ارینج کی ہے اپ کو پتہ ہے اپ کا بھائی فنکار ادمی,اچھے کپڑے پہننے کے شوقین سوٹ خریدا تھا اس کا بل ہے کل لے لوں گا سر اپ سے ہیں سر,audio/5_0_5_43.wav
5_0_7_08,val,Sad,اس عورت نے میری زندگی برباد کر دی ہے,جا اس سے پوچھ کہ اس کا کس کے ساتھ چکر چل رہا ہے کیا بدلہ لے رہی ہے مجھ سے,audio/5_0_7_08.wav
5_0_2_27,val,Fear,یار یہ سائن ویجیٹل,خود ہی کیس لڑیں گے خود ہی مدعی بنیں گے اور ہم ایف ائی ار بھی کاٹیں گے,audio/5_0_2_27.wav
5_0_2_46,val,Fear,میں غریب ادمی ہوں,اپ دیکھیں حضور یہ بول رہا ہے نا ان کے جو ورڈز ہیں نا وہ سنائی نہیں دیتے,audio/5_0_2_46.wav
8_1_7_31,val,Sad,اگر یہ ننھا وجود میرے ساتھ نہ ہوتا تو شاید میں پاگل ہو جاتی,اس نے مجھے جینے کی وجہ دی ہے,audio/8_1_7_31.wav
5_0_4_03,val,Disgust,ان کو ذمہ داری کرنی تھی فصل کاٹنی تھی,بھائی یہ جرگا ہے ولیمے کی دعوت نہیں کہ سب میں سب کو پیغام بھیجتا ہوں,audio/5_0_4_03.wav
8_1_5_07,val,Happy,مجھے خود کو اچھا لگنا ہے کسی اور کو نہیں,تب بھی وہ مجھ سے اتنی محبت کرے گا,audio/8_1_5_07.wav
9_1_5_47,val,Happy,اس کے انے سے پورے گھر میں روشنی ہوگی,رابیل رابیل تمہیں پتہ پتہ ہے کون ایا تھا,audio/9_1_5_47.wav
7_1_7_39,val,Sad,اُسکا پورا فیوچر برباد ہو جائے گا امی,یہ تم کیا کر رہے ہو اپنے ساتھ,audio/7_1_7_39.wav
10_1_2_09,val,Fear,اپ نے کیوں بات کی کیا سوچ رہا ہوگا اس کی منگنی ہو چکی ہے,پیر میں پیر میں کچھ چھپ گیا ہے شاید,audio/10_1_2_09.wav
8_1_5_17,val,Happy,تو میں بھی اکیلے میں اپ سے بہت ضروری بات کرنا چاہتی ہوں,اگر اپ برا نہ منائیں تو اپ چائے بنا کر لائیں گے ہمارے لیے,audio/8_1_5_17.wav
4_0_1_38,val,Angry,زندگی میں پہلی بار میں نے کسی پر بھروسہ کیا وہ توڑ دیا اپ نے,بس میری کہانی کو مت چھیڑیے میری کہانی کو مت چھیڑیے مت کریدیے میرے پرانے زخم کو,audio/4_0_1_38.wav
2_0_3_42,val,Boredom,وہ کہہ رہا تھا اگر تم واپس انا چاہو تو ایسا ہو سکتا ہے,شایان بہت اذیت سے گزرا ہے,audio/2_0_3_42.wav
10_1_3_49,val,Boredom,تمہارے پیر میرے جوتوں میں نہیں ہے اسی لیے تو میں اندازہ نہیں ہے,مجھے اس کے پاس آنا ہی نہیں چاہیے تھا,audio/10_1_3_49.wav
10_1_7_23,val,Sad,دل اب بھی نہیں مانتا کہ تم نہیں ہو,وہ بھی فیل ہوگیا اور پاس میں بھی نہیں ہوئی,audio/10_1_7_23.wav
5_0_6_06,val,Neutral,وہ اپنا سب کچھ کسانوں پر خرچ کر چکا ہے,یار میں تجھ سے بات کرنے ایا ہوں مطلب کہ سودا کرنے ایا ہوں,audio/5_0_6_06.wav
3_0_4_12,val,Disgust,تم کیوں مجھے پوری دنیا میں ذلیل کرنے پر تلی ہوئی ہو,یہ میں نے اتنا نام اتنا سارا کچھ بنایا ہے تمہارے پاگل پن کی نظر کرنے کے لیے,audio/3_0_4_12.wav
2_0_6_19,val,Neutral,اس کا مطلب ہے نہیں مانی ٹھیک ہے اب اپ کا ہم سے شکوہ نہیں بنتا,کھانا کھلاؤ انہیں اور گھر چھڑوا دو,audio/2_0_6_19.wav
8_1_7_19,val,Sad,بس ایک دفعہ میں آپ سے سننا چاہتی ہوں کہ آپ ہی صرف میرے ہیں,صدمے اور تکلیف سے نڈھال ہوں میں,audio/8_1_7_19.wav
8_1_4_23,val,Disgust,تم لوگ ان کا خیال نہیں رکھو گے ان کا تم ہی لوگ ان سے دور ہو,اللہ کا شکر ہے ہمارے گھر والے اتنے بے وقوف نہیں ہیں,audio/8_1_4_23.wav
6_1_4_49,val,Disgust,ہائے ہائے ایک تو امی پتہ نہیں چابی کیوں بھول جاتی ہیں,اگر میرے باپ کو پتہ چل جاتا انہیں کچھ ہو جاتا تو اس کا ذمہ دار کون ہوتا,audio/6_1_4_49.wav
7_1_6_32,val,Neutral,کیا بات کرنی ہے جلدی بولو مجھے بہت نیند ا رہی ہے میں نے سونا ہے,اپ کی خوشی میں میری خوشی ہے,audio/7_1_6_32.wav
5_0_7_11,val,Sad,پوچھو اس سے کہ کس کے ساتھ چکر چلایا ہوا ہے اس نے کس چیز کا بدلہ لے رہی ہے مجھ سے,ہائے میری بچی ارام اب موت کے بعد ہی ائے گا,audio/5_0_7_11.wav
8_1_2_07,val,Fear,نہیں ہے مجھے ضرورت تم لوگوں کی,کیا ہوگا تمہارا,audio/8_1_2_07.wav
3_0_1_03,val,Angry,دھوکہ دیا ہے تم نے مجھے,میں تم سے کوئی بات نہیں کرنا چاہتا,audio/3_0_1_03.wav
6_1_5_34,val,Happy,میٹھی میٹھی باتیں کریں گے,ہاں ایسے ہی کہتے ہیں,audio/6_1_5_34.wav
7_1_3_03,val,Boredom,لیکن یہ بات اب کوئی سمجھے تب نہ,ارے بہت نیند ا رہی ہے,audio/7_1_3_03.wav
4_0_2_28,val,Fear,صرف میرے نام کو کیسے داغدار کر سکتی ہے زوہرا بتاؤ,نہیں نہیں ٹھیک ہے تو کہا تھا تم نے کچھ غلط تو نہیں کہا,audio/4_0_2_28.wav
4_0_4_29,val,Disgust,یہ وجہ تھی جی اس وجہ سے تم نے موسی کو ٹھکرا دیا,یہ مدہوشی کی محفل یہ جام یہ ہوس کی بھری ہوئی نظریں,audio/4_0_4_29.wav
2_0_7_13,val,Sad,ہم سے خدا حافظ کر کے ایئرپورٹ کے لیے نکلی تھی لیکن سیدھا تھانے چلی گئی,اج جا کر اس نے وجی کے خلاف ایف ائی ار کٹوائی,audio/2_0_7_13.wav
3_0_2_20,val,Fear,اللہ والوں کی ابرو پر حرف ائے تو معجزے ہوتے ہیں,اسے کہہ دو یہاں سے چلا جائے,audio/3_0_2_20.wav
1_0_1_25,val,Angry,جرات تو دیکھو اس کی ہمت دیکھو اس کی,جانتے ہو کہ میں کیا کر سکتا ہوں,audio/1_0_1_25.wav
6_1_5_04,val,Happy,چڑیا گھر ہے میرے لیے,چوڑیاں لانے کا خیال کہاں سے اگیا,audio/6_1_5_04.wav
9_1_4_20,val,Disgust,ارے پرا ہٹا,ایسے تھوڑی ہڈی بوٹی ملائے بغیر شجرہ جانے بغیر ناتا جوڑ,audio/9_1_4_20.wav
2_0_5_31,val,Happy,بہت شوق تھا بہت شدید,ٹوائلٹ میں اڑایا اس کے بعد,audio/2_0_5_31.wav
5_0_2_10,val,Fear,دوسروں کی بیٹیوں کا سودا کرنے والے اپنی بیٹیوں کے لیے بہت محتاط رہتے ہیں,یاسمین اگر تو بچا لیا,audio/5_0_2_10.wav
6_1_1_29,val,Angry,کیوں ملنا چاہتی ہے ہو اپ اس سے,اور کبھی ائے صحیح میرے دروازے پر منہ توڑ کے رکھ دوں گی میں اس کا,audio/6_1_1_29.wav
9_1_1_21,val,Angry,نکلو یہاں سے چلو نکلو اور اج کے بعد شکل مت دکھانا مجھے اپنی,ارہی ہوں کس کو موت پڑ گئی,audio/9_1_1_21.wav
4_0_3_43,val,Boredom,الجام لگاتی رہتی ہیں بولو بھولا بھی ہوں,کہاں جا رہی ہے مجھے اکیلا چھوڑ کے,audio/4_0_3_43.wav
4_0_4_27,val,Disgust,گانڈ ہی بلاتا رہے گا کھانے کو کچھ نہیں دے گا,کتنا گھٹیا مرد ہے عورت کی کمائی کھا رہا ہے کہاں ہوتے ہیں ایسے مرد,audio/4_0_4_27.wav
7_1_5_26,val,Happy,اچھا بتاؤ کیسا لگا تمہیں اپنا ویلکم پاکستان میں,انٹی سے کیا بولا,audio/7_1_5_26.wav
2_0_7_47,val,Sad,میں نے دوسرا گھر لے لیا ہے ہم وہاں شفٹ ہو رہے ہیں,اسے بتانے کی کیا ضرورت کیا فرق پڑتا ہے,audio/2_0_7_47.wav
10_1_7_44,val,Sad,آپ نے اُنہیں روکا کیوں نہیں,مجھے آپ بہت یاد آتی ہیں,audio/10_1_7_44.wav
4_0_1_41,val,Angry,بالکل ٹھیک کر رہا ہوں میں,میں نے اپ کو ایک اخری موقع دیا لیکن دھوکہ اپ کی معصومیت کے پیچھے دھوکہ اور صرف دھوکہ چھپا ہے,audio/4_0_1_41.wav
1_0_6_18,val,Neutral,کسی کے جانے سے زندگی رک نہیں جاتی,یہ بتاؤ تم لوگوں نے نیلم کی رخصتی کا کیا سوچا ہے,audio/1_0_6_18.wav
3_0_3_20,val,Boredom,انہوں نے سب کچھ کیا مگر تمہیں گاڑی چلانی نہیں سکھائی,اگر اپ اجازت دیں تو,audio/3_0_3_20.wav
10_1_5_23,val,Happy,میں سُنوں گی بھی نہیں,ٹھیک ہوں جہاں تم بولو,audio/10_1_5_23.wav
3_0_2_32,val,Fear,تو تمہیں پتہ چلے کہ ایک وقت میں دو دو نوکریاں کرتا ہے ہمارا افضل,غلطی تو مجھ سے ہوئی ہے بیٹا میں ان کی اور خدا کی باتوں میں اگیا,audio/3_0_2_32.wav
5_0_7_13,val,Sad,کب تک میں پتلوں پہ گونگٹ ڈال کر باتیں کرتا رہوں گا,وہ بیچاری لڑکی یہ کیا ہے,audio/5_0_7_13.wav
7_1_2_30,val,Fear,میری میٹنگ ہے میں جا رہی ہوں,نہیں مراد یہ نہیں ہو سکتا یہ ہرگز نہیں ہو سکتا,audio/7_1_2_30.wav
5_0_5_02,val,Happy,نہیں یار میں تو تجھ سے,دوستی کرنے کے لیے ایا ہوں یار پرانی باتیں بھول جا نئی شروعات کرتے ہیں,audio/5_0_5_02.wav
9_1_3_31,val,Boredom,ہاں بولو,اوئے یہ کیا کرے گی,audio/9_1_3_31.wav
8_1_1_37,val,Angry,ہاتھ نہیں لگایا نہ تو ہاتھ توڑ دوں گی میں تمہارا,اواز نیچی میرے سامنے,audio/8_1_1_37.wav
8_1_3_25,val,Boredom,اچھا ایسا ہی سمجھ لو,کہ تمہیں جواب دینے سے پہلے خود اس کے پاس پہنچ جاتی,audio/8_1_3_25.wav
10_1_2_48,val,Fear,وہ مجھے مار کر ہی دم لیں گے,اپنی بدقسمتی کا احساس ہوتا ہے,audio/10_1_2_48.wav
6_1_5_27,val,Happy,چائے پیتے جائیے,ہائے ویسے کتنا مزہ ائے نا اگر ایسا بندہ مل جائے,audio/6_1_5_27.wav
9_1_5_02,val,Happy,پیارا ہے بہت,تو اسے کھلاؤں گی تیری پسند کی ٹھیک ہے نا,audio/9_1_5_02.wav
10_1_5_40,val,Happy,آپ کو میری شادی کہاں سے یاد آگئی,کہاں لگاؤں اسے,audio/10_1_5_40.wav
1_0_4_24,val,Disgust,ظفر کیا کر رہے ہو تم کوئی چھٹی پہ ہے کوئی لیٹ ا رہا ہے ایسے کیسے چلے گا افس کا نظام,یہ جو روپے پیسے کی چوری ہوتی ہے نا یہ تو معمولی بات ہے,audio/1_0_4_24.wav
8_1_6_12,val,Neutral,اس کے ساتھ وقت گزارا,وہ میری ہر اچھائی برائی کو بہت اچھے سے سمجھ گیا,audio/8_1_6_12.wav
9_1_5_23,val,Happy,تو پیارا سا تیار ہو کے جاتے ہیں,اور پتہ ہے اس سے کیا بات کرنی ہے,audio/9_1_5_23.wav
9_1_3_05,val,Boredom,ویگن میں بیٹھا تھا اچانک کوئی چیز چبھی,دیکھا تو کنگن تھے نہ جانے کہاں سے اگئے,audio/9_1_3_05.wav
9_1_3_45,val,Boredom,دکھ میں پچھتاوے میں غم ساری میں ناکامی میں,تم چاہو تو سارے حالات ٹھیک کر سکتے ہو,audio/9_1_3_45.wav
3_0_4_23,val,Disgust,شادی شدہ انسان جو اس کا بہنوئی تھا,عید باسی ہو جائے تم نیا لباس اس کی تازگی واپس نہیں لا سکتا,audio/3_0_4_23.wav
3_0_1_25,val,Angry,اس بدبخت کو گریبان سے پکڑ کر دروازے پر کھڑی رہو گی,فجر تک لمبی تان کر سونے کا ارادہ کر لیا ہے میں نے,audio/3_0_1_25.wav
9_1_3_33,val,Boredom,بھائی جاتی ہوگی جاتی ہوگی,کہتا تو ٹھیک ہے تو,audio/9_1_3_33.wav
8_1_2_38,val,Fear,سب کچھ تباہ کر دیا ہے اور کیا چاہتے ہو تم,اور مجھے اپنی بربادی کا ماتم کرنے دو,audio/8_1_2_38.wav
6_1_3_20,val,Boredom,آمم میم گھر پر نہیں ہیں,آممم چااا وہ کچھ بھی نہیں,audio/6_1_3_20.wav
6_1_1_50,val,Angry,مجھے ہاسٹل میں ڈال دیا اس کی خاطر,اور اب مرد بنا پھر رہا ہے تھو ہے تیری مردانگی پہ,audio/6_1_1_50.wav
5_0_2_19,val,Fear,تمہارے پرانے تماشوں کا تماشائی یہی ہے,یہاں کس کس کے کمرے ہیں,audio/5_0_2_19.wav
5_0_1_44,val,Angry,گم ہو جا اس کے اندر,تجھ سے نہیں پوچھ رہا,audio/5_0_1_44.wav
8_1_4_32,val,Disgust,تمہارے بھی تو سارے کام کرتی ہوں تو مکھن نہیں لگاتی مجھے,انے دو ذرا بابا کو تم دونوں کی شکایت لگاتی ہوں,audio/8_1_4_32.wav
1_0_6_44,val,Neutral,بشیر صاحب کو ابھی کانٹریکٹ کی کاپی نہیں بھیجنی ہے,میں کل پہلے ان سے ذرا میٹنگ کر لوں پھر اس کے بعد بھیجتے ہیں,audio/1_0_6_44.wav
10_1_6_04,val,Neutral,کوئی بڑا رول دیتے سلیم بھائی,چیک آج مل جائے گا نا,audio/10_1_6_04.wav
9_1_2_28,val,Fear,مجھے کیا کرنا ہے اور کیا نہیں کرنا,یہ میں اچھی طرح جانتی ہوں,audio/9_1_2_28.wav
1_0_4_15,val,Disgust,اب تجھے اس سے ملنے دوں میں اپنی عزت کو نیلام نہیں کر سکتا سمجھی,وضاحت دینی چاہیے مجھے فون لگاو اور بلاو اپنے باپ کو,audio/1_0_4_15.wav
10_1_1_50,val,Angry,اتنی جلدی نہیں مروں گی میں,میں ابھی اپنے تایا ابو کو اُٹھاتی ہوں تایا ابو,audio/10_1_1_50.wav
6_1_5_43,val,Happy,میں صدقے جاؤں,میری چمک چھلو,audio/6_1_5_43.wav
6_1_7_19,val,Sad,کونسا بہانہ لگا کے جاؤں آج تک تو گئی نہیں اُس کے گھر,میں نے اُس وقت یہ کیوں نہیں سوچا کہ میں کیا کر رہی ہوں,audio/6_1_7_19.wav
1_0_1_18,val,Angry,جب منہ اٹھایا میری زمینوں میں گھس گئے جا کے,مجھے کیا پتا ایسا کیوں کیا تم نے لیکن غلطی تمہاری ہے,audio/1_0_1_18.wav
9_1_4_41,val,Disgust,دس تو روز ھی بجتے ہیں کوئی نئی بات ہے,وہ تو قصہ ہی کچھ اور تھا,audio/9_1_4_41.wav
9_1_5_16,val,Happy,کیا حال ہے خیر سے پہنچ گئے,یہ میرا خواب اتنی جلدی پورا ہو جائے گا,audio/9_1_5_16.wav
10_1_4_29,val,Disgust,صبح سے بھوکے پیاسے اپنے کمرے میں پڑے ہیں,خدا کے واسطے کسی کو تو ٹکنے دیا کریں اس گھر میں,audio/10_1_4_29.wav
4_0_7_08,val,Sad,اگر عشق یک طرفہ ہونا تو خود ہی اپنے اپ کے لیے رکاوٹ بن جاتا ہے,نامراد وہ تیرے یار موسی سے عشق نہیں کرتی,audio/4_0_7_08.wav
3_0_1_48,val,Angry,گھر سے باہر کی دھوپ نے چھوا تک نہیں ہے,جانے دو اسے,audio/3_0_1_48.wav
9_1_6_21,val,Neutral,ایک آدھ دن تو دو مجھے سوچنے کو,اچھا چلو چائے تو پیؤ نا پھر دیکھتے ہیں سوچتے ہیں کیا کرنا ہے,audio/9_1_6_21.wav
7_1_4_34,val,Disgust,چاہتے کیا ہو تم,اِتنی سی صرف اتنی سی,audio/7_1_4_34.wav
2_0_5_45,val,Happy,سب گیمز کھیلتا تھا,سب میں گھسنا ہوتا تھا بھائی,audio/2_0_5_45.wav
7_1_3_47,val,Boredom,کبھی اپنا فون نہیں لے کر جاتے اندر,کون سا دوست,audio/7_1_3_47.wav
6_1_7_01,val,Sad,اُسکی تو الف ب بھی نہیں آتی تھی مجھے,میں نے ایسا کب کہا ہے,audio/6_1_7_01.wav
6_1_5_33,val,Happy,ہاں بات تو ہے,میٹھی میٹھی باتیں کریں گے,audio/6_1_5_33.wav
10_1_1_36,val,Angry,خداکے لیئے مجھے معاف کر دیں,زندہ رہنے دیں مجھے آپ,audio/10_1_1_36.wav
2_0_6_47,val,Neutral,یہ اپنی مرضی کی مالک ہے خالہ,ہشام ابھی تک واپس نہیں ایا,audio/2_0_6_47.wav
2_0_7_19,val,Sad,انہوں نے نام لیا تھا بتایا تھا کہ منت شایان نے ایف ائی ار کٹائی,جی وہ خیریت سے ہیں لیکن گھر پر ہے,audio/2_0_7_19.wav
2_0_4_23,val,Disgust,ہمیں انویسٹیگیشن سے دور رکھا جائے ہم اپ کے خیر خواہ ہیں یہ تو کہہ سکتے تھے نہ,جس بچی کو ہم نے اپنی انکھ کا تارا بنا کر رکھا اج اسی بچی کی وجہ سے ہمارے گھر کی عورتیں تھانوں میں جائیں گی,audio/2_0_4_23.wav
7_1_2_29,val,Fear,ہو نہ ہو مجھے وہ پسند ہی نہیں ہے,میری میٹنگ ہے میں جا رہی ہوں,audio/7_1_2_29.wav
8_1_4_02,val,Disgust,یہ نہ ہو کچھ دنوں بعد میں تمہارے ساتھ نکلنا ہی چھوڑ دوں,اوپر کیسے نہ ائے مطلب,audio/8_1_4_02.wav
2_0_6_35,val,Neutral,تابندہ کو یہاں بھیج دو,ا گئی ہیں اب بات کریں,audio/2_0_6_35.wav
10_1_6_02,val,Neutral,طبیعت کیسی ہے,کون کونسی میڈیسن ختم ہو گئی ہے تمہاری,audio/10_1_6_02.wav
10_1_7_12,val,Sad,میں کیا روؤں گی,صبح اُٹھتی ہوں تو ایسا لگتا ہے کہ ابھی اُسے ہاسپٹل لے کے جاؤں گی,audio/10_1_7_12.wav
8_1_6_38,val,Neutral,اصف انکل یہ ایسے نہیں مانیں گے,شکر ہے تم اگئے ہو,audio/8_1_6_38.wav
8_1_2_11,val,Fear,یہ غلط ہے,اور تب تک واپس نہیں اؤں گی جب تک خود اپ کا بیٹا مجھ سے ا کر معافی نہیں مانگے گا,audio/8_1_2_11.wav
9_1_5_05,val,Happy,سب ناچیں گے سب گائیں گے,اچھا چل سنا کون سا گانا گاؤ سنا,audio/9_1_5_05.wav
7_1_6_13,val,Neutral,میری امد اپ کی امیدوں سے کافی بڑھ ثابت ہوگی,یار بڑے بھائی کو منانا بڑا مشکل کام ہے,audio/7_1_6_13.wav
10_1_5_03,val,Happy,اور اقصیٰ تو کہہ رہی تھی داؤد سے کہہ کے مجھے پروموٹ بھی کروائے گی,میں خیالی پلاؤ نہیں پکاتی,audio/10_1_5_03.wav
3_0_4_11,val,Disgust,تمہاری شادی وہیں ہو گی جہاں میں چاہوں گا,تم کیوں مجھے پوری دنیا میں ذلیل کرنے پر تلی ہوئی ہو,audio/3_0_4_11.wav
1_0_2_48,val,Fear,میں تو اللہ کا شکر ادا کرتا ہوں کہ میں نے اس سے بات کی اور اس کی حقیقت کھل کر سامنے اگئی,ورنہ تم دونوں ماں بیٹیاں تو دھوکے میں رہتی,audio/1_0_2_48.wav
1_0_1_17,val,Angry,مرد کا بچا ہے میرا بیٹا ہے وہ,جب منہ اٹھایا میری زمینوں میں گھس گئے جا کے,audio/1_0_1_17.wav
6_1_5_38,val,Happy,ابے میری بلبل,وہ زمانے گئے جب لڑکے کیا کرتے تھے میری جان,audio/6_1_5_38.wav
10_1_2_07,val,Fear,تم میرے پر اتنا بڑا الزام نہیں لگا سکتی وہ بھی مجھے صفائی کا موقع دیے بغیر,اماں میرے سر پر قرضہ ہے مجھے کوئی اور کام نہیں اتا,audio/10_1_2_07.wav
5_0_7_34,val,Sad,اس نے اپنے ہاتھوں سے ساری سجاوٹ کی,پتہ نہیں کس کس کی نظر لگ گئی ہمیں,audio/5_0_7_34.wav
4_0_3_37,val,Boredom,ایسا اب حال ہو جائے گا میرا میں نے سوچا بھی نہیں تھا,بچپن سے لیکے آج تک دیواروں کے ساتھ باتیں کی ہیں میں نے,audio/4_0_3_37.wav
1_0_2_38,val,Fear,تم اس کو گھر کیوں نہیں بلا لیتی بھائی,اچھا بابا نہیں پوچھتا میں اور ائندہ اس ٹاپک پہ بات ہی نہیں کروں گا,audio/1_0_2_38.wav
3_0_6_27,val,Neutral,میرے ان تصورات سے بالکل مختلف,بہت عرصہ پہلے تمہیں اس روپ میں دیکھنے کے لیے اپنی نگاہوں میں سجائی تھی,audio/3_0_6_27.wav
3_0_1_06,val,Angry,بس کرو دماغ چاٹ لیا ہے تم نے شکی بھائی شکی بھائی کے گن گا کر,اگر انہوں نے تمہیں دولت کے بل بوتے پر اپنا گرویدہ بنا لیا ہے کوئی تیر نہیں مارا,audio/3_0_1_06.wav
4_0_1_46,val,Angry,کبھی یہ سوچا ہے کہ انسان انسان پیدا ہوتا ہے جانور کیسے بن گیا,نہیں مارا کیونکہ میں بھیڑیا نہیں ہوں میں قاتل نہیں ہوں,audio/4_0_1_46.wav
4_0_7_41,val,Sad,سمجھ ائی نہیں کہ کس چیز کی شرمندگی ہے مجھے وہ میرے اندر ایسے ہے جیسے موت کسی کے اندر,مجھے کیا پتا انسان کیسا ہوتا ہے محبت کیا ہوتی ہے احساس کیا ہوتی ہے,audio/4_0_7_41.wav
4_0_4_05,val,Disgust,تو کیا کرو اماں تو چاہتی ہے اس کی طرح سارا دن بغیر کسی وجہ کے بغیر کسی بات کے دانت نکلتا رہوں,یہ تو خدا کا شکر ادا کرو کہ وہ لوگ کل میرے ہاتھوں سے بچ گئے,audio/4_0_4_05.wav
8_1_1_26,val,Angry,میں اسے جان سے مار دوں گی سامنے ا جائے نا میری دوست اسے جان سے مار دوں گی,مجھ سے نکاح کر کے مجھے سٹیج پہ اسی طرح چھوڑ کر چلا گیا,audio/8_1_1_26.wav
2_0_2_42,val,Fear,وجی کیا ہوا تمہیں کسی سے لڑ کر ایا ہو,یہ تمہارے لیے اخری وارننگ ہے اج کے بعد کسی پر ہاتھ نہیں اٹھاؤ گے,audio/2_0_2_42.wav
10_1_6_37,val,Neutral,میرے پاس آپ لوگوں سے بات کرنے کی فُرصت نہیں ہے,یہ والا گھر خالی کرنا ہے مجھے,audio/10_1_6_37.wav
1_0_6_04,val,Neutral,میں ذرا زمینوں پہ جا رہا ہوں منشی کا صبح سے کافی دفعہ فون ا چکا ہے,احسان بھائی کے کراچی والے ڈریس پہ بھجوا دو,audio/1_0_6_04.wav
9_1_3_08,val,Boredom,مجھے پتہ ہے میں جانتی ہوں میری اولاد ہے میں نے پیدا کیا ہے,کیا کیا ہوگا بیچ دیے ہوں گے انہیں اونے پونے,audio/9_1_3_08.wav
5_0_4_22,val,Disgust,ڈاکٹرز کے مطابق اس کے جسم گردن اور بازو اور ہاتھ پر زخم کے نشان ہیں,اس کو بری طرح زدوکو کیا گیا ہے,audio/5_0_4_22.wav
8_1_2_08,val,Fear,کیا ہوگا تمہارا,میں نے کبھی اس کو اس نظر سے دیکھا ہی نہیں ہے,audio/8_1_2_08.wav
9_1_7_45,val,Sad,دھڑکنوں کا انداز ہی بدل جاتا ہے,میرے درد کو سمجھو,audio/9_1_7_45.wav
5_0_2_23,val,Fear,جب وہ چھت سے نیچے گری تو تم کہاں تھے,سمجھ نہیں ا رہا کو گری ہے یا اسے گرایا گیا ہے,audio/5_0_2_23.wav
8_1_2_16,val,Fear,ڈیڈ سب کی زندگیاں مکمل ہو رہی ہیں,لیکن میں میری زندگی میں ادھورا پن کیوں ہے,audio/8_1_2_16.wav
8_1_3_47,val,Boredom,دیکھیے مجھے جانا ہے,وہ اا ایکچولی وہ کہہ رہی تھی کہ اپ سے بات کرو,audio/8_1_3_47.wav
10_1_3_47,val,Boredom,نہیں مومنہ کہیں بھی رہ لوں گی,وہی تو,audio/10_1_3_47.wav
4_0_2_18,val,Fear,مجھ سے یہ کڑوا گھونٹ پیا نہیں جاتا,لڑکی باغی ہو گئی ہے اور عورت سے بہتر بغاوت کوئی نہیں کر سکتا سمجھے عیسی,audio/4_0_2_18.wav
7_1_1_04,val,Angry,ایک لڑکی کے کمرے میں ایسے منہ اٹھا کر چلے آئے ہو,ابھی بتاتی ہوں اسے,audio/7_1_1_04.wav
7_1_3_19,val,Boredom,کہ اس کی اپنی دکان ہے اپنا مکان ہے اپنا یہ اپنا وہ ہر چیز اپنی ہے,ایک اچھا گھر ایک اچھے لوگ,audio/7_1_3_19.wav
3_0_7_07,val,Sad,مجھے یقین ہے جب تم واپس اؤ گے,تم سے وہ فاریہ ملے گی جس کے خواب میں دیکھا کرتا ہوں,audio/3_0_7_07.wav
3_0_6_47,val,Neutral,ہاں یاد ایا اج وہ تمہارے شیخ صاحب اگئے تھے,غریب پڑھنے کے بعد کافی دیر تک میرے پاس بیٹھے رہیں,audio/3_0_6_47.wav
3_0_7_40,val,Sad,پچھتاوے کی جو چٹان اج میرے دل پر اچانک گری ہے,اس نے میرے انتقامی جذبوں کے ٹکڑے ٹکڑے کر دیے ہیں,audio/3_0_7_40.wav
1_0_7_02,val,Sad,بہت برا ہوں,میں ساری زندگی جہاں ارا سے نفرت کرتا رہا,audio/1_0_7_02.wav
5_0_1_46,val,Angry,کیا کرتا ہے,اج کے بعد دوبارہ وہاں گئی تو مجھ سے رشتہ ختم,audio/5_0_1_46.wav
3_0_2_08,val,Fear,تم تم تم تم تم تم نے مجھ سے جھوٹ بولا ہے نا,میں دوبارہ اس گھر میں یہ مناظر نہیں دیکھ سکتا,audio/3_0_2_08.wav
2_0_5_11,val,Happy,ہمیشہ کی طرح,ابے تو بالکل بھی نہیں بدلا,audio/2_0_5_11.wav
5_0_1_40,val,Angry,بچیا بڑا شوق ہے تجھے دیکھنے کا ا بیٹا دیکھ,بس چل جا,audio/5_0_1_40.wav
1_0_2_20,val,Fear,لیکن اپ مجھے تو یقین نہیں آ رہا,میرا مان میرا بھروسہ چکنا چور کر دیا اس نے,audio/1_0_2_20.wav
4_0_3_18,val,Boredom,ہاں بس اچھی لگی مجھے,اور بات صرف اتنی سی ہے کہ ہے اُس میں کچھ الگ,audio/4_0_3_18.wav
8_1_6_09,val,Neutral,بوہے پا میری انگیجمنٹ پورے ڈیڑھ سال رہی,ڈیڈ اور میں چاہتے تھے کہ شادی فورا ہو جائے,audio/8_1_6_09.wav
4_0_6_27,val,Neutral,تمہاری اور اس کی حفاظت اب موسی کی ذمہ داری ہے,جب بچپن میں نے یہ خواہش ظاہر کی تھی کہ میں بھی اس سکول میں پڑھنا چاہتا ہوں جہاں اپ پڑھتے ہیں,audio/4_0_6_27.wav
10_1_5_19,val,Happy,مچھلی مٹن بہت کھا لیا,اب ان کی عادت ڈال لیں ابا,audio/10_1_5_19.wav
6_1_1_40,val,Angry,خود کو بھی جلا دوں گی اور تجھے بھی,ہاتھ تو لگائے مجھے,audio/6_1_1_40.wav
4_0_1_08,val,Angry,چھوٹی ماں اپ کہاں تھی اپ نظر نہیں رکھ سکتی اپنی بیٹی پر,کس سے پوچھ کر گئی تھی یہ,audio/4_0_1_08.wav
9_1_4_04,val,Disgust,خدا غارت کرے تجھے,شرم نہیں اتی تم دونوں کو,audio/9_1_4_04.wav
8_1_2_34,val,Fear,میرے پاس تھا ہی کیا ایک کردار کا مان ہی تو تھا,لیکن میرے پاس کچھ ایسا ہے جو اپ کا جاننا بہت ضروری ہے زید,audio/8_1_2_34.wav
10_1_6_27,val,Neutral,مجھے شرمندہ کر رہے ہیں ماسٹر صاحب,میں سوہنی ہوں اور میرا گھڑا کچا ہے,audio/10_1_6_27.wav
10_1_1_31,val,Angry,میری اماں کو کچھ مت کہا کریں آپ,میں سب کچھ برداشت کر رہی ہوں آپ کو برداشت کر رہی ہوں,audio/10_1_1_31.wav
2_0_7_23,val,Sad,مطلب یہ حادثہ تو کسی کے گھر بھی ہو سکتا تھا اپ کے گھر بھی ہو سکتا تھا,شادی سے انکار کر دیا ہے,audio/2_0_7_23.wav
1_0_3_07,val,Boredom,مگر کچھ رشتے ٹوٹ کر بھی دل میں تعلق بن کر کھڑے رہتے ہیں,رشتہ تو جہاں ارا سے کب کا ٹوٹ چکا تھا,audio/1_0_3_07.wav
4_0_4_15,val,Disgust,پسند نہیں کرتا میں اسے,بقو مت مطلب کیا مطلب کیا ہے تمہارا اس بکواس کا,audio/4_0_4_15.wav
3_0_7_35,val,Sad,دیکھو ہم دونوں کو ہی سہارے کی ضرورت ہے,میں کیسے بھول سکتا ہوں گزرے ہوئے چند برسوں میں کئی بار یہاں ایا ہوں,audio/3_0_7_35.wav
6_1_4_04,val,Disgust,میں کام کر رہی تھی میرے ایک ہاتھ میں جھاڑو ہیں اور دوسرے میں فون,اچھا ٹھیک ہے خدا حافظ,audio/6_1_4_04.wav
7_1_6_40,val,Neutral,بھابھی کو کوئی شک ہوگا تبھی تو انہوں نے کہا ہے,اپ جو خاموش رہتے ہیں میرے لیے سب کے سامنے,audio/7_1_6_40.wav
4_0_3_01,val,Boredom,پر میں نے کبھی اس سے محبت کا اقرار نہیں کیا اور نہ کرتا ہوں,تو میں چلا جاتا ہوں نا اب عیسیٰ کو رہنے دیں,audio/4_0_3_01.wav
10_1_6_50,val,Neutral,پا کے کھو دیتی اسی لیئے کھو دیا,میں دیکھنا چاہتی ہوں کہ وہ کردار جنگ جیتتا ہے یا ہارتا ہے,audio/10_1_6_50.wav
9_1_1_41,val,Angry,ویسے سب نے مرنا ہے ایک دن وہ مر جائے گی تو کیا ہو جائے گا,ارے کیا ہو گیا تجھے,audio/9_1_1_41.wav
5_0_3_49,val,Boredom,سر جی میرا ہر کام میں حصہ ہوتا ہے,یہ جو نوٹوں کی گڈیاں ہوتی ہیں نہ اور اُن کی خوشبو وآآب,audio/5_0_3_49.wav
10_1_6_48,val,Neutral,اُسکا کوئی اتا پتا ہے,ہر کامیابی کے پیچھے بہت بڑی قیمت ہوتی ہے,audio/10_1_6_48.wav
1_0_1_40,val,Angry,تم نے کس حیثیت میں اجازت دی ہے اسے,ہمارے خاندان کی لڑکیاں دوستوں سے ملنے ہوٹلوں میں نہیں جاتی کس سے اجازت لی تھی تم نے,audio/1_0_1_40.wav
3_0_5_02,val,Happy,بندہ بننا تو بہت کچھ چاہتا ہے بنتا وہی ہے جو خدا چاہتا ہے,ایسے راستہ تو اندھوں کو دکھایا جاتا ہے,audio/3_0_5_02.wav
5_0_6_09,val,Neutral,اور مجھے پتہ ہوتا ہے کہ تمہاری ماں نے کون کون سی چیز کہاں کہاں رکھی ہوئی ہے,تم تو میری پیاری بلو ہے ایسی باتیں نہیں کرتے بیٹا,audio/5_0_6_09.wav
9_1_2_42,val,Fear,بیٹی نہیں نہیں,ہمیں بیٹا چاہیے اس خاندان کا وارث,audio/9_1_2_42.wav
2_0_5_17,val,Happy,کیا بات کر دی تم نے ابھی لایا,ہاں ہاں یہی تو,audio/2_0_5_17.wav
6_1_7_29,val,Sad,فالج ہوا ہے نا اُنہیں,جب غم دوست سے ملا ہو تو کسی دوست سے شیئر کرتے ہوئے بہت ڈر لگتا ہے,audio/6_1_7_29.wav
5_0_6_45,val,Neutral,اپ سے بھی بہت ضروری بات کرنی ہے,مرنے والے نے مرنے سے پہلے مجرم کا نام بتا دیا,audio/5_0_6_45.wav
2_0_4_24,val,Disgust,جس بچی کو ہم نے اپنی انکھ کا تارا بنا کر رکھا اج اسی بچی کی وجہ سے ہمارے گھر کی عورتیں تھانوں میں جائیں گی,اس نے تمہارے خلوس کو نفرت کی اگ میں جھونک دیا تم پھر بھی اس کی طرف داری کر رہی ہو,audio/2_0_4_24.wav
1_0_7_39,val,Sad,میں اظہار نہیں کر سکا لیکن بیٹی ہے وہ میری محبت کا نہ سہی عزت کا ہی پاس رکھ لیتی,مجھے تو بہت دکھ ہو رہا ہے,audio/1_0_7_39.wav
6_1_1_38,val,Angry,کیوں جھوٹ بول رہا ہے سب سے تو,اتنی باتیں میں نے تجھے سنائی ہیں پھر بھی تجھے شرم نہیں ائی,audio/6_1_1_38.wav
3_0_3_13,val,Boredom,تمہیں اخری موقع دے رہا ہوں میرے ساتھ چلو ورنہ,لیکن مصیبت یہ ہے ان علاقوں میں لوگوں کے اپنے گھر نہیں ہے,audio/3_0_3_13.wav
1_0_3_25,val,Boredom,جانتا ہوں تمہیں بھی تمہارے والد کو بھی,کسی بھی مدد کی ضرورت ہو تو بلا جھجک مجھے کہہ دینا,audio/1_0_3_25.wav
10_1_5_47,val,Happy,یہی بات ہے,یہ تو بہت خوشی کی بات ہے نا ابو,audio/10_1_5_47.wav
8_1_5_15,val,Happy,ہاں جناب کیسا گزرا اج کا دن اپ کا,درد دل درد جگر وغیرہ وغیرہ,audio/8_1_5_15.wav
2_0_1_16,val,Angry,کیا ہو گیا تمہیں دفع ہو جا یہاں سے بہت برباد کر لیا میں نے,تم ہوش میں ہو,audio/2_0_1_16.wav
1_0_5_23,val,Happy,بھائی ہماری ڈارلنگ نے کہہ دیا تو کہہ دیا,مجھے کیا ضرورت ہے بیٹی کے سامنے نمبر بنانے کی,audio/1_0_5_23.wav
6_1_5_13,val,Happy,بیٹا تم سے نہیں ہوگا یہ ہم,سچ میں اتنا پیار کرتا ہے مجھ سے,audio/6_1_5_13.wav
4_0_5_43,val,Happy,اللہ کا بڑا بڑا کرم ہے کہ اپ کے ہونٹوں پر مسکراہٹ ہے,بتائیں کیا یاد رکھتی ہیں زیادہ,audio/4_0_5_43.wav
8_1_6_33,val,Neutral,کشمالہ اؤ نا,تو میں اس گھر سے کوئی نہیں نکالے گا,audio/8_1_6_33.wav
6_1_3_15,val,Boredom,ہوش تو آلینے دے یار,اچھا اُٹھتی ہوں,audio/6_1_3_15.wav
2_0_6_27,val,Neutral,سنا ہے رات بھر تمہاری بیوی گھر سے باہر تھی,کہاں سے ا رہی ہو تم,audio/2_0_6_27.wav
5_0_4_40,val,Disgust,کوئی افسر کو گھورتا ہے,کیا کرو جاہل لوگ ہیں بدتمیز لوگ ہیں ان کو کوئی عقل نہیں ہے,audio/5_0_4_40.wav
1_0_5_46,val,Happy,ہماری ملاقات ہو جائے گی شانزے تو ان سے پہلے ہی مل چکی ہے,شانزے سو رہی ہے کیا,audio/1_0_5_46.wav
7_1_2_50,val,Fear,میرے دکھ کو اس نے نظر انداز کر دیا,اس کا بھی الزام بھی مجھ پر ہی لگانا ہے کیا,audio/7_1_2_50.wav
9_1_1_18,val,Angry,جاؤ یہاں سے نکلو,تم اس گھر کی بہو نہیں ہو میری بہت صرف راویل ہے,audio/9_1_1_18.wav
8_1_4_46,val,Disgust,کیا کیا پتہ چلنا چاہیے,میں اپنا حق چھیننا جانتی ہوں,audio/8_1_4_46.wav
10_1_4_17,val,Disgust,تو پھر میں تم سے پیسے کیوں لوں,نفرت کا لفظ سامنے اتا ہے تو اس کا چہرہ ا جاتا ہے,audio/10_1_4_17.wav
3_0_2_09,val,Fear,میں دوبارہ اس گھر میں یہ مناظر نہیں دیکھ سکتا,میں بچپن سے انہیں دیکھتا چلا ایا ہوں,audio/3_0_2_09.wav
7_1_7_03,val,Sad,جیسا تم سمجھ رہے ہو نا ویسا کچھ ہے نہیں لیکن,میں بڑے بھیا سے جھوٹ نہیں بولنا چاہتی,audio/7_1_7_03.wav
1_0_1_31,val,Angry,ورنہ میں ایسا فیصلہ کردوں گا تمہیں ہمیشہ کے لیے گھر چھوڑ جانا پڑے گا,اگر اس سے کسی نے ملنے کی کوشش کی تو میرا اس سے رشتہ ختم ہو جائے گا,audio/1_0_1_31.wav
1_0_3_08,val,Boredom,رشتہ تو جہاں ارا سے کب کا ٹوٹ چکا تھا,کیا کہوں تم سے کیوں یہ انسو میری انکھ میں اگئے,audio/1_0_3_08.wav
8_1_1_50,val,Angry,یہی سننا چاہتے تھے نا تم یہی خوش ہو جاؤ,خوش ہو جاؤ تم تم اپنے اس گھنونے مقصد میں کامیاب ہو گیے ہو,audio/8_1_1_50.wav
1_0_5_07,val,Happy,جب زبان ساتھ دینے لگے تو ضرور کہنا مجھے اچھا لگے گا,ہاں بدر ہے نا اب افس میں,audio/1_0_5_07.wav
5_0_6_34,val,Neutral,جی اپ بالکل صحیح کہہ رہے ہیں یہ ہمارا کام ہے,ان سے ایڈریس لو وہاں چلتے ہیں,audio/5_0_6_34.wav
7_1_7_22,val,Sad,مجھے مجھے گھر کی بہت یاد آرہی تھی,مجھے نا یہاں پر بہت اکیلا اکیلا لگ رہا ہے,audio/7_1_7_22.wav
9_1_4_34,val,Disgust,ارے چھوڑیے رہنے دیے میری بیٹی میں کون سا کوئی کمی ہے لاکھوں میں ایک ہے,کیوں پیچھے پڑ گئے ہیں اس کے,audio/9_1_4_34.wav
5_0_4_20,val,Disgust,بڑے افسوس کی بات ہے یارا جی,اپ کے گھر اپ کی چھت کے نیچے اس بچی کی عزت پر ہاتھ ڈالا گیا,audio/5_0_4_20.wav
2_0_2_07,val,Fear,اس کی محبت اور خلوص کے لیے بدتمیزی کرنے کے لیے,یہ وہ جگہ تھی جہاں لڑکی کڈنیپ,audio/2_0_2_07.wav
8_1_3_17,val,Boredom,اپ نا ماما کو مت بتائیے گا,میں اناڑی ہوں ذرا ان معاملوں میں,audio/8_1_3_17.wav
4_0_1_49,val,Angry,تو ملائکہ کو مارو نا بے وفائی تو ملائکہ نے کی ہے نا تمہارے ساتھ,افسوس تو اس پر ہے جو بک گیا,audio/4_0_1_49.wav
5_0_1_31,val,Angry,اے صاحب دے رہے ہیں چل,اوئے لیپ ٹاپ کا کہا تھا یہ کیا لے کر ایا ہے یہ کیا رکھا ہوا ہے چھوڑو اسے,audio/5_0_1_31.wav
9_1_1_49,val,Angry,میرا نام نہ لینا منڈی اڑاؤں گی تیری ائی سمجھ,نہ کر ایسی بات میرا خون کھول رہا ہے پہلے ہی,audio/9_1_1_49.wav
8_1_3_35,val,Boredom,اپ کہہ رہے ہیں تو ایسا ہی ہوگا,میں بھی لاوارث ہی ہوں,audio/8_1_3_35.wav
5_0_7_14,val,Sad,وہ بیچاری لڑکی یہ کیا ہے,بیٹا وقت ضائع مت کرو ساری تکلیفیں انہی کی وجہ سے ہو رہی ہیں,audio/5_0_7_14.wav
9_1_2_20,val,Fear,بس میرا بچہ بس بس میرا بچہ,دورہ سا پڑ جاتا ہے,audio/9_1_2_20.wav
6_1_5_35,val,Happy,ہاں ایسے ہی کہتے ہیں,اپ کے ساتھ کون کون ائے گا,audio/6_1_5_35.wav
6_1_2_10,val,Fear,کہا نا ابھی فون نہ کرو,صوبیہ مجھے سمجھ نہیں اتی کہ میرے ماں باپ نے اس کے ساتھ رشتہ کر کے مجھ سے کیا بدلہ لیا ہے,audio/6_1_2_10.wav
4_0_5_14,val,Happy,جانے لگا میں نے اواز دی کہ پھول تو دو,پہن میرا مطلب ہے کہ رکھ لیجئے,audio/4_0_5_14.wav
5_0_1_03,val,Angry,اب روز تیری قسمت اس اگ کی طرح جلے گی,تیرے پتر کے ماتھے پر حرام لکھا ہے,audio/5_0_1_03.wav
3_0_3_06,val,Boredom,ایسے ٹھیک ہے تم ریسٹ کرو,کون ائے گا لینے چلو جاؤں گا خود ہی,audio/3_0_3_06.wav
4_0_5_10,val,Happy,پر مرید یہاں نیچے اٹے سے الگ الگ شکلیں بناتا تھا,الگ مزہ ہوتا تھا اس کھانے کا,audio/4_0_5_10.wav
3_0_6_24,val,Neutral,کراچی جانے میں کیا ہے کل چلے جاتے ہے,تو ڈاکٹر کو بلانا پڑے گا اور وہ گھر انے کی علیحدہ فیس لیتا ہے,audio/3_0_6_24.wav
1_0_6_19,val,Neutral,یہ بتاؤ تم لوگوں نے نیلم کی رخصتی کا کیا سوچا ہے,تاریخ دے دو انہیں منور جو کام ہو جائے وہ اچھا ہے,audio/1_0_6_19.wav
2_0_4_01,val,Disgust,جو پہاڑ کی طرح ہو جاتے ہیں تمہاری غیر موجودگی میں,ان کے گھر والے انہیں ہمارے ہمارے اسرے پر یہاں بھیجتے ہیں کل کلاں کو کوئی بات ہو گئی تو کون جواب دے گا ان کی فیملی کو,audio/2_0_4_01.wav
5_0_4_49,val,Disgust,سر یہ پارٹی میری وجہ سے ہے اور افسوس کی بات ہے کہ اپ نے مجھے دعوت پر انوائٹ ہی نہیں کیا,کیا کروں دستی کمرہ بدل دیا,audio/5_0_4_49.wav
6_1_3_02,val,Boredom,ہمم میں چادر لے لوں,مما دودھ نہیں پیتی نا میں,audio/6_1_3_02.wav
8_1_3_10,val,Boredom,ہاں نہیں اب یو ہی بس اپ سے ملنے ایا ہوگا,خود پہ بھروسہ کرنے والی,audio/8_1_3_10.wav
3_0_4_08,val,Disgust,لیکن کیا فائدہ تمہارے وہاں جانے کا,تم چاہتی ہو کہ میں کچھ ایسا کروں جو میں کرنا نہیں چاہتا,audio/3_0_4_08.wav
7_1_5_02,val,Happy,خود گاڑی لوں اپنے لیے,لیکن کیا ضرورت تھی اس کی عادل بھائی چھوڑ دیتے نا,audio/7_1_5_02.wav
4_0_6_09,val,Neutral,بس اسے کسی نا محرم نے نہ دیکھا ہو,بس پڑ جاتا ہوں یہاں سے ایک بس ہے جو سیدھا مذار پر جاتی ہے,audio/4_0_6_09.wav
1_0_3_03,val,Boredom,تنہا انسان تو بالکل خاک کی طرح ہوتا ہے,اس لیے کہ میں نے کبھی پیار سے اس کو بولا ہی نہیں ہے,audio/1_0_3_03.wav
8_1_4_16,val,Disgust,کب سے تمہاری بکواس برداشت کر رہے ہیں,ڈیڈ اپ کو پتہ ہے اصف انکل نے زید کو اپنے گھر سے نکال دیا لیکن اسے کوئی فرق نہیں پڑا,audio/8_1_4_16.wav
8_1_3_49,val,Boredom,مطلب,لیکن میں رہ لوں گی,audio/8_1_3_49.wav
3_0_3_12,val,Boredom,اب تمہاری غیر موجودگی میں مجھے ہی فیصلہ کرنا پڑے گا,تمہیں اخری موقع دے رہا ہوں میرے ساتھ چلو ورنہ,audio/3_0_3_12.wav
7_1_3_02,val,Boredom,ا بھابھی,لیکن یہ بات اب کوئی سمجھے تب نہ,audio/7_1_3_02.wav
4_0_4_13,val,Disgust,یار بکواس بند کر دے یار عیسی میں نے تھپڑ مارنا تیرے منہ پہ,چھوٹا سا کام تجھ سے نہ ہو سکا کسی کام کا نہیں ہے تیرے سے تو بات کرنا ہی فضول ہے,audio/4_0_4_13.wav
3_0_6_12,val,Neutral,بہتر ہوتا کہ تم اس شخص کو خود ہی دیکھ لیتی,وہاں رہتے ہیں اپ,audio/3_0_6_12.wav
9_1_3_14,val,Boredom,تم تو جانتی ہو میرے پاؤں میں بندھی ہوئی زنجیریں,اور کیسا ہوگا ویسا ہی ہوگا ہرن ڈھنگ,audio/9_1_3_14.wav
8_1_6_04,val,Neutral,اچھا ہے نہ تم نہیں لیتی ہو,کچھ کہنا ہے کیا,audio/8_1_6_04.wav
5_0_3_15,val,Boredom,چلو جی اب تو بہت سخت بھوک لگ رہی ہے,میری مینااء,audio/5_0_3_15.wav
6_1_2_01,val,Fear,اور اب مرد بنا پھر رہا ہے تھو ہے تیری مردانگی پہ,زہر دے دے مجھے,audio/6_1_2_01.wav
7_1_3_45,val,Boredom,سب خیریت ہے نا,عام طور پر تم ایسا کرتے نہیں ہو نا,audio/7_1_3_45.wav
9_1_3_02,val,Boredom,ارے پیتی ہوں,ارے بینوں کیا پوچھتی ہو,audio/9_1_3_02.wav
7_1_3_01,val,Boredom,اس کا بھی الزام بھی مجھ پر ہی لگانا ہے کیا,ا بھابھی,audio/7_1_3_01.wav
5_0_2_42,val,Fear,علا مہ علا مہ اوئے ہوئے ہوئے ہوئے,اور ٹھیک ہے ٹھیک ہے ٹھیک ہے میں ا رہا ہوں ا رہا ہوں,audio/5_0_2_42.wav
6_1_7_48,val,Sad,تو لگ جانے دیں مجھے,اب کچھ بُرا نہیں لگتا,audio/6_1_7_48.wav
9_1_6_48,val,Neutral,زندگی میں دوسروں کے لیے بھی جینا سیکھو,اب ایسا کرو کہ شام کی تیاری کرو,audio/9_1_6_48.wav
4_0_5_38,val,Happy,ایک دفعہ دیکھ لیں تھوڑی دیر,کچھ نہیں ہوتا ایک دفعہ ایک سیکنڈ ماشاءاللہ,audio/4_0_5_38.wav
7_1_2_39,val,Fear,یہاں پر اتنا شور ہوتا ہے میرے سر میں درد ہو گیا ہے,ہمیں کسی کی اجازت کی کوئی ضرورت نہیں ہے,audio/7_1_2_39.wav
5_0_3_36,val,Boredom,آآآ اِس بیان پہ یقین تو ہے نا آپ کو جی,بہت دیر کر دی مہرباں آتے,audio/5_0_3_36.wav
3_0_4_05,val,Disgust,تمہارے سے ہولیے کی وجہ سے میں تمہیں کہیں لے کے نہیں جاتا,کیا کرو گی اس طرح محفوظ ہو کہ,audio/3_0_4_05.wav
4_0_2_17,val,Fear,اور وہ لڑکا بالکل اس کے قابل نہیں ہے,مجھ سے یہ کڑوا گھونٹ پیا نہیں جاتا,audio/4_0_2_17.wav
4_0_7_12,val,Sad,میرے اندر اگ لگا دی ہے میں میں تکلیف میں ہوں,کہاں سے لوگ چچا میرے پاس کچھ نہیں بچا,audio/4_0_7_12.wav
4_0_3_16,val,Boredom,میں نے اماں سے ایک سرسری سی بات کی تھی,جی وہ دراصل مجھے آپ سے کچھ پوچھنا تھا,audio/4_0_3_16.wav
2_0_1_09,val,Angry,اٹھو تم سے کہہ رہا ہوں اٹھو یہاں سے,کیا بکواس کر رہے ہو,audio/2_0_1_09.wav
2_0_6_34,val,Neutral,شیان کے گھر کی میڈ کو اور ان کی وائف کو یہاں بلا لیا ہے اب اپ بات کر سکتے ہیں,تابندہ کو یہاں بھیج دو,audio/2_0_6_34.wav
2_0_6_50,val,Neutral,وہ تو کہیں گے کہ خوش رہو اچھی طرح جانتی ہو تم اسے,لیکن یہ ڈیل اس کے سامنے ہوئی ہے جانتا ہے وہ,audio/2_0_6_50.wav
8_1_2_26,val,Fear,بس کر دو,کتنے خودغرض ہو گئے ہو عمیر,audio/8_1_2_26.wav
8_1_6_08,val,Neutral,تم جانتے ہو نا اگر تم اج نہ اتے تو میں تمہیں جان سے مار دیتی,بوہے پا میری انگیجمنٹ پورے ڈیڑھ سال رہی,audio/8_1_6_08.wav
7_1_4_24,val,Disgust,اور وہ اچھی بات ہے جو تمہاری امی نے کی ہے,کل رات سے آج صبح تک تمہارا کوئی اتا پتا نہیں تھا,audio/7_1_4_24.wav
3_0_4_25,val,Disgust,شاید اتفاقا میری کہانی کا یہ حصہ تمہاری اپنی کہانی سے مماثلت رکھتا ہے کیوں,میں تو اس گھر میں محرومیوں کو بیحا کر لایا ہوں,audio/3_0_4_25.wav
2_0_2_43,val,Fear,یہ تمہارے لیے اخری وارننگ ہے اج کے بعد کسی پر ہاتھ نہیں اٹھاؤ گے,بڑی مشکل سے میں نے معافی مانگ کر لالو کو روکا ہے,audio/2_0_2_43.wav
4_0_3_23,val,Boredom,جذبوں میں سوداگری کہاں چلتی ہے زُہرہ,نفرت نہیں ہے بھئی یار تم سے میرا جذبہ نہیں بدلا,audio/4_0_3_23.wav
8_1_1_13,val,Angry,بند کریں یہ کیمرہ سمجھ نہیں ارہی ہے یہ بات,تمہارے باہر نکلو,audio/8_1_1_13.wav
9_1_6_31,val,Neutral,ایسے معاملات میں ماں باپ پریشان ہو جاتے ہیں,آپ جانتے ہیں کہ آپ کا بیٹا ہمیں کیا کہتا ہے,audio/9_1_6_31.wav
8_1_3_11,val,Boredom,خود پہ بھروسہ کرنے والی,ممم مجھے تو کچھ نہیں ہوا,audio/8_1_3_11.wav
2_0_5_35,val,Happy,دل کی حالت تو میں ہی جانتا تھا اس وقت,مجھے تو بالکل فٹ لگ رہا ہے,audio/2_0_5_35.wav
2_0_7_46,val,Sad,اپنا سامان پیک کر لو,میں نے دوسرا گھر لے لیا ہے ہم وہاں شفٹ ہو رہے ہیں,audio/2_0_7_46.wav
3_0_5_23,val,Happy,تم سے خوش ہو گیا ہے روبیر,شام کے پانچ بج جایا کریں گے اسے وہاں ہا ہا ہا ہا,audio/3_0_5_23.wav
7_1_6_05,val,Neutral,میں زبردستی اپ کی پارکنگ میں نہیں گھس رہی ہوں,سوری میں نے پہچانا نہیں ہے,audio/7_1_6_05.wav
10_1_7_42,val,Sad,اُن کی وجہ سے امی چلی گئیں,اُنکی شکل دیکھنے کو دل نہیں کرتا,audio/10_1_7_42.wav
7_1_2_19,val,Fear,اپ وقت دیکھیں ساڑھے سات بج رہے ہیں,میرا فون ڈیڈ ہو گیا اپ دیکھیں ڈیڈ ہے,audio/7_1_2_19.wav
9_1_4_21,val,Disgust,ایسے تھوڑی ہڈی بوٹی ملائے بغیر شجرہ جانے بغیر ناتا جوڑ,ایسا کیا ہوگا گھنٹہ بھر سے دیکھ رہی ہوں تم دونوں مین میناتے پھر رہے ہو,audio/9_1_4_21.wav
8_1_4_44,val,Disgust,یہاں تک کہ کوپرومائز پر بھی اگئی ہوں لیکن کیا ہوا,عمیر تم ٹھیک نہیں کر رہے ہو,audio/8_1_4_44.wav
6_1_7_08,val,Sad,میں نے کہا آپکا شکریہ جو کچھ بھی آپ نے کیا ہے,امی اگر آپ سے پوچھے تو آپ اُنہیں کہئے گا کہ آپ نے صوبیہ کی طرف سے مجھے پِک کیا ہے,audio/6_1_7_08.wav
4_0_4_03,val,Disgust,یہ صرف اپ کے دودھ کا احسان ہے جو میں نے چھوڑ دیا ہے,یہ سارا دن ماں کے گھٹنے سے لگا رہے گا کیا ہزار کام ہیں باہر چلو بس,audio/4_0_4_03.wav
4_0_5_31,val,Happy,مجھے تو یقین نہیں ا رہا کہ میری زندگی میں اپ انے والی ہیں,بڑے پیار سے بڑے چاہت سے اپ کو رب سے مانگا تھا,audio/4_0_5_31.wav
7_1_1_37,val,Angry,وہ حیثیت چاہیے جو ایک بہو کی بیوی کا حق ہوتا ہے,تم جہاں تھے جس حال میں بھی تھے کم از کم میری وجہ سے تو بلکل نہیں تھے,audio/7_1_1_37.wav
4_0_6_05,val,Neutral,مجھے تمہارا وکیل مقرر کیا گیا ہے تمہاری رضامندی پوچھنے کے لیے ایا ہوں,درجنوں لڑائیاں لڑی ہیں محلے میں تمہارے کھلونوں کے لیے سب بھول گئی ہو,audio/4_0_6_05.wav
8_1_7_04,val,Sad,لیکن میں تو یہ بھی نہیں جانتی کہ مجھے چھوڑ کر جانے والا میرا اپنا تھا,میں نے اپنی ساری خوش فہمیاں ساری اُمیدوں کو ختم کر دیا ہے,audio/8_1_7_04.wav
10_1_1_08,val,Angry,تم ہوتے کون ہو مجھے روکنے والے,میں یہاں کام لینے آئی ہوں عزت بیچنے نہیں,audio/10_1_1_08.wav
7_1_4_06,val,Disgust,اس گھر کا رُخ کرنے کی کوشش بھی مت کرنا,جو کہنا ہے کہہ بددُعا نہ دے اُجڑے کی,audio/7_1_4_06.wav
9_1_4_03,val,Disgust,وہ بھی بے شرم و کالا کر لے کئی دفعہ ہو جائے,خدا غارت کرے تجھے,audio/9_1_4_03.wav
2_0_6_08,val,Neutral,میری بہن اور بھابھی کی دوست ہی نہیں بلکہ ہمارے پورے گھر سے اس کا بڑا اپنائیت والا رشتہ ہے,جہاں تک مجھے یاد پڑتا ہے وہ تو اپنے سر انکھوں پر بٹھاتی ہمیشہ اسے,audio/2_0_6_08.wav
9_1_2_47,val,Fear,اور یہ بات یہ بات تو ہمارے لیے خطرے کی گھنٹی ہے,اب کیا ہوگا,audio/9_1_2_47.wav
8_1_6_10,val,Neutral,ڈیڈ اور میں چاہتے تھے کہ شادی فورا ہو جائے,لیکن میں نے ہمارے ریلیشن شپ کو ٹائم دیا,audio/8_1_6_10.wav
6_1_2_11,val,Fear,صوبیہ مجھے سمجھ نہیں اتی کہ میرے ماں باپ نے اس کے ساتھ رشتہ کر کے مجھ سے کیا بدلہ لیا ہے,یار اسمانوں پر بیٹھا ہوا ہے اتنا بد ذوق نہیں ہے,audio/6_1_2_11.wav
2_0_6_49,val,Neutral,سب چیزیں لاک کر کے جائیں گے,وہ تو کہیں گے کہ خوش رہو اچھی طرح جانتی ہو تم اسے,audio/2_0_6_49.wav
5_0_7_02,val,Sad,ہائے بیٹا میرے لیے اچھا موسم کہاں رہا ہے,اس کا بس چلے تو مجھے زہر دے کر مار دے,audio/5_0_7_02.wav
10_1_4_40,val,Disgust,تم کو بندے والے بھی کام کر لیا کرو,تمہارے خاندان میں دور دور تک میرے ابا کے قابل ہوا تھا,audio/10_1_4_40.wav
5_0_7_37,val,Sad,زمین تم پر کتنی بھی تنگ کیوں نہ ہو جائے اپنا دل ہمیشہ بڑا رکھنا,مجھے نہیں معلوم تھا کہ میں اتنا کمزور پڑ جاؤں گا,audio/5_0_7_37.wav
4_0_2_04,val,Fear,پتہ نہیں یہ چکر کب سے چل رہا ہے ابا,انتقام کے بعد تم یہ بات نہیں جانتی کس کی چھت پر برسنا ہے اور کب برسنا ہے,audio/4_0_2_04.wav
7_1_7_14,val,Sad,اچھا ٹھیک ہے میں فون اب بند کر رہی ہوں میں دوستوں کے ساتھ بیٹھی ہوئی ہوں بار بار فون کر کے مجھے تنگ نہ کرو,نہیں بھیا,audio/7_1_7_14.wav
10_1_7_19,val,Sad,کہاں کی مومن کہاں کا اجر,لیکن میں نے کوئی بھی کام اجر کے لیئے کیا ہی نہیں,audio/10_1_7_19.wav
3_0_1_01,val,Angry,کچھ نہیں بس ایسے ہی,خبردار اگر اج کے بعد تم نے اس گھر سے قدم بھی باہر نکالا تو,audio/3_0_1_01.wav
10_1_3_43,val,Boredom,کرتی ہوں امی تھوڑی دیر میں,اتنے مہینے تھی نہیں پاکستان میں,audio/10_1_3_43.wav
7_1_7_41,val,Sad,میری زندگی برباد ہوچکی ہے اپنا فیوچر کیوں خراب کرنا چاہ رہے ہو تم,تم مجھ سے اتنا پیار کرتے ہو,audio/7_1_7_41.wav
4_0_3_25,val,Boredom,تمہارے گھر کی طرف آتے ہوئے راستے پہ میرے قدم کیسے اُٹھ گئے مجھے,ٹھیک ہوں میں لیکن یہ سب کیا ہے,audio/4_0_3_25.wav
3_0_2_28,val,Fear,کولو کی بینک کی طرح سے جدا ہوا تھا ہمارا افضل پسینے میں شرابور,تم کم نظر خون پسینہ بہانے اور جیت کے لیے جان لڑانے کو جوا سمجھتی ہو,audio/3_0_2_28.wav
5_0_7_43,val,Sad,او ہو میں اپ کو لفظ با لفظ ساری کہانی سناتا ہوں,میری بیٹی مر گئی,audio/5_0_7_43.wav
3_0_1_18,val,Angry,ذرا گھر سے باہر نکل کر دیکھو,اپنے بیٹے کی ازمائشیں دیکھو,audio/3_0_1_18.wav
3_0_2_43,val,Fear,مجھے کوئی پریشانی نہیں ہے مگر کمبخت بتائے تو صحیح کہ وہ ہے کون,کیا کیا پھر سے کہو کیا,audio/3_0_2_43.wav
10_1_4_24,val,Disgust,لیکن مجھے اپ کے ساتھ کام کرنے میں کوئی دلچسپی نہیں,نمبر کا کھڑوس ادمی ہے,audio/10_1_4_24.wav
5_0_5_46,val,Happy,ہاں میں تو پھر میں تو بس انتظار ہی کرتا رہ گیا,ہا ہا ہا ہا ہا اوے ابھی تو نے ننگا ہونا ہے چھ ٹکے کے بچے,audio/5_0_5_46.wav
4_0_5_04,val,Happy,ارے نامراد صاحب اتنے تکلف کی کیا ضرورت تھی,خدا کی قسم بادشاہ بنا دیا ہے تم نے مجھے میں خود کو اس سلطنت کا بادشاہ سمجھ رہا ہوں,audio/4_0_5_04.wav
1_0_1_15,val,Angry,بات کر رہا ہوں نا مت بولو بیچ میں,جاؤ ملک زبیر کو بْلا کے لاؤ جلدی جاؤ,audio/1_0_1_15.wav
9_1_1_23,val,Angry,دروازہ توڑے گا کیا,کمبخت مارے تیرا باپ جڑوائے گا دروازہ,audio/9_1_1_23.wav
10_1_1_11,val,Angry,بس کر دیں بھابھی,اب مجھ پہ ایک بھی الزام اور مت لگائیے گا,audio/10_1_1_11.wav
9_1_5_31,val,Happy,اب خدا کرے کہ ہمارا ملنا جو ہے یہ خوش ہے ثابت ہو,کیوں بھائی اپ کیوں چلیں گے,audio/9_1_5_31.wav
3_0_6_36,val,Neutral,ورنہ اطاعت کے لیے کچھ کم نہ تھے کروںبیاں,یعنی جن اور فرشتے کم نہ تھے اللہ کی عبادت کے لیے,audio/3_0_6_36.wav
8_1_2_12,val,Fear,اور تب تک واپس نہیں اؤں گی جب تک خود اپ کا بیٹا مجھ سے ا کر معافی نہیں مانگے گا,اور عزت کے ساتھ مجھے رخصت کر کے اس گھر میں نہیں لے کر ائے گا,audio/8_1_2_12.wav
2_0_6_02,val,Neutral,ٹھیک ہے تم ملوا ہی دو میں کل ا رہا ہوں,یوں سمجھیں کہ میری اپنی چھوٹی بہن کے جیسی ہے,audio/2_0_6_02.wav
5_0_7_06,val,Sad,یہ الزام ہے کیسی عورت ہو تم,نہ تو تمہیں اپنی عزت کا خیال ہے نہ تمہیں میری عزت کا خیال ہے,audio/5_0_7_06.wav
5_0_5_15,val,Happy,بٹھاتے ہیں پلکوں پہ,ہا ہا ہا پاگل ہو گئی تم,audio/5_0_5_15.wav
3_0_7_26,val,Sad,تھی ایک لڑکی جب میری شریک حیات بننے والی تھی,لیکن پھر پتہ نہیں کیا ہوا وہ مجھے چھوڑ کر چلی گئی,audio/3_0_7_26.wav
9_1_6_10,val,Neutral,ہاں بس ذرا سی ہوش نہیں ہے اُسے,اور ایسوں کو میں نے بڑی اچھی طرح سنبھلتے دیکھا ہے,audio/9_1_6_10.wav
4_0_1_50,val,Angry,افسوس تو اس پر ہے جو بک گیا,مختلف کرے گا,audio/4_0_1_50.wav
3_0_7_37,val,Sad,میں تم سے معافی مانگنے نہیں ایا میں معافی نہیں مانگوں گا تم سے,اس لیے کہ یہ چھوٹا سا لفظ تمہارے دکھ اور میری ندامت کا مدا نہیں بن سکتا,audio/3_0_7_37.wav
1_0_4_11,val,Disgust,اچھا نا میں بات کر رہا ہوں نا تم خاموش رہو,اس کی طرف سے بدگمان کرنے کی کوشش نہ کرو مجھے ایسا ویسا نہیں ہے وہ,audio/1_0_4_11.wav
6_1_6_06,val,Neutral,صفائیاں کر رہی ہے وہ,کر لو میں نے منع کیا ہے کیا,audio/6_1_6_06.wav
3_0_5_38,val,Happy,دونوں کا کام ہو جایا کرے گا,یہ گاڑی جہیز والی ہوگی یا قسطوں والی,audio/3_0_5_38.wav
1_0_7_37,val,Sad,لوگ تو بھول جائیں گے میں نہیں بھلا سکوں گا,اس کے اتنی بڑی سزا ملی ہے سارے رشتے ہاتھ سے نکلتے جا رہے ہیں,audio/1_0_7_37.wav
4_0_4_22,val,Disgust,کیا فرق ہے مجھ میں اور تم میں,ہاں جانتا ہوں پر کسی نے سوداگر ہونے کا تانہ دیا ہے عیسی,audio/4_0_4_22.wav
5_0_5_09,val,Happy,تم دونوں تو خدا کی نعمتیں ہو,بیٹا اپی لو نا میں ا کے کرتا ہوں اچھا میں چلتا ہوں,audio/5_0_5_09.wav
7_1_5_33,val,Happy,اپ کی بات ہوئی ہے مراد سے,اس سے بہت پیار کرتی ہوں,audio/7_1_5_33.wav
6_1_3_26,val,Boredom,اِک تُو تو میرے پکی شہیلی ہے,بتائی نہ کسے,audio/6_1_3_26.wav
3_0_1_10,val,Angry,اس سے اگے میں اور کوئی دلیل سننا نہیں چاہتا,میں پوچھتا ہوں کیا نہیں ہے اس گھر میں کس چیز کی کمی ہے,audio/3_0_1_10.wav
2_0_3_09,val,Boredom,تمہیں تو دیکھ رہا ہوں,میرے ہوتے ہوئے تم لوگوں کو فکر کرنے کی ضرورت نہیں ہے,audio/2_0_3_09.wav
10_1_7_43,val,Sad,اُنکی شکل دیکھنے کو دل نہیں کرتا,آپ نے اُنہیں روکا کیوں نہیں,audio/10_1_7_43.wav
3_0_5_44,val,Happy,ہاں رقیہ بیگم ذرا بتائیے یہ اپنے دوستوں کے ہاں سے ہو اے ہیں,ہم دین دنیا کی باتیں کرتے رہے,audio/3_0_5_44.wav
7_1_6_15,val,Neutral,تو بھابھی اپ نے ہی کہا تھا لڑکے والوں کا دوپٹہ اچھا لگے گا,ہاں نا میں اگے بات نہیں بڑھانا چاہتی,audio/7_1_6_15.wav
5_0_5_08,val,Happy,بس میری بہن جیتی رہو,تم دونوں تو خدا کی نعمتیں ہو,audio/5_0_5_08.wav
5_0_7_04,val,Sad,بس بیٹا زندگی کے دن گن رہا تھا,مشتاق شرماو حیا ہی عورت کا زیور ہے,audio/5_0_7_04.wav
6_1_1_43,val,Angry,کبھی دیکھا ہے تو نے غور سے خود کو,کیا تماشہ بنایا ہوا ہے میرا,audio/6_1_1_43.wav
5_0_5_14,test,Happy,لیکن اصل میں نے سوچا,بٹھاتے ہیں پلکوں پہ,audio/5_0_5_14.wav
6_1_6_41,test,Neutral,مجھ میں غلطی کرنے کا حوصلہ تو ہے کم از کم,نہیں نہیں میں چلی جاتی ہوں آپ کیوں تکلیف کر رہے ہیں آپ جائیں,audio/6_1_6_41.wav
3_0_5_21,test,Happy,دیکھنے میں شکم بہت اچھا لگ رہا ہے,خدا مجھ سے خوش ہو گیا ہے,audio/3_0_5_21.wav
9_1_4_18,test,Disgust,بڑا ایا ماں کا سجینہ کچھ نہیں ہوتا تجھے,ہاں ہاں پہلے تو تم لوگوں کو مارتا رہا ہے نا بیچاریوں کے سر پھاڑے ہیں کئی دفعہ,audio/9_1_4_18.wav
1_0_2_35,test,Fear,کون ہے یہ لڑکا,تو شانزے کو سمجھاؤ نا,audio/1_0_2_35.wav
1_0_2_49,test,Fear,ورنہ تم دونوں ماں بیٹیاں تو دھوکے میں رہتی,وہ ہر طرح کے مالی فائدہ اٹھا رہا ہے ہماری بیٹی سے ابھی بھی تمہیں کوئی ثبوت چاہیے,audio/1_0_2_49.wav
5_0_4_02,test,Disgust,پہلے انہیں بلایا تھا تو ان کے عقل گھاس چل رہی تھی,ان کو ذمہ داری کرنی تھی فصل کاٹنی تھی,audio/5_0_4_02.wav
4_0_6_37,test,Neutral,جدی پشتی نوکر ہوں نمک سے بڑا گہرا رشتہ ہے صاحب,اس گہرائی میں مت جھانکے صاحب جھانکنے کی پوری قیمت وصول کرتا ہے مرید,audio/4_0_6_37.wav
5_0_2_04,test,Fear,با جی میرے ساتھ جلدی چلو تانیا وہاں بے ہوش ہو گئی ہے,جلدی چلیں میں کہہ رہا ہوں بس جلدی چلیں,audio/5_0_2_04.wav
1_0_4_01,test,Disgust,ٹھیک ٹھیک ہے اپا اگر,موسی میری انکھ میں انکھ ڈال کر بات کر تاکہ جو میں سوال کروں اس کا جواب تیری انکھ میں پڑھ سکوں,audio/1_0_4_01.wav
1_0_5_22,test,Happy,ہا اچھا اچھا اوکے,بھائی ہماری ڈارلنگ نے کہہ دیا تو کہہ دیا,audio/1_0_5_22.wav
4_0_7_05,test,Sad,میرا عشق میری محبت میری دیوانگی میرا جنون دکھائی نہیں دیتا,میں میں تجھ سے معافی مانگتا ہوں یار میں گنہگار ہوں تیرا مجھے معاف کر دے,audio/4_0_7_05.wav
3_0_2_16,test,Fear,کیوں نہیں ہو سکتا اب کیوں رکاوٹ ہے ہمارے بیچ,پیچھا چھوڑ دوں کیسے چھوڑ دوں تمہارا پیچھا,audio/3_0_2_16.wav
6_1_1_45,test,Angry,میری ماں کے مرتے وقت اس کو لے ایا,دھمکی دے رہا ہے مرد بنا پھر رہا ہے,audio/6_1_1_45.wav
1_0_5_21,test,Happy,ضرور مجھے مس کر رہی ہوگی تم ہے نا,ہا اچھا اچھا اوکے,audio/1_0_5_21.wav
3_0_6_19,test,Neutral,جی باجی میں نے کنڈی تو لگا دی ہے یہ میں تالا بھی لے ایا,ہاں وہ گھنٹی مجھے ملی نہیں کل میں وہ بھی لے اؤں گا,audio/3_0_6_19.wav
4_0_5_34,test,Happy,میں بیان نہیں کر سکتا کہ میں کتنا خوش ہوں,میرے کہنے کا مطلب ہے کہ اپ خوبصورت لگ رہی ہیں مجھ سے,audio/4_0_5_34.wav
7_1_6_49,test,Neutral,اسے نے کہا تھا یہ اپنے کمرے میں جا کر ارام کرنا چاہتا ہے,بتایا نہیں تم نے چوٹ کیسے لگی,audio/7_1_6_49.wav
10_1_3_14,test,Boredom,اپنی فائل بھول گئی تھی,اماں ٹھیک کہتی ہیں مجھے عقل نہیں ہے,audio/10_1_3_14.wav
9_1_5_44,test,Happy,بسم اللہ مما کے پاس جاؤ گی بسم اللہ یہ لو جی,اچھا سا کھانا اور ساتھ میں چائے بی ہونی چاہیے,audio/9_1_5_44.wav
10_1_4_21,test,Disgust,عقل تمہاری گھٹنوں اور ٹخنوں کے درمیان رہتی ہے,میں قلب مومن کے ساتھ کبھی کام نہیں کروں گی,audio/10_1_4_21.wav
6_1_7_03,test,Sad,بہت اذیت دی ہے آپ نے مجھے,کیا یہاں خوش نہیں تھی,audio/6_1_7_03.wav
9_1_5_13,test,Happy,اللہ نصیب بھی اچھا کرے,دونوں کے دل ایک دوسرے کے محبت کے لیے بھر دے,audio/9_1_5_13.wav
4_0_6_31,test,Neutral,لیکن داغ لگ گیا ہے صاحب ایک مشورہ ہے اگر مانے تو,میرے کہنے کا مطلب تھا چھپ جائے گا میٹے گا نہیں,audio/4_0_6_31.wav
8_1_5_37,test,Happy,محبت کرنا,میں کم کرتی ہوں بابا زیادہ کرتے ہیں,audio/8_1_5_37.wav
4_0_1_26,test,Angry,اگر اس کو مار دینے سے مسئلہ حل ہو جائے گا تو مار اسے مار نہ مارتا کیوں نہیں,اگر وہ مجھے اپنی قسم نہ دیتی نا تو خدا پاک کی قسم جان لے لیتا ہے اس کی,audio/4_0_1_26.wav
5_0_1_20,test,Angry,ابھی نہیں,ورنہ ایسے موقعوں پر لوگ ہمیں اٹھاتے نہیں ہیں,audio/5_0_1_20.wav
2_0_6_15,test,Neutral,اب کہاں کا ٹور ہے اپ کا,اس کی بیوی بہت لالچی ہے اس کی لالچ سے کھیلو,audio/2_0_6_15.wav
3_0_4_31,test,Disgust,اور پوچھ رہے ہیں کس کے باپ ہو تم اور کیا بات کر رہے ہو,لعنت ہے اس مسلمان پر جو دوسرے مسلمان کو مسجد کے دروازے پر چھوڑکر واپس چلا ائے,audio/3_0_4_31.wav
8_1_5_09,test,Happy,ایسا کیا لائے ہو,تمہاری یہ جھکی ہوئی نظر,audio/8_1_5_09.wav
7_1_1_41,test,Angry,ہاں کروں گی کیا کر لے گا تو تو کیا کر لے گا,میں نے کبھی گھر میں تمہارے ان محلوں کے چھچھوڑے دوستوں کا ذکر کیا ہے,audio/7_1_1_41.wav
10_1_7_28,test,Sad,غلطی میری ہے,اور میں بھی کچھ نہیں کر سکی,audio/10_1_7_28.wav
10_1_1_07,test,Angry,میری مرضی میں تمہیں جواب دوں نہ دوں,تم ہوتے کون ہو مجھے روکنے والے,audio/10_1_1_07.wav
7_1_6_41,test,Neutral,اپ جو خاموش رہتے ہیں میرے لیے سب کے سامنے,اچھا بائے ہو تو بتاؤ میرے ساتھ ہی واپس جاؤ گے نا,audio/7_1_6_41.wav
9_1_6_46,test,Neutral,کہیں جانا ہی نہیں چاہتی مجھےتو گھر میں ہی سکوں ملتا ہے,تھوڑا سا اپنی بہن کے بارے میں سوچو,audio/9_1_6_46.wav
7_1_6_06,test,Neutral,سوری میں نے پہچانا نہیں ہے,جی جی میں جانتی ہوں,audio/7_1_6_06.wav
4_0_3_06,test,Boredom,چل بس چھوڑ یار,چھوٹا سا کام کہا تھا تجھ سے میں نے ایک,audio/4_0_3_06.wav
10_1_1_47,test,Angry,میرا راجا ہے وہ,میں ان کو گرا دوں گی,audio/10_1_1_47.wav
8_1_1_27,test,Angry,مجھ سے نکاح کر کے مجھے سٹیج پہ اسی طرح چھوڑ کر چلا گیا,صرف اور صرف اسی کے بھائی کی وجہ سے,audio/8_1_1_27.wav
4_0_2_08,test,Fear,عجیب پر اسراریت تھی ان کی اواز میں,خدا کا واسطہ ہے مجھے مزید اذیت مت دیں بیگم صاحبہ,audio/4_0_2_08.wav
6_1_5_07,test,Happy,بس ٹھیک ہے کوشش کرتی ہوں,چائے پی لی اپ نے,audio/6_1_5_07.wav
2_0_2_33,test,Fear,لیکن وجی کا کوئی قصور نہیں ہے سب جانتے ہیں اس لڑکی نے خودکشی کی ہے,خامخواہ لوگ سٹوریز بنا رہے ہیں کہ تشدد کیا گیا ایسا کچھ نہیں ہے اپ تو یقین کریں,audio/2_0_2_33.wav
6_1_7_47,test,Sad,گلی کا روڑا بن گئی ہوں میں,تو لگ جانے دیں مجھے,audio/6_1_7_47.wav
3_0_4_34,test,Disgust,اور کہاں نا چل اس کے سامنے چل اور سارے ثبوت پیش کردے,جھوٹوں پر لعنت بھیجی ہے خدا نے,audio/3_0_4_34.wav
8_1_7_28,test,Sad,یہی ہوگا نا کہ ہاں مجھے موت چاہیے,ایک آخری وار کر دو,audio/8_1_7_28.wav
9_1_4_23,test,Disgust,ارے بھائی تم لوگ کیوں نہیں سمجھتے,کوئی مدد کرنی ہے تو بتلا دو ورنہ میں کسی غیر کا منہ دیکھوں,audio/9_1_4_23.wav
4_0_5_25,test,Happy,تمہیں سوچتے ہی دل ایک انجانی سی خوشی سے سرشار ہونے لگ جاتا ہے ایک ایک دن,بڑی چاہت اور محبت سے اپ کا ہاتھ مانگنے کے لیے ائے ہیں,audio/4_0_5_25.wav
2_0_1_31,test,Angry,جو بھی ہوتی ہے کاروائی اس طریقے سے نہیں ہوتی اپ منہ اٹھا کے میرے گھر میں کس طرح چلے ائے ہیں,سلیم گاڑی کی چابی دو,audio/2_0_1_31.wav
4_0_7_22,test,Sad,معافی چاہتا ہوں میڈم میں کچھ زیادہ ہی بول گیا تھا,اتنا بد قسمت ہونا میں بدقسمت,audio/4_0_7_22.wav
8_1_7_26,test,Sad,چہرا کاٹ کے اگر قاتل پوچھے تمہیں موت چاہیے,تو تڑپتے ہوئے جسم کا کیا جواب ہوگا,audio/8_1_7_26.wav
2_0_2_45,test,Fear,جب کیس چل رہا ہوتا ہے نا تب کسی کو ملازمت سے نہیں نکالتے,چلو افس دیر ہو رہی ہے,audio/2_0_2_45.wav
6_1_3_38,test,Boredom,بول نا کیا ہوا ہے,آپ نے پہلے کبھی ایسی باتیں نہیں کیں,audio/6_1_3_38.wav
9_1_4_27,test,Disgust,تو کیوں چھپاتی کیوں نہ بتاتی انہیں,اس کا دماغ بھی ساتویں اسمان پر ہوگا یہ یاد رکھنا,audio/9_1_4_27.wav
7_1_6_23,test,Neutral,دروازہ بجاؤ اواز دو نا کسی کو,کھل نہیں رہا بہت کوشش کی ہے,audio/7_1_6_23.wav
8_1_4_24,test,Disgust,اللہ کا شکر ہے ہمارے گھر والے اتنے بے وقوف نہیں ہیں,کہ ایک بار کسی سے دھوکہ کھانے کے بعد اس پر بھروسہ کر لیں,audio/8_1_4_24.wav
7_1_3_39,test,Boredom,نہیں جمع دارنیوں والے کام نہیں کر سکتی,سچ کہوں تو,audio/7_1_3_39.wav
4_0_3_38,test,Boredom,بچپن سے لیکے آج تک دیواروں کے ساتھ باتیں کی ہیں میں نے,کون چاہتا ہے محبت کےبغیر جینا,audio/4_0_3_38.wav
5_0_6_31,test,Neutral,ویسے بھی ان بچیوں کا واحد سہارا ہے وہ,اور یہ سب اس کے دائیں ہاتھ کا کام ہے,audio/5_0_6_31.wav
4_0_2_44,test,Fear,میں سمجھا نہیں صاحب,پچھلے 20 سال سے جس اگ میں جل رہا ہے نا مرید,audio/4_0_2_44.wav
9_1_7_46,test,Sad,میرے درد کو سمجھو,دوائیاں کھا کھا کے بیزار ہو گئی ہوں میں,audio/9_1_7_46.wav
3_0_6_14,test,Neutral,چلو اؤ میں تمہیں گھر چھوڑ دوں,کیا بات ہے گھر میں کوئی نہیں ہے,audio/3_0_6_14.wav
9_1_7_49,test,Sad,بہت شرمسار تھا اپنے پچھلے رویوں کی وجہ سے,بہت دُکھی تھا وہ معافی مانگ رہا تھا مجھ سے,audio/9_1_7_49.wav
8_1_2_31,test,Fear,وہ تو اپنی ممتا کی خاطر مجبور ہو کر ائی ہیں تمہارے پاس,کس بات کا بدلہ لیا ہے تم نے مجھ سے,audio/8_1_2_31.wav
8_1_3_30,test,Boredom,مجھے ایک بات سمجھ نہیں ائی,صحیح ہوں گے اپ,audio/8_1_3_30.wav
7_1_6_43,test,Neutral,تو بس رک اور دیکھتی جا,جب تک یہ زخم ٹھیک نہیں ہوگا اپ جانتے ہیں میں نہیں چھوڑنے والی اپ کی جان,audio/7_1_6_43.wav
10_1_6_20,test,Neutral,دیکھو یہاں پہ تو میرا ایک بھی ایوارڈ نہیں ہے,کوشش کرنے میں کیا حرج ہے,audio/10_1_6_20.wav
3_0_1_15,test,Angry,تم نے تم نے اس وقت ایک دولت مند آدمی سے شادی کی جس وقت میرے پاس کچھ نہیں تھا,اج میرے پاس اتنی دولت ہے کہ دونوں ہاتھوں سے بھی لٹاؤ گی تو ختم نہیں ہوگی,audio/3_0_1_15.wav
10_1_1_01,test,Angry,کوئی درخت اپنی جڑوں کے بغیر کھڑا ہوسکتا ہے,کُتے کمینے تمہاری جُرات کیسے ہوئی,audio/10_1_1_01.wav
6_1_2_18,test,Fear,میں نے کہا یہاں سے چلے جاؤ کچھ دیر اور یہاں بیٹھے کچھ نہ کچھ ہو جائے گا,کون چھین لے گا,audio/6_1_2_18.wav
10_1_1_10,test,Angry,تم نے ہر کسی کو حُسنِ جہاں سمجھ رکھا ہے,بس کر دیں بھابھی,audio/10_1_1_10.wav
4_0_4_09,test,Disgust,کل تم گاڑی لے کر گئے تھے نا پٹرول نہیں بھروایا,تو میں بتایا تھا نا کہ گاڑی کی کیسویں خراب ہے بتایا تھا نا,audio/4_0_4_09.wav
9_1_3_39,test,Boredom,اجالا کو میرے پاس چھوڑ جاؤ میں دیکھ لوں گی اسے,بے وفائی کی اگ میں جلایا تم نے اسے,audio/9_1_3_39.wav
9_1_7_03,test,Sad,میں ساری زندگی اولاد کو ترستی رہی,اور اب سالوں سے تڑپ رہی ہوں,audio/9_1_7_03.wav
8_1_4_25,test,Disgust,کہ ایک بار کسی سے دھوکہ کھانے کے بعد اس پر بھروسہ کر لیں,میں نے کہا زین کو فون دو,audio/8_1_4_25.wav
3_0_4_10,test,Disgust,میرے پاس تمہارے فضول فلسفوں کے لیے وقت نہیں ہے,تمہاری شادی وہیں ہو گی جہاں میں چاہوں گا,audio/3_0_4_10.wav
3_0_7_24,test,Sad,اس خوبصورت گھر میں میں اکیلا رہتا ہوں,ماں باپ لاکھوں گہرے ہو گئے ہیں,audio/3_0_7_24.wav
2_0_5_20,test,Happy,ہائے شکر ہے اس کا مطلب ہے نہیں بتایا,ہاں ہاں تبسم کیسی ہو تم,audio/2_0_5_20.wav
10_1_1_44,test,Angry,سُنا آپ نے,صرف اور صرف مومن سے ہوگی میری شادی اُسکی,audio/10_1_1_44.wav
7_1_7_46,test,Sad,تو میرے پاس کیا رہ جائے گا,میرے بابا میرے ساتھ ایسا کریں گے,audio/7_1_7_46.wav
5_0_1_29,test,Angry,او بھائی شکل پہ شریف یا بدمعاش نہیں لکھا ہوتا,وہ سمجھا رہا ہوں سمجھنے کی کوشش کرو چاچا,audio/5_0_1_29.wav
7_1_3_30,test,Boredom,ویسے بھی سوچتی ہوں اتنی دھوپ ہے,سڑ نہیں جائے گا,audio/7_1_3_30.wav
4_0_4_25,test,Disgust,سمجھ کیوں نہیں رہا تو سارہ کا سارا انتظام دھرا کا دھرا رہ جائے گا,مجھے کیا پتا تھا اس کا شوہر ہے وہ مجھے لگا اس کا ساتھ بدتمیزی کر رہا ہے تو,audio/4_0_4_25.wav
4_0_5_26,test,Happy,بڑی چاہت اور محبت سے اپ کا ہاتھ مانگنے کے لیے ائے ہیں,دراسل مجھے اپ سے کچھ کہنا تھا,audio/4_0_5_26.wav
1_0_1_41,test,Angry,ہمارے خاندان کی لڑکیاں دوستوں سے ملنے ہوٹلوں میں نہیں جاتی کس سے اجازت لی تھی تم نے,تمہاری تربیت نے نا اسے خود سر کر دیا ہے,audio/1_0_1_41.wav
5_0_6_25,test,Neutral,بلو جی برے لوگوں کے ساتھ اچھے لوگ بھی ہوتے ہیں,ریکھا تم بیگم صاحبہ کا بیٹا میری طرف داری کر رہا ہے,audio/5_0_6_25.wav
5_0_3_18,test,Boredom,آہ بڑی مہربانی آپکی,کا سوچ رہی ہو بیتا,audio/5_0_3_18.wav
9_1_4_44,test,Disgust,یہ سرا سر نا انصافی اور خودغرضی ہے,مرے ہوئے باپ سے وعدہ یاد ہے,audio/9_1_4_44.wav
4_0_2_11,test,Fear,پتہ نہیں عجیب سی بے چینی ہے ایسے جیسے کوئی چھن گیا ہو,پاگل مت بن یار کیسی باتیں کر رہا ہے تو,audio/4_0_2_11.wav
7_1_1_18,test,Angry,میری تو کوئی اہمیت ہی نہیں ہے یہاں,ابھی جا کر انہیں بتاتی ہوں کہ میں ہوں کون,audio/7_1_1_18.wav
9_1_1_22,test,Angry,ارہی ہوں کس کو موت پڑ گئی,دروازہ توڑے گا کیا,audio/9_1_1_22.wav
10_1_1_37,test,Angry,زندہ رہنے دیں مجھے آپ,گڑیا مت کہیں مجھے,audio/10_1_1_37.wav
4_0_2_50,test,Fear,جانتا ہوں میں جانتا ہوں مشکل ہوتا ہے اپنے منہ پر تھپڑ مارنا,پر میں نے کبھی اس سے محبت کا اقرار نہیں کیا اور نہ کرتا ہوں,audio/4_0_2_50.wav
1_0_7_31,test,Sad,زمین سے میں گاؤں سے ہاتھ اٹھا لوں گا یہ میرا وعدہ ہے,مرتسم خان میری نظروں میں آج تم بہت بلند ہو گئے ہو,audio/1_0_7_31.wav
8_1_1_49,test,Angry,عمیر چھوڑو کیا کر رہے ہو کیا پاگل پن ہے یہ,یہی سننا چاہتے تھے نا تم یہی خوش ہو جاؤ,audio/8_1_1_49.wav
2_0_2_41,test,Fear,اور شریف ادمی کو زیادتی کے لیے ایک بدمعاش کی ضرورت ہوتی ہے,وجی کیا ہوا تمہیں کسی سے لڑ کر ایا ہو,audio/2_0_2_41.wav
8_1_7_22,test,Sad,جہاں کوئی میرا اپنا نہیں کوئی رشتہ نہ ہو کچھ بھی نا ہو,تم جاؤ اپنے گھر جاؤ,audio/8_1_7_22.wav
8_1_3_50,test,Boredom,لیکن میں رہ لوں گی,اپ اچھاآپ اگر کہہ رہی ہیں تو میں چلی جاتی ہوں,audio/8_1_3_50.wav
3_0_4_03,test,Disgust,اسے تیار ہونا کہتے ہیں,اج میں نے تمہارے لیے سپیشل ڈریس بنوایا تھا کہ تم وہ پہنو,audio/3_0_4_03.wav
4_0_4_02,test,Disgust,میں وہی کر رہا تھا جو ایک بھائی کو کرنا چاہیے,یہ صرف اپ کے دودھ کا احسان ہے جو میں نے چھوڑ دیا ہے,audio/4_0_4_02.wav
4_0_4_14,test,Disgust,چھوٹا سا کام تجھ سے نہ ہو سکا کسی کام کا نہیں ہے تیرے سے تو بات کرنا ہی فضول ہے,پسند نہیں کرتا میں اسے,audio/4_0_4_14.wav
1_0_7_12,test,Sad,جب اپ کی زندگی میں کاش ا جائے نا تو انسان پچھتاوے کی اگ میں جلتا رہتا ہے,ساری زندگی اس اگ میں جلتا رہا ہوں,audio/1_0_7_12.wav
3_0_3_22,test,Boredom,میں روبینہ سے ایک بات پوچھوں,تم یہاں کیوں ائی ہو,audio/3_0_3_22.wav
10_1_4_38,test,Disgust,پھر وہ دے دی اب بولو قاسم کو,تو میں اس سے مطلب,audio/10_1_4_38.wav
3_0_5_49,test,Happy,شرمندہ اپ لوگوں نے کرنا شروع کر دیا ہے,ادب پہلا کرینہ ہے محبت کے کرینوں میں,audio/3_0_5_49.wav
6_1_7_43,test,Sad,سمیع میں اتنی بے وُقعت ہوں,رو رہی ہوں تڑپ رہی ہوں سسک رہی ہوں,audio/6_1_7_43.wav
6_1_6_29,test,Neutral,آپکو پتا ہے دل کی بات شیئر کرنے سے نا بوجھ ہلکا ہو جاتا ہے,ہاسپٹل میں ہماری اتنی مدد کی اُسنے,audio/6_1_6_29.wav
9_1_7_37,test,Sad,میرا کیا میں تو میں تو ماں ہوں نا,کتنا بدنصیب ہے میرا بیٹا,audio/9_1_7_37.wav
5_0_6_26,test,Neutral,ریکھا تم بیگم صاحبہ کا بیٹا میری طرف داری کر رہا ہے,اللہ رحم کرے بہت سال پہلے اپ کی والدہ جو دو بچوں کے ساتھ ہر سال ارٹ کونسل ایا کرتی تھی,audio/5_0_6_26.wav
6_1_1_35,test,Angry,تو مجھے بچانے کے لیے مجھ سے زیادہ گر رہا ہے,خدا ہے فرشتہ ہے کیا ہے تو بول,audio/6_1_1_35.wav
5_0_1_13,test,Angry,اگر ان بچوں کا دل اگیا ہے تو میں کیا کروں,اخر میری زندگی میں زندہ لڑکی کب ائے گی,audio/5_0_1_13.wav
9_1_4_38,test,Disgust,پاگل ہو گئی ہو ساری رات جاگی ہو,اور پہلے بھی جو کچھ تم لوگوں نے کیا ہے مجھ سے پوچھ کے کیا ہے تو اب کیا پوچھنا,audio/9_1_4_38.wav
2_0_4_07,test,Disgust,پولیس کیس وہ تو میں بننے ہی نہیں دوں گا,ہمارے ساتھ پشتوں میں اج تک پولیس نے اس گھر میں قدم نہیں رکھا,audio/2_0_4_07.wav
8_1_5_10,test,Happy,تمہاری یہ جھکی ہوئی نظر,جو میری ہر ہاں میں ہاں ملائے گا,audio/8_1_5_10.wav
4_0_1_33,test,Angry,پتہ کیجیے اپنے صاحب کا منہ کے بل گرا ہے اپ کا صاحب,اور گرا بھی ایسے ہے کہ ساری کی ساری مٹی ہلک میں پھنس گئی ہے سانس لینا مشکل ہو گیا ہے اسکا,audio/4_0_1_33.wav
2_0_4_31,test,Disgust,وہ لڑکی کا جو باپ ہے وہ ہمارے گھر کیوں اتا ہے,نہیں مان رہا نا وہ بڈھا گھر ا کر اس نے کافی ہنگامہ کیا ہے,audio/2_0_4_31.wav
7_1_3_07,test,Boredom,مجھے نہیں لگتا اج کل کے زمانے میں شادی نہ ہونا لڑکی کا کوئی مسئلہ ہو سکتا ہے,تو کتنا بیچارہ ہے ا و,audio/7_1_3_07.wav
1_0_4_29,test,Disgust,میرا اپنا مطلب ایا تو میں بدر کو گیتی کا شوہر اور اپنا داماد تسلیم کرلوں,جہاں ارا کے در پر چلا جاؤں اپنی بیٹی واپس لانے کے لیے بھیک مانگوں اس س,audio/1_0_4_29.wav
9_1_4_48,test,Disgust,سارا دن اب بورا گزرے گا میرا,کیا ہے وہ پرکٹی روکھی ڈنڈی,audio/9_1_4_48.wav
2_0_2_31,test,Fear,تم اخر کر کیا رہے ہو وجی غلطی پر غلطی غلطی پر غلطی مصیبت ا جائے گی,تم سنبھال سکتے تو شاید میں کبھی اپنا منہ نہ کھولتا,audio/2_0_2_31.wav
3_0_6_07,test,Neutral,کہ تم نے اب تک جتنے بھی فیصلے کیے ہیں غلط ہی کیے ہیں تقریبا,وہ نازیہ کا ایڈریس اور فون نمبر بھول تو نہیں ائے,audio/3_0_6_07.wav
10_1_2_37,test,Fear,امی اگر انسان سے کوئی غلطی ہو جائے,ہم اللہ تعالی سے معافی مانگ لیں,audio/10_1_2_37.wav
6_1_4_31,test,Disgust,تو کیا رات یہیں گزارنے کا ارادہ کر رہے ہو,تو ایسا کہہ رہی ہے جیسے میں روز جاتی ہوں تیرے ساتھ اس سے ملنے کے لیے جو مجھے بتاؤ,audio/6_1_4_31.wav
4_0_2_36,test,Fear,نہیں میڈم خدا کا واسطہ ہے یہ سب مت کیجئے گا میرے ساتھ,سیدھی طرح کہو نا مجھ سے چل کہہ دو کہہ دو تمہیں چاہیے یہی تھا,audio/4_0_2_36.wav
9_1_4_14,test,Disgust,منھوس کہیں کی سالوں میں نے اس کا گھر چلایا ہے,ایسی احسان فراموش,audio/9_1_4_14.wav
9_1_7_16,test,Sad,اتنا خون بہہ گیا ہوگا,ارے تین ٹانکے لگے ہیں میرے بچے کو تین,audio/9_1_7_16.wav
7_1_6_12,test,Neutral,صحیح کہا اپ نے,میری امد اپ کی امیدوں سے کافی بڑھ ثابت ہوگی,audio/7_1_6_12.wav
10_1_6_34,test,Neutral,احسان کا بوجھ تو خیر ساری زندگی تمہارے سامنے جھکائے رکھے گا,ہاں بس اُسی کا کام ختم کرواؤں گی پہلے,audio/10_1_6_34.wav
2_0_5_44,test,Happy,اپ سمجھو جیسا,سب گیمز کھیلتا تھا,audio/2_0_5_44.wav
6_1_6_22,test,Neutral,اگر ایک بندہ دوسرے کا حال نہیں پوچھتا تو دوسرے کو سمجھ جانا چاہیئے نا اِسکا کیا مطلب ہے,وہ تو چلے گئے ہیں اب کوئی ایوب صاحب آئے ہیں,audio/6_1_6_22.wav
9_1_1_48,test,Angry,ارے کیا اہستہ اہستہ چل رہی ہے تیز چلنا,میرا نام نہ لینا منڈی اڑاؤں گی تیری ائی سمجھ,audio/9_1_1_48.wav
10_1_2_20,test,Fear,تم نے مجھے بتایا کیوں نہیں,تو کیا سننا چاہتے ہو,audio/10_1_2_20.wav
10_1_6_42,test,Neutral,کام ختم ہونے سے پہلے ایک نیا کام,رزق ختم ہونے سے پہلے رزق,audio/10_1_6_42.wav
4_0_3_27,test,Boredom,مجھ سے وہ کیوں مانگ رہی ہو جو میرے اختیار میں نہیں ہے,وہ مانگو جو میرے اختیار میں ہے,audio/4_0_3_27.wav
10_1_4_03,test,Disgust,یہاں سب کو جسم دیکھنا اور دکھانا ہے ایکٹرس نے,بدتمیزی اس نے مجھ سے کی تھی میں نے کیا کیا,audio/10_1_4_03.wav
5_0_4_44,test,Disgust,ہیلو کام کی تو بات کر رہا ہوں میں,پیٹ بھرے گا تو مجھے کوئی سمجھ ائے گی نا مجھے تو کچھ سمجھ ہی نہیں ا رہی تم سے کیا بات کروں,audio/5_0_4_44.wav
4_0_5_11,test,Happy,الگ مزہ ہوتا تھا اس کھانے کا,سارے ماحول کا ذائقہ اس کھانے میں ا جاتا تھا,audio/4_0_5_11.wav
3_0_2_27,test,Fear,اگر تم میرے ساتھ ہوتی نا تو شرم سے زمین میں گڑ جاتا,کولو کی بینک کی طرح سے جدا ہوا تھا ہمارا افضل پسینے میں شرابور,audio/3_0_2_27.wav
1_0_1_08,test,Angry,زبیر بس بس چلو یہاں سے,بس بس میں آ گیا ہوں نا مرتسم خان مجھ سے بات کرو,audio/1_0_1_08.wav
3_0_6_30,test,Neutral,لکھا ہے جو چھٹیاں تم نے افس سے لی ہیں وہ ختم ہو گئی ہیں,اب اپ کو اس قسم کی چھوٹی موٹی نوکریاں کرنے کی ضرورت نہیں ہے,audio/3_0_6_30.wav
4_0_2_38,test,Fear,کام دلائے گا تو تیرے گھر رہوں گا ورنہ چلا جاؤں گا بتا رہا ہوں,بوجھ ہوتی تو بہت پہلے خود ختم کر چکا ہوتا اسے,audio/4_0_2_38.wav
6_1_7_50,test,Sad,تُو بتا میں کیا کروں اب,مجھ پہ گناہوں کا بوجھ کم ہے جو تو مجھ پہ اپنا احسان کرنا چاہ رہا ہے,audio/6_1_7_50.wav
4_0_5_32,test,Happy,بڑے پیار سے بڑے چاہت سے اپ کو رب سے مانگا تھا,میری کسی نیکی کا صلہ ہے اپ,audio/4_0_5_32.wav
7_1_2_13,test,Fear,ہاں میں نے یہ سب کچھ چھپایا ضرور ہے,اس کے بعد پھر راستے میں تھے اور کہاں جاؤں گی,audio/7_1_2_13.wav
7_1_7_31,test,Sad,یہ مجھے دو دن میں اندازہ ہوگیا ہے,مجھے نہیں رہنا اُس کے ساتھ,audio/7_1_7_31.wav
3_0_1_29,test,Angry,میں سوچ بھی نہیں سکتا تھا کہ تم اس اس کیچڑ میں پاؤں رکھو گی,کہ کیا ہنگامہ کھڑا کر رکھا ہے تم نے گھر میں,audio/3_0_1_29.wav
6_1_1_31,test,Angry,ملازم ہوں میں تیری ابھی بات کرنی ہے مجھے اسی وقت,میں نے کچھ نہیں دیکھنا شادی کرے گا یا نہیں,audio/6_1_1_31.wav
2_0_4_19,test,Disgust,نہ اپ اس گھر کی بہو تھی نہ بیٹی,اس کے ساتھ کیا ہوا کس نے کیا مجرم کون ہے یہ وہ پولیس والا جانے یا اس کا باپ,audio/2_0_4_19.wav
1_0_7_40,test,Sad,مجھے تو بہت دکھ ہو رہا ہے,ہاں پریشان تو میں ہوں,audio/1_0_7_40.wav
6_1_3_05,test,Boredom,ایسا کچھ نہیں ہے یار,کیا ہوا تیرا کیوں منہ لٹک گیا ہے,audio/6_1_3_05.wav
1_0_2_36,test,Fear,تو شانزے کو سمجھاؤ نا,مجھے اس سے اس قسم کی بے وقوفی کی ہرگز امیر نہیں تھی,audio/1_0_2_36.wav
7_1_3_08,test,Boredom,تو کتنا بیچارہ ہے ا و,دل نہیں ہے,audio/7_1_3_08.wav
6_1_7_02,test,Sad,میں نے ایسا کب کہا ہے,بہت اذیت دی ہے آپ نے مجھے,audio/6_1_7_02.wav
8_1_5_28,test,Happy,سورج ایک ایک کر کے اپنے دروازے بند کرتا رہے,تو شام سحری گھبرا کر اپنے گھر جانے کو بھاگی,audio/8_1_5_28.wav
3_0_5_14,test,Happy,تمہاری ملاقات ہو جایا کرے گی,اور اس کا دیدار ہو جایا کرے گا,audio/3_0_5_14.wav
8_1_3_27,test,Boredom,بے ہوشی کی حالت میں یہاں پہ رہنا ٹھیک تھا,ہوش میں انے کے بعد یہاں اپ کے ساتھ اکیلے گھر میں رہنا,audio/8_1_3_27.wav
8_1_2_47,test,Fear,میں بھی انسان ہوں کوئی پتھر نہیں ہوں جس کی زبان نہ ہو,چاہے میری زندگی برباد ہونے کے پیچھے میرے اپنے ہی کیوں نہ ہو,audio/8_1_2_47.wav
6_1_2_20,test,Fear,کے پاس سے چلے جاؤ رات کو ا جاؤں گی,میری عزت کا خیال نہیں ہے تمہیں,audio/6_1_2_20.wav
5_0_5_32,test,Happy,بھائی سے لڑائی ہو جائے گی ہیں,چل اپ ا رہے ہیں نا اس دن,audio/5_0_5_32.wav
3_0_2_12,test,Fear,میں نا میں دراصل پتہ نہیں کیوں,میں تم سے معافی مانگنے ایا ہوں جو روبینہ,audio/3_0_2_12.wav
2_0_2_25,test,Fear,فوجی ائے تو اس سے کہنا اگر پولیس میں سے کوئی ائے تو انہیں گھر کے اندر انے نہ دیں پورچ تک رکھے بس,قانون کی انکھوں پر تو ہم پٹیاں باندھ دیتے ہیں لیکن ضمیر کو اندھا کون کرے,audio/2_0_2_25.wav
7_1_7_30,test,Sad,میں اب اُس کے گھر نہیں جاؤں گی,یہ مجھے دو دن میں اندازہ ہوگیا ہے,audio/7_1_7_30.wav
1_0_7_17,test,Sad,حوصلہ رکھ میری جان رو نہ رو نہ میرا بچہ,بدر تیرا شوہر اس کی بہت عزت کرنا اس کا بہت خیال رکھنا,audio/1_0_7_17.wav
1_0_6_03,test,Neutral,یہ چیک لے جاؤ بینک سے پیسے نکلوا لینا اور شاباش دھیان سے اور جلدی کام کیا کرو,میں ذرا زمینوں پہ جا رہا ہوں منشی کا صبح سے کافی دفعہ فون ا چکا ہے,audio/1_0_6_03.wav
4_0_6_19,test,Neutral,تمہیں اپنے گھر کی عزت بنا رہا ہوں زوہرا,قاری صاحب معذرت چاہتا ہوں اپ تھوڑی دیر کے لیے ساتھ والے کمرے میں جا سکتے ہیں,audio/4_0_6_19.wav
7_1_6_26,test,Neutral,اپ ناراض تو نہیں ہیں مجھ سے,کھانا نکال رہے ہیں اور کھانا کھا بھی رہی ہوں,audio/7_1_6_26.wav
9_1_6_19,test,Neutral,ارے تو آکے سنبھال لے گی نا آنے والی,بھلے گھرانوں میں ایسے تھوڑی شادیاں ہوا کرتی ہیں,audio/9_1_6_19.wav
6_1_6_04,test,Neutral,وہ اب چچا کے پاس موبائل ہے نا کال اُن کو کر لی ہے,جب تک سارے گھر کا کام ختم نہیں ہو جاتا وہ آنے نہیں دے گی اُسکو,audio/6_1_6_04.wav
3_0_3_09,test,Boredom,تعجب ہے میں اس سے ڈر رہا ہوں وہ مجھ سے ڈر رہے ہو,محبت تماشا نہیں ہوتی,audio/3_0_3_09.wav
8_1_7_44,test,Sad,لیکن میں آپ لوگوں سے بہت شرمندہ ہوں,تم سے میں نے یہ وعدہ کیا تھا کہ اس گھر سے کبھی رشتہ اور ناطہ نہیں توڑوں گی,audio/8_1_7_44.wav
9_1_7_40,test,Sad,اولاد کے ماتھے کو چومنا اُس کو گلے سے لگانا,خیر بدنصیب تو میں بھی کم نہیں,audio/9_1_7_40.wav
4_0_7_01,test,Sad,پتہ نہیں کیوں لیکن مجھے لگتا ہے کہ یہ بات یہ جان گیا ہے کہ اس گھر میں کوئی ا گیا ہے جو میرا درد بانٹتا ہے,منافق کہہ دیا تم نے مجھے کیا منافقت کی ہے میں نے,audio/4_0_7_01.wav
2_0_1_46,test,Angry,منہ کے بل گرو گی منہ کے بل,یہ جو گھمنڈ ہے نا تو میں اپنی دولت کا اسے نکال دو اپنے ذہن سے,audio/2_0_1_46.wav
5_0_7_50,test,Sad,کچھ بھی ہو جائے گھر نہیں چھوڑنا بچے,معافی مانگو اسماء معافی مانگو,audio/5_0_7_50.wav
8_1_4_05,test,Disgust,تمہیں پتہ ہے انڈے پراٹھے کی بو سے مجھے الٹی اتی ہے,پلیز جاؤ اور جا کر اسے سنبھالو,audio/8_1_4_05.wav
10_1_4_20,test,Disgust,اس کی ہمت کیسی ہے مجھے یہ فل افر کرنے کی,عقل تمہاری گھٹنوں اور ٹخنوں کے درمیان رہتی ہے,audio/10_1_4_20.wav
6_1_1_01,test,Angry,معافی مانگو اسماء معافی مانگو,گرم گرم چائے ڈال دو تیرے منہ پہ چچھوڑے,audio/6_1_1_01.wav
10_1_1_42,test,Angry,اُسکی شادی صرف مجھ سے ہوگی,مومن میرا ہے میرا راجا ہے وہ,audio/10_1_1_42.wav
4_0_7_39,test,Sad,میری انکھوں کے سامنے میری اماں کی عزت پر ہاتھ ڈالا,میں نے اپنی ماں کی انکھوں میں جو شرمندگی دیکھی تھی تب چھوٹا تھا نا بچپن میں سمجھ نہیں سکتا تھا,audio/4_0_7_39.wav
7_1_4_39,test,Disgust,اگر ہوتی نا تو آپ کو بھی لگ پتا جاتا,میرے بغیر تو رہ سکتے ہو نا,audio/7_1_4_39.wav
9_1_3_42,test,Boredom,بے پسند ہے,اور اس میں اس میں بس صرف اور صرف رابیل کی رضامندی اور خوشی ٹال سکتی ہے,audio/9_1_3_42.wav
6_1_5_47,test,Happy,اوئے ہوئے کیا بات ہے مشاعرہ ہی لوٹ لیا,اچھا وہ کون ہے جسے تجھے دیکھ کے کچھ کچھ ہوتا ہے,audio/6_1_5_47.wav
1_0_5_33,test,Happy,اچھا بہرحال چھوڑو ایک کام کرو میں تو کہتا ہوں لڑکے کو کسی دن چائے پر بلا لیتے ہیں کیسے,اؤ اؤ ڈارلنگ کیسی ہے میری بچی,audio/1_0_5_33.wav
3_0_7_31,test,Sad,میں نہ جانے کب سے تمہاری تلاش میں سر کٹا رہا ہوں,تمہاری تمہاری امی نے مجھے سب کچھ بتا دیا ہے,audio/3_0_7_31.wav
6_1_4_18,test,Disgust,اسے تھوڑا پیچھے ہو کر بیٹھنے کو تو کہہ سکتے تھے نا,تم کیوں مانو گے تمہارے تو مزے ہیں تمہارے ہاں تو فائدہ ہے نہیں,audio/6_1_4_18.wav
5_0_5_35,test,Happy,اپ پریشان نہ ہو,اپ ایک ایماندارو پولیس افیسر پر الزام لگا رہے ہیں,audio/5_0_5_35.wav
8_1_2_37,test,Fear,میں کہیں نہیں جا رہی ہوں میری طبیعت ٹھیک نہیں ہے,سب کچھ تباہ کر دیا ہے اور کیا چاہتے ہو تم,audio/8_1_2_37.wav
2_0_3_44,test,Boredom,ایسے فضول باتیں کرتا رہتا ہے,تو میں تو میری بھی کوئی فکر نہیں ہے,audio/2_0_3_44.wav
1_0_2_03,test,Fear,میں سمجھتا ہوں کہ بچیوں کو اس طرح وہاں بھیجنا کچھ مناسب نہیں لگتا,جھوٹ مت بولو گیتی بتاؤ کس کا فون ہے یہ,audio/1_0_2_03.wav
7_1_3_16,test,Boredom,اور بھی وجہ ہے تو میں یہی تکلیف ہے نا,کہ مجھے اتنے اچھے خواب اتے کیوں ہیں,audio/7_1_3_16.wav
8_1_5_21,test,Happy,میں اتنی بھی بورنگ نہیں ہوں جتنا اپ سمجھتے ہیں ابھی تو نہیں بتاؤں گی,چلیں نیچے چلتے ہیں کھانا ساتھ کھاتے ہیں,audio/8_1_5_21.wav
7_1_4_41,test,Disgust,تم اپنے کمرے اپنے بستر اپنے تکیے کے بغیر نہیں رہ سکتے,اُن کا تو پو چھو مت,audio/7_1_4_41.wav
4_0_3_29,test,Boredom,اب اسی بے سکونی میں میرا سکون ہے میرا نصیب ہے کاٹ رہا ہوں,میری ابھی آنے والی پوری زندگی کی سانسوں کی وجہ ہیں,audio/4_0_3_29.wav
6_1_6_19,test,Neutral,لگتا ہے ابو آگئے ہیں مجھے لینے,میں بھی تو دیکھوں تم میں کتنی ہمت ہے,audio/6_1_6_19.wav
6_1_1_02,test,Angry,گرم گرم چائے ڈال دو تیرے منہ پہ چچھوڑے,امی یہاں انے کے علاوہ اس کے پاس کوئی کام نہیں ہے,audio/6_1_1_02.wav
5_0_6_14,test,Neutral,میں ہی وہ ناچیز ہوں,اچھا دیکھ اس کی سلائی کو تھوڑا سا نا,audio/5_0_6_14.wav
8_1_1_23,test,Angry,اپ یہ بتانے کے لیے یہاں پہ ائے ہیں کہ ہم کیس ہار گئے,اپ ابھی تک یہیں کھڑے ہیں جائیے یہاں سے,audio/8_1_1_23.wav
7_1_3_43,test,Boredom,اتنا کام نہ کیا کرو,ہر جگہ اپنے شوہر کے ساتھ جاتے رہوں,audio/7_1_3_43.wav
1_0_2_23,test,Fear,مجھ سے نہیں ہوگا میں میں جہاں ارا اور گیتی کا سامنا نہیں کر سکتا,شوہر ظالم ہو سکتا ہے اولاد کے معاملے میں لیکن ایک ماں نہیں ہو سکتی,audio/1_0_2_23.wav
1_0_7_16,test,Sad,اس سے پہلے کہ زندگی مجھ سے روٹھ جائے,حوصلہ رکھ میری جان رو نہ رو نہ میرا بچہ,audio/1_0_7_16.wav
8_1_6_16,test,Neutral,اپنی حیثیت اور اوقات کے مطابق شادی کیا کرو,مجھے لگتا تھا کہ اس لڑائی بالکل اکیلی ہوں,audio/8_1_6_16.wav
3_0_4_09,test,Disgust,تم چاہتی ہو کہ میں کچھ ایسا کروں جو میں کرنا نہیں چاہتا,میرے پاس تمہارے فضول فلسفوں کے لیے وقت نہیں ہے,audio/3_0_4_09.wav
8_1_6_22,test,Neutral,میں شادی کروں گی بھی اور نبھا کے بھی دکھاؤں گی,میں اسی سے شادی کروں گی جو مجھے جانتا ہو میرے مزاج کو جانتا ہو,audio/8_1_6_22.wav
8_1_4_27,test,Disgust,اور اپ کے مرحوم باپ کی روح بھی اپ کا انتظار کرتی رہی,اور وقت کی سوئیاں اپ کے منتظر رہیں,audio/8_1_4_27.wav
1_0_2_24,test,Fear,شوہر ظالم ہو سکتا ہے اولاد کے معاملے میں لیکن ایک ماں نہیں ہو سکتی,میں تو اللہ کا شکر ادا کر کرتا ہوں کہ میں نے گیتی کا رشتہ نہیں اس کے ساتھ کر دیا ورنہ میں تو اپنے اپ کو معافی نہیں کرتا,audio/1_0_2_24.wav
7_1_3_46,test,Boredom,عام طور پر تم ایسا کرتے نہیں ہو نا,کبھی اپنا فون نہیں لے کر جاتے اندر,audio/7_1_3_46.wav
2_0_7_29,test,Sad,بڑے ٹھیک ہی کہتے ہیں لڑکوں اور لڑکیوں کا گھومنا پھرنا اچھا نہیں ہوتا,خاص طور پر اگر شوہر کی غیر موجودگی بہت بربادی لاتی ہے,audio/2_0_7_29.wav
3_0_7_50,test,Sad,اور تمہاری وجہ سے میں اپنی اخرت سے ڈرنے لگا ہوں,نوٹوں کی خوشبو میں دفن کر دیا ہے کمینے کو,audio/3_0_7_50.wav
9_1_5_17,test,Happy,یہ میرا خواب اتنی جلدی پورا ہو جائے گا,میرے بھولے کا بسا ہوا گھر اس کی دلہن,audio/9_1_5_17.wav
1_0_7_06,test,Sad,میں جہاں ارا اور تم ہم اکٹھے رہتے,تقسیم نہ ہوتے یہ محبت یہ گنجائش لاتا کہاں سے,audio/1_0_7_06.wav
9_1_2_23,test,Fear,گہری نیند میں جاتا جائے گا تو ٹھیک ہو جائے گا,صبح تو اس کو یاد بھی نہیں رہے گا کہ کیا ہوا تھا,audio/9_1_2_23.wav
10_1_3_07,test,Boredom,مجھے بس پیسے چاہیے جس سے میں تمہارا ڈوبتا ستارہ بچا لوں,اپ کو پتہ ہی نہیں دنیا بدل گئی ہے,audio/10_1_3_07.wav
5_0_3_16,test,Boredom,میری مینااء,کہاں ہو میری میناء,audio/5_0_3_16.wav
7_1_4_10,test,Disgust,کیا تماشا ہے یار,یہ تو وہی لڑکی ہے,audio/7_1_4_10.wav
1_0_4_22,test,Disgust,اف اس میں کہاں مجھے تو نظر نہیں ارہے,ظفر ظاہر ہے جب مالک لیٹ ائے گا تو سٹاف لیٹ آے گا نہ,audio/1_0_4_22.wav
9_1_4_09,test,Disgust,اب نہیں ائے گی ہاتھ کی صفائی دکھا گئی ہے اڑن چھو ہو گئی ہے اب نہیں ائے گی,ارے شکورا دیکھ کے توڑ نہ دیو,audio/9_1_4_09.wav
6_1_3_23,test,Boredom,ہاں ں ں سن رہی ہوں,امی کہا نا ابھی شادی نہیں کرنی بہت سے کام کرنے ہیں مجھے,audio/6_1_3_23.wav
1_0_6_40,test,Neutral,بلکہ تم یہاں پر کام کر کے مجھ پر احسان کر رہے ہو,بڑے اگر اپنا دل بڑا کر لیں نہ تو چھوٹوں کی چھوٹی چھوٹی باتوں کو بھولانا کوئی مشکل کام نہیں ہے,audio/1_0_6_40.wav
8_1_7_25,test,Sad,میں ٹھیک ہوں یہاں اکیلی,چہرا کاٹ کے اگر قاتل پوچھے تمہیں موت چاہیے,audio/8_1_7_25.wav
8_1_1_11,test,Angry,ڈیڈ اپ اس کو سمجھا لیں,میرے سامنے مت انا تم,audio/8_1_1_11.wav
2_0_1_30,test,Angry,چوری اور سینہ زوری کی زندہ مثال ہو تم,جو بھی ہوتی ہے کاروائی اس طریقے سے نہیں ہوتی اپ منہ اٹھا کے میرے گھر میں کس طرح چلے ائے ہیں,audio/2_0_1_30.wav
1_0_7_50,test,Sad,کو تم سے کی ہوئی پہلی محبت میری ساری زندگی نگل گئی,تم نے ایک شوہر سے التجا کی تھی اور میں ایک ماں سے فریاد کر رہا ہوں,audio/1_0_7_50.wav
7_1_7_48,test,Sad,یہ میرے ساتھ یہ سب کچھ ہو چکا ہے,میں کوئی خواب دیکھ رہی ہوں,audio/7_1_7_48.wav
7_1_4_05,test,Disgust,اپنی گاڑی ہٹائیے تاکہ میں پارک کر سکوں,اس گھر کا رُخ کرنے کی کوشش بھی مت کرنا,audio/7_1_4_05.wav
6_1_7_05,test,Sad,تو غلط سوچ رہی ہے ایسا کچھ نہیں ہوگا تو چپ کر نا,یہ کیسے ہوگیا ہے ہیں اللّٰہ خیر کرے,audio/6_1_7_05.wav
4_0_3_47,test,Boredom,ممم میرے جیسا نہیں ہونا چاہیے یہ,لیکن میں تو وہ ہوں نا,audio/4_0_3_47.wav
1_0_4_47,test,Disgust,کم از کم اس لڑکے کی حقیقت تو ہمارے سامنے اگئی ہے نا,پاگل لڑکی ہے بے وقوف,audio/1_0_4_47.wav
10_1_3_36,test,Boredom,ما شکرا,مومنہ ہی کا تو دل نہیں ہے,audio/10_1_3_36.wav
10_1_2_02,test,Fear,ارے عزت تو میری پیر کی جوتی پر ہے,اور ذلت سے بڑھ کر مجھے کبھی کوئی چیز راس ائی نہیں,audio/10_1_2_02.wav
9_1_3_04,test,Boredom,پوچھا تھا میں نے اس نے اپنی الف لیلیٰ شروع کر لی,ویگن میں بیٹھا تھا اچانک کوئی چیز چبھی,audio/9_1_3_04.wav
6_1_3_25,test,Boredom,چل بول نا کیا ہوا ہے,اِک تُو تو میرے پکی شہیلی ہے,audio/6_1_3_25.wav
8_1_6_45,test,Neutral,جیسے کہ سمجھداری کہ پایا چاری وغیرہ وغیرہ,میرا ایسا کوئی خیال نہیں بابا کہتے ہیں کہ انسان کی ہمت کا اندازہ ترازو سے نہیں کیا جاتا,audio/8_1_6_45.wav
8_1_6_24,test,Neutral,میری فعل میرج کے پیچھے میں اکیلے خود ذمہ دار ہوں,کہ ڈیڈ جو میاں بیوی کا رشتہ ہوتا ہے نہ اسے چار دیواری کے اندر میاں بیوی جانتے ہیں,audio/8_1_6_24.wav
8_1_4_43,test,Disgust,یہ غلط ہے,یہاں تک کہ کوپرومائز پر بھی اگئی ہوں لیکن کیا ہوا,audio/8_1_4_43.wav
8_1_6_31,test,Neutral,اس کے پاس جانا چاہتی ہوں میں معافی مانگنے کو بھی تیار ہوں اس سے,میں اپنے گھر واپس ائی ہوں,audio/8_1_6_31.wav
4_0_3_31,test,Boredom,اس لمحے کو کچھ مت کہو,جو اولاد پہ کیسے ہی حالات کیوں نہ آجائیں نہ ہنستی ہیں نہ روتی ہیں,audio/4_0_3_31.wav
6_1_4_29,test,Disgust,ایک تو میں تمہارے نانا نائی کی سٹوری سے نا بہت تنگ ہوں,اپنی غلطی مجھ پر کیوں تھوپ رہے ہو,audio/6_1_4_29.wav
9_1_1_15,test,Angry,اور اس وقت ہم تمہاری کوئی مدد نہیں کر سکتے اسی لیے بہتر ہوگا کہ اب بھی سمجھ جاؤ,سنبھل جاؤ زین سنبھل جاؤ,audio/9_1_1_15.wav
10_1_6_22,test,Neutral,خُدا حافظ کرنے آئی ہوں,یاد نہیں کرتی اُسے بس بھول نہیں سکتی,audio/10_1_6_22.wav
1_0_6_02,test,Neutral,بیٹا اس کے لیے یہ بالکل نیا ماحول ہے تھوڑا برداشت کرو,یہ چیک لے جاؤ بینک سے پیسے نکلوا لینا اور شاباش دھیان سے اور جلدی کام کیا کرو,audio/1_0_6_02.wav
8_1_5_11,test,Happy,جو میری ہر ہاں میں ہاں ملائے گا,یہ سب کچھ اپ کی ہی تو وجہ سے ہے,audio/8_1_5_11.wav
10_1_5_15,test,Happy,بس پھر ایک بار تم مجھے ہیروئن بن جانے دو,اس کھانے کا کوئی جواب نہیں ہے,audio/10_1_5_15.wav
1_0_1_16,test,Angry,جاؤ ملک زبیر کو بْلا کے لاؤ جلدی جاؤ,مرد کا بچا ہے میرا بیٹا ہے وہ,audio/1_0_1_16.wav
2_0_6_24,test,Neutral,ہاں ہاں کیوں نہیں اپ ایسا کیوں نہیں کرتے کہ اپ ہمارے گھر ا جائیں,بیل ہو جانے کے بعد کیا کیس کو بھول جاتے ہیں,audio/2_0_6_24.wav
6_1_6_21,test,Neutral,اور ابو آفس میں ہیں جو بات کرنی ہے اُن سے وہیں کر لیجیۓ گا,اگر ایک بندہ دوسرے کا حال نہیں پوچھتا تو دوسرے کو سمجھ جانا چاہیئے نا اِسکا کیا مطلب ہے,audio/6_1_6_21.wav
10_1_5_30,test,Happy,آپ نے بہت قیمتی تحفہ دیا ہے مجھے,کب آئے تھے آپ تو مجھے کچھ بتایا کیوں نہیں,audio/10_1_5_30.wav
9_1_2_16,test,Fear,میرا تو دماغ ہی معاوف ہو گیا سمجھ نہیں ارہی کیا کروں,ارے انکھیں تو کھول ادھر اماں کو دیکھ,audio/9_1_2_16.wav
2_0_6_07,test,Neutral,یہاں میرا اور بھائی بھابھی کا کمرہ ہے,میری بہن اور بھابھی کی دوست ہی نہیں بلکہ ہمارے پورے گھر سے اس کا بڑا اپنائیت والا رشتہ ہے,audio/2_0_6_07.wav
4_0_1_43,test,Angry,لیکن سارا کا سارا قصور میرا ہے سارا قصور میرا ہے,مجھے لگا کہ شاید شاید اپ کو میرا احساس ہے شاید میرا احساس ہے,audio/4_0_1_43.wav
8_1_6_01,test,Neutral,میری تو پوری دنیا ہی تم ہو,مذاق کر رہی ہوں میں,audio/8_1_6_01.wav
10_1_1_06,test,Angry,تم مجھے پا نہیں سکتے,میری مرضی میں تمہیں جواب دوں نہ دوں,audio/10_1_1_06.wav
6_1_5_40,test,Happy,دیکھنا اب میں کیا کرتی ہوں,ساتھ بونس میں خود نہیں ا سکتے کیا,audio/6_1_5_40.wav
8_1_5_43,test,Happy,سارے اچھے انسان ایسا ہی کچھ کرتے ہیں,ساون بن کر ایا ہے,audio/8_1_5_43.wav
1_0_7_14,test,Sad,تمہارے حوالے سے میں کسی کاش کا متحمل نہیں ہو سکتا,میں تجھے وہ محبت اور عزت دینا چاہتا ہوں جس کے تم حقدار ہو,audio/1_0_7_14.wav
4_0_3_28,test,Boredom,وہ مانگو جو میرے اختیار میں ہے,اب اسی بے سکونی میں میرا سکون ہے میرا نصیب ہے کاٹ رہا ہوں,audio/4_0_3_28.wav
7_1_3_17,test,Boredom,کہ مجھے اتنے اچھے خواب اتے کیوں ہیں,کیا اڑنے کی کیا زنجیروں کو اتارنے کی توں بات کر رہی ہے,audio/7_1_3_17.wav
2_0_3_07,test,Boredom,وہ جو تم میرے لیے کافی بنا رہی تھی وہی لے کر اؤ صبح سے میں نے کچھ نہیں کھایا,میں کون ہوتا ہوں انہیں روکنے یا بھیجنے والا,audio/2_0_3_07.wav
3_0_3_24,test,Boredom,اس نے ایک دولتمند شادی شدہ انسان سے شادی کر لی,ہاں وہ دروازے کی کنڈی کھلی ہوئی تھی تو,audio/3_0_3_24.wav
7_1_4_13,test,Disgust,تمہیں لگتا ہے یہ غنڈاگردی ہوتی ہے,ابھی تمہیں اصل میں بتاؤں غنڈاگردی ہوتی کیا ہے,audio/7_1_4_13.wav
8_1_2_01,test,Fear,خوش ہو جاؤ تم تم اپنے اس گھنونے مقصد میں کامیاب ہو گیے ہو,میں ہی ہوں جو تمہارے ساتھ گزارا کر رہی ہوں کوئی اور لڑکی سوچ بھی نہیں سکتی,audio/8_1_2_01.wav
5_0_5_29,test,Happy,واہ واہ,مچھر مار لوشن اپ کے چمچماتی جلد کو محفوظ رکھے,audio/5_0_5_29.wav
2_0_6_21,test,Neutral,ہاں لیکن اس کا دل ٹوٹ جائے گا,السلام علیکم سلیمان صاحب کیسے ہیں اپ ابھی اپ کا ہی ذکر ہو رہا تھا,audio/2_0_6_21.wav
10_1_2_11,test,Fear,میں نے اپنی زندگی میں کسی کو بد دعا نہیں دی,میرا دل چاہتا تھا کہ اس کی فلم فلاپ ہو جائے,audio/10_1_2_11.wav
8_1_4_09,test,Disgust,ڈیڈ ائندہ مجھ سے زور سے بات نہ کیجیے گا مجھے بالکل پسند نہیں ہے,کیا سمجھتا ہے اپ کا بیٹا خود کو,audio/8_1_4_09.wav
7_1_2_22,test,Fear,میں رو اس لیے رہی ہوں کیونکہ میرے لیے یہ بڑی بات ہے,یہ مجھ پر شک کر رہے ہیں,audio/7_1_2_22.wav
1_0_3_41,test,Boredom,کچھ نہیں ہے بتانے کو کیا بتاؤں,بھوک نہیں ہے مجھے,audio/1_0_3_41.wav
5_0_3_04,test,Boredom,میاں جی واعظ علیہ,چل بہت پہلے سے جانتا ہوں میں اِست کو,audio/5_0_3_04.wav
10_1_4_28,test,Disgust,سڑیل,صبح سے بھوکے پیاسے اپنے کمرے میں پڑے ہیں,audio/10_1_4_28.wav
9_1_5_06,test,Happy,اچھا چل سنا کون سا گانا گاؤ سنا,ارے کیسی باتیں کر رہی ہوں ایک دن سے کیا ہو گا,audio/9_1_5_06.wav
9_1_5_04,test,Happy,میرے بچے کی شادی ہو گئی,سب ناچیں گے سب گائیں گے,audio/9_1_5_04.wav
9_1_3_44,test,Boredom,ماں کا دل بڑا ہو نہ ہو ماں کا دل مجبور بڑا ہوتا ہے,دکھ میں پچھتاوے میں غم ساری میں ناکامی میں,audio/9_1_3_44.wav
9_1_3_25,test,Boredom,اچھا خیر اس وقت اس وقت چھوڑو,یہی تمہارے لیے بہتر ہے,audio/9_1_3_25.wav
6_1_5_29,test,Happy,یہ میرا ہے,مجھے ابھی تک یقین نہیں ا رہا اپ سچ کہہ رہی ہیں,audio/6_1_5_29.wav
3_0_1_12,test,Angry,تمہاری حسرت تھی تمہارا اپنا گھر ہوتا تو یہ رہا وہ گھر,تمہاری ارزو تھی کہ تمہاری اپنی گاڑی ہو جسے تم خود ڈرائیو کر سکو,audio/3_0_1_12.wav
1_0_5_48,test,Happy,مانتے ہیں اس چیز کو کہ ہم بوڑھے ہو گئے ہیں,یہ اپنا بچپنا دکھا رہی ہے,audio/1_0_5_48.wav
5_0_2_28,test,Fear,خود ہی کیس لڑیں گے خود ہی مدعی بنیں گے اور ہم ایف ائی ار بھی کاٹیں گے,اس بیچاری کو اپ سے بہت امیدیں تھی,audio/5_0_2_28.wav
7_1_6_35,test,Neutral,اپ کی خوشی کے لیے میں جان بھی دے سکتی ہوں,میری امی نے جو لسٹ دی ہے اس کو بھی دیکھ لیں گے,audio/7_1_6_35.wav
3_0_1_02,test,Angry,خبردار اگر اج کے بعد تم نے اس گھر سے قدم بھی باہر نکالا تو,دھوکہ دیا ہے تم نے مجھے,audio/3_0_1_02.wav
9_1_3_26,test,Boredom,یہی تمہارے لیے بہتر ہے,تمہاری صحت کے لیے اچھا نہیں ہے,audio/9_1_3_26.wav
5_0_6_15,test,Neutral,اچھا دیکھ اس کی سلائی کو تھوڑا سا نا,وہ تو کئی سال گزر گئے بیگم صاحبہ,audio/5_0_6_15.wav
10_1_6_25,test,Neutral,تمہارا علاج بھی ہو جائے گا,نیکی بھی کی تو خود کو گناہگار سمجھ کر کی,audio/10_1_6_25.wav
4_0_3_07,test,Boredom,چھوٹا سا کام کہا تھا تجھ سے میں نے ایک,اماں کہاں چلی گئیں آواز دے کے مجھے,audio/4_0_3_07.wav
2_0_4_49,test,Disgust,یہ صرف کاغذی رشتے ہوتے ہے لکھت پڑھت کے بس,ہم سے خون کا رشتہ نہ ہوتا تو اب تک ہمیں جان سے مار چکا ہوتا,audio/2_0_4_49.wav
1_0_1_28,test,Angry,میرے اعتماد کو سب سے زیادہ نقصان اس نے پہنچایا ہے,ہمارے تعلقات اس بات کی اجازت نہیں دیتے ہیں,audio/1_0_1_28.wav
7_1_3_13,test,Boredom,بس مجھے اندازہ تھا,لڑائی نہیں ہوئی ہے لیکن,audio/7_1_3_13.wav
1_0_6_33,test,Neutral,کوئی ایسی بات نہیں ہے وہ گاڑی اب تمہارے استعمال میں رہے گی,یہ اپ کا گھر ہے اور ہم سب کے دل میں اپ کی بہت عزت ہے,audio/1_0_6_33.wav
10_1_2_21,test,Fear,تو کیا سننا چاہتے ہو,اس نے تو خود کشی کر لی تھی,audio/10_1_2_21.wav
1_0_5_09,test,Happy,بس اب تھوڑی دیر کے لیے جاتا ہوں پھر واپس ا جاتا ہوں,کیا بنا رہی ہو اج کھانے میں,audio/1_0_5_09.wav
2_0_7_09,test,Sad,مجھے تو خود نہیں پتہ تھا یہ تو ان لوگوں نے مجھے بعد میں بتایا,اور وہ لڑکا بھی اتفاق سے اس دن فنکشن میں ایا ہوا تھا,audio/2_0_7_09.wav
10_1_7_41,test,Sad,آپ کی اُداسیوں کا سبب کیا سُناؤں میں,اُن کی وجہ سے امی چلی گئیں,audio/10_1_7_41.wav
8_1_6_41,test,Neutral,میری خیر بسا بھی مت کیجئے گا,ماں کی دعا کامیابی کا سینہ ہوتی ہے,audio/8_1_6_41.wav
6_1_1_30,test,Angry,اور کبھی ائے صحیح میرے دروازے پر منہ توڑ کے رکھ دوں گی میں اس کا,ملازم ہوں میں تیری ابھی بات کرنی ہے مجھے اسی وقت,audio/6_1_1_30.wav
2_0_2_12,test,Fear,مجھے کوئی کچھ بات نہیں کرنی چلو گھر چلو,اس کی حالت ویسے ہی ٹھیک نہیں ہے اور خدانخواستہ کچھ ہو گیا یہ بھی تم پر ڈال دیں گے,audio/2_0_2_12.wav
4_0_2_03,test,Fear,اگر خدانخواستہ ایسا ہو جاتا تو ہماری سات نسلوں پر لگاتار کوئی دھو نہیں سکتا تھا ابا,پتہ نہیں یہ چکر کب سے چل رہا ہے ابا,audio/4_0_2_03.wav
2_0_1_02,test,Angry,شہوار کہاں ہو تم,کتنی دفعہ میں نے منع کیا نہیں سمجھ اتا تم لوگوں کو,audio/2_0_1_02.wav
6_1_4_17,test,Disgust,اور اسے دیکھو اس نے تمہیں پکڑا ہوا تھا جیسے تم بھاگے جا رہے ہو,اسے تھوڑا پیچھے ہو کر بیٹھنے کو تو کہہ سکتے تھے نا,audio/6_1_4_17.wav
10_1_5_33,test,Happy,آپ کو اندازہ نہیں ہے کہ اُن کے کام کی کتنی بڑی مداح ہوں میں,وہ گھر بہت اچھا ہے اماں,audio/10_1_5_33.wav
8_1_1_20,test,Angry,میں کورٹ تک لے کے جاؤں گی میں تم دونوں کی زندگی کو عذاب بنا دوں گی,تم دونوں کو پتہ نہیں ہے تم دونوں کا واسطہ کس سے پڑا ہے,audio/8_1_1_20.wav
9_1_1_05,test,Angry,اسے سمجھا دو ورنہ ایسا نہ ہو کہ اسے سمجھانا پڑے,تم حد سے بڑھ رہی ہو,audio/9_1_1_05.wav
1_0_6_48,test,Neutral,ایک نظر ذرا دیکھ لوں تو پھر بات کرتے ہیں,تم رملہ یا فائق میں سے جانتے ہیں کسی کو میرا مطلب ہے ملاقات ہے تمہاری,audio/1_0_6_48.wav
7_1_7_06,test,Sad,بڑے بھیا,آپ جیسا کہیں گے نا ویسا ہی ہوگا,audio/7_1_7_06.wav
5_0_1_02,test,Angry,تو نے کاغذ پر نہیں اپنی قسمت کو اگ لگائی ہے,اب روز تیری قسمت اس اگ کی طرح جلے گی,audio/5_0_1_02.wav
5_0_2_38,test,Fear,اؤ اؤ یہ دیکھو یہ دیکھو,سر جی کوئی گستاخی ہوئی ہے,audio/5_0_2_38.wav
10_1_1_22,test,Angry,جب میرے باپ نے میری ماں کا قتل کیا تھا,اُس وقت کیوں نہیں آواز اُٹھائی,audio/10_1_1_22.wav
5_0_3_11,test,Boredom,چھوڑو اِن باتوں کو,میں تو خود چاہ رہا ہوں چلو گھر چلے جاؤ,audio/5_0_3_11.wav
9_1_2_22,test,Fear,اکثر نہیں بس کبھی کبھار,گہری نیند میں جاتا جائے گا تو ٹھیک ہو جائے گا,audio/9_1_2_22.wav
6_1_2_36,test,Fear,بابر حالات بہت خراب ہو گئے ہیں,لیکن مجھے نہیں لگتا کہ میری کہانی کوئی ایسے چھوڑے گی,audio/6_1_2_36.wav
9_1_6_12,test,Neutral,میرا بھولا بھی بالکل صحیح ہو جائے گا ان شاءاللہ,باہر سے الا بلا کھا کر پیٹ خراب کر لیتا ہے,audio/9_1_6_12.wav
3_0_5_37,test,Happy,خود ہی پہنچایا کرنا وہ بھی ساتھ چلا جایا کرے گا,دونوں کا کام ہو جایا کرے گا,audio/3_0_5_37.wav
7_1_2_25,test,Fear,میں وہیں سے باہر نہیں اؤں گی,نہیں بس ہم نکل رہے ہیں,audio/7_1_2_25.wav
9_1_5_25,test,Happy,ارے ادھر تو اا اپ پوری بات تو سن لے,اچھا یہ تو بہت اچھا ہو گیا,audio/9_1_5_25.wav
5_0_2_37,test,Fear,فرض کرو اگر تمہاری بیٹی کو اغوا کر لے یا مروا دے تو,اؤ اؤ یہ دیکھو یہ دیکھو,audio/5_0_2_37.wav
6_1_2_48,test,Fear,جب کچھ گٹمٹ ہو رہا ہے نبیل مجھے کچھ سمجھ نہیں ا رہا,مجھے کبھی اس طرح کسی نے بات نہیں کی,audio/6_1_2_48.wav
9_1_5_48,test,Happy,رابیل رابیل تمہیں پتہ پتہ ہے کون ایا تھا,میں بہت خوش ہوں بہت خوش ہوں میرا بیٹا واپس اگیا,audio/9_1_5_48.wav
9_1_1_02,test,Angry,چار دن میرے ہاتھ لگ جائے نہ یہ تیر کی طرح سیدھا کر دوں,اور یہ اتنا ڈیٹا کہ کوئی اثر نہیں ہے اس پہ,audio/9_1_1_02.wav
7_1_1_40,test,Angry,میں بتا رہی ہوں سب کے منہ پر تیزاب پھینک دوں گی میں,ہاں کروں گی کیا کر لے گا تو تو کیا کر لے گا,audio/7_1_1_40.wav
7_1_4_17,test,Disgust,اور ایسا سوچا بھی کیسے آپ نے,بہت دیر سے نوٹس کر رہی ہوں پیچھا کر رہے ہو میرا,audio/7_1_4_17.wav
9_1_4_39,test,Disgust,اور پہلے بھی جو کچھ تم لوگوں نے کیا ہے مجھ سے پوچھ کے کیا ہے تو اب کیا پوچھنا,نہیں ابھی نہیں لگانا کیا جلدی ہے تمہیں,audio/9_1_4_39.wav
5_0_5_13,test,Happy,چلو چلو ناشتہ کرتے ہیں ہائے,لیکن اصل میں نے سوچا,audio/5_0_5_13.wav
9_1_2_02,test,Fear,پورے گھر میں ڈھونڈ ڈھونڈ کر پاگل ہو گئی ہوں,لے گئی ہوگی پلو میں چھپا کر,audio/9_1_2_02.wav
4_0_1_11,test,Angry,بتا رہا ہوں میں اور اچھا نہیں ہوگا,اپ نے دودھ کی قسم دے دی ہے اج اپ کے دودھ کا کرز بھی جھکا دیا ہے میں نے چھوٹی ماں,audio/4_0_1_11.wav
8_1_3_22,test,Boredom,اس استری میں تو زنگ لگا ہوا تھا,ارے نہیں بھائی,audio/8_1_3_22.wav
1_0_3_19,test,Boredom,اچھا ٹھیک ہے میں بدر سے بات کروں گا,شرمندہ انسان تنہائی چاہتا ہے,audio/1_0_3_19.wav
5_0_7_12,test,Sad,ہائے میری بچی ارام اب موت کے بعد ہی ائے گا,کب تک میں پتلوں پہ گونگٹ ڈال کر باتیں کرتا رہوں گا,audio/5_0_7_12.wav
3_0_7_12,test,Sad,تم اس کی دوسری بیوی بن کر جا رہی ہوں,اب میرے اندر جرات نہیں ہے,audio/3_0_7_12.wav
6_1_5_48,test,Happy,اچھا وہ کون ہے جسے تجھے دیکھ کے کچھ کچھ ہوتا ہے,ہا ہا دولہا چوم لو پھر,audio/6_1_5_48.wav
3_0_5_42,test,Happy,جب میں پیدا ہوا تھا تو مجھے کہنے لگے سبحان اللہ,ہاں بھائی بڑے توجہ دینے لگے ہیں تم پر,audio/3_0_5_42.wav
7_1_5_32,test,Happy,ہاشم اتنی اسانی سے ان کو مائنس کر سکتے ہو اظہار,اپ کی بات ہوئی ہے مراد سے,audio/7_1_5_32.wav
4_0_5_06,test,Happy,خود کو مجرم مت کہو شکریہ شکریہ تمہارا,ہا ہا ہا ہا نصیب میں نامراد کی دال روٹی لکھی ہے کھا رہے ہیں,audio/4_0_5_06.wav
8_1_1_48,test,Angry,ان کی انکھوں میں اپنے لیے ارمان نظر نہیں اتے ان کی خواہشیں نظر نہیں اتی تمہیں,عمیر چھوڑو کیا کر رہے ہو کیا پاگل پن ہے یہ,audio/8_1_1_48.wav
1_0_2_50,test,Fear,وہ ہر طرح کے مالی فائدہ اٹھا رہا ہے ہماری بیٹی سے ابھی بھی تمہیں کوئی ثبوت چاہیے,دعا کرو کہ وہ لڑکا ہماری بیٹی کی زندگی سے جلد از جلد نکل جائے,audio/1_0_2_50.wav
7_1_3_42,test,Boredom,تمہیں اج لنچ کے لیے گھر ا جانا چاہیے تھا,اتنا کام نہ کیا کرو,audio/7_1_3_42.wav
4_0_7_47,test,Sad,غریب وہ ہوتا ہے جس کے پاس کوئی اپنا نہیں وہ اکیلا ہوتا ہے,مجھے وہ بات یاد دلانے کی کوشش کی گئی ہے جو بات میرے خون کی یادداشت کی محفوظ ہے نہ میں بھولا تھا نہ میں بھولا ہوں نہ میں کبھی بھول سکتا ہوں,audio/4_0_7_47.wav
7_1_7_17,test,Sad,مراد نے کچھ بھی نہیں کیا ہے,آپ کو لگتا ہے کہ اُس میں اتنی ہمت ہے کہ مجھ پر رُعب جما سکے گا,audio/7_1_7_17.wav
2_0_2_20,test,Fear,اب میڈیا میں کیس اچھلے گا اخباروں میں ائے گا پھر عدالتوں کے چکر لگیں گ,تو تمہیں کیا لگتا ہے اس نے تمہارا نام گواہ کے طور پر لیا ہے,audio/2_0_2_20.wav
8_1_7_36,test,Sad,میں وہاں نہیں جاؤں گی,مجھے یہاں سے جانے کو کہہ دیا یہ گھر میرا نہیں رہا اب,audio/8_1_7_36.wav
7_1_3_41,test,Boredom,میں کون سا اپ کے بغیر رہ سکتی ہوں,تمہیں اج لنچ کے لیے گھر ا جانا چاہیے تھا,audio/7_1_3_41.wav
3_0_5_43,test,Happy,ہاں بھائی بڑے توجہ دینے لگے ہیں تم پر,ہاں رقیہ بیگم ذرا بتائیے یہ اپنے دوستوں کے ہاں سے ہو اے ہیں,audio/3_0_5_43.wav
10_1_2_15,test,Fear,جس میں میں اور میرے جیسے,لاکھوں لوگ سب کچھ پا کر بھی ناخوش ہیں,audio/10_1_2_15.wav
8_1_4_18,test,Disgust,اس نے جا کر ہمارے دشمنوں کو جوائن کر لیا,پوری زندگی بنا کسی سہارے کے ارام سے گزار سکتی ہوں,audio/8_1_4_18.wav
2_0_7_27,test,Sad,میں کیا بتاؤں ارام سے بتاؤں,امیج خراب کرنے کی کوشش کی بعد میں اس لڑکے نے بھی انکار کر دیا کچھ ایسا کچھ ہوا,audio/2_0_7_27.wav
4_0_7_46,test,Sad,میں اس ہار کو قبول کرتا ہوں قید کو قبول کرتا ہوں موت کو قبول کرتا ہوں,غریب وہ ہوتا ہے جس کے پاس کوئی اپنا نہیں وہ اکیلا ہوتا ہے,audio/4_0_7_46.wav
2_0_1_41,test,Angry,یہ انسان نہیں ہے چھوڑ دو,کیا کرتے پھر رہے ہو تم کیا بکواس ہے یہ,audio/2_0_1_41.wav
4_0_5_41,test,Happy,ان تمام خوبصورت چہروں کی طرف سے,یہ کہ اللہ کا شکر ہے,audio/4_0_5_41.wav
4_0_5_30,test,Happy,میں کتنا خوش ہوں اتنا خوش ہوں اتنا خوش ہوں کہ بتا نہیں سکتا,مجھے تو یقین نہیں ا رہا کہ میری زندگی میں اپ انے والی ہیں,audio/4_0_5_30.wav
5_0_3_07,test,Boredom,تھوڑا سا قرضہ ہے اور مل جائے,شا کِرہ بوجھ نہیں ہے,audio/5_0_3_07.wav
9_1_2_49,test,Fear,یہ کس قسم کی لڑکی ہے,ایک بات تو میں بتا دوں زین تم بہت پچھتانے والے ہو,audio/9_1_2_49.wav
8_1_3_28,test,Boredom,ہوش میں انے کے بعد یہاں اپ کے ساتھ اکیلے گھر میں رہنا,مناسب نہیں ہے مجھے یہاں سے جانا پڑے گا,audio/8_1_3_28.wav
3_0_5_28,test,Happy,اچھا دروازہ بند کر دینا,ہاں ہاں جیتی رہو,audio/3_0_5_28.wav
9_1_7_44,test,Sad,پتہ نہیں اُسے دیکھ بھی سکوں گی یا نہیں,دھڑکنوں کا انداز ہی بدل جاتا ہے,audio/9_1_7_44.wav
9_1_3_06,test,Boredom,دیکھا تو کنگن تھے نہ جانے کہاں سے اگئے,ارے یہ مجھے پتہ ہے,audio/9_1_3_06.wav
